default_code,name,reporting_system,reporting_system_id.display_name
STAB-TC401R,OnLogic Tacton TC401 Intel 12th Gen All-in-one Panel PC,TC401,Panel/OnLogic Panel/Tacton Series/TC401
ATI-TC401-AUS,ATI - OnLogic Tacton TC401 Intel 12th Gen All-in-one Panel PC,TC401,Panel/OnLogic Panel/Tacton Series/TC401
MCP3-TC401R-12,Rolls-Royce PS - OnLogic Tacton TC401 Intel 12th Gen All-in-one Panel PC,TC401,Panel/OnLogic Panel/Tacton Series/TC401
AXIS-K410-V4,Axis Communications Karbon 410 Intel Elkhart Lake Compact Rugged Computer with 4TB SSD,K410,Rugged/Entry/K400 Series/K410
ML100G-40,Compact Fanless AMD Ryzen Mini PC,ML100G-40,Industrial/Entry/ML100 Series/ML100G-40
AX305,OnLogic Axial AX305 3U Edge Server,AX305,Server/3U Rackmount/Axial Series/AX305
Midgaard-HX310-512Nvme-32GB,OnLogic Helix 310 Intel Elkhart Lake Industrial Edge Computer,HX310,Industrial/Gateway/HX300 Series/HX310
SYTECH-MC510-55-i7,Systems Tech - OnLogic MC510-55 Intel® 13th Gen Edge Computer (i7),MC510-55,Industrial/Fanned/MC500 Series/MC510-55
GDLS-K430-LVMD4-proto,GDLS Karbon 430 Intel Elkhart Lake Compact Rugged Computer with Expansion,K430,Rugged/Entry/K400 Series/K430
Neoom-CL210G-11,Neoom Custom CL210G-11 Ultra Small Quad Core Fanless Industrial Edge Computer,CL210G-11,Industrial/Small Form Factor/CL200 Series/CL210G-11
SCHM-HX310-NOWIFI,Schmitz Medical - OnLogic Helix 310 Intel Elkhart Lake Industrial Edge Computer,HX310,Industrial/Gateway/HX300 Series/HX310
AEDIFION-CL250,CL250 Ultra Small Fanless Industrial Edge Gateway,CL250,Industrial/Small Form Factor/CL200 Series/CL250
STE-CL250,CL250 Ultra Small Fanless Industrial Edge Gateway,CL250,Industrial/Small Form Factor/CL200 Series/CL250
ML100G-53-7c39,Industrial Fanless Intel 11th Gen Tiger Lake NUC,ML100G-53,Industrial/Entry/ML100 Series/ML100G-53
CBNC-MC510-55-W10-i3,CBN Next Gen MP - Industrial Intel Core Mini-ITX Computer,MC510-55,Industrial/Fanned/MC500 Series/MC510-55
BAL-HX401-i7,BAL - OnLogic Helix 401 Fanless Hybrid-Core Computer,HX401,Industrial/Entry/HX400 Series/HX401
CAL-K410-SC-1,Calibrant - Karbon 410 Intel Elkhart Lake Compact Rugged Computer,K410,Rugged/Entry/K400 Series/K410
BICS5-CV-112HC-R11_P2102-i5-R10-D3,BICS5 Komatsu - Cincoze Rugged Intel 8th Gen Core i3/i5 Panel PC,CV-P2102,Panel/Cincoze Panel/P2000 Series/CV-P2102
MK150B-40-WACH-r2,1.5U Rackmount AMD Ryzen Server,MK150B-40,Server/1U & 1.5U Rackmount/MK150 Series/MK150B-40
Z-tech-ML350G-10-o0w8,Compacte fanless pc met Apollo Lake,ML350G-10,Industrial/Gateway/ML300 Series/ML350G-10
XTO-TM200,XTO TM200,ML210G-10 (TM200),Industrial/Gateway/ML200 Series/ML210G-10 (TM200)
XCELL-Nuvo-5000,Xcell Automation Nuvo-5000,,///
VDL-ML100G-51,VDL Nedcar Industrial Fanless Intel Whiskey Lake NUC With Dual LAN,,///
VDH-K801,OnLogic Karbon 801 Low-Profile High-Performance Rugged Computer,K801,Rugged/Performance/K800 Series/K801
VISTEC-DS-1102,VisTec Cincoze Rugged Intel Skylake Fanless Computer with Dual Expansion,DS-1102,Rugged/Mid Tier/DS Series/DS-1102
TSCO-ML350G-10-V2,Tessco - Low Profile Fanless Industrial Computer With Apollo Lake,ML350G-10,Industrial/Gateway/ML300 Series/ML350G-10
TSCO-K700-SE,Tessco - Karbon 700 High-Performance Rugged Edge Computer,K700-SE,Rugged/Performance/K700 Series/K700-SE
TURN-K410-PILOT,Karbon 410 Intel Elkhart Lake Compact Rugged Computer,K410,Rugged/Entry/K400 Series/K410
TVU-MKKIT-so4o,TVU MK103 Rackmount Kit,,Components/Components/Components/
TSERV-ML250,Technical Services Inc. ML250,ML250 (Other),Industrial/Gateway/ML250 Series/ML250 (Other)
TSL-DS-1100,Cincoze Rugged Intel Skylake Fanless Computer,DS-1100,Rugged/Mid Tier/DS Series/DS-1100
TVU-MKKIT-NL-s4ok-0ksw,TVU MK100 Rackmount Kit,,Components/Components/Components/
TVU-MKKIT-so4o-kcw4,TVU MK103 Rackmount Kit,,Components/Components/Components/
Tykma Custom Core i CT100 Mini-ITX System-ow88,Tykma Custom Core i CT100 Mini-ITX System,,Components/Components/Components/
TPM-MC500-ocgc,Commercial Intel Core Mini-ITX Computer,,///
Topsoe-FR201,Factor 201 Raspberry Pi Industrial IoT Gateway,FR201,Industrial/Small Form Factor/FR200 Series/FR201
TM110-8gkc,Ultra Small Fanless Edge Computer with ThinManager,CL210G-10 (TM110),Industrial/Small Form Factor/CL200 Series/CL210G-10 (TM110)
TM100,Industrial Compact Thin Client with ThinManager,ML100G-10 (TM100),Industrial/Entry/ML100 Series/ML100G-10 (TM100)
TKM-K700,Karbon 700 High-Performance Rugged Edge Computer,K700-SE,Rugged/Performance/K700 Series/K700-SE
TKM_ML320UPS-g0c4,ML320 Fanless Haswell NUC Industrial Computer with UPS Backup,ML300 (Other),Industrial/Gateway/ML300 Series/ML300 (Other)
T3-MK150B-54-ggco,1.5U Rackmount Intel Coffee Lake Xeon E Edge Server,MK150B-54,Server/1U & 1.5U Rackmount/MK150 Series/MK150B-54
SATA-K700-SE,Karbon 700 High-Performance Rugged Edge Computer,K700-SE-2,Rugged/Performance/K700 Series/K700-SE-2
SCH-WOR-ML340G-51,Schuberg Philis Low Profile Fanless Industrial Skylake Computer Without Rackmount Adapter,ML340G-51,Industrial/Gateway/ML300 Series/ML340G-51
SCHENCK-5677,Schenck Trebel Corporation Intel Atom 5677 Mini Industrial Computer,,Industrial/Fanned/Other/
School Space MC500-k0kc,School Space MC500,MC500 (Other),Industrial/Fanned/MC500 Series/MC500 (Other)
SBUX-K700-SE-y7zx,Starbucks Karbon 700 High-Performance Rugged Edge Computer,K700-SE,Rugged/Performance/K700 Series/K700-SE
SCMG-DI-1000,Scanmeg DI-1000,DI-1000,Rugged/Mid Tier/DI Series/DI-1000
Scion-Core-ML300-g444,ML300 Fanless Ivy Bridge NUC Industrial Computer,ML300 (Other),Industrial/Gateway/ML300 Series/ML300 (Other)
SCHENCK-ML210,Schenck Trebel Corporation ML210G-12,ML210G-12,Industrial/Gateway/ML200 Series/ML210G-12
67b893172e97eb06b149217a,Karbon 410 Intel Elkhart Lake Compact Rugged Computer,K410,Rugged/Entry/K400 Series/K410
SLSC-K801-1TB-UL,Solar Security OnLogic Karbon 801 Low-Profile High-Performance Rugged Computer,K801,Rugged/Performance/K800 Series/K801
WE-SERVER-9200,Webeasy - Industrial Fanless Intel 11th Gen Tiger Lake NUC,ML100G-53,Industrial/Entry/ML100 Series/ML100G-53
FH-CL250v1.2,"Flower Hub, version 1.2",CL250,Industrial/Small Form Factor/CL200 Series/CL250
FR201-d050,Motorola Factor 201 Raspberry Pi Industrial IoT Gateway,FR201,Industrial/Small Form Factor/FR200 Series/FR201
VLT-MK100B-40-5600X,1U Rackmount AMD Ryzen Server,MK100B-40,Server/1U & 1.5U Rackmount/MK100 Series/MK100B-40
V2EU-K300,Karbon 300 Compact Rugged Computer,,///
V1NA-K300,Karbon 300 Compact Rugged Computer,,///
ValvanUPS-ML450G-50-kg4c,Industriële Intel Haswell Core i3/i5 Mini-ITX Computer,ML450G-50,Industrial/Performance/ML400 Series/ML450G-50
Vaco-MK100B-51-84w8,Intel Skylake 1U Rackmount Computer,MK100B-51,Server/1U & 1.5U Rackmount/MK100 Series/MK100B-51
TascMK150DualBoard-sw04,TascMK150DualBoard,MK150 (Other),Server/1U & 1.5U Rackmount/MK150 Series/MK150 (Other)
TBL-DS1000-ocsw,Cincoze Rugged Intel Haswell Fanless Computer,,///
Temporary-QTroller-CL210-kock,Temporary-QTroller-CL210,CL210G-10,Industrial/Small Form Factor/CL200 Series/CL210G-10
TERA-MK100-40-4wc0,Industrial 1U AMD Ryzen Rackmount Server with Integrated Power Supply,,///
template-customersystem-backup,Customer System Template backup,,///
STRM-ML250v2-kcwo,Custom StreamON ML250,ML250 (Other),Industrial/Gateway/ML250 Series/ML250 (Other)
SUN-CL210G-11,Ultra Small Quad Core Fanless Industrial Edge Computer,,///
Streamer v1-8w0w,Foresight Mini-ITX System - Streamer v1 PROTOTYPE,Industrial (Other),Industrial/Legacy Industrial/Legacy Industrial/Industrial (Other)
Sundance MK100-o0c4,Sundance MK100,MK100 (Other),Server/1U & 1.5U Rackmount/MK100 Series/MK100 (Other)
Sundance Core-MK100-kkkk,Sundance Core-MK100,MK100 (Other),Server/1U & 1.5U Rackmount/MK100 Series/MK100 (Other)
SUN-POC-120,Sunverge Energy POC-120,,///
Simplexity MC600 IMB147D-ook4,Toll Booth MC600,MC600 (Other),Industrial/Fanned/MC600 Series/MC600 (Other)
SICK-K700-SE-22T-NOS,"K700SE, M32, 2x2T Innodisk SSD, No-OS",K700-SE-2,Rugged/Performance/K700 Series/K700-SE-2
SICK-K700-SE-R32-NOS-EUB-MOD,SICK AG K700 Product Conversion Kit,K700-SE,Rugged/Performance/K700 Series/K700-SE
SICK-K700-SE-R32-NOS-EUB,Karbon 700 High-Performance Rugged Edge Computer,K700-SE,Rugged/Performance/K700 Series/K700-SE
SII-ML400-ooog,SouthEastern Installations Inc ML400G-30,ML400G-30,Industrial/Performance/ML400 Series/ML400G-30
SICK-K700-SE-11T-WIoT,"K700SE, M32, 1x1T Innodisk SSD, Windows 10 IoT Enterprise 2019 LTSC High End",K700-SE,Rugged/Performance/K700 Series/K700-SE
HX600-ClearObject,ClearObject Corp OnLogic Helix 600 Intel Comet Lake Expanded Industrial Edge Computer,HX600,Industrial/Performance/HX600 Series/HX600
"ELX-HX500-ooops, do not use",HX500 US Industrial Edge Computer by OnLogic,HX500,Industrial/Performance/HX500 Series/HX500
WBO-FR201,Waterbridge - Factor 201 Raspberry Pi Industrial IoT Gateway,FR201,Industrial/Small Form Factor/FR200 Series/FR201
HX310-PLB-LT,Sick - OnLogic Helix 310 Intel Elkhart Lake Industrial Edge Computer,HX310,Industrial/Gateway/HX300 Series/HX310
OLGC-FR201-V02,Budderfly - Factor 201 Raspberry Pi Industrial IoT Gateway,FR201,Industrial/Small Form Factor/FR200 Series/FR201
HX500-0j0d,OnLogic Helix 500 Intel Comet Lake Industrial Edge Computer,HX500,Industrial/Performance/HX500 Series/HX500
SICK-K700-SE-11T-WIoT-EB,Karbon 700 High-Performance Rugged Edge Computer,K700-SE,Rugged/Performance/K700 Series/K700-SE
EMSLAND-HX500,OnLogic Helix 500 Intel Comet Lake Industrial Edge Computer,HX500,Industrial/Performance/HX500 Series/HX500
ZIMR-ML350G-10-V3,Zimmer Biomet ML350G-10 V3,ML350G-10,Industrial/Gateway/ML300 Series/ML350G-10
TFT-ML600G-52,Town Fair Tire ML600G-52 Store Server,ML600G-52,Industrial/Performance/ML600 Series/ML600G-52
TESLA-ML450G-51,Tesla ML450G-51,ML450G-51,Industrial/Performance/ML400 Series/ML450G-51
TIMS-2000-Gen3BT-8gwg,TIMS-2000 Gen3 Bluetec i3 Prototype,Industrial (Other),Industrial/Legacy Industrial/Legacy Industrial/Industrial (Other)
SVK-0ks8,Cincoze 6/7th Generation Intel® Xeon® / Core™ (Kaby Lake-S / Skylake-S) Computer,,///
SVK-MC500,Savioke MC500-51 207-00047 Rev A,MC500-51,Industrial/Fanned/MC500 Series/MC500-51
SVL-MC500,Compact Industrial NVR,,///
SWFT-CL200G-11,Industrial Edge Device with Dual-Core Intel Celeron N3350,CL200G-11,Industrial/Small Form Factor/CL200 Series/CL200G-11
SSTK-ML350G-10UL,SecuraStock Low Profile Fanless Industrial Computer With Apollo Lake,ML350G-10,Industrial/Gateway/ML300 Series/ML350G-10
SECO-K802-xfjk-u63c,SECO Karbon 802 Barebone - 6x LAN,,///
Sensor100-Rack-512GB-48s0,Intel Coffee Lake 1.5U Rackmount Computer,MK150 (Other),Server/1U & 1.5U Rackmount/MK150 Series/MK150 (Other)
Sensor100-INDL-2TB,Commercial Intel 5th Gen Xeon Microserver,MC850-51,Server/Standalone/MC850 Series/MC850-51
Sensor100-Rack-4TB-000w,Intel 5th Gen 1.5U Rackmount Computer,MK150 (Other),Server/1U & 1.5U Rackmount/MK150 Series/MK150 (Other)
MLAB-CL250,Multiply Labs CL250 Ultra Small Fanless Industrial Edge Gateway,CL250,Industrial/Small Form Factor/CL200 Series/CL250
LOGBUS-FR201,LogBus - Factor 201 Raspberry Pi Industrial IoT Gateway,FR201,Industrial/Small Form Factor/FR200 Series/FR201
INDR-CL250,CL250 Ultra Small Fanless Industrial Edge Gateway,CL250,Industrial/Small Form Factor/CL200 Series/CL250
ML100G-53-54236,Industrial Fanless Intel 11th Gen Tiger Lake NUC,ML100G-53,Industrial/Entry/ML100 Series/ML100G-53
COOL-K410,Karbon 410 Intel Elkhart Lake Compact Rugged Computer,K410,Rugged/Entry/K400 Series/K410
INW-HX310-2TB,OnLogic Helix 310 Intel Elkhart Lake Industrial Edge Computer,HX310,Industrial/Gateway/HX300 Series/HX310
INW-HX310-512,OnLogic Helix 310 Intel Elkhart Lake Industrial Edge Computer,HX310,Industrial/Gateway/HX300 Series/HX310
WENG-HX500-SERVER,OnLogic Helix 500 with Windows Server,HX500,Industrial/Performance/HX500 Series/HX500
WDTS-IMB-1210-i7-4ciy,ASRock Coffee Lake Mini-ITX Motherboard H310 Kit,,Components/Components/Components/
WDTS-IMB-1210-L-Kit-8440,ASRock Coffee Lake Mini-ITX Motherboard H310 Kit,,Components/Components/Components/
UTLML100-k0gw,Utilacor ML100,ML100G-30,Industrial/Entry/ML100 Series/ML100G-30
USAF-MC500-gw8k,Custom MC500 Core Computer,MC500 (Other),Industrial/Fanned/MC500 Series/MC500 (Other)
USPS-OIG-VTC,OnLogic Fanless Wide-Temp NVR/DAQ Automotive Computer,Nuvo-2510VTC,Rugged/Legacy Rugged/Nuvo Series/Nuvo-2510VTC
URBT-Nuvo-5006E-PoE-4ckk,Universal Robotics Neousys Rugged Intel Skylake Fanless Computer,,///
TMC-AG960C-rev2-osoo-8ksw,The Marlin Company TMC-AG960C-rev2 Signage Computer,NC200 (Other),Industrial/Legacy Industrial/NC200 Series/NC200 (Other)
TMS-ML400G-10-o88g,Industrial Intel Bay Trail Celeron Mini-ITX Computer,ML400G-10,Industrial/Performance/ML400 Series/ML400G-10
TEREX-ML210G-10,Terex ML210G-10,ML210G-10,Industrial/Gateway/ML200 Series/ML210G-10
TMC-NC220B-10,The Marlin Company NC220,NC200 (Other),Industrial/Legacy Industrial/NC200 Series/NC200 (Other)
tmt-csp1101,Cincoze Rugged Intel Apollo Lake High-Brightness Panel PC,CS-P1101,Panel/Cincoze Panel/P1000 Series/CS-P1101
TMC-AG960C-wsw4,The Marlin Company AG960C Signage Computer,NC200 (Other),Industrial/Legacy Industrial/NC200 Series/NC200 (Other)
SYTECH-MC610-10,Systems Technologies Efficient Intel Apollo Lake Mini-ITX Expandable Computer,MC610-10,Industrial/Fanned/MC600 Series/MC610-10
SYSBASE-NC210,Systems Base Core-NC210 Intel NUC Industrial Computer,NC200 (Other),Industrial/Legacy Industrial/NC200 Series/NC200 (Other)
STEALTH-FR202,Factor 202 Raspberry Pi Industrial Controller,FR202,Industrial/Small Form Factor/FR200 Series/FR202
STI-DS-1201,Cincoze Rugged Intel Coffee Lake Fanless Computer with Expansion,DS-1201,Rugged/Mid Tier/DS Series/DS-1201
SN-CL100-WiFi,Sagenet CL100 WiFi,CL100,Industrial/Small Form Factor/CL100 Series/CL100
SN-CL100,Sagenet CL100,CL100,Industrial/Small Form Factor/CL100 Series/CL100
SN-ML350,Sagenet ML350,ML350G-10,Industrial/Gateway/ML300 Series/ML350G-10
SN-ML350-WiFi,Sagenet ML350 Wifi,ML350G-10,Industrial/Gateway/ML300 Series/ML350G-10
SLCVPC2-K801,OnLogic Karbon 801 Low-Profile High-Performance Rugged Computer,,///
SM-M350-GAP-8gs0,SecurityMetrics Celeron M350 Mini-ITX Gap System,Industrial (Other),Industrial/Legacy Industrial/Legacy Industrial/Industrial (Other)
SM-ML340-s4ks,SecurityMetrics Custom Fanless Firewall - Preproduction,ML300 (Other),Industrial/Gateway/ML300 Series/ML300 (Other)
SKU-4867,Karbon 430 Intel Elkhart Lake Compact Rugged Computer with Expansion,,///
SCHM-HX310-WIFI,Schmitz Medical - OnLogic Helix 310 Intel Elkhart Lake Industrial Edge Computer,HX310,Industrial/Gateway/HX300 Series/HX310
RICE-HX310,Rice Lake Weighing Systems OnLogic Helix 310 Intel Elkhart Lake Industrial Edge Computer,HX310,Industrial/Gateway/HX300 Series/HX310
AMW-HX511,American Woodmark OnLogic Helix 511 Fanless Intel 12th Gen Edge Computer,HX511,Industrial/Performance/HX500 Series/HX511
SYTECH-MC510-55-i3,Systems Tech - OnLogic MC510-55 Intel® 13th Gen Edge Computer,MC510-55,Industrial/Fanned/MC500 Series/MC510-55
ZEDEDA-HX511-W,OnLogic Helix 511 Fanless Industrial Edge Computer powered by ZEDEDA (WiFi version),HX511,Industrial/Performance/HX500 Series/HX511
CAT-AC101,OnLogic Axial AC101 Rackmount Edge Server,AC101,Server/1U & 1.5U Rackmount/Axial Series/AC101
AXIS-K410-V2,Axis Communications Karbon 410 Intel Elkhart Lake Compact Rugged Computer with 2TB SSD,K410,Rugged/Entry/K400 Series/K410
WS-IMB155-4ogg,ASRock IMB-155 Intel Braswell Industrial Thin Mini-ITX Motherboard,,Components/Components/Components/
ZIMR-ML350G-10,Zimmer Biomet ML350G-10,ML350G-10,Industrial/Gateway/ML300 Series/ML350G-10
WSLr04,"Washing Systems, LLC JC310",,Industrial/Legacy Industrial/Legacy Industrial/
WSLr03,"Washing Systems, LLC JBC360F33W Intel Atom Fanless System",,Industrial/Legacy Industrial/Legacy Industrial/
WPR-CL210G-11,WPR - Ultra Small Quad Core Fanless Industrial Edge Computer,CL210G-11,Industrial/Small Form Factor/CL200 Series/CL210G-11
WTHRFRD-POC-210,Weatherford International POC-210,,///
WOND-K700-SE-T1-9qav,Karbon 700 High-Performance Rugged Edge Computer,K700-SE,Rugged/Performance/K700 Series/K700-SE
WMF-ML350G-10-sk0k,Industrial Low Profile Fanless Computer With Apollo Lake,ML350G-10,Industrial/Gateway/ML300 Series/ML350G-10
WISC-ML600-4ww4,Industrial Fanless Intel Avoton Server Computer,ML600G-10,Industrial/Performance/ML600 Series/ML600G-10
VBI-HX500-UK,VBI HX500 UK,HX500,Industrial/Performance/HX500 Series/HX500
VBI-HX600-A2000-yhc2,OnLogic Helix 600 Intel Comet Lake Expanded Industrial Edge Computer with A2000 GPU,HX600,Industrial/Performance/HX600 Series/HX600
VCCU-C-SSD,Bombardier Neousys Intel Skylake Fanless Computer (SSD),,///
VBOX-3610-POE,Rugged Intel Broadwell In-Vehicle Computer,Rugged (Other),Rugged/Legacy Rugged/Legacy Rugged/Rugged (Other)
VBI-HX600-UK,VBI HX600 Vision Computer (UK),HX600,Industrial/Performance/HX600 Series/HX600
vandePutte_ML600G-50-co0o,Industrial Fanless Intel Haswell Computer,ML600G-50,Industrial/Performance/ML600 Series/ML600G-50
TYT-CT100v01,Tykma Technologies FSN-CT100 Mini-ITX Computer,,Components/Components/Components/
TYT-AG150v01,Tykma Technologies AG150,ML200 (Other),Industrial/Gateway/ML200 Series/ML200 (Other)
TRAX-HX401-UL,OnLogic Helix 401 Fanless Hybrid-Core Computer,HX401,Industrial/Entry/HX400 Series/HX401
TRI-ML100G-40,Compact Fanless AMD Ryzen Mini PC,ML100G-40,Industrial/Entry/ML100 Series/ML100G-40
TRDW-RGS-8805GC-nftb,RGS-8805GC - Neousys Rugged High Performance Server,RGS-8805GC,Rugged/High Performance/Nuvo Series/RGS-8805GC
TRAX-HX401-i5-UL,OnLogic Helix 401 Fanless Hybrid-Core Computer,HX401,Industrial/Entry/HX400 Series/HX401
Triotech-MC600-52,Industrial Intel Skylake Expandable Computer,MC600-52,Industrial/Fanned/MC600 Series/MC600-52
TRMK-DX-1100-32R,8th Generation Intel Core High-Performance Compact Rugged Computer,,///
TRMK-CINCOZE-SCADA,Trimark DS-1000,,///
Trinware ML210-4kco,TWML210,ML210G-10,Industrial/Gateway/ML200 Series/ML210G-10
tera-mk100-40-proto-8soo,Industrial 1U AMD Ryzen Rackmount Server with Integrated Power Supply,MK100B-40,Server/1U & 1.5U Rackmount/MK100 Series/MK100B-40
TERA-MK100-40-Proto-wow0,Industrial 1U AMD Ryzen Rackmount Server with Integrated Power Supply,,///
TERA-MK100-40-R5-Protov2,Industrial 1U AMD Ryzen Rackmount Server with Integrated Power Supply No UL,,///
SUSA-DA-1100-RGWatch,Cincoze Rugged Apollo Lake Ultra Compact Fanless Computer,,///
SE-HX500-EU,OnLogic Helix 500 Intel Comet Lake Industrial Edge Computer,HX500,Industrial/Performance/HX500 Series/HX500
SEAG-K804,OnLogic Karbon 804 High-Performance Rugged Computer w/ModBay & PCIe,K804,Rugged/Performance/K800 Series/K804
SE-HX511-CN,OnLogic Helix 511 Fanless Intel 12th Gen Edge Computer,HX511,Industrial/Performance/HX500 Series/HX511
SD-IT_AG150,Steel Dynamics SD-IT AG150,ML200 (Other),Industrial/Gateway/ML200 Series/ML200 (Other)
SIS-CV-P2102-17,Cincoze Rugged Intel 8th Gen Core i3/i5 Panel PC,CV-P2102,Panel/Cincoze Panel/P2000 Series/CV-P2102
GRE-FR201,Factor 201 Raspberry Pi Industrial IoT Gateway,FR201,Industrial/Small Form Factor/FR200 Series/FR201
ELX-HX500-AU,HX500 Australia Industrial Edge Computer by OnLogic,HX500,Industrial/Performance/HX500 Series/HX500
ALPI-HX522-f929-PROTO,Alpine - Helix 522 Meteor Lake Hotswap Fanless Computer,HX522,Industrial/Performance/HX500 Series/HX522
ADT-TM710-v01,Ultra Compact Industrial Thin Client with ThinManager,CL250 (TM710),Industrial/Small Form Factor/CL200 Series/CL250 (TM710)
SICK-K803,OnLogic Karbon 803 High-Performance Rugged Computer w/PCIe,K803,Rugged/Performance/K800 Series/K803
PLB-MC610-55-UL-R02,PLB - OnLogic MC610-55 Intel® 13th Gen GPU Computer,MC610-55,Industrial/Fanned/MC600 Series/MC610-55
INTEL-K803-i7,Intel - OnLogic Karbon 803 High-Performance Rugged Computer w/PCIe,K803,Rugged/Performance/K800 Series/K803
OLGR-FR201-V5,Factor 201 Raspberry Pi Industrial IoT Gateway,FR201,Industrial/Small Form Factor/FR200 Series/FR201
Datalogic-HX310,Datalogic-HX310 Intel Elkhart Lake Industrial Edge Computer,HX310,Industrial/Gateway/HX300 Series/HX310
DEL-IMB-1232-WV,DEL Medical - ASRock H610 Chipset Mini-ITX Motherboard for Intel 13th/12th Gen Core™ CPUs,Motherboard Kits,/Motherboard Kits/Motherboards/Motherboard Kits
PRVS-ML100G-53,Purvis Systems ML100G-53 Industrial Fanless Intel 11th Gen Tiger Lake NUC with custom label and BIOS,ML100G-53,Industrial/Entry/ML100 Series/ML100G-53
VPND-ML210G-50,Vipond ML210G-50,ML210G-50,Industrial/Gateway/ML200 Series/ML210G-50
VPND-ML100G-10,Vipond ML100G-10,ML100G-10,Industrial/Entry/ML100 Series/ML100G-10
VPND-ML210G-50-wkcs,Industrial Intel Haswell i5 Thin Mini-ITX Computer,ML210G-50,Industrial/Gateway/ML200 Series/ML210G-50
VRAY-ML100G-52,Industrial Fanless Intel Whiskey Lake Embedded NUC With Dual LAN,ML100G-52,Industrial/Entry/ML100 Series/ML100G-52
TRS-RT130,Rugged Transportation Computer,Rugged (Other),Rugged/Legacy Rugged/Legacy Rugged/Rugged (Other)
TRXi5-HX401-UL,OnLogic Helix 401 Fanless Hybrid-Core Computer,HX401,Industrial/Entry/HX400 Series/HX401
TM120,Four Display Fanless Zero Client with ThinManager,ML100G-53 (TM120),Industrial/Entry/ML100 Series/ML100G-53 (TM120)
TRS-Nuvo3100VTC,Fanless High-Peformance Transportation Computer,,///
TROP-DA-1100,Tropicana Cincoze Rugged Apollo Lake Ultra Compact Fanless Computer,DA-1100,Rugged/Entry/DA Series/DA-1100
TRS-DS-1001-soks,Cincoze Rugged Automotive Haswell Fanless Expandable Computer,,///
Tronc-ML350G-10,Tronc ML350G-10,ML350G-10,Industrial/Gateway/ML300 Series/ML350G-10
TRS-DS-1000-c4s4-kkk8,Cincoze Rugged Automotive Intel Haswell Fanless Computer,,///
TM112-go80,Ultra Small Fanless Edge Computer with ThinManager,,///
TM110-wgs3,Ultra Small Fanless Edge Computer with ThinManager,,///
SICK-HX610-Proto-yivb,Onlogic Helix 610 Intel Comet Lake Industrial Edge Computer With Optional Hot Swap Storage,HX610,Industrial/Performance/HX600 Series/HX610
SICK-K700-M32-1X2T-WIoTC-h1m9,Karbon 700 High-Performance Rugged Edge Computer,,///
SNDR-FPPC-P2-CW215-R01,Cincoze Rugged Intel Skylake Core i3/i5 Panel PC,,///
SNGL-CL200-TEST,Singlewire CL200,CL200G-10,Industrial/Small Form Factor/CL200 Series/CL200G-10
SS-K410,Karbon 410 Intel Elkhart Lake Compact Rugged Computer,K410,Rugged/Entry/K400 Series/K410
Medi-HX401-PROTO-V2,OnLogic Helix 401 Fanless Hybrid-Core Computer,HX401,Industrial/Entry/HX400 Series/HX401
SHMR-HX310,OnLogic Helix 310 Intel Elkhart Lake Industrial Edge Computer,HX310,Industrial/Gateway/HX300 Series/HX310
BlueOcean-K804,OnLogic Karbon 804 High-Performance Rugged Computer w/ModBay & PCIe,K804,Rugged/Performance/K800 Series/K804
DLT-PLS-GMI-HX600,GMI-HX600 OnLogic Helix 600 Intel Comet Lake Expanded Industrial Edge Computer,HX600,Industrial/Performance/HX600 Series/HX600
QED-FR201-ETL,Quality Electrodynamics - Factor 201 Raspberry Pi Industrial IoT Gateway,FR201,Industrial/Small Form Factor/FR200 Series/FR201
FUTUREWARE-HX600-i9,FUTUREWARE-HX600-i9 OnLogic Helix 600 Intel Comet Lake Expanded Industrial Edge Computer,HX600,Industrial/Performance/HX600 Series/HX600
MK150-Wach1.5UServer-MP-F-DRAFT,Intel Skylake 1.5U Rackmount Computer,MK150 (Other),Server/1U & 1.5U Rackmount/MK150 Series/MK150 (Other)
MK400-60-CATProto-3,MK400-60 Custom ICE Lake 4U Rackmount Server,MK400-60,Server/4U Rackmount/MK400 Series/MK400-60
HX310-74ba,OnLogic Helix 310 Intel Elkhart Lake Industrial Edge Computer,HX310,Industrial/Gateway/HX300 Series/HX310
X570D4I-2T,ASRock Rack X570D4I-2T Mini-ITX Motherboard,,///
SUNSORT-MK400-40,Sunkist Custom MK400-40 4U Rackmount AMD Server,MK400-60,Server/4U Rackmount/MK400 Series/MK400-60
UPRR-DI-1000-i5,Union Pacific Fanless Kiosk PC,DI-1000,Rugged/Mid Tier/DI Series/DI-1000
UPS-CL250,CL250 Ultra Small Fanless Industrial Edge Gateway,CL250,Industrial/Small Form Factor/CL200 Series/CL250
UniDAQ2-ML500G-50-ckw0,UniDAQ ML500G-50,ML500G-50,Industrial/Performance/ML500 Series/ML500G-50
UniDAQ-ML500G-50-njun,UniDAQ ML500G-50-LP,,///
UOI-MC500v3,Unified Office Inc MC500 v3,MC500 (Other),Industrial/Fanned/MC500 Series/MC500 (Other)
TM700,TM700 Industrial Fanless Mini PC with ThinManager,CL100 (TM700),Industrial/Small Form Factor/CL100 Series/CL100 (TM700)
TM260,Triple 4K Display Fanless Zero Client With ThinManager®,HX330 (TM260),Industrial/Gateway/HX300 Series/HX330 (TM260)
TMC-AG960C-rev1,The Marlin Company TMC-AG960C-rev1 Signage Computer,NC200 (Other),Industrial/Legacy Industrial/NC200 Series/NC200 (Other)
TMC-AG960C-rev2-8g4o,The Marlin Company TMC-AG960C-rev2 Signage Computer,NC200 (Other),Industrial/Legacy Industrial/NC200 Series/NC200 (Other)
TM610,TM610 Industrial Five Display Thin Client with ThinManager,MC610-50 (TM610),Industrial/Fanned/MC600 Series/MC610-50 (TM610)
TM260-evfi,Triple 4K Display Fanless Zero Client With ThinManager®,,///
TM610-kgc4,Industrial Five Display Thin Client with ThinManager,MC610-50 (TM610),Industrial/Fanned/MC600 Series/MC610-50 (TM610)
Solar-K300,Karbon 300 Compact Rugged Computer,K300,Rugged/Entry/K300 Series/K300
SolidLogic Intel Core-5677 Mini Industrial Computer-wgwc,SolidLogic Intel Core Mini Computer,Industrial (Other),Industrial/Legacy Industrial/Legacy Industrial/Industrial (Other)
SCRT-DX-1100,Cincoze Rugged 9th/8th Gen Intel Core High-Performance Compact Computer,,///
RVS-INVR-I3-V1,Cook Security MC600 Computer System,MC600 (Other),Industrial/Fanned/MC600 Series/MC600 (Other)
SCRT-M350-V2,SCRT-M350-V2,Industrial (Other),Industrial/Legacy Industrial/Legacy Industrial/Industrial (Other)
RGS-8805GC-PROTO-tyqr,RGS-8805GC - Neousys Rugged High Performance Server,RGS-8805GC,Rugged/High Performance/Nuvo Series/RGS-8805GC
RGS-8805GC-ufdz,RGS-8805GC - Neousys Rugged High Performance Server,RGS-8805GC,Rugged/High Performance/Nuvo Series/RGS-8805GC
Saltwater DS-1001P-4gs8,Saltwater DS-1001P,,///
RigNet-MK100B,RigNet MK100B,MK100 (Other),Server/1U & 1.5U Rackmount/MK100 Series/MK100 (Other)
SAAZ-K300,Saaz Engineering Karbon 300 Compact Rugged Computer,K300,Rugged/Entry/K300 Series/K300
PURS-HX310,OnLogic Helix 310 Intel Elkhart Lake Industrial Edge Computer,HX310,Industrial/Gateway/HX300 Series/HX310
PVGL-HX600-jdgp,OnLogic Helix 600 Intel Comet Lake Expanded Industrial Edge Computer,HX600,Industrial/Performance/HX600 Series/HX600
PVH-K300-4gs0,Karbon 300 Compact Rugged Computer,K300,Rugged/Entry/K300 Series/K300
PHX-ML450-ko8s,Phoenix ML450,ML450G-50,Industrial/Performance/ML400 Series/ML450G-50
PIA-HX401-UL,OnLogic Helix 401 Fanless Hybrid-Core Computer,HX401,Industrial/Entry/HX400 Series/HX401
Olmec-DS1002-kksc,Cincoze DS-1002 Rugged Intel Haswell Fanless Computer,,///
ONC-ML450-rev2,Oncology Supply ML450 rev2,ML450G-52,Industrial/Performance/ML400 Series/ML450G-52
OC-HX401-VESA,OnLogic Helix 401 Fanless Hybrid-Core Computer,HX401,Industrial/Entry/HX400 Series/HX401
ONC-ML510G-50-V2,Compact Fanless Industrial Coffee Lake Computer,,///
ONC-ML450-s8ws,Oncology Supply ML450G-51,ML450G-51,Industrial/Performance/ML400 Series/ML450G-51
Nuvo-5000LP-gs8o,Neousys Rugged Intel Skylake Low Profile Fanless Computer,,///
Nuvo-2510VTC-0w8s,Neousys Rugged Efficient In-Vehicle Computer with PoE,,///
Nuvo-5000LP-040w,Neousys Rugged Intel Skylake Low Profile Fanless Computer,,///
Nuvo-5000LP-84oo,Neousys Rugged Intel Skylake Low Profile Fanless Computer,,///
Nuvo-5000-k4kg-0s80,Neousys Rugged Intel Skylake Fanless Computer,,///
Nuvo-5000-ow4s,Test,,///
Nuvo-2510VTC-g0w4,Neousys Rugged Efficient In-Vehicle Computer with PoE,,///
Nuvo-5000LP-kcsk,Neousys Rugged Intel Skylake Low Profile Fanless Computer,,///
NRU-120S,Neousys NVIDIA Jetson Powered Rugged AI NVR,NRU-120S,Rugged/Rugged Jetson/NRU Series/NRU-120S
NM-MC500-51,7287169 Rev 1 MINI-ITX;I7;3.4GHz;512SSD,MC500-51,Industrial/Fanned/MC500 Series/MC500-51
NokianP1101-PanelPC,Cincoze Rugged Intel Apollo Lake Panel PC,CV-P1101,Panel/Panel PC/P1000 Series/CV-P1101
NokianHX310-FactoryWindows,OnLogic Helix 310 Intel Elkhart Lake Industrial Edge Computer,HX310,Industrial/Gateway/HX300 Series/HX310
novo-ml350g-n4200c-k8cs,Industrial Low Profile Fanless Computer With Apollo Lake and Single Storage Drive,,///
NREC-NUVO-8208GC,Neousys Rugged Computer with Dual GPU Expansion,Nuvo-8208GC,Rugged/High Performance/Nuvo Series/Nuvo-8208GC
NLH-K700-Bid,Karbon 700-SE-2 High-Performance Rugged Edge Computer,K700-SE-2,Rugged/Performance/K700 Series/K700-SE-2
NM-Celeron557-NA,Nordson MARCH Celeron Mini Computer w/o AC Adapter,Industrial (Other),Industrial/Legacy Industrial/Legacy Industrial/Industrial (Other)
NM-557B-HE-RAID-g0co-kcsc,Commercial Intel Skylake Mini-ITX Computer,Industrial (Other),Industrial/Legacy Industrial/Legacy Industrial/Industrial (Other)
NatrixML400-o4so,High-Performance Fanless Manufacturing Workstation,ML400G-50,Industrial/Performance/ML400 Series/ML400G-50
ML500G-50-kkgs,Fanless Industrial Intel 6th Gen Computer w/optional i7,ML500G-30,Industrial/Performance/ML500 Series/ML500G-30
ML510G-50-7aw3,Compact Fanless Industrial Coffee Lake Computer,,///
ML600G-52-wsk8,Industrial Fanless Intel Skylake Computer,ML600G-52,Industrial/Performance/ML600 Series/ML600G-52
ML510G-50-kgox,Compact Fanless Industrial Coffee Lake Computer,ML510G-50,Industrial/Performance/ML500 Series/ML510G-50
ML500G-50-odjl,Fanless Industrial Intel 6th Gen Computer w/optional i7,ML500G-50,Industrial/Performance/ML500 Series/ML500G-50
ML600g-ACSIS-88w4,Industrial Fanless Intel Haswell Computer,ML600G-50,Industrial/Performance/ML600 Series/ML600G-50
ML500G-50-gwg4,Fanless Industrial Intel 6th Gen Computer w/optional i7,ML500G-50,Industrial/Performance/ML500 Series/ML500G-50
ML600G-52-vong,Fanless Industrial Intel Skylake Computer,,///
ML500G-30-ogog,Fanless Industrial Intel 6th Gen Computer w/optional i7 and 4 COM,ML500G-30,Industrial/Performance/ML500 Series/ML500G-30
ML500G-30-oc4s,Industrial Intel 6th Gen Fanless Computer w/optional i7 and 4 COM,ML500G-30,Industrial/Performance/ML500 Series/ML500G-30
ML500G-30-NSAS-8cc0,Industrial Intel 6th Gen Fanless Computer w/optional i7 and 4 COM,ML500G-30,Industrial/Performance/ML500 Series/ML500G-30
ML450G-50-8s8w,Industrial Intel Haswell Core i3/i5 Mini-ITX Computer,ML450G-50,Industrial/Performance/ML400 Series/ML450G-50
ML450G-50-c4kg,Industrial Intel Haswell Core i3/i5 Mini-ITX Computer,ML450G-50,Industrial/Performance/ML400 Series/ML450G-50
ML400G-51-k4og,Fanless Industrial Intel Haswell Performance Mini-ITX Computer,ML400G-51,Industrial/Performance/ML400 Series/ML400G-51
ML450G-10-4w0o,Industrial Intel Braswell Celeron Mini-ITX Computer,ML450G-10,Industrial/Performance/ML400 Series/ML450G-10
ML500G-30-ssg4,Industrial Intel 7th Gen Fanless Computer w/optional i7 and 4 COM,ML500G-30,Industrial/Performance/ML500 Series/ML500G-30
ML500G-30-swg0,Industrial Intel 6th Gen Fanless Computer w/optional i7 and 4 COM,ML500G-30,Industrial/Performance/ML500 Series/ML500G-30
ML500G-50-4o8c,Industrial Intel 6th Gen Fanless Computer w/optional i7,ML500G-50,Industrial/Performance/ML500 Series/ML500G-50
ml450g-50-ckkg,Industrial Intel Haswell Core i3/i5 Mini-ITX Computer,ML450G-50,Industrial/Performance/ML400 Series/ML450G-50
ml450g-50-ckgs,ML450G-50 UPS Without Batteries (version2),ML450G-50,Industrial/Performance/ML400 Series/ML450G-50
ML100G-51-ssw4,Boston Dynamics - ML100G-51 w/ LTE & WiFi,ML100G-51,Industrial/Entry/ML100 Series/ML100G-51
ML100G-51-swoc,Industrial Fanless Intel Whiskey Lake NUC With Dual LAN,ML100G-51,Industrial/Entry/ML100 Series/ML100G-51
ML100G-52-q9up,Industrial Fanless Intel Whiskey Lake Embedded NUC With Dual LAN,ML100G-52,Industrial/Entry/ML100 Series/ML100G-52
ML100G-52-stbl,Industrial Fanless Intel Whiskey Lake Embedded NUC With Dual LAN,ML100G-52,Industrial/Entry/ML100 Series/ML100G-52
ML100G-ERROR,Placeholder SKU,,///
ML100G-52-0cg4,Industrial Fanless Intel Whiskey Lake Embedded NUC With Dual LAN,ML100G-52,Industrial/Entry/ML100 Series/ML100G-52
ML100G-52-8s0g,Industrial Fanless Intel Whiskey Lake Embedded NUC With Dual LAN,,///
ML100G-53-z460,Industrial Fanless Intel 11th Gen Tiger Lake NUC,,///
MK100B-RN,Intel Skylake 1U Rackmount Computer,MK100B-51,Server/1U & 1.5U Rackmount/MK100 Series/MK100B-51
MK100B-54-xyfu,1U Rackmount Intel Xeon E Edge Server,MK100B-54,Server/1U & 1.5U Rackmount/MK100 Series/MK100B-54
MK100B-53-ni3n,1U Rackmount Intel Coffee Lake Computer,MK100B-53,Server/1U & 1.5U Rackmount/MK100 Series/MK100B-53
MK103-TEKT-88gs-o00w,Intel Core 1U Rackmount Computer,MK100 (Other),Server/1U & 1.5U Rackmount/MK100 Series/MK100 (Other)
MK100B-54-vae7,1U Rackmount Intel Xeon E Edge Server,,///
MK100B-54-bch4,1U Rackmount Intel Xeon E Edge Server,,///
MK100B-53-Proto1-s7z9,1U Rackmount Intel Coffee Lake Computer,MK100B-53,Server/1U & 1.5U Rackmount/MK100 Series/MK100B-53
MC500-jcbj,Industrial Intel Skylake Mini-ITX Computer,,///
MC500-NVR-40gg,Compact Mobile NVR,,///
MC500-Clearpath-51-00s0,Commercial Intel Skylake Mini-ITX Computer,MC500-51,Industrial/Fanned/MC500 Series/MC500-51
MC500-GENEA-wcgw,Commercial Intel Skylake Mini-ITX Computer,MC500-51,Industrial/Fanned/MC500 Series/MC500-51
RT100-10,Rugged Intel Atom Automotive Computer,Rugged (Other),Rugged/Legacy Rugged/Legacy Rugged/Rugged (Other)
ROB-K700-X2,Karbon 700 Expanded High-Performance Rugged Edge Computer,K700-X2,Rugged/Performance/K700 Series/K700-X2
ROB-MK100B-54,1U Rackmount Intel Xeon E Edge Server,MK100B-54,Server/1U & 1.5U Rackmount/MK100 Series/MK100B-54
SAM-CiC146,Supreme Audio Core i Rackmount System,,Server/Other//
SAS-ML100G-53,Industrial Fanless Intel 11th Gen Tiger Lake NUC,ML100G-53,Industrial/Entry/ML100 Series/ML100G-53
RADIX-Nuvis-3304-v1-4POE,Radix Nuvis-3304 v1 4POE,,///
R9002771-01,Komatsu Mining Cincoze Intel Whiskey Lake Core i3/i5 Panel PC,CV-P2102,Panel/Cincoze Panel/P2000 Series/CV-P2102
PR-TC401-CENC-szxu-e3bw,Pre-Release TC401 SAMPLE 1,,///
PR-TC401-CENC-szxu-l3qn,Pre-Release TC401 SAMPLE 1,,///
PR-TC401-CTDI-dde8,Pre-Release TC401 SAMPLE for CTDI,TC401,Panel/OnLogic Panel/Tacton Series/TC401
PR-TC401-AWSACS-invy,Pre-Release TC401 SAMPLE for AWS ACS,,///
PL17-CR -8ooc,Infoservice Panel PC 17,,///
P2102-ONL,Cincoze Rugged Intel 8th Gen Core i3/i5 Slim Fanless Computer for OnLogic,,///
P2002-wk0s,Cincoze Intel Skylake Core i Panel PC,,///
NXT-K410,Karbon 410 Intel Elkhart Lake Compact Rugged Computer,K410,Rugged/Entry/K400 Series/K410
Nuvo-3005,Nuvo-3005 HM76 Core i Fanless Computer,Nuvo-3000,Rugged/Legacy Rugged/Nuvo Series/Nuvo-3000
Nuvo-3005-2TB,DocBox Nuvo 3005 Fanless System,,///
Nuvo-3005LP-40ok,Neousys Nuvo-3005LP HM76 Core i Fanless Surveillance Computer,,///
Nuvo-3003-o00o,Kistler Nuvo-3003,,///
Nuvo-3000-0ksk,Neousys Rugged Intel Ivy Bridge Fanless Computer,,///
Nuvis-3304-kgwo,Nuvis-3304 HM76 Core i Fanless Computer,,///
Nuvo-1000-4kks-sscw,Custom Nuvo-1000 Wide Temperature Computer,,///
Nuvo-1003-w4s0,Custom: Nuvo-1003 Intel Core i Mobile Fanless Rugged Computer,,///
Nuvis-3304-Saltwater-2-48s4,Nuvis-3304,,///
Nuvis-3304-wckg,CAT-3304,,///
NC220_INTEL-sk48-wk80-ocgk,Industrial Intel Broadwell Fanless NUC Computer,NC200 (Other),Industrial/Legacy Industrial/NC200 Series/NC200 (Other)
NC220_INTEL-sk48-wk80-ws0c,Industrial Intel Broadwell Fanless NUC Computer,NC200 (Other),Industrial/Legacy Industrial/NC200 Series/NC200 (Other)
NC200B-30,Commercial Intel Core i3 NUC Computer,NC200 (Other),Industrial/Legacy Industrial/NC200 Series/NC200 (Other)
NC220_INTEL-sk48-wk80,Industrial Intel Broadwell Fanless NUC Computer,NC200 (Other),Industrial/Legacy Industrial/NC200 Series/NC200 (Other)
NC220_INTEL-sk48-wk80-4ow0,Industrial Intel Broadwell Fanless NUC Computer,,///
NC220_INTEL-sk48-wk80-gcs8,Industrial Intel Broadwell Fanless NUC Computer,NC200 (Other),Industrial/Legacy Industrial/NC200 Series/NC200 (Other)
Mohaupt-ML210G-50-84gk,Industrial Intel Haswell i5 Thin Mini-ITX Computer,ML210G-50,Industrial/Gateway/ML200 Series/ML210G-50
MOGR-K700-X2,Karbon 700-X2-2 Expanded High-Performance Rugged Edge Computer,K700-X2,Rugged/Performance/K700 Series/K700-X2
ML600G-51-MITSU-gswk,Industrial Fanless Server with Xeon,ML600G-51,Industrial/Performance/ML600 Series/ML600G-51
ML600G-51-8okg,Industrial Fanless Server with Xeon,ML600G-51,Industrial/Performance/ML600 Series/ML600G-51
ML600G-51-scks,Industrial Fanless Server with Xeon,ML600G-51,Industrial/Performance/ML600 Series/ML600G-51
ML500G-30-kc8s,Industrial Intel 6th Gen Fanless Computer w/optional i7 and 4 COM,ML500G-30,Industrial/Performance/ML500 Series/ML500G-30
ML500G-30-kk44,Fanless Industrial Intel 6th Gen Computer w/optional i7 and 4 COM,ML500G-30,Industrial/Performance/ML500 Series/ML500G-30
ML500G-30-88s4-w08g,Industrial Intel 6th Gen Fanless Computer w/optional i7 and 4 COM,ML500G-30,Industrial/Performance/ML500 Series/ML500G-30
ML500G-30-88sw,Industrial Intel 6th Gen Fanless Computer w/Sparklan WiFi,ML500G-30,Industrial/Performance/ML500 Series/ML500G-30
ml500g-30-0kww,Industrial Intel 6th Gen Fanless Computer w/optional i7 and 4 COM,ML500G-30,Industrial/Performance/ML500 Series/ML500G-30
ML500G-30-e5nm,Fanless Industrial Intel 6th Gen Computer w/optional i7 and 4 COM,,///
ML500G-30-9tej,Fanless Industrial Intel 6th Gen Computer w/optional i7 and 4 COM,ML500G-30,Industrial/Performance/ML500 Series/ML500G-30
ML210G-50-ocko,Industrial Intel Haswell i5 Thin Mini-ITX Computer,ML210G-50,Industrial/Gateway/ML200 Series/ML210G-50
ML210G-50-UMG-84ow,Industrial Intel Haswell i5 Thin Mini-ITX Computer,ML210G-50,Industrial/Gateway/ML200 Series/ML210G-50
ML210G-URA2-4kkg,Industrial Intel Bay Trail Fanless Computer,,///
ML210G-URA2-wc04,Industrial Intel Bay Trail Fanless Computer,ML210G-10,Industrial/Gateway/ML200 Series/ML210G-10
ML250-cosp-k4co,Industrial Intel Core Mini-ITX Computer,ML250 (Other),Industrial/Gateway/ML250 Series/ML250 (Other)
ML210G-50-Mosaic-40o0,Industrial Intel Haswell i5 Thin Mini-ITX Computer,ML210G-50,Industrial/Gateway/ML200 Series/ML210G-50
MK400-60-4p79,4U Rackmount AMD EPYC Edge Server,MK400-60,Server/4U Rackmount/MK400 Series/MK400-60
MK400-60-5ozm,MK400-60 4U Rackmount AMD EPYC 7002 Server,MK400-60,Server/4U Rackmount/MK400 Series/MK400-60
MK400-60-9j71,MK400-60 4U Rackmount AMD EPYC 7002 Server,,///
MK400-60-k8bl,4U Rackmount AMD EPYC 7002 Server,,///
ML100G-10-4m6g,Fanless Industrial Intel Bay Trail NUC Computer,ML100G-10,Industrial/Entry/ML100 Series/ML100G-10
ml100g-10-8o8k,Industrial Intel Bay Trail Fanless NUC Computer,ML100G-10,Industrial/Entry/ML100 Series/ML100G-10
MK400-60-k8bl-t1fb,4U Rackmount AMD EPYC 7002 Server,,///
MK400-70-0osc,4U Rackmount Intel Cascade Lake Xeon Scalable Edge Server,,///
ML100G-10-k4os,Industrial Intel Bay Trail Fanless NUC Computer,ML100G-10,Industrial/Entry/ML100 Series/ML100G-10
ML100G-10-k8ko,Industrial Intel Bay Trail Fanless NUC Computer,,///
MK150B-10,Intel Bay Trail 1.5U Rackmount Computer,MK150B-10,Server/1U & 1.5U Rackmount/MK150 Series/MK150B-10
MK150B-10-PROTO+SVS-bf42,Intel Bay Trail 1.5U Rackmount Computer,,///
MK150B-50,Gemini Dual Intel Haswell 1.5U Rackmount Computer,MK150B-50,Server/1U & 1.5U Rackmount/MK150 Series/MK150B-50
MK103-TEKT-88gs-w8kg,Intel Core 1U Rackmount Computer,MK100 (Other),Server/1U & 1.5U Rackmount/MK100 Series/MK100 (Other)
MK150B-51-ccc4,Commercial Intel Xeon 1.5U Rackmount Server,MK150B-51,Server/1U & 1.5U Rackmount/MK150 Series/MK150B-51
MC510-50,Industrial Intel Coffee Lake Mini-ITX Computer,MC510-50,Industrial/Fanned/MC500 Series/MC510-50
MC600-10,Industrial Intel Bay Trail Mini-ITX Computer,MC600-10,Industrial/Fanned/MC600 Series/MC600-10
MC510-50-0cd5,Industrial Intel Coffee Lake Mini-ITX Computer,MC510-50,Industrial/Fanned/MC500 Series/MC510-50
MC510-50-0cg8,Intel Coffee Lake Mini-ITX Computer,MC510-50,Industrial/Fanned/MC500 Series/MC510-50
MC600-51,Commercial Intel Xeon Compact Server Computer,MC600-51,Industrial/Fanned/MC600 Series/MC600-51
MC510-50-nigj,Industrial Intel Coffee Lake Mini-ITX Computer,MC510-50,Industrial/Fanned/MC500 Series/MC510-50
MC510-55-ClearpathRob-PROTO,MC510-55,MC510-55,Industrial/Fanned/MC500 Series/MC510-55
MC510-50-91mb,Industrial Intel Coffee Lake Mini-ITX Computer,,///
RW-NUVO-5006E,RW Machines - Nuvo 5006E Neousys Rugged Intel Skylake Fanless Computer,Nuvo-5000,Rugged/Performance/Nuvo Series/Nuvo-5000
RUBN-POC-351VTC,Neousys Rugged Compact Intel Apollo Lake In-Vehicle Computer,,///
RXMD-ML600G-52,RXMD-ML600G-52,ML600G-52,Industrial/Performance/ML600 Series/ML600G-52
S&S ML210G-50-4k8k,Industrial Intel Haswell i5 Thin Mini-ITX Computer,ML210G-50,Industrial/Gateway/ML200 Series/ML210G-50
PWNE-DCCP847DYE-g4wk,Intel DCCP847DYE-S NUC Multimedia Computer,Industrial (Other),Industrial/Legacy Industrial/Legacy Industrial/Industrial (Other)
PWNE-PWR4-8040,Pwnie Express PwnPlug R4,Industrial (Other),Industrial/Legacy Industrial/Legacy Industrial/Industrial (Other)
POC-200-s8sk,Neousys Rugged Compact Fanless Intel Bay Trail Computer,,///
POC-200-w8cs,Neousys Rugged Compact Fanless Intel Bay Trail Computer,,///
PLANET-K801,OnLogic Karbon 801 Low-Profile High-Performance Rugged Computer,K801,Rugged/Performance/K800 Series/K801
POC-200-0wog,Custom Nordson March POC-200,,///
PLER-MC500,Pleora Technologies MC500,MC500-30,Industrial/Fanned/MC500 Series/MC500-30
POC-120Carolina-00kg,Neousys Rugged Ultra Compact Fanless Bay Trail Computer,,///
POC-100Sunverge-og40,POC-100Sunverge,POC-100,Rugged/Legacy Rugged/POC Series/POC-100
Phoenix ML400G-50-k4go,Industrial Intel Haswell Core i3/i5 Mini-ITX Computer,ML400G-50,Industrial/Performance/ML400 Series/ML400G-50
PAR-IGN300,Parsley Energy Rugged HMI with Ignition Software,P2002 (IGN300),Panel/Cincoze Panel/P2000 Series/P2002 (IGN300)
PanasonicML251,PanasonicML251,ML250 (Other),Industrial/Gateway/ML250 Series/ML250 (Other)
PanasonicML450-kscg,PanasonicML450,ML400 (Other),Industrial/Performance/ML400 Series/ML400 (Other)
PACK-ML100G-53-23,Industrial Fanless Intel 11th Gen Tiger Lake NUC,ML100G-53,Industrial/Entry/ML100 Series/ML100G-53
PARK-HX310v2,OnLogic Helix 310 Intel Elkhart Lake Industrial Edge Computer,HX310,Industrial/Gateway/HX300 Series/HX310
Phoenix Tech ML400-soo8,Phoenix Technology Services ML400,ML400 (Other),Industrial/Performance/ML400 Series/ML400 (Other)
Panasonic MC500 -kw8k,Panasonic MC500,,///
Nuvo-6108GC-g8ss-o48g,Neousys Rugged Intel 6th Gen Computer w/Optional GPU and Expansion,Nuvo-6108GC,Rugged/Legacy Rugged/Nuvo Series/Nuvo-6108GC
NXE4-ML350G-10,Nexa 3D Low Profile Fanless Industrial Computer With Apollo Lake,ML350G-10,Industrial/Gateway/ML300 Series/ML350G-10
NXEA-CL210G-10-598x,NextEra - Fanless Industrial USFF Edge Device w/ Dual SIM,CL210G-10,Industrial/Small Form Factor/CL200 Series/CL210G-10
Nuvo-6108GC-csso,Neousys Rugged Intel 6th Gen Computer w/Optional GPU and Expansion,,///
Nuvo-3005_2TB-44g0,DocBox 3005TB,,///
Nuvo-3100VTC-ggc0,Neousys Rugged Intel Ivy Bridge Compact In-Vehicle Computer,,///
Nuvo-3100inet-408o,Neousys Rugged Intel Ivy Bridge Compact In-Vehicle Computer,,///
NUC-1165G7,ASRock NUC-1165G7 Motherboard,,///
NUC-6300-so0k,Civiq NUC-6300 BOM,,Components/Components/Components/
NUC-1135G7,ASRock NUC-1135G7 Motherboard,,///
NUC-6300U,ASrock Skylake i5-6300U Skylake NUC,,Components/Components/Components/
NTA-MC610,National Technologies Associates Industrial Intel Coffee Lake Mini-ITX Expandable Computer,,///
MNTL-DX-1100,Montel Technologies - 8th Generation Intel Core High-Performance Compact Rugged Computer,,///
MN-MC500-80kk,SolidLogic Atom MC500 Mini-ITX Firewall Computer with M0n0wall,,///
ML450G-52-wg0g,Industrial Intel Skylake Mini-ITX Customizable Computer,ML450G-52,Industrial/Performance/ML400 Series/ML450G-52
ML450G-52-wgos,Fanless Industrial Intel Skylake Mini-ITX Customizable Computer,ML450G-52,Industrial/Performance/ML400 Series/ML450G-52
ML450G-gogo-server-g4ss,Industrial Intel Bay Trail Celeron Computer with 5 LAN,ML400 (Other),Industrial/Performance/ML400 Series/ML400 (Other)
ML450G-52-o4cg,Industrial Intel Skylake Mini-ITX Customizable Computer,ML450G-52,Industrial/Performance/ML400 Series/ML450G-52
ML450G-52-0484,Industrial Intel Skylake Mini-ITX Customizable Computer,ML450G-52,Industrial/Performance/ML400 Series/ML450G-52
ML450G-52-12V-s0ko,Fanless Industrial Intel Skylake Mini-ITX Customizable Computer,ML450G-52,Industrial/Performance/ML400 Series/ML450G-52
ML450G-52-sko0,Industrial Intel Skylake Mini-ITX Customizable Computer,ML450G-52,Industrial/Performance/ML400 Series/ML450G-52
ML450PI-Pentium-c00s,Industrial Intel Skylake Mini-ITX Computer,ML450G-51,Industrial/Performance/ML400 Series/ML450G-51
ML400G-50-cwwg-s048,Industrial Intel Haswell Core i3 Mini-ITX Computer,ML400G-50,Industrial/Performance/ML400 Series/ML400G-50
ML400G-50Shawcor-cw4s,Industrial Intel Haswell Core i3/i5 Mini-ITX Computer,ML450G-50,Industrial/Performance/ML400 Series/ML450G-50
ML400G-51,Fanless Industrial Intel Haswell Performance Mini-ITX Computer,ML400G-51,Industrial/Performance/ML400 Series/ML400G-51
ML400G-10-wk8w,Industrial Intel Bay Trail Celeron Mini-ITX Computer,ML400G-10,Industrial/Performance/ML400 Series/ML400G-10
ML400G-11,Industrial Ivy Bridge Celeron Mini-ITX Computer,ML400 (Other),Industrial/Performance/ML400 Series/ML400 (Other)
ML400g-10-k0wc,3D Systems Industrial Intel Bay Trail Celeron Computer,ML400G-10,Industrial/Performance/ML400 Series/ML400G-10
ml400g-10-s8gg,Industrial Intel Bay Trail Celeron Mini-ITX Computer,ML400G-10,Industrial/Performance/ML400 Series/ML400G-10
ML400G-10-ssg8,Fanless Industrial Intel Bay Trail Celeron Mini-ITX Computer,ML400G-10,Industrial/Performance/ML400 Series/ML400G-10
ML400G-14-c00c,Industrial Intel Braswell Celeron Mini-ITX Computer,ML400G-14,Industrial/Performance/ML400 Series/ML400G-14
ml350G-10-xniw,Low Profile Fanless Industrial Computer With Apollo Lake,ML350G-10,Industrial/Gateway/ML300 Series/ML350G-10
ML400G-50-cwwg,Industrial Intel Haswell Core i3 Mini-ITX Computer,ML400G-50,Industrial/Performance/ML400 Series/ML400G-50
ML100G-30,Fanless Industrial Intel Broadwell NUC Computer,ML100G-30,Industrial/Entry/ML100 Series/ML100G-30
ML100G-11-kg4k,Industrial Bay Trail Compact Fanless NUC Computer,ML100G-10,Industrial/Entry/ML100 Series/ML100G-10
ML100G-30_skylake-gks8,Industrial Intel Broadwell Fanless NUC Computer,ML100G-30,Industrial/Entry/ML100 Series/ML100G-30
ML100G-30UCBERK-40sg,Industrial Intel Broadwell Fanless NUC Computer,ML100G-30,Industrial/Entry/ML100 Series/ML100G-30
MK150B-52-4osg,Intel Skylake 1.5U Rackmount Computer,MK150B-52,Server/1U & 1.5U Rackmount/MK150 Series/MK150B-52
MK150B-53-wa0v,1.5U Rackmount Intel Coffee Lake Computer,,///
MK150B-54-57h8,1.5U Rackmount Intel Coffee Lake Xeon E Edge Server w/ RAID 1,,///
ML100G-30-owk4,Industrial Intel Broadwell Fanless NUC Computer,ML100G-30,Industrial/Entry/ML100 Series/ML100G-30
MH-NUC-AM02-c0wo,Mulder Hardenberg Low Profile Fanless Intel Core i5 Industrial Computer,ML340G-50,Industrial/Gateway/ML300 Series/ML340G-50
MC500Essential-ssok,MC500Essential,MC500 (Other),Industrial/Fanned/MC500 Series/MC500 (Other)
MC610-50-kkgg,Industrial Intel Coffee Lake Mini-ITX Expandable Computer,,///
MC610-50-oso8,Intel Coffee Lake Mini-ITX Computer with Expansion,MC610-50,Industrial/Fanned/MC600 Series/MC610-50
MC510-12-so8s,Industrial Intel Apollo Lake J3455 Celeron Mini-ITX Computer,,///
MC610-50-me1t,Industrial Intel Coffee Lake Mini-ITX Expandable Computer,MC610-50,Industrial/Fanned/MC600 Series/MC610-50
MC610-50-xq13,Industrial Intel Coffee Lake Mini-ITX Expandable Computer,MC610-50,Industrial/Fanned/MC600 Series/MC610-50
MC610-50-cw0o,Industrial Intel Coffee Lake Mini-ITX Expandable Computer,MC610-50,Industrial/Fanned/MC600 Series/MC610-50
MC610-50-c97v-yfnv,Industrial Intel Coffee Lake Mini-ITX Expandable Computer,,///
mc500xTan-4gos,Custom MC500X,,///
POC-351VTC-bkb4,Neousys Rugged Compact Intel Apollo Lake In-Vehicle Computer,,///
POC200GSMCargotel-cgww,POC-200GSMGPSModule,,///
POC-351VTC-o044,Neousys Rugged Compact Intel Apollo Lake In-Vehicle Computer,,///
POC-351VTC-8ks0,Neousys Rugged Compact Intel Apollo Lake In-Vehicle Computer,POC-351VTC,Rugged/Entry/POC Series/POC-351VTC
PPK001_r01,Printpack ML100G-30 r01,ML100G-30,Industrial/Entry/ML100 Series/ML100G-30
POC-351VTC-70-4sc4,Neousys Rugged Compact Intel Apollo Lake In-Vehicle Computer,,///
PP-ML450G-50-UPS-goss,Industrial Intel Haswell Core i3/i5 Mini-ITX Computer,ML450G-50,Industrial/Performance/ML400 Series/ML450G-50
POC-500-wwwo,Neousys AMD Ryzen Compact Rugged Platform,,///
P1101-pm4q,Cincoze Rugged Intel Apollo Lake Slim Fanless Computer,P1101,Rugged/Entry/P1000 Series/P1101
PATHFINDER-K803,OnLogic Karbon 803 High-Performance Rugged Computer w/PCIe,K803,Rugged/Performance/K800 Series/K803
PBS-CeleronM350,ProBatter Sports Celeron M350 Mini-ITX System,,Industrial/Fanned/Other/
Nuvo-5095GC,Neousys Rugged Intel Skylake Computer with Optional GPU,Nuvo-5095GC,Rugged/Performance/Nuvo Series/Nuvo-5095GC
Nuvo-5095GC-4c4w,Neousys Rugged Intel Skylake Computer with Optional GPU,,///
Nuvo-6108GC,Neousys Rugged Intel 6th Gen Computer w/Optional GPU and Expansion,Nuvo-6108GC,Rugged/Legacy Rugged/Nuvo Series/Nuvo-6108GC
Nuvo-6108GC-8880,Neousys Rugged Intel 6th Gen Computer w/Optional GPU and Expansion,,///
Nuvo-6108GC-0cko,Neousys Rugged Intel 6th Gen Computer w/Optional GPU and Expansion,,///
Nuvo-6108-merc-0o44,Neousys Rugged Intel 6th Gen Computer w/Optional GPU and Expansion,Nuvo-6108GC,Rugged/Legacy Rugged/Nuvo Series/Nuvo-6108GC
Nuvo-5095GC-c0sg,Neousys Rugged Intel Skylake Computer with Optional GPU,,///
Nuvo-5100VTC-4s8c,Neousys Rugged Intel Skylake In-Vehicle Computer with PoE,,///
MVX-MC600-i3,MedVantx Core i3 MC600,MC600 (Other),Industrial/Fanned/MC600 Series/MC600 (Other)
Nettit1-ML450G-51-484s-4wck,Industrial Intel Skylake Mini-ITX Computer,ML450G-51,Industrial/Performance/ML400 Series/ML450G-51
Nettit2-ML450G-51,Nettitude ML450G-51 with i3 Skylake Processor,ML450G-51,Industrial/Performance/ML400 Series/ML450G-51
NEEL-HX500,OnLogic Helix 500 Intel Comet Lake Industrial Edge Computer,HX500,Industrial/Performance/HX500 Series/HX500
MVX-MC600-P-4k4s,MedVantx Core i MC600,,///
MODA-P2102-UL,Cincoze Intel Whiskey Lake Core i3/i5 Panel PC,CV-P2102,Panel/Cincoze Panel/P2000 Series/CV-P2102
MODA-FPPC-P2-R01-w8s0,Cincoze Rugged Intel Skylake Core i3/i5 Panel PC,,///
ML350G-10-tbms,Low Profile Fanless Industrial Computer With Apollo Lake,,///
ML350G-10-w08c,Low Profile Fanless Industrial Computer With Apollo Lake,ML350G-10,Industrial/Gateway/ML300 Series/ML350G-10
ML350G-10-w0sg,Low Profile Fanless Industrial Computer With Apollo Lake,ML350G-10,Industrial/Gateway/ML300 Series/ML350G-10
ML350G-10-o8cs,Industrial Low Profile Fanless Computer With Apollo Lake,ML350G-10,Industrial/Gateway/ML300 Series/ML350G-10
ML350G-10-g4w8,Industrial Low Profile Fanless Computer With Apollo Lake,ML350G-10,Industrial/Gateway/ML300 Series/ML350G-10
ML350G-10-kmtc,Low Profile Fanless Industrial Computer With Apollo Lake,ML350G-10,Industrial/Gateway/ML300 Series/ML350G-10
ML350G-10-wgo0,Low Profile Fanless Industrial Computer With Apollo Lake,,///
ML350G-10-jf7t,Low Profile Fanless Industrial Computer With Apollo Lake,ML350G-10,Industrial/Gateway/ML300 Series/ML350G-10
ML200-TCCoPOS-c84w,CoPOS,ML200 (Other),Industrial/Gateway/ML200 Series/ML200 (Other)
ML200-TC,Fanless Industrial Thin Client,ML200 (Other),Industrial/Gateway/ML200 Series/ML200 (Other)
ML210G-10-004c,Industrial Intel Bay Trail Fanless Computer,ML210G-10,Industrial/Gateway/ML200 Series/ML210G-10
ML210G-10-0448,Fanless Industrial Intel Bay Trail Computer,ML210G-10,Industrial/Gateway/ML200 Series/ML210G-10
ml210g-10-k4g4,Industrial Intel Bay Trail Fanless Computer,ML210G-10,Industrial/Gateway/ML200 Series/ML210G-10
ML210G-10-84c4,Fanless Industrial Intel Bay Trail Fanless Computer,ML210G-10,Industrial/Gateway/ML200 Series/ML210G-10
ML100G-31-0c84,Industrial Intel Dawson Canyon Fanless NUC Computer,ML100G-31,Industrial/Entry/ML100 Series/ML100G-31
ML210G-10-k8kk,Fanless Industrial Intel Bay Trail Computer,ML210G-10,Industrial/Gateway/ML200 Series/ML210G-10
ML210G-10-4c0o,Industrial Intel Bay Trail Fanless Computer,ML210G-10,Industrial/Gateway/ML200 Series/ML210G-10
ML210G-10-ggcc,Industrial Intel Bay Trail Fanless Computer,ML210G-10,Industrial/Gateway/ML200 Series/ML210G-10
MK100B-53-8kog-ookk,Intel Coffee Lake 1U Rackmount Computer,MK100B-53,Server/1U & 1.5U Rackmount/MK100 Series/MK100B-53
MK100B-53-au0s,1U Rackmount Intel Coffee Lake Computer,,///
MK100B-53-0woc,Intel Coffee Lake 1U Rackmount Computer,,///
MK100B-53-jcew,1U Rackmount Intel Coffee Lake Computer,MK100B-53,Server/1U & 1.5U Rackmount/MK100 Series/MK100B-53
MK100B-53-m5w8,1U Rackmount Intel Coffee Lake Computer,,///
MK400-40-AR-REV1-P1F,Amazon Robotics 4U Server - Revision 1 - K1116-380-00718,MK400 (Other),Server/4U Rackmount/MK400 Series/MK400 (Other)
MK100B-53-2jnh-ovx8,1U Rackmount Intel Coffee Lake Computer,,///
MK400-40-AR-SPARROW-Proto-4UShort,Amazon Robotics 4U Short Server Prototype - SPARROW,,///
MC850-40,Compact Industrial AMD Ryzen Edge Server,MC850-40,Server/Standalone/MC850 Series/MC850-40
MC850-52,Fanned Industrial High Performance Edge Computer With Xeon Processing,MC850-52,Server/Standalone/MC850 Series/MC850-52
MDT-DS-1100-S,Mobile Data Technology DS-1100,DS-1100,Rugged/Mid Tier/DS Series/DS-1100
MDT-DS-1300,Cincoze Rugged Intel 10th Gen Comet Lake Fanless Computer,,///
MDVX-MC600,Medvantx MC600,MC600 (Other),Industrial/Fanned/MC600 Series/MC600 (Other)
MC850-50-08co,Commercial Intel 6th Gen GPU Capable Computer,MC850-50,Server/Standalone/MC850 Series/MC850-50
Romain-Nuvo-7160GC-w8co,Neousys Rugged Intel Coffee Lake Computer with Optional GPU,,///
RRAMAC-CL210G-10,RRAMAC EdgeScout CL210G-10,CL210G-10,Industrial/Small Form Factor/CL200 Series/CL210G-10
PURO-P2002-NS,Purolator Cincoze Rugged Intel Skylake Core Panel PC (No Screen),P2002,Rugged/Entry/P2000 Series/P2002
Proto Nuvo5000-kw4o,Bombardier VCCU-C Prototype,,///
Proto2-MK200-60-f6sj,Radiant - Prototype 2U Rackmount AMD EPYC Server,MK200-60,Server/2U Rackmount/MK200 Series/MK200-60
PSCL-DA-1100,Cincoze Rugged Apollo Lake Ultra Compact Fanless Computer,DA-1100,Rugged/Entry/DA Series/DA-1100
PSCL-DA-1100-WinPro,Cincoze Rugged Apollo Lake Ultra Compact Fanless Computer,,///
PURO-CV-P2102,"Cincoze Intel Whiskey Lake Core i5 Panel PC with 21.5"" Touchscreen",CV-P2102,Panel/Cincoze Panel/P2000 Series/CV-P2102
PRVS-ML100G-52-i7,Industrial Fanless Intel Whiskey Lake Embedded NUC With Dual LAN,,///
PH12SI-I-Photobooth-ook8,High Performance Intel Skylake Kiosk Motherboard Kit,,Components/Components/Components/
PH12SI-D,Mitac PH12SI Skylake Desktop Thin Mini-ITX Motherboard,,Components/Components/Components/
PFIZER-CL100,"Pfizer CL100 ""VITS"" fanless Mini PC",CL100,Industrial/Small Form Factor/CL100 Series/CL100
P100-10AS-kgss,P100-10AS for Kannegiesser,,///
P100-10AS-4kkk,Mitac 10.1” Apollo Lake Industrial HMI Panel PC,,///
OUTFRONT-CL250,CL250 Ultra Small Fanless Industrial Edge Gateway,CL250,Industrial/Small Form Factor/CL200 Series/CL250
Nuvo-7160GC-jsue,Neousys Rugged Intel Coffee Lake Computer with Optional GPU,,///
Nuvo-3120-0o0w,Rugged Intel Ivy Bridge Compact Computer,,///
Nuvo-3120-4c80,Neousys Rugged Intel Ivy Bridge Compact In-Vehicle Computer,,///
Nuvo-3120-sgck,Nuvo-3120 Fanless In-Vehicle Computer,,///
Nuvo-5000,Neousys Rugged Intel Skylake Fanless Computer,Nuvo-5000,Rugged/Performance/Nuvo Series/Nuvo-5000
Nuvo-3600,Nuvo-3600 Series Intel Ivy Bridge Fanless Computer with PoE,,Rugged/Legacy Rugged/Nuvo Series/
Nuvo-3616VR-8o8g,Neousys Nuvo-3616VR with 16 PoE Fanless Wide Temperature Computer,,///
nuvo-5000-8kw4,Neousys Rugged Intel Skylake Fanless Computer,,///
Nuvo-5000-equr,Neousys Rugged Intel Skylake Fanless Computer,,///
NBCU-ML340,NBCUniversal ML340,ML340G-50,Industrial/Gateway/ML300 Series/ML340G-50
NG100F,Fanless Intel Atom Network Gateway with Untangle,ML250 (Other),Industrial/Gateway/ML250 Series/ML250 (Other)
NG100K,1U Rackmount Intel Quad-Core Firewall with Untangle Software,MK100 (Other),Server/1U & 1.5U Rackmount/MK100 Series/MK100 (Other)
NBCU-CV-Panel-108-NoScreen,Cincoze Rugged Intel Bay Trail Industrial Panel PC,,///
NG150F-30,Industrial Quad-Core Fanless Network Gateway with Untangle,ML400 (Other),Industrial/Performance/ML400 Series/ML400 (Other)
NBCU-ML340-i7,NBCUniversal ML340 i7,ML340G-50,Industrial/Gateway/ML300 Series/ML340G-50
MS-Atom557,MicroSigns Atom 557B Mini-iTX System,,Industrial/Fanned/Other/
MTA-DS-1100-w8oo-w0sg,Cincoze Rugged Intel Skylake Fanless Computer,,///
ML600G-10,Fanless Industrial Intel Avoton Server Computer,ML600G-10,Industrial/Performance/ML600 Series/ML600G-10
ML510G-50-sg4g,Compact Fanless Industrial Coffee Lake Computer,ML510G-50,Industrial/Performance/ML500 Series/ML510G-50
ML510G-50-sg0c,Compact Fanless Industrial Coffee Lake Computer,,///
ML510G-50-wc80,Compact Fanless Industrial Coffee Lake Computer,ML510G-50,Industrial/Performance/ML500 Series/ML510G-50
ML600G-30-84o8,Industrial Fanless Intel Haswell Computer with Hot Swap,ML600G-30,Industrial/Performance/ML600 Series/ML600G-30
ML600-PIQ-40kk,Industrial Fanless Intel Skylake Computer,ML600G-52,Industrial/Performance/ML600 Series/ML600G-52
ML600G-30-KSWindsor-gww4,Industrial Fanless Intel Haswell Computer w/ Hot Swap,ML600G-30,Industrial/Performance/ML600 Series/ML600G-30
ml600g-50-4ko0,Fanless Industrial Intel Haswell Computer,ML600G-50,Industrial/Performance/ML600 Series/ML600G-50
ML350G-10-1n59,Carrier Corporation Prototype (N4200) - Low Profile Fanless Industrial Computer With Apollo Lake,,///
ML350G-10-0s84,Low Profile Fanless Industrial Computer With Apollo Lake,ML350G-10,Industrial/Gateway/ML300 Series/ML350G-10
ML340G-51-ooog,Low Profile Fanless Industrial Skylake Computer,ML340G-51,Industrial/Gateway/ML300 Series/ML340G-51
ML210G-10-KIS-Gold-wgo8,Industrial Intel Bay Trail Fanless Computer,ML210G-10,Industrial/Gateway/ML200 Series/ML210G-10
ML210G-10-ogkg,Industrial Intel Bay Trail Celeron Thin Mini-ITX Computer,ML210G-10,Industrial/Gateway/ML200 Series/ML210G-10
ML350G-10-0ko4,Industrial Low Profile Fanless Computer With Apollo Lake,ML350G-10,Industrial/Gateway/ML300 Series/ML350G-10
ML350G-10-7421,Low Profile Fanless Industrial Computer With Apollo Lake,,///
ML340G-51-o0qe,Low Profile Fanless Industrial Skylake Computer,,///
ML100G-50-Outfront-k4g8,Industrial Intel Skylake Fanless NUC Computer,ML100G-50,Industrial/Entry/ML100 Series/ML100G-50
ML100G-51-5fby,Industrial Fanless Intel Whiskey Lake NUC With Dual LAN,ML100G-51,Industrial/Entry/ML100 Series/ML100G-51
MK400-60-4liu,MK400-60 4U Rackmount AMD EPYC 7002 Server,MK400-60,Server/4U Rackmount/MK400 Series/MK400-60
ML100G-51-4o88,Industrial Fanless Intel Whiskey Lake NUC With Dual LAN,,///
ML100G-41-sm48,Industrial Fanless AMD Ryzen 4000 Compact Computer,ML100G-41,Industrial/Entry/ML100 Series/ML100G-41
Med-Nuvo-6108GC,Neousys Rugged Intel 6th Gen Computer w/Optional GPU and Expansion,Nuvo-6108GC,Rugged/Legacy Rugged/Nuvo Series/Nuvo-6108GC
MechoJetwayJBC373-w8g0,MechoJetwayJBC373,Industrial (Other),Industrial/Legacy Industrial/Legacy Industrial/Industrial (Other)
MK100B-50-okg0,Intel Haswell 1U Rackmount Computer,MK100B-50,Server/1U & 1.5U Rackmount/MK100 Series/MK100B-50
Mewbourne-IGN310,Mewbourne Oil Rugged Panel PC with Intel Pentium CPU and Ignition Software,P1101 (IGN310),Panel/Cincoze Panel/P2000 Series/P1101 (IGN310)
MK100B-51-04sc,Intel Skylake 1U Rackmount Computer,MK100B-51,Server/1U & 1.5U Rackmount/MK100 Series/MK100B-51
MK100B-50-4swo,Intel Haswell 1U Rackmount Computer,MK100B-50,Server/1U & 1.5U Rackmount/MK100 Series/MK100B-50
MK100B-51-k4os,Intel Skylake 1U Rackmount Computer,MK100B-51,Server/1U & 1.5U Rackmount/MK100 Series/MK100B-51
MK100B-51-g8so,Blue Origin i7 Rackmount w/ Dual SSDs,MK100B-51,Server/1U & 1.5U Rackmount/MK100 Series/MK100B-51
MC610-50-4g4s,Industrial Intel Coffee Lake Mini-ITX Expandable Computer,,///
MC610-50-4186,Industrial Intel Coffee Lake Mini-ITX Expandable Computer,,///
MC600-NVR,Storage Oriented NVR,MC600 (Other),Industrial/Fanned/MC600 Series/MC600 (Other)
MC600-NVR-00o4,ProVision MC600 NVR System,MC600-50,Industrial/Fanned/MC600 Series/MC600-50
MC610-50-884g,Intel Coffee Lake Mini-ITX Computer with Expansion,MC610-50,Industrial/Fanned/MC600 Series/MC610-50
MC610-50-c8oc,Intel Coffee Lake Mini-ITX Computer with Expansion,MC610-50,Industrial/Fanned/MC600 Series/MC610-50
MC610-50-4vsh,Industrial Intel Coffee Lake Mini-ITX Expandable Computer,MC610-50,Industrial/Fanned/MC600 Series/MC610-50
S320-11KS,Mitac Fan Assisted Intel Kaby Lake Computer,Industrial (Other),Industrial/Legacy Industrial/Legacy Industrial/Industrial (Other)
RevCon-ML340G-50-TIBA,RevCon TIBA Server,ML340G-50,Industrial/Gateway/ML300 Series/ML340G-50
RDZN-ML350G-10,Low Profile Fanless Industrial Computer With Apollo Lake,ML350G-10,Industrial/Gateway/ML300 Series/ML350G-10
REAL-HX401,OnLogic Helix 401 Fanless Hybrid-Core Computer,HX401,Industrial/Entry/HX400 Series/HX401
RDSP-DS-1200,Cincoze Rugged Intel Coffee Lake Fanless Computer w/ i7-8700,DS-1200,Rugged/Mid Tier/DS Series/DS-1200
Pro-AG150-g4c8,Provision AG150,ML200 (Other),Industrial/Gateway/ML200 Series/ML200 (Other)
PD11BI,Mitac PD11BI Intel Bay Trail Mini-ITX Motherboard,,Components/Components/Components/
PENA-K700-SE,"Panasonic Energy of North America, Karbon 700-SE-2 High-Performance Rugged Edge Computer",K700-SE-2,Rugged/Performance/K700 Series/K700-SE-2
Nuvo-7501-P-00co,Profile 360,,///
Nuvo-7160GC-kglj,Neousys Rugged Intel Coffee Lake Computer with Optional GPU,Nuvo-7160GC,Rugged/Performance/Nuvo Series/Nuvo-7160GC
Nuvo-8208GC-2483,Neousys Rugged Computer with Dual GPU Expansion,Nuvo-8208GC,Rugged/High Performance/Nuvo Series/Nuvo-8208GC
Nvidia-MK150,Intel Xeon Rackmount Server,MK150B-51,Server/1U & 1.5U Rackmount/MK150 Series/MK150B-51
Nuvo-7258VTC-5dj9,Nuvo-7258VTC,,///
NUC5i5MYBE-8g0o,Civiq NUC5i5MYBE BOM v3,,Components/Components/Components/
NUC5i5MYBE-gcsc,Civiq NUC5i5MYBE BOM v2,,Components/Components/Components/
NUC7i5DNBE-cwwo,Civiq NUC7i5DNBE BOM v2,,Components/Components/Components/
NUC5i5MYBE-0k4o,Civiq NUC5i5MYBE BOM,,Components/Components/Components/
Nuvis-3004-o8s0,Nuvis-3004 HM76 Core i Fanless Surveillance Computer,,///
N-M-MK200-70-w0cw,2U Rackmount Intel Cascade Lake Xeon Scalable Edge Server,,///
MX-ML350-cks8,Custom Medvantx ML350 with 32 GB Storage,Industrial (Other),Industrial/Legacy Industrial/Legacy Industrial/Industrial (Other)
ML600G-52,Fanless Industrial Intel Skylake Computer,ML600G-52,Industrial/Performance/ML600 Series/ML600G-52
ML600G-52-okkg,Industrial Fanless Intel Skylake Computer,ML600G-52,Industrial/Performance/ML600 Series/ML600G-52
ML600G-52-og0k,Fanless Industrial Intel Skylake Computer,ML600G-52,Industrial/Performance/ML600 Series/ML600G-52
ML600G-52-s808,Fanless Industrial Intel Skylake Computer,ML600G-52,Industrial/Performance/ML600 Series/ML600G-52
ML600G-52-iaby,Fanless Industrial Intel Skylake Computer,,///
ML600G-52-gc0k,Industrial Fanless Intel Skylake Computer,ML600G-52,Industrial/Performance/ML600 Series/ML600G-52
ML600G-52-4go8,Fanless Industrial Intel Skylake Computer,ML600G-52,Industrial/Performance/ML600 Series/ML600G-52
ML600G-52-8g0g,Fanless Industrial Intel Skylake Computer,ML600G-52,Industrial/Performance/ML600 Series/ML600G-52
ML600G-52-BTSBIOGAS-g4g8,Industrial Fanless Intel Skylake Computer,ML600G-52,Industrial/Performance/ML600 Series/ML600G-52
ML600G-52-o0cs,Fanless Industrial Intel Skylake Computer,ML600G-52,Industrial/Performance/ML600 Series/ML600G-52
ML600G-52-1a7f-7q8h,Fanless Industrial Intel Skylake Computer,,///
ML340G-50-wgkk,Low Profile Fanless Industrial Computer with Haswell i7,ML340G-50,Industrial/Gateway/ML300 Series/ML340G-50
ML340G-10-SVFD-o40k,Low Profile Fanless Industrial Computer with Braswell,ML340G-10,Industrial/Gateway/ML300 Series/ML340G-10
ML340G-50-8wg4,Low Profile Fanless Intel Core i3/i5/i7 Industrial Computer,ML340G-50,Industrial/Gateway/ML300 Series/ML340G-50
ml340g-50-c484-csw4,Low Profile Fanless Intel Core i3/i5/i7 Industrial Computer,ML340G-50,Industrial/Gateway/ML300 Series/ML340G-50
ML340G-51-0ws8,Low Profile Fanless Industrial Skylake Computer,ML340G-51,Industrial/Gateway/ML300 Series/ML340G-51
ML340G-50-gcwk,Low Profile Fanless Intel Core i3/i5/i7 Industrial Computer,ML340G-50,Industrial/Gateway/ML300 Series/ML340G-50
ML100G-40-4lju,Compact Fanless AMD Ryzen Mini PC,,///
ML100G-40-aywq,Compact Fanless AMD Ryzen Mini PC,,///
ML100G-40-4x0l,Compact Fanless AMD Ryzen Mini PC,ML100G-40,Industrial/Entry/ML100 Series/ML100G-40
ML100G-40-hf36,Compact Fanless AMD Ryzen Mini PC,ML100G-40,Industrial/Entry/ML100 Series/ML100G-40
ML100G-40-ieus,Compact Fanless AMD Ryzen Mini PC,ML100G-40,Industrial/Entry/ML100 Series/ML100G-40
ML100G-40-pxwi,Compact Fanless AMD Ryzen Mini PC,ML100G-40,Industrial/Entry/ML100 Series/ML100G-40
ml100g-41-aidi,Industrial Fanless AMD Ryzen 4000 Compact Computer,ML100G-41,Industrial/Entry/ML100 Series/ML100G-41
ML100G-31-sxl5,Fanless Industrial Intel Dawson Canyon NUC Computer,ML100G-31,Industrial/Entry/ML100 Series/ML100G-31
ML100G-40-r1xr,Compact Fanless AMD Ryzen Mini PC,,///
Mii1-HX401,OnLogic Helix 401 Fanless Hybrid-Core Computer,HX401,Industrial/Entry/HX400 Series/HX401
MK020-10,Fanless Intel Braswell 2U Rackmount Computer,ML210G-12,Industrial/Gateway/ML200 Series/ML210G-12
MK100-UPS,Industrial 1U Rackmount Computer with UPS,MK100 (Other),Server/1U & 1.5U Rackmount/MK100 Series/MK100 (Other)
MK100B-10-4wcs,Intel Bay Trail 1U Rackmount Computer,MK100B-10,Server/1U & 1.5U Rackmount/MK100 Series/MK100B-10
MK100B-50-408g,Intel Haswell 1U Rackmount Computer,MK100B-50,Server/1U & 1.5U Rackmount/MK100 Series/MK100B-50
MK100B-50-44w8,Intel Haswell 1U Rackmount Computer,MK100B-50,Server/1U & 1.5U Rackmount/MK100 Series/MK100B-50
MK100B-40 -ecjf,1U Rackmount AMD Ryzen Server,,///
MC500-30,Industrial Intel Haswell Desktop Mini-ITX Computer,MC500-30,Industrial/Fanned/MC500 Series/MC500-30
MC500-51-884c,Industrial Intel Skylake Mini-ITX Computer,MC500-51,Industrial/Fanned/MC500 Series/MC500-51
MAXLIFE-DS1001,Maximus Security DS-1001,,///
PZ4G-ML350G-10-0kww,Industrial Low Profile Fanless Computer With Apollo Lake,ML350G-10,Industrial/Gateway/ML300 Series/ML350G-10
POC-300,Neousys Rugged Compact Fanless Intel Apollo Lake Computer,POC-300,Rugged/Entry/POC Series/POC-300
poc-200ELMEC-sksc,Compact Rugged NVR,,///
POC-210-84so,Neousys Rugged Compact Fanless Intel Bay Trail Computer,,///
poc-300-okcg-084o,Neousys Rugged Compact Fanless Intel Apollo Lake Computer,POC-300,Rugged/Entry/POC Series/POC-300
POC-300-INet-g40k,Neousys Rugged Compact Fanless Intel Apollo Lake Computer,,///
POC-300-wdfv,Neousys Rugged Compact Fanless Intel Apollo Lake Computer,,///
POC-300-04ww,Neousys Rugged Compact Fanless Intel Apollo Lake Computer,,///
POC-351-LKTINST-08kw,Neousys Rugged Compact Intel Apollo Lake In-Vehicle Computer,,///
P2002-HOMYN-oosg,Cincoze Intel Skylake Celeron Panel PC,,///
P2002-k440,Cincoze Intel Skylake Core i5 Panel PC,,///
P2002-Magna-s0c0,Cincoze Intel Skylake Core i Panel PC,,///
P2002-Celeron-Loring-gs44,Cincoze Intel Skylake Core i Panel PC,,///
p2002-4c4w,Cincoze Intel Skylake Core i5 Panel PC,,///
p2002-mitsu-kwo4,Cincoze Intel Skylake Core i Panel PC,,///
P1101-Proto-goco,P1101-Proto,,///
p2002-gs4k,Cincoze Intel Skylake Core i5 Panel PC,,///
Nuvo-7160GC,Neousys Rugged Intel Coffee Lake Computer with Optional GPU,Nuvo-7160GC,Rugged/Performance/Nuvo Series/Nuvo-7160GC
Nuvo-7000LP-qf3h,Neousys Rugged Intel® Coffee Lake Low Profile Fanless Computer,,///
Nuvo-7000LP-jy5k,Neousys Rugged Intel® Coffee Lake Low Profile Fanless Computer,Nuvo-7000LP,Rugged/Performance/Nuvo Series/Nuvo-7000LP
Nuvo-7000LP-x81x,Neousys Rugged Intel® Coffee Lake Low Profile Fanless Computer,,///
Nuvo-7000-Proto-ckgg,Neousys Rugged Intel Coffee Lake Core Fanless Computer,,///
Nuvo-7000LP-7az2-a3na,Neousys Rugged Intel® Coffee Lake Low Profile Fanless Computer,Nuvo-7000LP,Rugged/Performance/Nuvo Series/Nuvo-7000LP
Nuvo-6108GC-Mitsu-0w4o,Neousys Nuvo-6108GC,,///
NF9E-Q77-temp,Jetway NF9E-Q77 Ivy Bridge Desktop Mini-ITX Motherboard,,Components/Components/Components/
NEXA-HX500,OnLogic Helix 500 Intel Comet Lake Industrial Edge Computer,HX500,Industrial/Performance/HX500 Series/HX500
NewBlack-CL250-China,CL250 Ultra Small Fanless Industrial Edge Gateway,CL250,Industrial/Small Form Factor/CL200 Series/CL250
NF81-MK100-cgk8,Custom NF81 MK100 1U Rackmount Computer,MK100 (Other),Server/1U & 1.5U Rackmount/MK100 Series/MK100 (Other)
MUTL-Core-MC600-8g4c,Commercial Intel Core Computer with Expansion,MC600 (Other),Industrial/Fanned/MC600 Series/MC600 (Other)
MUTL-IMB-150,ASRock IMB-150 Intel Bay Trail Celeron J1900 Mini-ITX Motherboard,,Components/Components/Components/
ML450G-51-k8s0,Industrial Intel Skylake Mini-ITX Computer,ML450G-51,Industrial/Performance/ML400 Series/ML450G-51
ML450G-51-skkg,Industrial Intel Skylake Mini-ITX Computer,ML450G-51,Industrial/Performance/ML400 Series/ML450G-51
ML450G-51-ssck,Industrial Intel Skylake Mini-ITX Computer,ML450G-51,Industrial/Performance/ML400 Series/ML450G-51
ML450G-51-wkw0,Industrial Intel Skylake Mini-ITX Computer,ML450G-51,Industrial/Performance/ML400 Series/ML450G-51
ML450G-51-wg8s,Industrial Intel Skylake Mini-ITX Computer,ML450G-51,Industrial/Performance/ML400 Series/ML450G-51
ml350g-10-g4o8,Industrial Low Profile Fanless Computer With Apollo Lake,ML350G-10,Industrial/Gateway/ML300 Series/ML350G-10
ML450G-51-079q,Fanless Industrial Intel Skylake Mini-ITX Computer,ML450G-51,Industrial/Performance/ML400 Series/ML450G-51
ml450g-51-okgk-4w04,Industrial Intel Skylake Mini-ITX Computer,ML450G-51,Industrial/Performance/ML400 Series/ML450G-51
ml450g-51-coso,Industrial Intel Skylake Mini-ITX Computer,ML450G-51,Industrial/Performance/ML400 Series/ML450G-51
ML210G-10Parallel-soc0,Industrial Intel Bay Trail Fanless Computer,ML210G-10,Industrial/Gateway/ML200 Series/ML210G-10
ML210G-11,Industrial Intel Bay Trail Celeron Thin Mini-ITX Computer,ML210G-11,Industrial/Gateway/ML200 Series/ML210G-11
ML210G-10-SR,Industrial Intel Bay Trail Fanless Computer - Ship-Ready,ML210G-10,Industrial/Gateway/ML200 Series/ML210G-10
ML210G-12-BECK-woso,Industrial Intel Braswell Fanless Computer with Dual Gb LAN,ML210G-12,Industrial/Gateway/ML200 Series/ML210G-12
ML210G-12-AD-w8os,Industrial Intel Braswell Fanless Computer with Dual Gb LAN,ML210G-12,Industrial/Gateway/ML200 Series/ML210G-12
ML210G-50-ARC-w4wk,Industrial Intel Haswell i5 Thin Mini-ITX Computer,ML210G-50,Industrial/Gateway/ML200 Series/ML210G-50
ML210G-50-4oso,Industrial Intel Haswell i5 Thin Mini-ITX Computer,,///
MK150B-54-gapg,1.5U Rackmount Intel Coffee Lake Xeon E Edge Server,,///
MK150B-54-i7wa,1.5U Rackmount Intel Coffee Lake Xeon E Edge Server,MK150B-54,Server/1U & 1.5U Rackmount/MK150 Series/MK150B-54
MK150B-55-zrfz,Veran Medical MK150B-55,MK150 (Other),Server/1U & 1.5U Rackmount/MK150 Series/MK150 (Other)
MK400-40-AR-CARDINAL-L-MP,Amazon Robotics 4U Server Prototype - CARDINAL LONG,MK400 (Other),Server/4U Rackmount/MK400 Series/MK400 (Other)
MK200-70-imdo,2U Rackmount Intel Cascade Lake Xeon Scalable Edge Server,,///
MK200-60-kwo5,2U Rackmount AMD EPYC Server,MK200-60,Server/2U Rackmount/MK200 Series/MK200-60
MK200-70-skko,Vertech 2U Rackmount Scalable Xeon Edge Server with PCIe expansion,,///
MG150-12P-4ow4,"MG150 12"" Panel PC",,///
MC850-70-ksoo,Microsoft IoT in Action Edge Server,,///
MC850-70-w00k,Mini-ITX Scalable Xeon Mini Edge Server with PCIe expansion,,///
MC600-52-sc8c,Commercial Intel Skylake Computer with Expansion,MC600-52,Industrial/Fanned/MC600 Series/MC600-52
MC850-53-8w88,Commercial Intel 8th Gen GPU Capable Computer,MC850-53,Server/Standalone/MC850 Series/MC850-53
MDCO-NU91-sgog,Medeco NU91 NUC System,,Components/Components/Components/
MDCO-N3160,Medeco N3160 Mobo Kit,,///
LILLY-CL250-zbak,CL250 Ultra Small Fanless Industrial Edge Gateway,CL250,Industrial/Small Form Factor/CL200 Series/CL250
JBW-CT100-0ssc,Intel Celeron Open Case Kiosk Computer,,Components/Components/Components/
JCI-ML210G-50,Johnson Controls ML210G-50,ML210G-50,Industrial/Gateway/ML200 Series/ML210G-50
JCDX-DX1000-gg4w,Cincoze Rugged Intel 6th/7th Gen Compact Fanless Computer,,///
K430-7k3c,Karbon 430 Intel Elkhart Lake Compact Rugged Computer with Expansion,,///
IGN510,AMD Ryzen Compact Fanless Edge Gateway with Ignition,ML100G-40 (IGN510),Industrial/Entry/ML100 Series/ML100G-40 (IGN510)
HX310-wrfy-PROTO,OnLogic Helix 310 Intel Elkhart Lake Industrial Edge Computer for Steinel,HX310,Industrial/Gateway/HX300 Series/HX310
HX310-zg47,OnLogic Helix 310 Intel Elkhart Lake Industrial Edge Computer,HX310,Industrial/Gateway/HX300 Series/HX310
HX500-5n1m,OnLogic Helix 500 Intel Comet Lake Industrial Edge Computer,HX500,Industrial/Performance/HX500 Series/HX500
HX500-21cn,OnLogic Helix 500 Intel Comet Lake Industrial Edge Computer,HX500,Industrial/Performance/HX500 Series/HX500
HX500-65aw,OnLogic Helix 500 Intel Comet Lake Industrial Edge Computer,HX500,Industrial/Performance/HX500 Series/HX500
HX401-e379,OnLogic Helix 401 Fanless Hybrid-Core Computer,HX401,Industrial/Entry/HX400 Series/HX401
GAYK-P1001E-V2,Gayk Intel Bay Trail Panel PC w/ sunlight readable screen V2,P1001,Rugged/Entry/P1000 Series/P1001
GATE-MK200-70,2U Rackmount Intel 2nd Gen Xeon SP Server,MK200-70,Server/2U Rackmount/MK200 Series/MK200-70
Emerson_POC-200-oosg,Neousys Rugged Compact Fanless Intel Bay Trail Computer,,///
Emhart-Nuvo-6108GC-csgw,Neousys Rugged Intel 6th Gen Computer w/Optional GPU and Expansion,,///
ENFW-DA-1100,Cincoze Rugged Apollo Lake Ultra Compact Fanless Computer,,///
ENG-ML350G-10,Low Profile Fanless Industrial Computer With Apollo Lake,ML350G-10,Industrial/Gateway/ML300 Series/ML350G-10
Electrolux-HX500,OnLogic Helix 500 Intel Comet Lake Industrial Edge Computer,HX500,Industrial/Performance/HX500 Series/HX500
ELM-ML350G-10-LTE,ELM Fieldsight ML350G-10 LTE Low Profile Fanless Industrial Computer With Apollo Lake,,///
DI-1100-ful9,Cincoze Rugged Intel 8th Gen Fanless Computer,,///
DLPH-DX-1000-R01,Delphi DX-1000,DX-1000,Rugged/Mid Tier/DX Series/DX-1000
DLPH-DX-1000-8okw,Cincoze 7/6th Generation Intel® Xeon® / Core™ (Kaby Lake-S / Skylake-S) Computer,DX-1000,Rugged/Mid Tier/DX Series/DX-1000
DA-1000-UVAZ-cww8,Cincoze Rugged Ultra Compact Fanless Computer,,///
DA-1100-cg8g,Cincoze Rugged Apollo Lake Ultra Compact Fanless Computer,,///
DA-1100-wocg,Cincoze Rugged Apollo Lake Ultra Compact Fanless Computer,,///
da-1000-sw40,Cincoze Rugged Ultra Compact Fanless Computer,,///
Core-MV101-V,Intel Core Wide-Temperature Automotive Computer,Industrial (Other),Industrial/Legacy Industrial/Legacy Industrial/Industrial (Other)
Core-ML600-cwow,OnLogic Compact Intel Core i Computer with Expansion,MC600-50,Industrial/Fanned/MC600 Series/MC600-50
core-mk150-4k40,Intel Core 1.5U Rackmount Computer,MK150 (Other),Server/1U & 1.5U Rackmount/MK150 Series/MK150 (Other)
Core-MK150KrakenSolar-sggs,Core-MK150KrakenSolar,MK150 (Other),Server/1U & 1.5U Rackmount/MK150 Series/MK150 (Other)
Core-MK150-8wc4,IMB-170 Rackmount,MK150 (Other),Server/1U & 1.5U Rackmount/MK150 Series/MK150 (Other)
Core-ML300-w8s8,Industrial Fanless Intel Core NUC Computer,ML300 (Other),Industrial/Gateway/ML300 Series/ML300 (Other)
Core-ML320Shawcor-coo0,Core-ML320Canusa-250/16,ML300 (Other),Industrial/Gateway/ML300 Series/ML300 (Other)
Core-MK150-sc0k,Intel Core 1.5U Rackmount Computer,MK150 (Other),Server/1U & 1.5U Rackmount/MK150 Series/MK150 (Other)
Core-ML250-kkkg,TON Core i3 ML250,ML250 (Other),Industrial/Gateway/ML250 Series/ML250 (Other)
Core-ML250-ksso,WPR ML250,ML250 (Other),Industrial/Gateway/ML250 Series/ML250 (Other)
core-ml300-cg0g,Longbridge Fanless Ivy Bridge NUC Industrial Computer,ML300 (Other),Industrial/Gateway/ML300 Series/ML300 (Other)
Core-ML300-kwwc,ML300 Fanless Sandy or Ivy Bridge NUC Industrial Computer,ML300 (Other),Industrial/Gateway/ML300 Series/ML300 (Other)
CL200G-11,Industrial Edge Device with Dual-Core Intel Celeron N3350,CL200G-11,Industrial/Small Form Factor/CL200 Series/CL200G-11
CL200G-10-86t9,Fanless Industrial USFF Edge Device,,///
CL210G-11-2nj1,Ultra Small Quad Core Fanless Industrial Edge Computer,CL210G-11,Industrial/Small Form Factor/CL200 Series/CL210G-11
CL210G-11-4840,CL210G-11,,///
CL210G-11-4kcw,Ultra Small Quad Core Fanless Industrial Edge Computer,CL210G-11,Industrial/Small Form Factor/CL200 Series/CL210G-11
CL210G-11-4kgh,Ultra Small Quad Core Fanless Industrial Edge Computer,CL210G-11,Industrial/Small Form Factor/CL200 Series/CL210G-11
CL200G-10-0kcg,Fanless Industrial USFF Edge Device,CL200G-10,Industrial/Small Form Factor/CL200 Series/CL200G-10
CL200G-10-0wk0,Industrial USFF Edge Device,CL200G-10,Industrial/Small Form Factor/CL200 Series/CL200G-10
CL100_AMZN-448s,Ultra Compact Fanless 4K Media Player,CL100,Industrial/Small Form Factor/CL100 Series/CL100
CL100-wg8s,Industrial Fanless Mini PC,CL100,Industrial/Small Form Factor/CL100 Series/CL100
CL210G-11-48oa,Ultra Small Quad Core Fanless Industrial Edge Computer,,///
BWDG-HX500-i7,OnLogic Helix 500 Intel Comet Lake Industrial Edge Computer,HX500,Industrial/Performance/HX500 Series/HX500
BUSS-ML100G-51,Industrial Fanless Intel Whiskey Lake NUC With Dual LAN,ML100G-51,Industrial/Entry/ML100 Series/ML100G-51
BWDG-ML500G-50,Industrial Intel 6th Gen Fanless Computer,ML500G-50,Industrial/Performance/ML500 Series/ML500G-50
BWDG-ML350G-R01-32j8,Low Profile Fanless Industrial Thin Client,,///
APS DS-1002-48w4,Cincoze Rugged Intel Haswell Computer with Dual Expansion,,///
Aptiv-DS-1201-10GB,Cincoze Rugged Intel Coffee Lake Fanless Computer with Expansion,DS-1201,Rugged/Mid Tier/DS Series/DS-1201
ALPINE-K700,Karbon 700-SE-2 High-Performance Rugged Edge Computer,K700-SE-2,Rugged/Performance/K700 Series/K700-SE-2
ALTERG-CL100,AlterG CL100,CL100,Industrial/Small Form Factor/CL100 Series/CL100
AoL-MK100B-51-scwk,Intel Skylake 1U Rackmount Computer,MK100B-51,Server/1U & 1.5U Rackmount/MK100 Series/MK100B-51
AoL-ML100G-30-1TB-o0ko,Industrial Intel Broadwell Fanless NUC Computer,ML100G-30,Industrial/Entry/ML100 Series/ML100G-30
AQUA-HX500,OnLogic Helix 500 Intel Comet Lake Industrial Edge Computer,HX500,Industrial/Performance/HX500 Series/HX500
AQUA-MC510-50,Industrial Intel Coffee Lake Mini-ITX Computer,,///
ALTERG-CL100-ogss,AlterG CL100 v2,CL100,Industrial/Small Form Factor/CL100 Series/CL100
ALTS-DX-1000,990-006153-00 AT-EG610-MC,DX-1000,Rugged/Mid Tier/DX Series/DX-1000
5BY2-DS-1000-0ww4,LödSys-DS-1000,,///
LGS DS-1102-c44g,LGS Innovations DS-1102,,///
LGS-MC600-skok,LGS Innovations MC600,ML600G-52,Industrial/Performance/ML600 Series/ML600G-52
LND-HX310,OnLogic Helix 310 Intel Elkhart Lake Industrial Edge Computer,HX310,Industrial/Gateway/HX300 Series/HX310
LNA-PD10AI-o84g,Mitac PD10AI Thin Mini-ITX Motherboard with Intel Apollo Lake,,Components/Components/Components/
LineV-4G-ML500G-30,LineView Fanless Industrial Intel 6th Gen Computer w/optional i7 with 4G,ML500G-30,Industrial/Performance/ML500 Series/ML500G-30
LIT-ML100G-10-0k08,Litma ML100G-10,ML100G-10,Industrial/Entry/ML100 Series/ML100G-10
K700-SE,(1st Gen) Karbon 700 Rugged Edge Computer [9-48 VDC Input],K700-SE,Rugged/Performance/K700 Series/K700-SE
K700-SE-4qfc,Karbon 700 High-Performance Rugged Edge Computer,K700-SE,Rugged/Performance/K700 Series/K700-SE
K700-SE-4goc,Karbon 700 High-Performance Rugged Edge Computer,K700-SE,Rugged/Performance/K700 Series/K700-SE
K300-s44c,Karbon 300 Compact Rugged Computer,,///
K300-sw8k,Karbon 300 Compact Rugged Computer,,///
K700-SE-1nzw,Karbon 700 High-Performance Rugged Edge Computer,K700-SE,Rugged/Performance/K700 Series/K700-SE
K700-SE-2-2wg5,Karbon 700-SE-2 High-Performance Rugged Edge Computer,K700-SE-2,Rugged/Performance/K700 Series/K700-SE-2
K700-SE-2-gyta,Karbon 700-SE-2 High-Performance Rugged Edge Computer,K700-SE-2,Rugged/Performance/K700 Series/K700-SE-2
K700-SE-4sg8-kggc,Karbon 700 High-Performance Rugged Edge Computer,K700-SE,Rugged/Performance/K700 Series/K700-SE
ICS-PH12FEI-i5-8wos,ICS PH12FEI,,Components/Components/Components/
IdeaCom Rackmount-48w8,Intel Bay Trail 1U Rackmount Computer,MK100B-10,Server/1U & 1.5U Rackmount/MK100 Series/MK100B-10
IGL200,Ultra-small Fanless IGEL Ready Thin Client,CL210G-10 (IGL200),Industrial/Small Form Factor/CL200 Series/CL210G-10 (IGL200)
IFM-ML500G-50,IFM ML500G-50 UQ0003,ML500G-50,Industrial/Performance/ML500 Series/ML500G-50
ICS-MC510-50,Industrial Intel Coffee Lake Mini-ITX Computer,MC510-50,Industrial/Fanned/MC500 Series/MC510-50
IfU-ML340G-50-4c4o,Low Profile Fanless Intel Core i7 Industrial Computer,ML340G-50,Industrial/Gateway/ML300 Series/ML340G-50
IEM-CV-P2002-NONUL-0og4,Cincoze Intel Skylake Core i3/i5 Panel PC,CV-P2002,Panel/Cincoze Panel/P2000 Series/CV-P2002
Heye-ML100G-10-w0gk,Industrial Intel Bay Trail Fanless NUC Computer,ML100G-10,Industrial/Entry/ML100 Series/ML100G-10
HEYE-ML100G-50,Heye International ML100G-50,ML100G-50,Industrial/Entry/ML100 Series/ML100G-50
HavenRotterdam-DA-1000,HavenRotterdam-DA-1000,DA-1000,Rugged/Entry/DA Series/DA-1000
HBJC310U91W-2930-S-0cwo,Intel Celeron N2930 Fanless NUC Computer,Industrial (Other),Industrial/Legacy Industrial/Legacy Industrial/Industrial (Other)
HEPENG-ML500G-50,Hepburn Engineering ML500G-50,ML500G-50,Industrial/Performance/ML500 Series/ML500G-50
HFMT-DX-1100,Honeywell - 8th Generation Intel Core High-Performance Compact Rugged Computer,,///
HFMT-DX-1100-v2,Honeywell - 8th Generation Intel Core High-Performance Compact Rugged Computer (8 x RJ45 ports),,///
HARR-ML600,Harris ML600,ML600G-10,Industrial/Performance/ML600 Series/ML600G-10
HEYE-ML100G-10,Heye International ML100G-10,ML100G-10,Industrial/Entry/ML100 Series/ML100G-10
HEN400G7,HEN400G7,ML400 (Other),Industrial/Performance/ML400 Series/ML400 (Other)
FALE-CV-108-P1001,Falex CV-108-P1001,CV-P1001,Panel/Cincoze Panel/P1000 Series/CV-P1001
DX-1000-MTA-EM,Cincoze Rugged Intel 6th/7th Gen Compact Fanless Computer,,///
DX-1000-MTA-k04s,Cincoze Rugged Intel 6th/7th Gen Compact Fanless Computer,DX-1000,Rugged/Mid Tier/DX Series/DX-1000
DX-1000-MTA-0008,Cincoze Rugged Intel 6th/7th Gen Compact Fanless Computer,,///
DX-1000-sows,Amazon LastMileDelivery DX-1000 Prototype,,///
ECR-MC500-sco8,Commercial Intel Atom Mini-ITX Computer,MC500 (Other),Industrial/Fanned/MC500 Series/MC500 (Other)
ECS-ML100G-30-i5,"Event Capture Systems, Inc ECS-ML100G-30-i5",ML100G-30,Industrial/Entry/ML100 Series/ML100G-30
DX-1000-tcq6,Cincoze Rugged 7th/6th Gen Intel Core High-Performance Compact Computer,,///
DX-1000-v3yn,Cincoze Rugged Intel 6th/7th Gen Compact Fanless Computer,DX-1000,Rugged/Mid Tier/DX Series/DX-1000
dx-1000-4woc,Cincoze Rugged Intel 6th/7th Gen Compact Fanless Computer,,///
DPI2-ML100G-41,Industrial Fanless AMD Ryzen 4000 Compact Computer,,///
CV-112-P1001-sgc4,"Cincoze Crystal 12.1"" Industrial Panel PC",,///
cv-112-p1001-oss4,"Cincoze Crystal 12.1"" Industrial Panel PC",,///
CY-202116_r1,Cymer Extended Temperature Core i5/i7 System,Rugged (Other),Rugged/Legacy Rugged/Legacy Rugged/Rugged (Other)
CV-100R-w4o4,Cincoze Crystal Intel Bay Trail Industrial Panel PC,,///
CV-112-P1001-4kg8,"Cincoze Crystal 12.1"" Industrial Panel PC",,///
CNX-K700-SE-BSLS-Proto-jw7s,Cognex BSLS Prototype - Karbon 700 High-Performance Rugged Edge Computer,K700-SE,Rugged/Performance/K700 Series/K700-SE
CNX-K700-VA-LAN,Vision Accelerator,,///
CNP-ML320G,Cineplex ML320G,ML300 (Other),Industrial/Gateway/ML300 Series/ML300 (Other)
CNTL-NC210,Control Group NC210 Kiosk Computer,NC200 (Other),Industrial/Legacy Industrial/NC200 Series/NC200 (Other)
CNX-K700-i7-80s4,Karbon 700 High-Performance Rugged Edge Computer,,///
CNP-MK103-C680-kws4,Cineplex MK103 C680,MK100 (Other),Server/1U & 1.5U Rackmount/MK100 Series/MK100 (Other)
Core-A7879-scg4,Custom GCR Inc. Core i7 Mini-ITX System,Industrial (Other),Industrial/Legacy Industrial/Legacy Industrial/Industrial (Other)
CNX-K700-i7-co40,Karbon 700 High-Performance Rugged Edge Computer,K700-SE,Rugged/Performance/K700 Series/K700-SE
CBNC-MC510-W11-wpfy,CBN Next Gen Prototype- Industrial Intel Core Mini-ITX Computer,,///
BAHU-DA1000-E3845-8ww4,BAHU-DA1000-E3845,,///
BAKR-ML250,Baker Group ML250,ML250 (Other),Industrial/Gateway/ML250 Series/ML250 (Other)
ALBANY-Nuvo-5000,ALBANY-Nuvo-5000,Nuvo-5000LP,Rugged/Performance/Nuvo Series/Nuvo-5000LP
ALPINE-DS-1001,Alpine DS-1001,DS-1001,Rugged/Mid Tier/DS Series/DS-1001
ADT-K700-SE,Adient - Karbon 700 High-Performance Rugged Edge Computer,K700-SE,Rugged/Performance/K700 Series/K700-SE
Allure NUC5i3-owws,Allure Broadwell NUC,ML100G-30,Industrial/Entry/ML100 Series/ML100G-30
AL-CiMK100,Autolog Core i Mobile MK100 1U Rackmount Computer,MK100 (Other),Server/1U & 1.5U Rackmount/MK100 Series/MK100 (Other)
ALPINE-DS-1001-ogo8,Alpine DS-1001,,///
208639-R4,Cymer iBox210,,Industrial/Legacy Industrial/Legacy Industrial/
LS450-10W10-IOM-Access-ID-200,Princeton Identity ML450G-10 (Win 10),ML450G-10,Industrial/Performance/ML400 Series/ML450G-10
MARO-CV-110HC-P1001,"Cincoze Crystal 10.4"" Industrial Panel PC",,///
LRPC-K700-X2,Karbon 700 Expanded High-Performance Rugged Edge Computer,K700-X2,Rugged/Performance/K700 Series/K700-X2
LOW-ML100G-53,Industrial Fanless Intel 11th Gen Tiger Lake NUC,ML100G-53,Industrial/Entry/ML100 Series/ML100G-53
LRPC-Nuvo-7160GC-PoE,Liberty Reach Nuvo-7160GC with PoE and 1660Ti,Nuvo-7160GC,Rugged/Performance/Nuvo Series/Nuvo-7160GC
KYMR-P2102-UL-RMA,Cincoze Rugged Intel Whiskey Lake Slim Fanless Computer,CV-P2102,Panel/Cincoze Panel/P2000 Series/CV-P2102
K410-tvkh,Karbon 410 Intel Elkhart Lake Compact Rugged Computer,K410,Rugged/Entry/K400 Series/K410
K410 CKT-uw6q,K410 Connect Kit K410 for R&E Automated,K410,Rugged/Entry/K400 Series/K410
K410-5i2z,Karbon 410 Intel Elkhart Lake Compact Rugged Computer,K410,Rugged/Entry/K400 Series/K410
K410-qbx2,Karbon 410 Intel Elkhart Lake Compact Rugged Computer,K410,Rugged/Entry/K400 Series/K410
K300-wkgs,Karbon 300 Compact Rugged Computer,,///
IMB-156,ASRock IMB-156 Intel Apollo Lake Mini-ITX Motherboard,,Components/Components/Components/
IMB-156-PRO-500,AlterG IMB-156 Board Kit for Pro 500,,Components/Components/Components/
IMB-154-o408,ASRock IMB-154 Intel Braswell Industrial Mini-ITX Motherboard,,Components/Components/Components/
HRZ100,Commercial Intel Bay Trail Fanless NUC Computer,Industrial (Other),Industrial/Legacy Industrial/Legacy Industrial/Industrial (Other)
GO-15UR-0kgw,Grocery Outlet Atom 1.5U Rackmount System,MK150 (Other),Server/1U & 1.5U Rackmount/MK150 Series/MK150 (Other)
GO-15UR,Grocery Outlet Atom 1.5U Rackmount System,MK150 (Other),Server/1U & 1.5U Rackmount/MK150 Series/MK150 (Other)
GO-15UR-4s88,Grocery Outlet Atom 1.5U Rackmount System,MK150 (Other),Server/1U & 1.5U Rackmount/MK150 Series/MK150 (Other)
GO-15URv2,Grocery Outlet Atom 1.5U Rackmount System v2,MK150 (Other),Server/1U & 1.5U Rackmount/MK150 Series/MK150 (Other)
GO-15URv3,Grocery Outlet Atom 1.5U Rackmount System v3,MK150 (Other),Server/1U & 1.5U Rackmount/MK150 Series/MK150 (Other)
DS-1100-ITRO-c0gw,Cincoze Rugged Intel Skylake Fanless Computer,,///
DS-1002-50-k084,Cincoze Rugged Intel Haswell Computer with Dual Expansion,,///
DS-1002-50-ccgo,Cincoze Rugged Intel Haswell Computer with Dual Expansion,,///
DS-1100-S-4s0g,Cincoze Rugged Intel Skylake Fanless Computer,,///
DS-1100-9jmi,Cincoze Rugged Intel Skylake Fanless Computer,,///
D3-MK150B-0w4s,Intel Skylake 1.5U Rackmount Expandable Computer,MK150B-52,Server/1U & 1.5U Rackmount/MK150 Series/MK150B-52
DANAT2-CL210G-11-B-40ww,Dentsu Aegis Industrial USFF Edge Device w/ Dual LAN,CL210G-11,Industrial/Small Form Factor/CL200 Series/CL210G-11
DANAT3-STD-CL210G-11,Dentsu Aegis Industrial USFF Edge Device w/ Dual LAN,CL210G-11,Industrial/Small Form Factor/CL200 Series/CL210G-11
DATA-K801-V01-w0ov,OnLogic Karbon 801 Low-Profile High-Performance Rugged Computer,,///
Core-ML320-sw48,EDA Core-ML320-CS,ML300 (Other),Industrial/Gateway/ML300 Series/ML300 (Other)
Core-ML320-skog,ML320 Fanless Haswell NUC Industrial Computer,ML300 (Other),Industrial/Gateway/ML300 Series/ML300 (Other)
Core-C292-g4o8,Commercial Intel Core Computer with Single Expansion,Industrial (Other),Industrial/Legacy Industrial/Legacy Industrial/Industrial (Other)
Core-ML320-c88c,ML320 Fanless Haswell NUC Industrial Computer,ML300 (Other),Industrial/Gateway/ML300 Series/ML300 (Other)
core-ML320 solo-0sso,Industrial Intel Core NUC Computer with Haswell,ML300 (Other),Industrial/Gateway/ML300 Series/ML300 (Other)
Core-ML320-g0s8,IMC ML320,ML300 (Other),Industrial/Gateway/ML300 Series/ML300 (Other)
Core-NC210-cg0o,Commercial Intel Core Ivy Bridge NUC Computer,NC200 (Other),Industrial/Legacy Industrial/NC200 Series/NC200 (Other)
Core-MC500-Kirby-o8s8,Commercial Intel Core Mini-ITX Computer,MC500 (Other),Industrial/Fanned/MC500 Series/MC500 (Other)
Core-MC500-gkkc,Commercial Intel Core Mini-ITX Computer,,///
CL210G-11-og48,Ultra Small Quad Core Fanless Industrial Edge Computer,CL210G-11,Industrial/Small Form Factor/CL200 Series/CL210G-11
CL210G-11-oks0,Ultra Small Quad Core Fanless Industrial Edge Computer,,///
CL210G-11-RS-swa6,Quad Core Fanless Industrial Edge Device w/ Dual LAN (Pre-configured),CL210G-11,Industrial/Small Form Factor/CL200 Series/CL210G-11
CL210G-11-RS-nptb,Quad Core Fanless Industrial Edge Device w/ Dual LAN (Pre-configured),CL210G-11,Industrial/Small Form Factor/CL200 Series/CL210G-11
CL210G-10-cwwo,Industrial USFF Edge Device w/ Dual LAN,CL210G-10,Industrial/Small Form Factor/CL200 Series/CL210G-10
CL210G-10-gww0-s0sw,Industrial USFF Edge Device w/ Dual LAN,CL210G-10,Industrial/Small Form Factor/CL200 Series/CL210G-10
CL210G-10-gs4w,Industrial USFF Edge Device w/ Dual LAN,CL210G-10,Industrial/Small Form Factor/CL200 Series/CL210G-10
CL210G-10-k88k,Fanless Industrial USFF Edge Device w/ Dual LAN,CL210G-10,Industrial/Small Form Factor/CL200 Series/CL210G-10
cl210g-10-gbj3,Fanless Industrial USFF Edge Device w/ Dual LAN,CL210G-10,Industrial/Small Form Factor/CL200 Series/CL210G-10
CL210G-10-7kks,Fanless Industrial USFF Edge Device w/ Dual LAN,CL210G-10,Industrial/Small Form Factor/CL200 Series/CL210G-10
CAT-K430,Karbon 430 Intel Elkhart Lake Compact Rugged Computer with Expansion,,///
CarIntelMV101-s0sg,LGX Intel MV101 Automotive System,Industrial (Other),Industrial/Legacy Industrial/Legacy Industrial/Industrial (Other)
AU95C-10,Rugged Intel Sandy Bridge Celeron Mini-ITX Computer,Rugged (Other),Rugged/Legacy Rugged/Legacy Rugged/Rugged (Other)
AU970,Rugged Intel Ivy Bridge Fanless Computer,Rugged (Other),Rugged/Legacy Rugged/Legacy Rugged/Rugged (Other)
AU131,Rugged Intel Atom Automotive Computer,Rugged (Other),Rugged/Legacy Rugged/Legacy Rugged/Rugged (Other)
AUDIVO_IMB-181,AUDIVO_IMB-181,,Components/Components/Components/
AUDIVO_IMB-181-oog8,Audivo IMB-181 Core i5 Bundle,,Components/Components/Components/
ARCOLA-DC-1100-g8gw,Cincoze Rugged Intel Bay Trail Compact Fanless Computer,,///
Ardennais-s0co,Pwnie Express Ardennais,ML300 (Other),Industrial/Gateway/ML300 Series/ML300 (Other)
Ardennais-skgk,Pwnie Express Ardennais,ML300 (Other),Industrial/Gateway/ML300 Series/ML300 (Other)
AU140-g800,Custom: LGX AU140 Intel Atom Wide Temp Industrial Control Computer,Rugged (Other),Rugged/Legacy Rugged/Legacy Rugged/Rugged (Other)
AUTO-DS1201,Cincoze Rugged Intel Coffee Lake Fanless Computer with Expansion,DS-1201,Rugged/Mid Tier/DS Series/DS-1201
AU957-oo0k,MDC AU957,Rugged (Other),Rugged/Legacy Rugged/Legacy Rugged/Rugged (Other)
K802-jzej,OnLogic Karbon 802 High-Performance Rugged Computer w/ModBay,K802,Rugged/Performance/K800 Series/K802
K802-cio8,OnLogic Karbon 802 High-Performance Rugged Computer w/ModBay,,///
K802-hsz5,OnLogic Karbon 802 High-Performance Rugged Computer w/ModBay,,///
K802-066r,OnLogic Karbon 802 High-Performance Rugged Computer w/ModBay,K802,Rugged/Performance/K800 Series/K802
K802-zh1w-1,OnLogic Karbon 802 High-Performance Rugged Computer w/ModBay,,///
K802-9aj2-ee55,OnLogic Karbon 802 High-Performance Rugged Computer w/ModBay,,///
ITS-FR201,Factor 201 Raspberry Pi Industrial IoT Gateway,FR201,Industrial/Small Form Factor/FR200 Series/FR201
ITI-CV-P2102,Cincoze Intel Whiskey Lake Core i3/i5 Panel PC,CV-P2102,Panel/Cincoze Panel/P2000 Series/CV-P2102
IGN400-im0v,Rugged Wide-Temp MQTT Gateway with Ignition,,///
IGN100-ku6u,Industrial Edge Computer with Ignition Software,,///
IGN200-444c,Rugged Edge Computer with Ignition Software,K300 (IGN200),Rugged/Entry/K300 Series/K300 (IGN200)
IGN320-40g4,Rugged Panel PC with Intel Core i3/i5 CPU and Ignition Software,P2102 (IGN320),Panel/Cincoze Panel/P2000 Series/P2102 (IGN320)
IGN300-s4so,Rugged HMI with Ignition Software,P2002 (IGN300),Panel/Cincoze Panel/P2000 Series/P2002 (IGN300)
IGL300-17wk,Compact Rugged IGEL Ready Thin Client,K300 (IGL300),Rugged/Entry/K300 Series/K300 (IGL300)
HX500-alr6,OnLogic Helix 500 Intel Comet Lake Industrial Edge Computer,HX500,Industrial/Performance/HX500 Series/HX500
HX500-cg0w,OnLogic Helix 500 Intel Comet Lake Industrial Edge Computer,HX500,Industrial/Performance/HX500 Series/HX500
HX500-cmg1,Amazon - OnLogic Helix 500 Intel Comet Lake Industrial Edge Computer,HX500,Industrial/Performance/HX500 Series/HX500
HX500-9fg3,OnLogic Helix 500 Intel Comet Lake Industrial Edge Computer,HX500,Industrial/Performance/HX500 Series/HX500
HX500-ftmt,OnLogic Helix 500 Intel Comet Lake Industrial Edge Computer,HX500,Industrial/Performance/HX500 Series/HX500
GOTOK-HX500-pvdz,GoTo Kiosk Helix 500 Intel Comet Lake Industrial Edge Computer,HX500,Industrial/Performance/HX500 Series/HX500
GP-3001,Cincoze Rugged Intel 9th/8th Gen GPU computer,GP-3001,Rugged/High Performance/GP Series/GP-3001
GP-3002,Cincoze Rugged Intel 9th/8th Gen GPU computer,GP-3002,Rugged/High Performance/GP Series/GP-3002
GOGO-ML250-k0g0,Industrial Intel Core Mini-ITX Computer,ML250 (Other),Industrial/Gateway/ML250 Series/ML250 (Other)
GOGO-ml250-0w0c,Industrial Intel Core Mini-ITX Computer,ML250 (Other),Industrial/Gateway/ML250 Series/ML250 (Other)
GOGO-ML500G-30-WIFI-c8k0,Industrial Intel 6th Gen Fanless Computer w/Sparklan WiFi,,///
GTCS-ML450G-51,Industrial Intel Skylake Mini-ITX Computer,ML450G-51,Industrial/Performance/ML400 Series/ML450G-51
ECL2-HX500,OnLogic Helix 500 Intel Comet Lake Industrial Edge Computer,HX500,Industrial/Performance/HX500 Series/HX500
EDA-ML320-i5,Echo Digital Audio ML320 i5,ML300 (Other),Industrial/Gateway/ML300 Series/ML300 (Other)
Ds-1000-Kirby-g80o,Cincoze Rugged Intel Haswell Fanless Computer,,///
ds-1000-W/LTE-48oc,Cincoze Rugged Intel Haswell Fanless Computer,,///
DS-1000P-ockg,Cincoze DS-1000P Series Haswell Fanless Computer,,///
DS-1000P-cgsc,Cincoze Rugged Intel Haswell Fanless Computer,,///
DS-1001-0skc,Cincoze Rugged Intel Haswell Fanless Computer with Expansion,,///
DS-1001-30-cg8w,Cincoze Rugged Intel Haswell Fanless Computer,,///
DS-1000-10-kwwg,Cincoze Rugged Intel Haswell Fanless Computer,,///
DS-1000-10CORE-c0ok,Cincoze Rugged Intel Haswell Fanless Computer,,///
DS-1000L-10-o0gs,Cincoze Rugged Intel Haswell Fanless Computer,,///
DS-1000-s08o,Cincoze Rugged Intel Haswell Fanless Computer,,///
CV-P2102,Cincoze Rugged Intel 8th Gen Core i3/i5 Panel PC,CV-P2102,Panel/Cincoze Panel/P2000 Series/CV-P2102
CV-P2102-ndgi,Cincoze Intel Whiskey Lake Core i3/i5 Panel PC,CV-P2102,Panel/Cincoze Panel/P2000 Series/CV-P2102
CV-P2102-ld5q,Cincoze Intel Whiskey Lake Core i3/i5 Panel PC,CV-P2102,Panel/Cincoze Panel/P2000 Series/CV-P2102
CV-Panel-108-BR1600,"Cincoze Crystal 8.4"" 1600 NIT High Brightness Industrial Panel PC 1600 NIT",CV-P1001,Panel/Cincoze Panel/P1000 Series/CV-P1001
C_McKissick_ML400-kcow,Industrial Intel Bay Trail Celeron Mini-ITX Computer,ML400G-10,Industrial/Performance/ML400 Series/ML400G-10
CWSD-CL200G-10-s88w,Industrial USFF Edge Device,CL200G-10,Industrial/Small Form Factor/CL200 Series/CL200G-10
CVP1101-7qa5,Cincoze Rugged Intel Apollo Lake Panel PC,,///
CV-W121-P1001-woc4,"Cincoze Crystal 21.5"" Resistive Industrial Panel PC",,///
CV-P1101-kea9,Cincoze Rugged Panel PC,CV-P1101,Panel/Cincoze Panel/P1000 Series/CV-P1101
CL210G-11-wbf7,Quad Core Fanless Industrial Edge Device w/ Dual LAN (Pre-configured),CL210G-11,Industrial/Small Form Factor/CL200 Series/CL210G-11
CEN ML210G-50-wkcg,Christie ML210,ML210G-50,Industrial/Gateway/ML200 Series/ML210G-50
CEN-CL100,Christie Digital CEN-CL100,CL100,Industrial/Small Form Factor/CL100 Series/CL100
CC-MAX-K300,Carrier Corp - Karbon 300 Compact Rugged Computer,K300,Rugged/Entry/K300 Series/K300
Ceragon_EN-0363-0_Adapter-kg4o,Optional rack mount shelf for Controller EN-0363-0,,Components/Components/Components/
Century-HX610,Onlogic Helix 610 Intel Comet Lake Industrial Edge Computer With Optional Hot Swap Storage,HX610,Industrial/Performance/HX600 Series/HX610
CDS-CEN-INT_r01,Christie Digital CEN Interactive r01,ML210G-50,Industrial/Gateway/ML200 Series/ML210G-50
BLACKB-HX600,OnLogic Helix 600 Intel Comet Lake Expanded Industrial Edge Computer,HX600,Industrial/Performance/HX600 Series/HX600
BLAST-CL210G-10,BlastShield® Gateway Fanless Industrial USFF Edge Device w/ Dual LAN,,///
BLAC-MC610-10v1-2ki0,Blackberry IIM Mini-ITXcomputer,,///
BL-M350_r2,Building Logix M350 Core Mobile System,ML300 (Other),Industrial/Gateway/ML300 Series/ML300 (Other)
Blac-MC610-i3-wywf,Blackberry IIM Mini-ITXcomputer,,///
AFL17ATOM-gs08,"17"" Intel Atom N270 Fanless Panel PC",,///
Aderis-FR201,Factor 201 Raspberry Pi Industrial IoT Gateway,FR201,Industrial/Small Form Factor/FR200 Series/FR201
ADI-MES-ML100-oso0,ADI-MES Intel i5 ML100 Fanless IN,ML100G-30,Industrial/Entry/ML100 Series/ML100G-30
ADIN-ML100G-31,Adin UL listed Fanless Industrial Intel Dawson Canyon NUC Computer,,///
Lynx-HX401-China,OnLogic Helix 401 Fanless Hybrid-Core Computer,HX401,Industrial/Entry/HX400 Series/HX401
LMCR-CT100-i7,Lumencor PN 25-10307-A,,Components/Components/Components/
LMCR-IoT-CT100-50,LMCR-IoT-CT100-50,,Components/Components/Components/
LANCO-MK150B-53,Intel Coffee Lake 1.5U Rackmount Computer,MK150B-54,Server/1U & 1.5U Rackmount/MK150 Series/MK150B-54
LAB-CL100-A,"Labsphere, Inc CL100-A with Mounting Brackets",CL100,Industrial/Small Form Factor/CL100 Series/CL100
Lanco-MC850-50-8cws,Commercial Intel 6th Gen GPU Capable Computer,MC850-50,Server/Standalone/MC850 Series/MC850-50
KYMS-P2002-i5-IGN300-UL,Rugged HMI with Ignition Software,,///
L3-Nuvo-1003-64,L-3 Unmanned Systems Nuvo-1003 64GB,,///
JETNANO,Aetina NVIDIA Jetson Orin Nano Fanless AI Computer,,///
JNF592-Q170,Jetway NF592-Q170 Skylake 8 LAN port Desktop Mini-ITX Motherboard,,Components/Components/Components/
JOT-MK100,JOT Automation MK100,MK100B-50,Server/1U & 1.5U Rackmount/MK100 Series/MK100B-50
JOSA-ML100G-52-kkg0,Industrial Fanless Intel Whiskey Lake Embedded NUC With Dual LAN,,///
ICS-IMB170-K,ICS IMB-170 Motherboard Kit,,Components/Components/Components/
ICS-IMB182-w4oc,ICS IMB182 Kit,,Components/Components/Components/
ICS-IMB-1212-G5400T-K,ICS Pentium Motherboard Kit,,Components/Components/Components/
Iclean-21.5-CS-P1101,Cincoze Rugged Panel PC,CS-P1101,Panel/Cincoze Panel/P1000 Series/CS-P1101
iBOX-210D-4cgs,Panasonic iBOX-210D,Industrial (Other),Industrial/Legacy Industrial/Legacy Industrial/Industrial (Other)
ICS-IMB1212-K,ICS IMB-1212 i3 Motherboard Kit,,Components/Components/Components/
ICS-IMB151-K,ICS IMB-151 Motherboard Kit,,Components/Components/Components/
ICS IMB-181 Kit-csww,ICS Haswell Kit,,Components/Components/Components/
ICS MC500-044g,Wash Connect MC500,,///
H@ND-HX500-ORANGE,OnLogic Helix 500 Intel Comet Lake Industrial Edge Computer,HX500,Industrial/Performance/HX500 Series/HX500
HAFT-POC-500,Neousys Rugged Compact AMD Ryzen Computer,,///
HAN-K300-EU-OLD-SSD,UL Listed - Karbon 300 Compact Rugged Computer (EU Version),K300,Rugged/Entry/K300 Series/K300
HAN-K300-EU-V2,UL Listed - Karbon 300 Compact Rugged Computer (EU Version),K300,Rugged/Entry/K300 Series/K300
FRAC-K801-rkmj,OnLogic Karbon 801 Low-Profile High-Performance Rugged Computer,,///
FR202-ymtb-2-1,Factor 202 Raspberry Pi Industrial Controller,FR202,Industrial/Small Form Factor/FR200 Series/FR202
FreeportRT130WSE7P-gk88,Ivy Bridge Rugged In-Vehicle PC,Rugged (Other),Rugged/Legacy Rugged/Legacy Rugged/Rugged (Other)
FR201-xcqo,Factor 201 Raspberry Pi Industrial IoT Gateway,FR201,Industrial/Small Form Factor/FR200 Series/FR201
FR202-dij1-2-9qeo,Factor 202 Raspberry Pi Industrial IoT Gateway,FR202,Industrial/Small Form Factor/FR200 Series/FR202
DX-1000-wcoc,Cincoze Rugged Intel 6th/7th Gen Compact Fanless Computer,,///
dx-1100-84kc,8th Generation Intel® Core™ High-Performance Compact Rugged Computer (2x 256 GB SSD),,///
DX-1100-ckww,8th Generation Intel® Core™ High-Performance Compact Rugged Computer,,///
DX-1100-gae6,Cincoze Rugged 9th/8th Gen Intel Core High-Performance Compact Computer,DX-1100,Rugged/Mid Tier/DX Series/DX-1100
DX-1100-k044,8th Generation Intel® Core™ High-Performance Compact Rugged Computer,,///
DX-1000-s00o,Cincoze Rugged Intel 6th/7th Gen Compact Fanless Computer,,///
DX-1100-0cg4,8th Generation Intel® Core™ High-Performance Compact Rugged Computer,,///
DX-1100-sodu,8th Generation Intel Core High-Performance Compact Rugged Computer,,///
DX-1100-8480,8th Generation Intel® Core™ High-Performance Compact Rugged Computer,,///
DECO-CL250,CL250 Ultra Small Fanless Industrial Edge Gateway,CL250,Industrial/Small Form Factor/CL200 Series/CL250
DBSI-MK150-ghe1,Intel Skylake 1.5U Rackmount Computer,MK150B-52,Server/1U & 1.5U Rackmount/MK150 Series/MK150B-52
DBOX-ML210_r01,D-Box ML210 r01,ML210G-10,Industrial/Gateway/ML200 Series/ML210G-10
DBSI-MK100,DBSI-MK100,MK100B-52,Server/1U & 1.5U Rackmount/MK100 Series/MK100B-52
CV-115-P1001-DENSO-osc0,"Cincoze Crystal 15"" Industrial Panel PC",,///
CV-119-P1001-67k7,"Cincoze Crystal 19"" Industrial Panel PC",,///
CV-115C-P1001-Voyager-coog,"Cincoze Crystal 15"" Industrial Panel PC",,///
CV-112C-P1001ARC-o0ow,"Cincoze Crystal 12.1"" Intel Bay Trail Industrial Panel PC",,///
CV-117-P1001-ck80,"Cincoze Crystal 17"" Industrial Panel PC",,///
Core-MC500-wg0s,Custom Core MC500,MC500 (Other),Industrial/Fanned/MC500 Series/MC500 (Other)
Core-MC600-4cck,OnLogic Compact Intel Core i Computer with Expansion,MC600-50,Industrial/Fanned/MC600 Series/MC600-50
Core-MC600-c4g0-8cc8,OnLogic Compact Intel i5 Computer with Expansion,MC600-50,Industrial/Fanned/MC600 Series/MC600-50
Core-MC600-c8wg,Commercial Intel Core Computer with Expansion,MC600 (Other),Industrial/Fanned/MC600 Series/MC600 (Other)
Core-MC600-koo0,OnLogic Compact Intel Core i Computer with Expansion,MC600-50,Industrial/Fanned/MC600 Series/MC600-50
Core-MC600 Smartmatic-w8ko,Voting Appliance,MC600 (Other),Industrial/Fanned/MC600 Series/MC600 (Other)
Core-MC600-g0wo,OnLogic Compact Intel Core i Computer with Expansion,MC600-50,Industrial/Fanned/MC600 Series/MC600-50
Core-MC500-wk0s,Custom Celeron-MC500 w/ 8 LAN,,///
CL210G-11--hio2,Ultra Small Quad Core Fanless Industrial Edge Computer,CL210G-11,Industrial/Small Form Factor/CL200 Series/CL210G-11
CL210G-11-008k,Ultra Small Quad Core Fanless Industrial Edge Computer,CL210G-11,Industrial/Small Form Factor/CL200 Series/CL210G-11
CL210G-10-rj88,Fanless Industrial USFF Edge Device w/ Dual LAN,CL210G-10,Industrial/Small Form Factor/CL200 Series/CL210G-10
CL210G-10-RS-d3zy,Fanless Industrial USFF Edge Device w/ Dual LAN (Pre-configured),CL210G-10,Industrial/Small Form Factor/CL200 Series/CL210G-10
CL210G-10-os4s,Industrial USFF Edge Device w/ Dual LAN,CL210G-10,Industrial/Small Form Factor/CL200 Series/CL210G-10
CL210G-10-z4ze,Fanless Industrial USFF Edge Device w/ Dual LAN,CL210G-10,Industrial/Small Form Factor/CL200 Series/CL210G-10
CL210G-10-sckw,Fanless Industrial USFF Edge Device w/ Dual LAN,CL210G-10,Industrial/Small Form Factor/CL200 Series/CL210G-10
CL210G-10-wgt7,Fanless Industrial USFF Edge Device w/ Dual LAN,,///
CL210G-10-o008,Fanless Industrial USFF Edge Device w/ Dual LAN,CL210G-10,Industrial/Small Form Factor/CL200 Series/CL210G-10
BRN-DI-1000,Cincoze Rugged Intel Skylake Compact Fanless Computer,DI-1000,Rugged/Mid Tier/DI Series/DI-1000
BRX-MC500-51,Blue Ridge X-Ray MC500-51,MC500-51,Industrial/Fanned/MC500 Series/MC500-51
Atom-M350-8kc0,SolidLogic Intel Atom M350 Mini Embedded Computer w/ Nvidia,Industrial (Other),Industrial/Legacy Industrial/Legacy Industrial/Industrial (Other)
Atom-MC500,Commercial Intel Atom Mini-ITX Computer,MC500 (Other),Industrial/Fanned/MC500 Series/MC500 (Other)
AMZN-MK200-SPARROW-2U,MK200-60 2U Rackmount AMD EPYC 7002 Server,,///
AMZN-THEA-RTX4000-Proto-289a,OnLogic Helix 600 Intel Comet Lake Expanded Industrial Edge Computer,,///
Atom-MC500-8084,Commercial Intel Atom Mini-ITX Computer,MC500 (Other),Industrial/Fanned/MC500 Series/MC500 (Other)
Atom-MC500-LCD-Automam-8wg8,Commercial Intel Atom Mini-ITX LCD Computer,MC500 (Other),Industrial/Fanned/MC500 Series/MC500 (Other)
AMZN-K300-PVT-ssgc,Amazon Karbon 300 PVT,,///
AOA-DS-1202-48gw,Cincoze Rugged Intel Coffee Lake Computer with Dual Expansion,,///
AOA-DS-1202-cw84,Cincoze Rugged Intel Coffee Lake Computer with Dual Expansion,,///
ANHE-P1101,Animal Health - P1101 Rugged Intel Apollo Lake Slim Fanless Computer,P1101,Rugged/Entry/P1000 Series/P1101
AMZNLogistics-2U-MidTierServer-PROTO-2,Amazon Logistics 2U Server - Mid Tier,,///
Atom-MC500-wkck,MC500 Atom with Canoe Creek Motherboard,MC500 (Other),Industrial/Fanned/MC500 Series/MC500 (Other)
LTRM-K700-X2-w338,Karbon 700-X2-2 Expanded High-Performance Rugged Edge Computer,K700-X2,Rugged/Performance/K700 Series/K700-X2
LTS-112HR-P1001,"LTS Cincoze Crystal 12.1"" HR Industrial Panel PC",,///
K804-bmlj,OnLogic Karbon 804 High-Performance Rugged Computer w/ModBay & PCIe,K804,Rugged/Performance/K800 Series/K804
K804-7a3g,OnLogic Karbon 804 High-Performance Rugged Computer w/ModBay & PCIe,K804,Rugged/Performance/K800 Series/K804
KAER-K700,Kärcher 700 High-Performance Rugged Edge Computer,K700-SE,Rugged/Performance/K700 Series/K700-SE
KALPA-Nuvo-5095GC-PoE-cwco,Neousys Rugged Intel Skylake Computer with Optional GPU,Nuvo-5095GC,Rugged/Performance/Nuvo Series/Nuvo-5095GC
KARC-R2-K700-X2,Karbon 700 Expanded High-Performance Rugged Edge Computer for Kärcher,K700-X2,Rugged/Performance/K700 Series/K700-X2
K804-gibc,OnLogic Karbon 804 High-Performance Rugged Computer w/ModBay & PCIe,K804,Rugged/Performance/K800 Series/K804
IMS-Nuvo-5104VTC-o0kk,Neousys Rugged Intel Skylake In-Vehicle Computer with PoE,,///
IMS-Nuvo-5104VTC-sgkk,Neousys Rugged Intel Skylake In-Vehicle Computer with PoE,,///
IS-HX600,OnLogic Helix 600 Intel Comet Lake Expanded Industrial Edge Computer,HX600,Industrial/Performance/HX600 Series/HX600
Ionoco-MK150B-52,Intel Skylake 1.5U Rackmount Computer,MK150B-52,Server/1U & 1.5U Rackmount/MK150 Series/MK150B-52
IMPL_DIR_AG150-08cw,Implant Direct Industrial Fanless Intel Atom Computer,ML200 (Other),Industrial/Gateway/ML200 Series/ML200 (Other)
IQUE-POC-200,Neousys Rugged Compact Fanless Intel Bay Trail Computer,POC-200,Rugged/Legacy Rugged/POC Series/POC-200
IRD-K300-sk8g,Karbon 300 Compact Rugged Computer,,///
IronBow-ML340-V5-osgg,Iron Bow ML340 V5,ML340G-51,Industrial/Gateway/ML300 Series/ML340G-51
HX600-4g8g,OnLogic Helix 600 Intel Comet Lake Expanded Industrial Edge Computer,HX600,Industrial/Performance/HX600 Series/HX600
HX600-5kzz,OnLogic Helix 600 Intel Comet Lake Expanded Industrial Edge Computer,HX600,Industrial/Performance/HX600 Series/HX600
Hx500-ytg7,OnLogic Helix 500 Intel Comet Lake Industrial Edge Computer,HX500,Industrial/Performance/HX500 Series/HX500
HX511-ucwa,OnLogic HX511,HX511,Industrial/Performance/HX500 Series/HX511
HX600-0sc0,OnLogic Helix 600 Intel Comet Lake Expanded Industrial Edge Computer,HX600,Industrial/Performance/HX600 Series/HX600
HX310-hyp4,OnLogic Helix 310 Intel Elkhart Lake Industrial Edge Computer,HX310,Industrial/Gateway/HX300 Series/HX310
HX500-s4k4,OnLogic Helix 500 Intel Comet Lake Industrial Edge Computer,HX500,Industrial/Performance/HX500 Series/HX500
HX310-WEIDENGPROTO,OnLogic Helix 310 Intel Elkhart Lake Industrial Edge Computer,HX310,Industrial/Gateway/HX300 Series/HX310
GRL300,Mobile Rugged NVR for Video Analytics,,///
GRL500,Multi-channel fanless NVR for Video Analytic,ML510G-50 (GRL500),Industrial/Performance/ML500 Series/ML510G-50 (GRL500)
GPG-K700-SE-2,Karbon 700-SE-2 High-Performance Rugged Edge Computer,K700-SE-2,Rugged/Performance/K700 Series/K700-SE-2
GRENETH-ml450g-10-ssog,Industrial Intel Braswell Celeron Mini-ITX Computer,ML450G-10,Industrial/Performance/ML400 Series/ML450G-10
GRAC-MC500-LCD,Groupe Access MC500 LCD,,///
EXM162-oswk,Intel Apollo Lake N4200 Industrial Motherboard with Dual Gb LAN,,///
FLOW-ML100G-10-OPC,Flownamics ML100G-10 OPC,ML100G-10,Industrial/Entry/ML100 Series/ML100G-10
DVDA-MC600-2TB,Dividia Technologies MC600 2TB,MC600 (Other),Industrial/Fanned/MC600 Series/MC600 (Other)
DVDA-MC600-4TB-804o,Dividia Technologies MC600 4TB,MC600 (Other),Industrial/Fanned/MC600 Series/MC600 (Other)
DVDA-MK150-6TB,Dividia Technologies MK150 6TB,MK150 (Other),Server/1U & 1.5U Rackmount/MK150 Series/MK150 (Other)
DVDAv2-MC600-3TB,Dividia Technologies v2 MC600 3TB,MC600 (Other),Industrial/Fanned/MC600 Series/MC600 (Other)
DutchDom-Atom-MC500-0kso,Commercial Intel Atom Mini-ITX Computer,,///
DX-1000-04wg,Cincoze Rugged Intel 6th/7th Gen Compact Fanless Computer,,///
DutchDom-Atom-MK150(A)-w004,Intel Atom 1.5U Rackmount Computer,MK150 (Other),Server/1U & 1.5U Rackmount/MK150 Series/MK150 (Other)
DVDA-MK150-1TB,Dividia Technologies MK150 1TB,MK150 (Other),Server/1U & 1.5U Rackmount/MK150 Series/MK150 (Other)
DutchDom-Atom-MK150(A)-sc4w,Single UAS-Core + UAS Information Server,MK150B-52,Server/1U & 1.5U Rackmount/MK150 Series/MK150B-52
CV-P1101,Cincoze Rugged Intel Apollo Lake Panel PC,CV-P1101,Panel/Cincoze Panel/P1000 Series/CV-P1101
CV-GlobalBaggage-wco8,Cincoze Crystal Intel Bay Trail Industrial Panel PC,P1001,Rugged/Entry/P1000 Series/P1001
CV-P1101-0wks,Rugged Cincoze Panel PC,CV-P1101,Panel/Cincoze Panel/P1000 Series/CV-P1101
CV-P1101-4cko,Rugged Cincoze Panel PC,CV-P1101,Panel/Cincoze Panel/P1000 Series/CV-P1101
CV-P2002-ss8g,Cincoze Rugged Intel Skylake Core i3/i5 Panel PC,CV-P2002,Panel/Cincoze Panel/P2000 Series/CV-P2002
DA-1000-0gok,Cincoze Rugged Ultra Compact Fanless Computer,,///
DA-1000-gwc0,Cincoze Rugged Ultra Compact Fanless Computer,DA-1000,Rugged/Entry/DA Series/DA-1000
DA-1000-g084,Cincoze Rugged Ultra Compact Fanless Computer,,///
DA-1000-kcow,Cincoze Rugged Ultra Compact Fanless Computer,,///
COEF-ML450G-51-4k88,Industrial Intel Skylake Mini-ITX Computer,ML450G-51,Industrial/Performance/ML400 Series/ML450G-51
CONS-HX401,OnLogic Helix 401 Fanless Hybrid-Core Computer,HX401,Industrial/Entry/HX400 Series/HX401
COPOS-MC500-50,Industrial Intel Core Mini-ITX Computer,MC500-50,Industrial/Fanned/MC500 Series/MC500-50
Core-557B-s04o,Nordson March Custom Celeron 557B Mini-ITX System,Industrial (Other),Industrial/Legacy Industrial/Legacy Industrial/Industrial (Other)
CL200G-11-RS,Quick-Start Industrial IoT Gateway (Pre-built),CL200G-11,Industrial/Small Form Factor/CL200 Series/CL200G-11
CL200G-11-RS-3ofu,Quick-Start Industrial IoT Gateway (Pre-built),CL200G-11,Industrial/Small Form Factor/CL200 Series/CL200G-11
CL200G-10-c0w8,Fanless Industrial USFF Edge Device,CL200G-10,Industrial/Small Form Factor/CL200 Series/CL200G-10
CL210-ANTY-swc4,Industrial USFF Edge Device w/ Dual LAN,CL210G-10,Industrial/Small Form Factor/CL200 Series/CL210G-10
CL200G-11-RS-ft0e,Quick-Start Industrial IoT Gateway (Pre-built),,///
cl200g-11-scg8,Industrial Edge Device with Dual-Core Intel Celeron N3350,CL200G-11,Industrial/Small Form Factor/CL200 Series/CL200G-11
CL210G-10-5grm,Fanless Industrial USFF Edge Device w/ Dual LAN,,///
CL200G-11-lvk6,Industrial Edge Device with Dual-Core Intel Celeron N3350,CL200G-11,Industrial/Small Form Factor/CL200 Series/CL200G-11
Barebone-Template,Barebone-based Default Template,,///
BRDG-ML400,Bridgestone Baytrail ML400,ML400G-10,Industrial/Performance/ML400 Series/ML400G-10
BRHE-K300-LTE,Rugged Edge Computer with LTE,,///
BBS-HX500,OnLogic Helix 500 Intel Comet Lake Industrial Edge Computer,HX500,Industrial/Performance/HX500 Series/HX500
BOUM-HX600-GPU,OnLogic Helix 600 Intel Comet Lake Expanded Industrial Edge Computer,HX600,Industrial/Performance/HX600 Series/HX600
BRDG-ML600,Bridgestone ML600,ML600G-52,Industrial/Performance/ML600 Series/ML600G-52
AEI-POC300-FANLESS-8ww8,POC300-FANLESS,,///
AEI-POC200v1-FANLESS-048o,AEI-POC200v1-FANLESS,,///
AEIGS-L05v01,AEI Embedded SolidLogic GS-L05 Fanless Mini-ITX System,,Industrial/Legacy Industrial/Legacy Industrial/
AEI Embedded POC-200-0kwk,Neousys POC-210 Fanless Intel Atom E3845 Computer,,///
AEC- UPC-V315-QM77-448g,"15"" Full IP65 Intel Core Rugged Panel PC",,///
AEI-EmbeddedPOC200v1-w4gk,AEI-EmbeddedPOC200v1,,///
300061-01 / 2-jikl,Industrial Intel Coffee Lake Mini-ITX Computer,,///
300061-01 / 2-jikl-801y,Industrial Intel Coffee Lake Mini-ITX Computer,,///
360Fly-Nuvo-7160-PoE-WIFI-soww,360Fly Nuvo 7160 PoE with Wifi and OS,,///
300061-01 / 2-sqgd,Industrial Intel Coffee Lake Mini-ITX Computer,MC510-50,Industrial/Fanned/MC500 Series/MC510-50
LS450-51W10-IOM-Access-ID-300,Princeton Identity ML450-51 (Win 10),ML450G-51,Industrial/Performance/ML400 Series/ML450G-51
LS450-05-kosw,Princeton Identity ML450G-10 (Ubuntu),ML450G-10,Industrial/Performance/ML400 Series/ML450G-10
Magna-K804,OnLogic Karbon 804 High-Performance Rugged Computer w/ModBay & PCIe,K804,Rugged/Performance/K800 Series/K804
K700-Pres-u5r0,Karbon 700 High-Performance Rugged Edge Computer,,///
K430-9wc8,Karbon 430 Intel Elkhart Lake Compact Rugged Computer with Expansion,,///
K700-i7-os0w-gwg0,Karbon 700 High-Performance Rugged Edge Computer,,///
K700-ksgg,K700 Prototype,K700-SE,Rugged/Performance/K700 Series/K700-SE
K700-0oso,Karbon 700 Prototype,K700-SE,Rugged/Performance/K700 Series/K700-SE
K700-i7-4w8s,Karbon 700 High-Performance Rugged Edge Computer,,///
IMB-151D-5004,ASRock IMB-151D Bay Trail Thin Mini-ITX Motherboard with J1900 Celeron,,///
IMB-154,ASRock IMB-154 Intel Braswell Industrial Mini-ITX Motherboard,Motherboard Kits,Components/Components/Components/Motherboard Kits
ILPR-K802-LTE,OnLogic Karbon 802 High-Performance Rugged Computer w/ModBay,,///
ImageStream(2LAN)-s08k,Industrial Fanless Intel Haswell Computer with Hot Swap,ML600G-30,Industrial/Performance/ML600 Series/ML600G-30
IMB-1213,ASRock IMB-1213 Mini-ITX Motherboard,,///
HX310,OnLogic Helix 310 Intel Elkhart Lake Industrial Edge Computer,HX310,Industrial/Gateway/HX300 Series/HX310
GA_MC500-525,Groupe Access GA_MC500-525,,///
GDMS-ML100,GDMS-ML100,ML100G-30,Industrial/Entry/ML100 Series/ML100G-30
EPM161,Intel Apollo Lake N3350 Pico-ITX Industrial Motherboard with Single Gb LAN and 8GB of Onboard Storage,,Components/Components/Components/
EPM160,Intel Apollo Lake N3350 Pico-ITX Industrial Motherboard with Single Gb LAN,,Components/Components/Components/
ESC-DS1001,ESC Controls FLIR NVR,DS-1001,Rugged/Mid Tier/DS Series/DS-1001
DS-1100-S-gs4o,Cincoze Rugged Intel Skylake Fanless Computer,,///
DS-1301-cqge,Cincoze Rugged Intel 10th Gen Comet Lake Fanless Computer with PCI/PCIe,,///
ds-1100-s-cwow,Cincoze Rugged Intel Skylake Fanless Computer,,///
DS-1100-S-g0ww,Cincoze Rugged Intel Skylake Fanless Computer,,///
DS-1100-S-cgc8,Cincoze Rugged Intel Skylake Fanless Computer,,///
DS-1100-S-ION-o08g,Cincoze Rugged Intel Skylake Fanless Computer,,///
DS-1100-S-kkok,Cincoze Rugged Intel Skylake Fanless Computer,,///
DS-1100-S-s8cc,Cincoze Rugged Intel Skylake Fanless Computer,,///
DEMAT-ML350G-10,Dematic Corp Low Profile Fanless Industrial Computer With Apollo Lake,ML350G-10,Industrial/Gateway/ML300 Series/ML350G-10
CPRi7-PROTO-dgdg,MC510-55,,///
CPTVT_CL100-o8k0,Captivate Ultra Compact Fanless 4K Media Player,CL100,Industrial/Small Form Factor/CL100 Series/CL100
CPX-CL100,CL100 - CPX Preshow PC,CL100,Industrial/Small Form Factor/CL100 Series/CL100
CRTK-Core-ML300-V,CRTK-Core-ML300-V,ML300 (Other),Industrial/Gateway/ML300 Series/ML300 (Other)
CL250-mg9f,CL250 Ultra Small Fanless Industrial Edge Gateway,CL250,Industrial/Small Form Factor/CL200 Series/CL250
CL250-t2-test-2023-10-05B,CL250 Ultra Small Fanless Industrial Edge Gateway,CL250,Industrial/Small Form Factor/CL200 Series/CL250
CL250-T2-Test10052023,CL250 Ultra Small Fanless Industrial Edge Gateway,CL250,Industrial/Small Form Factor/CL200 Series/CL250
CLBR-CL200G-10-B,Fanless Industrial USFF Edge Device,CL200G-10,Industrial/Small Form Factor/CL200 Series/CL200G-10
CL250-58mu,CL250 Ultra Small Fanless Industrial Edge Gateway,CL250,Industrial/Small Form Factor/CL200 Series/CL250
CLRO-P100-10AS,Mitac 10.1” Apollo Lake Industrial HMI Panel PC,,///
CL250-laas,CL250 Ultra Small Fanless Industrial Edge Gateway,CL250,Industrial/Small Form Factor/CL200 Series/CL250
CAM1-K700-k4sk,Karbon 700 High-Performance Rugged Edge Computer 2 TB,,///
CanUSACoreJC111-B-o480,CanUSACoreJC111-B,Industrial (Other),Industrial/Legacy Industrial/Legacy Industrial/Industrial (Other)
CAM2-K700-sc0s,Karbon 700 High-Performance Rugged Edge Computer 3 TB,,///
CBNC-MC500-gww8,CBN Next Gen Prototype- Industrial Intel Core Mini-ITX Computer,,///
Atom-MC600-s0ok,Commercial Intel Atom Computer with Expansion,MC600 (Other),Industrial/Fanned/MC600 Series/MC600 (Other)
Atom-ML250-00sc,Custom: LGX ML250 Intel Atom Fanless Mini Industrial Computer,ML250 (Other),Industrial/Gateway/ML250 Series/ML250 (Other)
Atom-MK100-g804,Intel Atom 1U Rackmount Computer,MK100 (Other),Server/1U & 1.5U Rackmount/MK100 Series/MK100 (Other)
Atom-ML250COM-gswk,LGX ML250 Intel Atom Fanless Mini Industrial Computer w/ COM,ML250 (Other),Industrial/Gateway/ML250 Series/ML250 (Other)
Atom-ML251-okoc,ML251 Intel Atom Fanless Mini Industrial Computer with LCD,ML250 (Other),Industrial/Gateway/ML250 Series/ML250 (Other)
Atom-MK100-sk0k,Intel Atom 1U Rackmount Computer,MK100 (Other),Server/1U & 1.5U Rackmount/MK100 Series/MK100 (Other)
AG150-w8ws,SIOS AG150,ML200 (Other),Industrial/Gateway/ML200 Series/ML200 (Other)
AG150-wog4,Industrial Fanless Intel Atom Computer,ML200 (Other),Industrial/Gateway/ML200 Series/ML200 (Other)
AG400,Commercial AMD Fusion Nano-ITX Computer,Industrial (Other),Industrial/Legacy Industrial/Legacy Industrial/Industrial (Other)
AG960-8csg,Commercial Intel Core NUC Computer,NC200 (Other),Industrial/Legacy Industrial/NC200 Series/NC200 (Other)
Airbus-DI-1000,Cincoze Rugged Intel Skylake Compact Fanless Computer,DI-1000,Rugged/Mid Tier/DI Series/DI-1000
AG150-V,AG150-V Intel Atom Mini Fanless Automotive Computer,ML200 (Other),Industrial/Gateway/ML200 Series/ML200 (Other)
AGRD-ML350G-10,Active Guardian UL - Low Profile Fanless Industrial Computer With Apollo Lake,ML350G-10,Industrial/Gateway/ML300 Series/ML350G-10
K700-X2-4w0s,Karbon 700 Expanded High-Performance Rugged Edge Computer,K700-X2,Rugged/Performance/K700 Series/K700-X2
K700-SE-88o8,Karbon 700 High-Performance Rugged Edge Computer,K700-SE,Rugged/Performance/K700 Series/K700-SE
K700-X2-apa2,Karbon 700 Expanded High-Performance Rugged Edge Computer,K700-X2,Rugged/Performance/K700 Series/K700-X2
K700-SE-cscc-s0gs,Karbon 700 High-Performance Rugged Edge Computer,K700-SE,Rugged/Performance/K700 Series/K700-SE
K700-X2-Proto2-0goo,Karbon 700 Expanded High-Performance Rugged Edge Computer,K700-X2,Rugged/Performance/K700 Series/K700-X2
K700-X2-w4k8,Karbon 700 Expanded High-Performance Rugged Edge Computer,K700-X2,Rugged/Performance/K700 Series/K700-X2
K700-X2-4ocs,Karbon 700 Expanded High-Performance Rugged Edge Computer,K700-X2,Rugged/Performance/K700 Series/K700-X2
k700-x2-chvx,Karbon 700 Expanded High-Performance Rugged Edge Computer for Ford,K700-X2,Rugged/Performance/K700 Series/K700-X2
K300,Karbon 300 Compact Rugged Computer,K300,Rugged/Entry/K300 Series/K300
ITFG-MC800-A J68261-300,Intel Fog MC800 A J68261-300,MC800 (Other),Server/Standalone/MC800 Series/MC800 (Other)
ISMD-ML400-v2,Image Stream ML400,ML400G-52,Industrial/Performance/ML400 Series/ML400G-52
HX500-nqp8,OnLogic Helix 500 Intel Comet Lake Industrial Edge Computer,HX500,Industrial/Performance/HX500 Series/HX500
HX500-o49e,OnLogic Helix 500 Intel Comet Lake Industrial Edge Computer,HX500,Industrial/Performance/HX500 Series/HX500
HX500-ovst,OnLogic Helix 500 Intel Comet Lake Industrial Edge Computer,HX500,Industrial/Performance/HX500 Series/HX500
HX500-rj9m,OnLogic Helix 500 Intel Comet Lake Industrial Edge Computer,HX500,Industrial/Performance/HX500 Series/HX500
HX500-lfm2,OnLogic Helix 500 Intel Comet Lake Industrial Edge Computer,HX500,Industrial/Performance/HX500 Series/HX500
HX610-scuo,Onlogic Helix 610 Intel Comet Lake Industrial Edge Computer With Optional Hot Swap Storage for Smit Terminals,HX610,Industrial/Performance/HX600 Series/HX610
HX610-vu9j,Onlogic Helix 610 Intel Comet Lake Industrial Edge Computer With Optional Hot Swap Storage,HX610,Industrial/Performance/HX600 Series/HX610
HX610-vu9j-ayu2,Onlogic Helix 610 Intel Comet Lake Industrial Edge Computer With Optional Hot Swap Storage,HX610,Industrial/Performance/HX600 Series/HX610
HX610-niqz,Onlogic Helix 610 Intel Comet Lake Industrial Edge Computer With Additional Storage,HX610,Industrial/Performance/HX600 Series/HX610
HX500-ha8f,OnLogic Helix 500 Intel Comet Lake Industrial Edge Computer,HX500,Industrial/Performance/HX500 Series/HX500
HX500-j35y,OnLogic Helix 500 Intel Comet Lake Industrial Edge Computer,HX500,Industrial/Performance/HX500 Series/HX500
HILTI-K804,OnLogic Karbon 804 High-Performance Rugged Computer w/ModBay & PCIe,K804,Rugged/Performance/K800 Series/K804
FW200B-10,Industrial Compact Quad-Core Firewall with pfSense&reg; Software,MC500 (Other),Industrial/Fanned/MC500 Series/MC500 (Other)
FW200B-10CELL1-0o0o,Industrial Compact Quad-Core Firewall with pfSense&reg;,,///
FW200R,1U Rackmount Intel Core Firewall,MK100 (Other),Server/1U & 1.5U Rackmount/MK100 Series/MK100 (Other)
FR201-dlyc,Factor 201 Raspberry Pi Industrial IoT Gateway,FR201,Industrial/Small Form Factor/FR200 Series/FR201
FR201-k4uf,Factor 201 Raspberry Pi Industrial IoT Gateway,FR201,Industrial/Small Form Factor/FR200 Series/FR201
FR201-uik2,Factor 201 Raspberry Pi Industrial IoT Gateway,FR201,Industrial/Small Form Factor/FR200 Series/FR201
FR201-tjij,Factor 201 Raspberry Pi Industrial IoT Gateway,FR201,Industrial/Small Form Factor/FR200 Series/FR201
FORMEX-P2002-CV15R01-gg0s,Formex P2002-CV19R01,,///
DS-1102-ZOLO-oocg,Cincoze Rugged Intel Skylake Computer with Dual Expansion,,///
DS-1200,Cincoze Rugged Intel Coffee Lake Fanless Computer,DS-1200,Rugged/Mid Tier/DS Series/DS-1200
DS-1200-ofrm,Cincoze Rugged Intel Coffee Lake Fanless Computer,DS-1200,Rugged/Mid Tier/DS Series/DS-1200
DX-1000-4wgc,Cincoze Rugged Intel 6th/7th Gen Compact Fanless Computer,,///
DWL-MC510,Dwelling Live DWL-MC500,MC500 (Other),Industrial/Fanned/MC500 Series/MC500 (Other)
DS-1200-3skp,Cincoze Rugged Intel Coffee Lake Fanless Computer,DS-1200,Rugged/Mid Tier/DS Series/DS-1200
DX-1000-4w4c,Cincoze Rugged Intel 6th/7th Gen Compact Fanless Computer,,///
DWYK-S-woco,Commercial Intel NUC Computer with Haswell,Industrial (Other),Industrial/Legacy Industrial/Legacy Industrial/Industrial (Other)
DEMA-ML350G-10-gggo,Low Profile Fanless Industrial Computer With Apollo Lake,ML350G-10,Industrial/Gateway/ML300 Series/ML350G-10
DeLa-ML510G-50-g8cs,Compact Fanless Industrial Coffee Lake Computer,ML510G-50,Industrial/Performance/ML500 Series/ML510G-50
DI-1000-ktko,Cincoze Rugged Intel Skylake Compact Fanless Computer,,///
DI-1000-ccko,Cincoze Rugged Intel Skylake Compact Fanless Computer,,///
CS-P1101,Cincoze Rugged Intel Apollo Lake High-Brightness Panel PC,CS-P1101,Panel/Cincoze Panel/P1000 Series/CS-P1101
CS-P2102-mdyh,Cincoze Rugged Intel 8th Gen Core i3/i5 High-Brightness Panel PC,CS-P2102,Panel/Cincoze Panel/P2000 Series/CS-P2102
CS-108CL-P-0g4s,"Universal 8.4"" High-Brightness Capacitive Touchscreen with Wet Tracking",,///
Core-MK100-s880,FSMLabs MK100,MK100 (Other),Server/1U & 1.5U Rackmount/MK100 Series/MK100 (Other)
CL210G-11-fk3f,Ultra Small Quad Core Fanless Industrial Edge Computer,CL210G-11,Industrial/Small Form Factor/CL200 Series/CL210G-11
CL210G-11-g4s8,Ultra Small Quad Core Fanless Industrial Edge Computer,,///
CL210G-11-jgo7,Ultra Small Quad Core Fanless Industrial Edge Computer,,///
CL210G-11-984n,Ultra Small Quad Core Fanless Industrial Edge Computer,CL210G-11,Industrial/Small Form Factor/CL200 Series/CL210G-11
CL210G-11-goko,Ultra Small Quad Core Fanless Industrial Edge Computer,CL210G-11,Industrial/Small Form Factor/CL200 Series/CL210G-11
CL210G-11-goko-4g84,Ultra Small Quad Core Fanless Industrial Edge Computer,CL210G-11,Industrial/Small Form Factor/CL200 Series/CL210G-11
CL210G-11-cgcw,Ultra Small Quad Core Fanless Industrial Edge Computer,,///
CL210G-11-m01t,Ultra Small Quad Core Fanless Industrial Edge Computer,,///
AWS-HX500-ETL,OnLogic Helix 500 Intel Comet Lake Industrial Edge Computer,HX500,Industrial/Performance/HX500 Series/HX500
AWS-MK100B-12-ENG-cs44,AWS Apollo Lake 1U Rackmount Computer,,///
AMOS-30022DS,VIA AMOS-3002 Nano Fanless Rugged Pico-ITX Computer,Industrial (Other),Industrial/Legacy Industrial/Legacy Industrial/Industrial (Other)
AMTK-HX500-DIO,OnLogic Helix 500 Intel Comet Lake Industrial Edge Computer,HX500,Industrial/Performance/HX500 Series/HX500
AMLD-K700-okks,Amazon Last Mile K700,,///
AMTOTE-MC610-10,AnTote - Industrial Intel Apollo Lake Mini-ITX Expandable Computer,MC610-10,Industrial/Fanned/MC600 Series/MC610-10
AMW-ML210 WiFi-g88o,Woodmark ML210 WiFi,ML210G-50,Industrial/Gateway/ML200 Series/ML210G-50
Amazon-K300-PVT-0gwk,Amazon Karbon 300 PVT Prototype,,///
8O-IP56-FJ8O,Fanless Intel NUC Industrial Computer - Amazon,ML300 (Other),Industrial/Gateway/ML300 Series/ML300 (Other)
803-03-0001 V1.0,Avidbots MC510,MC510-50,Industrial/Fanned/MC500 Series/MC510-50
AAM-K300-01,AAM Karbon 300 Building Automation Computer - 1S9NT911,K300,Rugged/Entry/K300 Series/K300
K700-X2-2,Karbon 700-X2-2 Expanded High-Performance Rugged Edge Computer,K700-X2-2,Rugged/Performance/K700 Series/K700-X2-2
K700-SE-pxpn-e7rx,Karbon 700 High-Performance Rugged Edge Computer,K700-SE,Rugged/Performance/K700 Series/K700-SE
K700-SE-quaz-V2-1TB3MG2,Karbon 700 High-Performance Rugged Edge Computer (1TB B3MG2 ),K700-SE,Rugged/Performance/K700 Series/K700-SE
K700-SE-k4k0,Karbon 700 High-Performance Rugged Edge Computer,K700-SE,Rugged/Performance/K700 Series/K700-SE
K700-SE-kkww,Karbon 700 High-Performance Rugged Edge Computer,K700-SE,Rugged/Performance/K700 Series/K700-SE
K700-SE-kskw,Karbon 700 High-Performance Rugged Edge Computer,K700-SE,Rugged/Performance/K700 Series/K700-SE
K700-SE-yep0,Karbon 700 High-Performance Rugged Edge Computer,K700-SE,Rugged/Performance/K700 Series/K700-SE
K700-SE-ctg2,Karbon 700 High-Performance Rugged Edge Computer,K700-SE,Rugged/Performance/K700 Series/K700-SE
K700-SE-w000,Karbon 700 High-Performance Rugged Edge Computer,K700-SE,Rugged/Performance/K700 Series/K700-SE
K700-SE-quaz-V2-1TBM.2,Karbon 700 High-Performance Rugged Edge Computer (1TB),K700-SE,Rugged/Performance/K700 Series/K700-SE
INET-POC-300,Industrial Networks POC-300,POC-300,Rugged/Entry/POC Series/POC-300
IMS-POC-351VTC-o4wk,Neousys Rugged Compact Intel Apollo Lake In-Vehicle Computer,,///
Infrabel-ML450G-50-gkc0,Industrial Intel Haswell Core i5 Mini-ITX Computer with UPS,ML450G-50,Industrial/Performance/ML400 Series/ML450G-50
InstaDeem East,Tomra North America InstaDeem East,Rugged (Other),Rugged/Legacy Rugged/Legacy Rugged/Rugged (Other)
HX600-et60,OnLogic Helix 600 Intel Comet Lake Expanded Industrial Edge Computer,HX600,Industrial/Performance/HX600 Series/HX600
HX600-eyrm,OnLogic Helix 600 Intel Comet Lake Expanded Industrial Edge Computer,HX600,Industrial/Performance/HX600 Series/HX600
HX600-aqho,OnLogic Helix 600 Intel Comet Lake Expanded Industrial Edge Computer,HX600,Industrial/Performance/HX600 Series/HX600
HVP-DS-1200C5,HVP-400 - Cincoze DS-1200 Coffee Lake Rugged Platform,DS-1200,Rugged/Mid Tier/DS Series/DS-1200
FTI-ML210-kc4g,Custom Futuri ML210 Fanless Transmitter,ML200 (Other),Industrial/Gateway/ML200 Series/ML200 (Other)
FSN-MC500-wwo0,LGX MC500 Intel Atom Mini Industrial Computer,MC500 (Other),Industrial/Fanned/MC500 Series/MC500 (Other)
ETB-K300,Energy Toolbase Karbon 300 Rugged Ultra Compact Computer,K300,Rugged/Entry/K300 Series/K300
ETB-K410,Karbon 410 Intel Elkhart Lake Compact Rugged Computer,K410,Rugged/Entry/K400 Series/K410
EL00-CL210G-10,Fanless Industrial USFF PC Base Ecolab Windows 10 IoT OS,CL210G-10,Industrial/Small Form Factor/CL200 Series/CL210G-10
EGS-DS-1202,Cincoze Rugged Intel Coffee Lake Fanless Computer with Dual Expansion or GPU,DS-1202,Rugged/Mid Tier/DS Series/DS-1202
EVR-DS1001,Eversource DS-1001,DS-1001,Rugged/Mid Tier/DS Series/DS-1001
DS-1201-kcgk,Cincoze Rugged Intel Skylake Fanless Computer,,///
DS-1201-oz7d,Cincoze Rugged Intel Coffee Lake Fanless Computer with Expansion,DS-1201,Rugged/Mid Tier/DS Series/DS-1201
DS-1202-c8kc,Cincoze Rugged Intel Coffee Lake Fanless Computer with Dual Expansion or GPU,DS-1202,Rugged/Mid Tier/DS Series/DS-1202
DS-1301-icxy,DS-1301 Cincoze Rugged Intel 10th Gen Comet Lake Fanless Computer with PCI/PCIe,DS-1301,Rugged/Mid Tier/DS Series/DS-1301
DS-1201-kow4,Cincoze Rugged Intel Coffee Lake Fanless Computer with Expansion,,///
DS-1202-og0c,Cincoze Rugged Intel Coffee Lake Fanless Computer with Dual Expansion or GPU,DS-1202,Rugged/Mid Tier/DS Series/DS-1202
DTI-NUVO-5006LP,DTI Nuvo 5006LP,Nuvo-5000LP,Rugged/Performance/Nuvo Series/Nuvo-5000LP
DE-1000-k4s0,Cincoze Rugged Intel Atom Fanless Computer,,///
CSPLT1-HX500,OnLogic Helix 500 Intel Comet Lake Industrial Edge Computer,HX500,Industrial/Performance/HX500 Series/HX500
cspk-atom-5677,Custom-Pak Atom-5677,,Industrial/Fanned/Other/
CV-P2002-0ks8,Cincoze Rugged Intel Skylake Core i3/i5 Panel PC,CV-P2002,Panel/Cincoze Panel/P2000 Series/CV-P2002
CS-M1001-8k0c,Cincoze Capacitive Industrial Touchscreen with Optical Bonding and Wet Tracking,,Components/Components/Components/
CT100Corei-Lumencor-s08w,CT100Corei-Lumencor,,Components/Components/Components/
CL210G-11-4b7b,Ultra Small Quad Core Fanless Industrial Edge Computer,CL210G-11,Industrial/Small Form Factor/CL200 Series/CL210G-11
CL210G-11-5v6m,Ultra Small Quad Core Fanless Industrial Edge Computer,CL210G-11,Industrial/Small Form Factor/CL200 Series/CL210G-11
CL210G-11-6dme,Ultra Small Quad Core Fanless Industrial Edge Computer,CL210G-11,Industrial/Small Form Factor/CL200 Series/CL210G-11
CL210G-11-ccsk,Ultra Small Quad Core Fanless Edge Computer,CL210G-11,Industrial/Small Form Factor/CL200 Series/CL210G-11
CL210G-11-7xvt,Ultra Small Quad Core Fanless Industrial Edge Computer,CL210G-11,Industrial/Small Form Factor/CL200 Series/CL210G-11
AVCO-ML210G-10-0ssc,Industrial Intel Bay Trail Fanless Computer,ML210G-10,Industrial/Gateway/ML200 Series/ML210G-10
AVIAGEN-DC-1100,AVIAGEN-DC-1100,DC-1100,Rugged/Entry/DC Series/DC-1100
Auto-ML320-kkk4,Custom Automotive ML320 computer,ML300 (Other),Industrial/Gateway/ML300 Series/ML300 (Other)
AU972,LGX AU972 Intel Core i Fanless Rugged Expandable Computer,Rugged (Other),Rugged/Legacy Rugged/Legacy Rugged/Rugged (Other)
BBLK-Kit2,BeagleBone Black Prototyping Kit,,Components/Components/Components/
AUTAM-MC500,Automatic Amusements MC500,MC500 (Other),Industrial/Fanned/MC500 Series/MC500 (Other)
ADT-ML510G-50-MAS-EU,Adient - MAS PC with Intel i5 CPU and 2x COM (No WiFi),ML510G-50,Industrial/Performance/ML500 Series/ML510G-50
ADT-ML510G-50-IMG,Adient - ML510G-50 FAM Tester with Custom Software Image,ML510G-50,Industrial/Performance/ML500 Series/ML510G-50
ADT-CL250-EU,CL250 Ultra Small Fanless Industrial Edge Gateway,CL250,Industrial/Small Form Factor/CL200 Series/CL250
ADT-Nuvo-7166GC,Adient Neousys Rugged Intel Coffee Lake Computer with Optional GPU,Nuvo-7160GC,Rugged/Performance/Nuvo Series/Nuvo-7160GC
ADT-ML500G-50-WIFI,Adient - Fanless Industrial Intel 6th Gen Computer w/optional i7 w/ WiFi,ML500G-50,Industrial/Performance/ML500 Series/ML500G-50
ADT-Nuvo-7160GC,Adient Neousys Rugged Intel Coffee Lake Computer with Optional GPU,,///
ADT-ML100G-40-Wifi-V2,Adient - Compact Fanless AMD Ryzen Mini PC w/ WiFi,,///
LCC-MK100B-54,Intel Coffee Lake Xeon 1U Rackmount Computer,MK100B-54,Server/1U & 1.5U Rackmount/MK100 Series/MK100B-54
L3H-HX500,OnLogic Helix 500 Intel Comet Lake Industrial Edge Computer,HX500,Industrial/Performance/HX500 Series/HX500
L3H-HX600,OnLogic Helix 600 Intel Comet Lake Expanded Industrial Edge Computer,HX600,Industrial/Performance/HX600 Series/HX600
LOS-HX401,OnLogic Helix 401 Fanless Hybrid-Core Computer,HX401,Industrial/Entry/HX400 Series/HX401
KioskPC-HX500,OnLogic Helix 500 Intel Comet Lake Industrial Edge Computer,HX500,Industrial/Performance/HX500 Series/HX500
KIRBY-MC500,Kirby Risk Electric MC500,MC500 (Other),Industrial/Fanned/MC500 Series/MC500 (Other)
Lenl-ML100G-31-Branded-40s8,UL Listed Industrial Intel Dawson Canyon Fanless NUC Computer,ML100G-31,Industrial/Entry/ML100 Series/ML100G-31
KLOOSTERBOER-FUSION-MC500-4ss4,AMD Fusion MC500 Mini-ITX Computer,,///
LCBS-APIQ_r01-0gsc,Leica Biosystems APIQ Hub r01,NC200 (Other),Industrial/Legacy Industrial/NC200 Series/NC200 (Other)
INV500-51,Invenio Imaging MC500-51,MC500-51,Industrial/Fanned/MC500 Series/MC500-51
Intersection-NC220_R01,Intersection Compact NC220 System,NC200 (Other),Industrial/Legacy Industrial/NC200 Series/NC200 (Other)
Intersection-NC220_R01-g88o,Intersection Compact NC220 System,NC200 (Other),Industrial/Legacy Industrial/NC200 Series/NC200 (Other)
Intersection-NC220_R01-Wifi-gkog,Intersection Compact NC220 System with WiFi,NC200 (Other),Industrial/Legacy Industrial/NC200 Series/NC200 (Other)
INT-NC220-R02U,Intersection Mini i5 Compute w/ Ubuntu,NC200 (Other),Industrial/Legacy Industrial/NC200 Series/NC200 (Other)
HX610-hsn9,Onlogic Helix 610 Intel Comet Lake Industrial Edge Computer With Optional Hot Swap Storage,HX610,Industrial/Performance/HX600 Series/HX610
HX610-mkie,Onlogic Helix 610 Intel Comet Lake Industrial Edge Computer With Optional Hot Swap Storage,HX610,Industrial/Performance/HX600 Series/HX610
HX600-jlln,OnLogic Helix 600 Intel Comet Lake Expanded Industrial Edge Computer,HX600,Industrial/Performance/HX600 Series/HX600
HX610-aum3,Onlogic Helix 610 Intel Comet Lake Industrial Edge Computer With Optional Hot Swap Storage,HX610,Industrial/Performance/HX600 Series/HX610
HX610-4b6y,Onlogic Helix 610 Intel Comet Lake Industrial Edge Computer With Optional Hot Swap Storage for Smit Terminals,HX610,Industrial/Performance/HX600 Series/HX610
HX610-8f9a,Onlogic Helix 610 Intel Comet Lake Industrial Edge Computer With Optional Hot Swap Storage,HX610,Industrial/Performance/HX600 Series/HX610
HX600-okoo,OnLogic Helix 600 Intel Comet Lake Expanded Industrial Edge Computer,HX600,Industrial/Performance/HX600 Series/HX600
HX600-pxx6,OnLogic Helix 600 Intel Comet Lake Expanded Industrial Edge Computer,HX600,Industrial/Performance/HX600 Series/HX600
HX610-9ved,Onlogic Helix 610 Intel Comet Lake Industrial Edge Computer With Optional Hot Swap Storage,HX610,Industrial/Performance/HX600 Series/HX610
HX600-MOST-AFEX3-01,OnLogic Helix 600 Intel Comet Lake Expanded Industrial Edge Computer,HX600,Industrial/Performance/HX600 Series/HX600
GENEA-ML350G-10,Low Profile Fanless Industrial Computer With Apollo Lake,ML350G-10,Industrial/Gateway/ML300 Series/ML350G-10
GENEA-ML210G-Branded,Genea Energy Branded ML210G-12,ML210G-12,Industrial/Gateway/ML200 Series/ML210G-12
GM-1000-lc1i,Cincoze Rugged Intel 9th/8th Gen GPU Computer,,///
GM-1000-pa9a,Cincoze Rugged Intel 9th/8th Gen GPU Computer,,///
GM-1000-dzzm,Cincoze Rugged Intel 9th/8th Gen GPU Computer,GM-1000,Rugged/Performance/GM Series/GM-1000
GLOR-ML450G-11-wswk,Glory Global Industrial Apollo Lake Mini-ITX Computer,ML450G-11,Industrial/Performance/ML400 Series/ML450G-11
GenTuxML400G-50-oocg,GenTuxML400G-50,ML400G-50,Industrial/Performance/ML400 Series/ML400G-50
GM-1000-w8ki,Cincoze Rugged Intel 9th/8th Gen GPU Computer,,///
EPM162,Intel Apollo Lake N3350 Pico-ITX Industrial Motherboard with Dual Gb LAN and 32GB of Onboard Storage,,Components/Components/Components/
EPM163,Intel Apollo Lake N4200 Pico-ITX Industrial Motherboard with Dual Gb LAN and 64GB of Onboard Storage,,Components/Components/Components/
EXTH-ML450-proto,ExtraHop ML450 Prototype,ML450G-52,Industrial/Performance/ML400 Series/ML450G-52
DS-1000-040k,Cincoze Rugged Intel Haswell Fanless Computer,,///
DS-1101-w0k4,Cincoze Rugged Intel Skylake Fanless Computer with Expansion,,///
DS-1200-4swk,Cincoze Rugged Intel Coffee Lake Fanless Computer,,///
DS-1200-4c4k,Cincoze Rugged Intel Coffee Lake Fanless Computer,,///
DS-1102-9hdg,Cincoze Rugged Intel Skylake Fanless Computer with Dual Expansion,,///
DS-1000-10-cosk,Cincoze Rugged Intel Haswell Fanless Computer,,///
DS-1000-10-8g8k,Cincoze Rugged Intel Haswell Fanless Computer,,///
DE-1000-scs0,Cincoze Rugged Intel Atom Fanless Computer,,///
DE-1000P-o4ws,Diamond E Bay Trail E3845 Fanless Wide-Temp Computer with PoE,,///
DE-1001-g844,Cincoze Rugged Intel Atom Fanless Computer with Expansion,,///
CTRL-ML600G-52,Industrial Fanless Intel Skylake Computer,ML600G-52,Industrial/Performance/ML600 Series/ML600G-52
CUSTOM-8skw,Celeron MC500 Mini-ITX NVR Computer,,///
CUSTOM-skgs,AU957 Intel Core i7-2610UE Fanless Rugged Computer,Rugged (Other),Rugged/Legacy Rugged/Legacy Rugged/Rugged (Other)
CUSTOM-s44k,MK100 Intel Atom 1U Modular Rackmount Computer,MK100 (Other),Server/1U & 1.5U Rackmount/MK100 Series/MK100 (Other)
CT-Proto-IGN310,Rugged Panel PC with Intel Pentium CPU and Ignition Software,,///
CT-CUSTOM-MK150-fh4h,Industrial Intel Coffee Lake Mini-ITX Computer,,///
CSTAtom-ML250-csw8,Custom Canadian Bank Note Atom ML250,ML250 (Other),Industrial/Gateway/ML250 Series/ML250 (Other)
Core-MC600-Sensen-ok08,OnLogic Compact Intel Core i Computer with Expansion,MC600-50,Industrial/Fanned/MC600 Series/MC600-50
Core-MC600-skok,Commercial Intel Core Computer with Expansion,MC600 (Other),Industrial/Fanned/MC600 Series/MC600 (Other)
CNX-K700-XEON-0g4s,Karbon 700 High-Performance Rugged Edge Computer,,///
Core-MC600-ckk8-owws,Commercial Intel Core Computer with Expansion,MC600 (Other),Industrial/Fanned/MC600 Series/MC600 (Other)
Core-MK100,Intel Core 1U Rackmount Computer,MK100 (Other),Server/1U & 1.5U Rackmount/MK100 Series/MK100 (Other)
core-mk100-4sow,Intel Core 1U Rackmount Computer,MK100 (Other),Server/1U & 1.5U Rackmount/MK100 Series/MK100 (Other)
Core-MC600NTBRaid1-o0k8,OnLogic Compact Intel Core i Computer with Expansion,MC600-50,Industrial/Fanned/MC600 Series/MC600-50
CODI-ML100G-40-EU,Conex Digital - Compact Fanless AMD Ryzen Mini PC,ML100G-40,Industrial/Entry/ML100 Series/ML100G-40
CNX-K700-XEON,Karbon 700 High-Performance Rugged Edge Computer,K700-SE,Rugged/Performance/K700 Series/K700-SE
CL100-08gg,Industrial Fanless Mini PC,CL100,Industrial/Small Form Factor/CL100 Series/CL100
CL100-kcgk,CL100 Industrial Fanless N3710 Mini PC for Huber EDV (w/o box sleeve),CL100,Industrial/Small Form Factor/CL100 Series/CL100
CL100-gsgs,Industrial Fanless Mini PC,CL100,Industrial/Small Form Factor/CL100 Series/CL100
CL100-Chick-0ggc,Industrial Fanless Mini PC,CL100,Industrial/Small Form Factor/CL100 Series/CL100
CL100-4ooo,Industrial Fanless Mini PC,CL100,Industrial/Small Form Factor/CL100 Series/CL100
CL100-Feenics-sokk,Industrial Fanless Mini PC,CL100,Industrial/Small Form Factor/CL100 Series/CL100
BLUE-HX500,OnLogic Helix 500 Intel Comet Lake Industrial Edge Computer,HX500,Industrial/Performance/HX500 Series/HX500
Bou-HX600-A2000,OnLogic Helix 600 Intel Comet Lake Expanded Industrial Edge Computer,HX600,Industrial/Performance/HX600 Series/HX600
BLUE-Nuvo-1000,Blue Origin Nuvo-1000,,///
BLUE-MK100B-51-0sws,Blue Origin Intel Skylake 1U Rackmount Computer,MK100B-51,Server/1U & 1.5U Rackmount/MK100 Series/MK100B-51
BLUE-MK100B-51-kg80,Blue Origin Intel Skylake 1U Rackmount Computer w/ Windows 10 Pro,MK100B-51,Server/1U & 1.5U Rackmount/MK100 Series/MK100B-51
BMBR-ML250-wok8,Bombardier ML250 Intel Core i5 Fanless Industrial Computer,ML200 (Other),Industrial/Gateway/ML200 Series/ML200 (Other)
ASHB-K700-SE-2,Karbon 700-SE-2 High-Performance Rugged Edge Computer,K700-SE-2,Rugged/Performance/K700 Series/K700-SE-2
ASI-DI-1000-i3,ASI Compact Rugged Intel Skylake Computer,DI-1000,Rugged/Mid Tier/DI Series/DI-1000
Atom-5677-0k08,SolidLogic Intel Atom 5677 Mini Industrial Computer,Industrial (Other),Industrial/Legacy Industrial/Legacy Industrial/Industrial (Other)
ASI-Nuvo-5000LP_4200-0001,ASI-Nuvo-5000LP 4200-0001,,///
ASML_DA-1000-J1900_4G-w0k0,Cincoze Rugged Ultra Compact Fanless Computer,,///
Atom-5689,Commercial Intel Atom Computer with Locking Case,Industrial (Other),Industrial/Legacy Industrial/Legacy Industrial/Industrial (Other)
ATLS-ML450-UPS-k8og,Atlas RFID Industrial Intel Braswell Celeron Mini-ITX Computer,ML400 (Other),Industrial/Performance/ML400 Series/ML400 (Other)
ACSIS-ML600G-52-LCB,ACSIS ML600G-52 LCB,ML600G-52,Industrial/Performance/ML600 Series/ML600G-52
AD-C2D-4030-k8ww,Aerodyne CW Mini Computer,Industrial (Other),Industrial/Legacy Industrial/Legacy Industrial/Industrial (Other)
LC-POC-120,Lindsay Corporation POC-120,POC-120,Rugged/Legacy Rugged/POC Series/POC-120
KSM-ML450G-52-gwwk,Industrial Intel Skylake Mini-ITX Customizable Computer,ML450G-52,Industrial/Performance/ML400 Series/ML450G-52
KR900-4wkg,Tactical Micro KR900 Kit,,Components/Components/Components/
KOAM-P2102-RES,Cincoze Intel Whiskey Lake Core i3/i5 Panel PC,CV-P2102,Panel/Cincoze Panel/P2000 Series/CV-P2102
KTVU Rackmount i5 32bit,KTVU Rackmount i5 32bit,MK150 (Other),Server/1U & 1.5U Rackmount/MK150 Series/MK150 (Other)
JBC360F33W-S,Jetway JBC360F33W Intel Atom N270 Fanless Computer,Industrial (Other),Industrial/Legacy Industrial/Legacy Industrial/Industrial (Other)
JABIL-MBKit-3,Custom Motherboard Kit for Jabil Circuit,,///
JABIL-MBKit-4,Custom Motherboard Kit for Jabil Circuit,,///
GDMS-ML100-Standard,GDMS-ML100-Standard,ML100G-30,Industrial/Entry/ML100 Series/ML100G-30
GE-MC500-V3-844c,GE-MC500-V2,MC500 (Other),Industrial/Fanned/MC500 Series/MC500 (Other)
FIS-ML600G-52-gw8g,Industrial Fanless Intel Skylake Computer,ML600G-52,Industrial/Performance/ML600 Series/ML600G-52
FIS-ML600G-52-gw8g-sc0s,Industrial Fanless Intel Skylake Computer,ML600G-52,Industrial/Performance/ML600 Series/ML600G-52
Flexologic_ML400G-51-kkww,Industrial Intel Skylake Mini-ITX Computer,ML400G-51,Industrial/Performance/ML400 Series/ML400G-51
FLEXO-ML400G,FLEXO-ML400G,ML400G-52,Industrial/Performance/ML400 Series/ML400G-52
FIT-100-WIFI-LTE-V02,AlterG FIT 100 Ultra Small PC w/ WiFi and LTE,CL100,Industrial/Small Form Factor/CL100 Series/CL100
FEDSIG-P2002E,Federal Signal P2002E Intel Skylake Core i5 Panel PC,CV-P2002,Panel/Cincoze Panel/P2000 Series/CV-P2002
FIT-100-WiFi-vff8,AlterG FIT 100 Ultra Small PC w/ WiFi,,///
DUKE-ML500G-30-uuhs,Duke Energy Industrial Intel 6th Gen Fanless Computer,,///
DTS-NC200,Industrial Digital Media Player,NC200 (Other),Industrial/Legacy Industrial/NC200 Series/NC200 (Other)
DTS-MC600-cs44,Industrial Video Wall Digital Media Player,MC600-50,Industrial/Fanned/MC600 Series/MC600-50
DM-ML250-r1,Digital Matrix Corp Fanless Intel Atom Computer,ML250 (Other),Industrial/Gateway/ML250 Series/ML250 (Other)
Dividia 4TB MC600-4o0o,Skylake Dividia MC600,MC600-50,Industrial/Fanned/MC600 Series/MC600-50
DP-MK100-40,1U Rackmount AMD Ryzen Server,,///
DC-1100-okw8,Cincoze Rugged Intel Bay Trail Compact Fanless Computer,,///
DC-1100-Selex-skok,Cincoze Rugged Intel Bay Trail Compact Fanless Computer,,///
DC-1200-ccoo,DC-1200,,///
DC-1200-skcw,Rugged Cincoze Intel Apollo Lake Compact Fanless Computer,DC-1200,Rugged/Entry/DC Series/DC-1200
DC3217IYE-S-0oo0,Commercial Intel NUC Computer with Core i3,Industrial (Other),Industrial/Legacy Industrial/Legacy Industrial/Industrial (Other)
DC-1100-4k48,Cincoze Rugged Intel Bay Trail Compact Fanless Computer,,///
DC-1100-10-okk0,Cincoze Rugged Intel Bay Trail Compact Fanless Computer,,///
DA-1100-09zj,Cincoze Rugged Apollo Lake Ultra Compact Fanless Computer,,///
CPCO-HX500-ADS-01,Chapco - Helix 500 Intel Comet Lake Industrial Edge Computer ADS,HX500,Industrial/Performance/HX500 Series/HX500
CPC-ML350G-10,CPC - Low Profile Fanless Industrial Computer With Apollo Lake,ML350G-10,Industrial/Gateway/ML300 Series/ML350G-10
Covix-Nuvo5000HDD-sskw,Neousys Rugged Intel Skylake Low Profile Fanless Computer,,///
CP-P2102-IGN320-UL,ConocoPhillips UL Rugged Panel PC with Intel Core i5 CPU and Ignition Software,P2102 (IGN320),Panel/Cincoze Panel/P2000 Series/P2102 (IGN320)
Covix-Nuvo5000-sooc,Neousys Rugged Intel Skylake Low Profile Fanless Computer,,///
COSTAIN-P2002-owck,Cincoze Intel Skylake Core i Panel PC,,///
CNX-K700-ABH,Airport Baggage and Handling (ABH),K700-SE,Rugged/Performance/K700 Series/K700-SE
CNX-UBU-CL210G-11-k8s8,Cognex CL210G-11 with Ubuntu 18.04 Desktop (Wireless),CL210G-11,Industrial/Small Form Factor/CL200 Series/CL210G-11
CFR-HX310,OnLogic Helix 310 Intel Elkhart Lake Industrial Edge Computer,HX310,Industrial/Gateway/HX300 Series/HX310
CiM-M350-wo4w,SolidLogic CiM-M350 Intel Core i Mobile Mini Computer,Industrial (Other),Industrial/Legacy Industrial/Legacy Industrial/Industrial (Other)
CiM-ML250-V-c0oc,Limbic Auto ML250 with P8 setting,ML250 (Other),Industrial/Gateway/ML250 Series/ML250 (Other)
CiM-ML250-V-ksgo,Limbic Auto ML250 with UPS,ML250 (Other),Industrial/Gateway/ML250 Series/ML250 (Other)
CINCOZE-HISTORIAN-gogs,Cincoze Rugged Intel Skylake Fanless Computer,,///
CL100-allp,Fanless Industrial Mini PC,CL100,Industrial/Small Form Factor/CL100 Series/CL100
CL100-c48k,Industrial Fanless Mini PC,CL100,Industrial/Small Form Factor/CL100 Series/CL100
CIS-HX310-V2,OnLogic Helix 310 Intel Elkhart Lake Industrial Edge Computer,HX310,Industrial/Gateway/HX300 Series/HX310
BioTek MC500-o800,Industrial Intel Braswell Celeron Mini-ITX Computer,MC500 (Other),Industrial/Fanned/MC500 Series/MC500 (Other)
BHT-MC600-V2,Baobab Health Trust MC600 - Version 2,MC600 (Other),Industrial/Fanned/MC600 Series/MC600 (Other)
Bechtle_AG150-4gsc,Lüfterloser Industrie-PC mit Intel Atom,Industrial (Other),Industrial/Legacy Industrial/Legacy Industrial/Industrial (Other)
BHT-Core-JC111v2-4s08,Baobab Health Trust Custom Core i7 Mini-ITX Computer v2,Industrial (Other),Industrial/Legacy Industrial/Legacy Industrial/Industrial (Other)
AMW-ML400-o404,American Woodmark Core i Fanless ML400 Computer,ML400 (Other),Industrial/Performance/ML400 Series/ML400 (Other)
AMW-ML500G-51,Industrial Intel 8th Gen Fanless Computer w/optional i7,ML500G-51,Industrial/Performance/ML500 Series/ML500G-51
AGCO-GM-1000,Cincoze Rugged Intel 9th/8th Gen GPU Computer,GM-1000,Rugged/Performance/GM Series/GM-1000
AMW-ML400,American Woodmark Core i Fanless ML400 Computer,ML400 (Other),Industrial/Performance/ML400 Series/ML400 (Other)
AMW-ML500G-51-WIFI-ck4o,Industrial Intel 8th Gen Fanless Computer w/optional i7,ML500G-51,Industrial/Performance/ML500 Series/ML500G-51
AG150-kk0w,Industrial Fanless Intel Atom Computer,ML200 (Other),Industrial/Gateway/ML200 Series/ML200 (Other)
AC101-6r9a,OnLogic Axial AC101 Rackmount Edge Server,AC101,Server/1U & 1.5U Rackmount/Axial Series/AC101
1VLT-BKBOX-PROTO,1Valet 1U Rackmount AMD Ryzen Server,MK100B-40,Server/1U & 1.5U Rackmount/MK100 Series/MK100B-40
CSA-HX310,Lightspeed - OnLogic Helix 310 Intel Elkhart Lake Industrial Edge Computer,HX310,Industrial/Gateway/HX300 Series/HX310
HX521,Helix 521 Meteor Lake Fanless Computer,HX521,Industrial/Performance/HX500 Series/HX521
DX-1100,Cincoze Rugged 9th/8th Gen Intel Core High-Performance Compact Computer,DX-1100,Rugged/Mid Tier/DX Series/DX-1100
Zund-DS-1202,Zund Cincoze Rugged Intel Coffee Lake Fanless Computer with Dual Expansion or GPU,DS-1202,///DS-1202
DATA-TN101-R01,AWS - OnLogic Tacton TN101 Industrial Display,TN101,Panel/OnLogic Panel/Tacton Series/TN101
RRP-TN101-15,Racine Railroad - OnLogic Tacton TN101 Industrial Display,TN101,Panel/OnLogic Panel/Tacton Series/TN101
ML100G-52,Industrial Fanless Intel Whiskey Lake Embedded NUC With Dual LAN,ML100G-52,Industrial/Entry/ML100 Series/ML100G-52
ML100G-51,Industrial Fanless Intel Whiskey Lake NUC With Dual LAN,ML100G-51,Industrial/Entry/ML100 Series/ML100G-51
AX308-viso,AX308-viso,AX308,Server/3U Rackmount/Axial Series/AX308
K804-viso,K804-viso,K804,Rugged/Rugged By OnLogic/K800 Series/K804
MCMC-TN101R-15,OnLogic Tacton TN101 Industrial Display,TN101,Panel/OnLogic Panel/Tacton Series/TN101
MCMC-TN101R-12,OnLogic Tacton TN101 Industrial Display,TN101,Panel/OnLogic Panel/Tacton Series/TN101
665ccb09e9bc7b3a717d7a48,Copy of OnLogic Tacton TN101 Industrial Display,TN101,Panel/OnLogic Panel/Tacton Series/TN101
STAB-TC401R-MEX,OnLogic Tacton TC401 Intel 12th Gen All-in-one Panel PC,TC401,///TC401
SICK-HX521-c931-PROTO,SICK- Helix 521 Meteor Lake Fanless Computer,HX521,Industrial/Performance/HX500 Series/HX521
HX401,OnLogic Helix 401 Fanless Hybrid-Core Computer,HX401,Industrial/Entry/HX400 Series/HX401
BACA-HX401,OnLogic Helix 401 Fanless Hybrid-Core Computer,HX401,Industrial/Entry/HX400 Series/HX401
HX401-b04e,OnLogic Helix 401 Fanless Hybrid-Core Computer,HX401,Industrial/Entry/HX400 Series/HX401
HX401-b04f,OnLogic Helix 401 Fanless Hybrid-Core Computer,HX401,Industrial/Entry/HX400 Series/HX401
ACI-HX401,OnLogic Helix 401 Fanless Hybrid-Core Computer,HX401,Industrial/Entry/HX400 Series/HX401
PIA-HX401-DMTUL,OnLogic Helix 401 Fanless Hybrid-Core Computer,HX401,Industrial/Entry/HX400 Series/HX401
MV-HX401-V1,OnLogic Helix 401 Fanless Hybrid-Core Computer,HX401,Industrial/Entry/HX400 Series/HX401
CV-P1301,Modular Panel PC with Intel® Alder Lake-N Series Processor,CV-P1301,Panel/Cincoze Panel/P1000 Series/CV-P1301
HX401-MS-000156,OnLogic Helix 401 Fanless Hybrid-Core Computer,HX401,Industrial/Entry/HX400 Series/HX401
ATS-MK220-TOM-LIDAR-6000,Amazon Logistics 2U Server - 6000,MK200 (Other),Server/2U Rackmount/MK200 Series/MK200 (Other)
DI-1100,Cincoze Rugged Intel 8th Gen Fanless Computer,DI-1100,Rugged/Mid Tier/DI Series/DI-1100
RENU-K802,Renu Robotics Karbon 802 High-Performance Rugged Computer w/ModBay,K802,Rugged/Performance/K800 Series/K802
GEUT-K802-ffc3-PROTO,Geutebruck USA - OnLogic Karbon 802 High-Performance Rugged Computer w/ModBay,K802,Rugged/Performance/K800 Series/K802
CRFS-K804-v1,CRFS - OnLogic Karbon 804 High-Performance Rugged Computer w/ModBay & PCIe,K804,Rugged/Performance/K800 Series/K804
RRP-K804,Racine Railroad - OnLogic Karbon 804 High-Performance Rugged Computer w/ModBay & PCIe,K804,Rugged/Performance/K800 Series/K804
SOLV-K802-STD-UL,SOLV Energy - OnLogic Karbon 802 High-Performance Rugged Computer w/ModBay,K802,Rugged/Performance/K800 Series/K802
K802-150c,OnLogic Karbon 802 High-Performance Rugged Computer w/ModBay,K802,Rugged/Performance/K800 Series/K802
MONOGRAM-K804,OnLogic Karbon 804 High-Performance Rugged Computer w/ModBay & PCIe,K804,Rugged/Performance/K800 Series/K804
SECO-K843-PALLADIO400RPL,OnLogic Karbon 802 High-Performance Rugged Computer w/ModBay,K802,Rugged/Performance/K800 Series/K802
SECO-K859-PALLADIO500RPL,OnLogic Karbon 804 High-Performance Rugged Computer w/ModBay & PCIe,K804,Rugged/Performance/K800 Series/K804
NOK-K804-US4GCO,OnLogic Karbon 804 NOKIA VPOD (WiFi+4G) - US Version,K804,Rugged/Performance/K800 Series/K804
K804-0fea,OnLogic Karbon 804 High-Performance Rugged Computer with 30x USB ports for L3Harris,K804,Rugged/Performance/K800 Series/K804
K804-02fe,OnLogic Karbon 804 High-Performance Rugged Computer w/ModBay & PCIe,K804,Rugged/Performance/K800 Series/K804
NOK-K804-BIS,OnLogic Karbon 804 High-Performance Rugged Computer w/ModBay & PCIe,K804,Rugged/Performance/K800 Series/K804
NOK-K804-EU,OnLogic Karbon 804 High-Performance Rugged Computer w/ModBay & PCIe,K804,Rugged/Performance/K800 Series/K804
MCMC-TC401R-15,OnLogic Tacton TC401 Intel 12th Gen All-in-one Panel PC,TC401,Panel/OnLogic Panel/Tacton Series/TC401
MCMC-TC401R-21,OnLogic Tacton TC401 Intel 12th Gen All-in-one Panel PC,TC401,Panel/OnLogic Panel/Tacton Series/TC401
398426-TC401,FMH - OnLogic Tacton TC401 Intel 12th Gen All-in-one Panel PC,TC401,Panel/OnLogic Panel/Tacton Series/TC401
MCP3-TC401R-21,Rolls-Royce PS - OnLogic Tacton TC401 Intel 12th Gen All-in-one Panel PC,TC401,Panel/OnLogic Panel/Tacton Series/TC401
AX308,OnLogic Axial AX308 3U Edge Server,AX308,Server/3U Rackmount/Axial Series/AX308
CA1010-HX500,OnLogic Helix 500 Intel Comet Lake Industrial Edge Computer,HX500,Industrial/Performance/HX500 Series/HX500
GLOT-ML350G-10-EU,Low Profile Fanless Industrial Computer With Apollo Lake,ML350G-10,Industrial/Gateway/ML300 Series/ML350G-10
GM-1000,Cincoze Rugged Intel 9th/8th Gen GPU Computer,GM-1000,Rugged/Performance/GM Series/GM-1000
GLOT-ML350G-10,Low Profile Fanless Industrial Computer With Apollo Lake,ML350G-10,Industrial/Gateway/ML300 Series/ML350G-10
EXTH-ML450,ExtraHop ML450,ML450G-52,Industrial/Performance/ML400 Series/ML450G-52
EXTRL-ML210G-10,Extrel ML210G-10,ML210G-10,Industrial/Gateway/ML200 Series/ML210G-10
ds-1201-p-800s,Cincoze Rugged Intel Coffee Lake Fanless Computer,,///
DS-1202,Cincoze Rugged Intel Coffee Lake Fanless Computer with Dual Expansion or GPU,DS-1202,Rugged/Mid Tier/DS Series/DS-1202
DS-1202-8k08,Cincoze Rugged Intel Coffee Lake Fanless Computer with Dual Expansion or GPU,,///
DS-1202-84sk,Cincoze Rugged Intel Coffee Lake Fanless Computer with Dual Expansion or GPU,,///
DSTRCS-ML100G-10,Districs ML100G-10 with Rapid Branding plates,ML100G-10,Industrial/Entry/ML100 Series/ML100G-10
DS-1202-wg0s,Cincoze Rugged Intel Coffee Lake Fanless Computer with Dual Expansion or GPU,,///
DTS-CT100-50-css4,High Performance Intel Skylake Kiosk Computer,,Components/Components/Components/
DS-1202-x46y,Cincoze Rugged Intel Coffee Lake Fanless Computer with Dual Expansion or GPU,,///
DE-1001-8os4,Cincoze Rugged Intel Atom Fanless Computer with Expansion,,///
CWSD-ML350G-10-4c0g,Industrial Low Profile Fanless Computer With Apollo Lake,ML350G-10,Industrial/Gateway/ML300 Series/ML350G-10
CV-P2102-w02f,Cincoze Rugged Intel 8th Gen Core i3/i5 Panel PC,CV-P2102,Panel/Cincoze Panel/P2000 Series/CV-P2102
CV-W121-P2002,"Cincoze Crystal 21.5"" Industrial Panel PC",,///
cnx-k700-xeon-0g4s-0o00,Karbon 700 High-Performance Rugged Edge Computer,,///
CNX-K700-XEON-o0g0,Karbon 700 High-Performance Rugged Edge Computer,,///
CNX-K700-XEON-o0g0-kco4,Karbon 700 High-Performance Rugged Edge Computer,K700-SE,Rugged/Performance/K700 Series/K700-SE
CNX-K700-XEON-0g4s-owwc,Karbon 700 High-Performance Rugged Edge Computer,,///
Core-MC600-w00s,Commercial Intel Core Computer with Expansion,MC600 (Other),Industrial/Fanned/MC600 Series/MC600 (Other)
Core-MC600LCD-cooo,Smarmatic MC600LCD,MC600 (Other),Industrial/Fanned/MC600 Series/MC600 (Other)
Core-MC600-k0os,Commercial Intel Core Computer with Expansion,MC600 (Other),Industrial/Fanned/MC600 Series/MC600 (Other)
Core-MC600-kckc,Commercial Intel Core Computer with Expansion,MC600 (Other),Industrial/Fanned/MC600 Series/MC600 (Other)
Core-MK100-8kss,EMTS CoreMK100,MK100 (Other),Server/1U & 1.5U Rackmount/MK100 Series/MK100 (Other)
Core-MK100-cgcg,Intel Core 1U Rackmount Computer,MK100 (Other),Server/1U & 1.5U Rackmount/MK100 Series/MK100 (Other)
Core-MK100-088k,Intel Core 1U Rackmount Computer,MK100 (Other),Server/1U & 1.5U Rackmount/MK100 Series/MK100 (Other)
Core-MC600-Rockwell-gg80,Commercial Intel Core Computer with Expansion,MC600 (Other),Industrial/Fanned/MC600 Series/MC600 (Other)
Core-MC600-Smartmatic-4702-gg80,Voting Appliance,MC600 (Other),Industrial/Fanned/MC600 Series/MC600 (Other)
CL200G-10-k4os,Industrial USFF Edge Device,CL200G-10,Industrial/Small Form Factor/CL200 Series/CL200G-10
CL200G-11-bi1e,Industrial Edge Device with Dual-Core Intel Celeron N3350,CL200G-11,Industrial/Small Form Factor/CL200 Series/CL200G-11
CL200G-10-cokk,Industrial USFF Edge Device,CL200G-10,Industrial/Small Form Factor/CL200 Series/CL200G-10
CL200G-10-c4k8,Fanless Industrial USFF Edge Device,CL200G-10,Industrial/Small Form Factor/CL200 Series/CL200G-10
CL200G-10-5rvw,Fanless Industrial USFF Edge Device,CL200G-10,Industrial/Small Form Factor/CL200 Series/CL200G-10
CL200G-11-oa2d,Industrial Edge Device with Dual-Core Intel Celeron N3350,CL200G-11,Industrial/Small Form Factor/CL200 Series/CL200G-11
CL200G-10-w8cs,Industrial USFF Edge Device,CL200G-10,Industrial/Small Form Factor/CL200 Series/CL200G-10
CL200G-10-qs3y,Fanless Industrial USFF Edge Device,CL200G-10,Industrial/Small Form Factor/CL200 Series/CL200G-10
CL200G-DVT-gwso,CL200 DVT Sample System,CL200G-10,Industrial/Small Form Factor/CL200 Series/CL200G-10
CBNC-MC500-b,Canadian Bank Note Company MC500 basic,MC500-30,Industrial/Fanned/MC500 Series/MC500-30
AWB-Atom5677,AmericanWest Atom 5677 Mini-ITX System,Industrial (Other),Industrial/Legacy Industrial/Legacy Industrial/Industrial (Other)
AVCO-ML210G-10,AVCO-ML210G-10,ML210G-10,Industrial/Gateway/ML200 Series/ML210G-10
AUT-DS-1102-wggo,Cincoze Rugged Intel Skylake Fanless Computer with Dual Expansion,,///
AU972-4w40,AU970 Series Intel Core i Fanless Rugged Computer,Rugged (Other),Rugged/Legacy Rugged/Legacy Rugged/Rugged (Other)
Atom-MC500-44gg,LGX MC500 Intel Atom Mini Industrial Computer,,///
Atom-MC500-4gg8,ABCWin7_MC500 Atom Mini-ITX Computer,,///
AMZNLogistics-2U-LowTierServer-PROTO,Amazon Logistics 2U Server - Low Tier,,///
AMZN-HX500-A03,"Helix 500 10th Gen Edge Computer with Intel i3, DUAL COM, DUAL LAN",HX500,Industrial/Performance/HX500 Series/HX500
AMZN-CL210G-11,Amazon UK - Ultra Small Quad Core Fanless Industrial Edge Computer,,///
ANC-ML600G-52,Fanless Industrial Intel Skylake Computer,ML600G-52,Industrial/Performance/ML600 Series/ML600G-52
Atom-MK100-sc04,Intel Atom 1U Rackmount Computer,MK100 (Other),Server/1U & 1.5U Rackmount/MK100 Series/MK100 (Other)
Atom-MC500-kg80,Commercial Intel Atom Mini-ITX Computer,MC500 (Other),Industrial/Fanned/MC500 Series/MC500 (Other)
Atom-MC500-w44c,Commercial Intel Atom Mini-ITX Computer,MC500-10,Industrial/Fanned/MC500 Series/MC500-10
ADT-ML100G-31,Fanless Industrial Intel Dawson Canyon NUC Computer,ML100G-31,Industrial/Entry/ML100 Series/ML100G-31
ADT-ML100G-40-EU,Adient - Compact Fanless AMD Ryzen Mini PC,ML100G-40,Industrial/Entry/ML100 Series/ML100G-40
ADT-ML100G-40-WIFI,Adient - Compact Fanless AMD Ryzen Mini PC w/ WiFi,ML100G-40,Industrial/Entry/ML100 Series/ML100G-40
ALPINE-DS-1001-ww4o,Alpine DS-1001,,///
EXM162,Intel Apollo Lake N4200 Industrial Motherboard with Dual Gb LAN,,Components/Components/Components/
EXM162-bi3j,Intel Apollo Lake N4200 Industrial Motherboard with Dual Gb LAN,,///
FW300FAirEnt-w80k,FW300FAirEnt,Nuvo-1000,Rugged/Legacy Rugged/Nuvo Series/Nuvo-1000
EXM161-cm6z,Intel Apollo Lake N3350 Industrial Motherboard with Single Gb LAN,,///
DUKE-ML500G-30-PTT,Duke Energy Industrial Intel 6th Gen Fanless Computer with PTT,ML500G-30,Industrial/Performance/ML500 Series/ML500G-30
DUKE-ML500G-30-TPM-zg0s,Duke Energy Industrial Intel 6th Gen Fanless Computer with TPM,,///
DutchDom-Atom-M350-880s,Atom M350 Mini-ITX System,Industrial (Other),Industrial/Legacy Industrial/Legacy Industrial/Industrial (Other)
DVDAv3-MK150-3TB,1.5U Rackmount Intel Coffee Lake Computer,MK150 (Other),Server/1U & 1.5U Rackmount/MK150 Series/MK150 (Other)
DX-1000-04w8,Cincoze Rugged Intel 6th/7th Gen Compact Fanless Computer,,///
DX-1000-0sgo,Cincoze Rugged Intel 6th/7th Gen Compact Fanless Computer,,///
DUKE-ML500G-30-NP,Duke Energy Industrial Intel 6th Gen Fanless Computer (Without Power Adapter),ML500G-30,Industrial/Performance/ML500 Series/ML500G-30
Diligent-HX500-R01,Diligent Robotics HX500 Industrial Edge Computer,HX500,Industrial/Performance/HX500 Series/HX500
DED-ML100G-53,Industrial Fanless Intel 11th Gen Tiger Lake NUC,ML100G-53,Industrial/Entry/ML100 Series/ML100G-53
DI-1000-0wok,Cincoze Rugged Intel Skylake Compact Fanless Computer,,///
delete-K804,OnLogic Karbon 804 High-Performance Rugged Computer w/ModBay & PCIe,K804,Rugged/Performance/K800 Series/K804
Dimaco_IMB-190-g0gg,Dimaco IMB-190 Skylake Motherboard Bundle,,Components/Components/Components/
DI-1000-0soc,Cincoze Rugged Intel Skylake Compact Fanless Computer,,///
DI-1000-8ggc,Cincoze Rugged Intel Skylake Compact Fanless Computer,,///
D3-MK150-cgoo,Intel 1.5U Rackmount Expandable Computer with Network Bypass,MK150 (Other),Server/1U & 1.5U Rackmount/MK150 Series/MK150 (Other)
DA-1000-80so,Cincoze Rugged Ultra Compact Fanless Computer,,///
Core-ML250-k4cs,ML250 Intel Core i3/i5/Celeron Fanless Industrial Computer,ML250 (Other),Industrial/Gateway/ML250 Series/ML250 (Other)
Core-ML250-ICS,Fanless Industrial Control Computer,ML250 (Other),Industrial/Gateway/ML250 Series/ML250 (Other)
Core-ML300-V,Automotive Fanless NUC Industrial Computer,ML300 (Other),Industrial/Gateway/ML300 Series/ML300 (Other)
Core-MV101-V-00c4,Intel Core Wide-Temperature Automotive Computer,Industrial (Other),Industrial/Legacy Industrial/Legacy Industrial/Industrial (Other)
Core-ML251-o84w,Anandtech Core-ML251 Fanless Embedded Computer,ML250 (Other),Industrial/Gateway/ML250 Series/ML250 (Other)
Core-MK150-oog8,MK150 Intel Core 1.5U Rackmount Computer,MK150 (Other),Server/1U & 1.5U Rackmount/MK150 Series/MK150 (Other)
Core-ML300-os84,Industrial Fanless Intel Core NUC Computer,ML300 (Other),Industrial/Gateway/ML300 Series/ML300 (Other)
Core-ML320UPS-40ww,Custom Core i3 ML320 NUC Computer w/ UPS,ML300 (Other),Industrial/Gateway/ML300 Series/ML300 (Other)
CL210G-11-y7fi,Ultra Small Quad Core Fanless Industrial Edge Computer,,///
CBNC-MC510-55-W10-i3-PROTO,CBN Next Gen Prototype- Industrial Intel Core Mini-ITX Computer,MC510-55,Industrial/Fanned/MC500 Series/MC510-55
CBNC-MC510-55-W10-i3-PROTO-Rev2,CBN Next Gen Prototype- Industrial Intel Core Mini-ITX Computer,MC510-55,Industrial/Fanned/MC500 Series/MC510-55
CBNC-MC510-55-W11-difz,CBN Next Gen Prototype- Industrial Intel Core Mini-ITX Computer,MC510-55,Industrial/Fanned/MC500 Series/MC510-55
CBNC-MC510-W10-128GB,CBN Next Gen Prototype- Industrial Intel Core Mini-ITX Computer,MC510-10,Industrial/Fanned/MC500 Series/MC510-10
CBNC-MC510-W10-i3-52oz,CBN Next Gen Prototype- Industrial Intel Core Mini-ITX Computer,,///
blue-mk100-nf9g-3yba,Blue Origin MK100 NF9G,,///
BLUE-MK100B-51-o4k0,Blue Origin Intel Skylake 1U Rackmount Computer,MK100B-51,Server/1U & 1.5U Rackmount/MK100 Series/MK100B-51
BLUE-ML100G-31,BLUE-ML100G-31,ML100G-31,Industrial/Entry/ML100 Series/ML100G-31
Bluescape-MK150-8oo0,Bluescape MK150 1.5 U Rackmount,MK150B-52,Server/1U & 1.5U Rackmount/MK150 Series/MK150B-52
BLUE-MK100B-51-CAN,Blue Origin PC w/ 4x LAN card and CAN Bus,MK100B-51,Server/1U & 1.5U Rackmount/MK100 Series/MK100B-51
BOSE-MC600-52-c0sk,Commercial Intel Skylake Computer with Expansion,MC600-52,Industrial/Fanned/MC600 Series/MC600-52
ATLV-MK100,Autoliv MK100,MK100 (Other),Server/1U & 1.5U Rackmount/MK100 Series/MK100 (Other)
ASCOM-HX500-WIN22SERVER,OnLogic Helix 500 Intel Comet Lake Industrial Edge Computer,HX500,Industrial/Performance/HX500 Series/HX500
ASCOM-MK100B-53,1U Rackmount Intel Coffee Lake Computer,,///
Ardennais-EU,Pwnie Express Ardennais (EU),,///
Ardennais-r6ga-EU,Pwnie Express Ardennais,,///
ATLVv2-MK100,ATLVv2-MK100,MK100B-51,Server/1U & 1.5U Rackmount/MK100 Series/MK100B-51
ATLV-MK100-kkk0,Autoliv MK100,MK100 (Other),Server/1U & 1.5U Rackmount/MK100 Series/MK100 (Other)
Atom-A7879,SolidLogic Atom A7879 Home Server/NAS Computer,Industrial (Other),Industrial/Legacy Industrial/Legacy Industrial/Industrial (Other)
Atom-C146-o0wc,SolidLogic Intel Atom C146 1U Mini Rackmount Computer,MK100 (Other),Server/1U & 1.5U Rackmount/MK100 Series/MK100 (Other)
Atom-557-wkgk,Commercial Intel Atom Computer,Industrial (Other),Industrial/Legacy Industrial/Legacy Industrial/Industrial (Other)
AEI-POC200v1-EMBEDDED-ogko,AEI-POC200v1-EMBEDDED,,///
AEI-POC200v1-FANLESS,AEI-POC200v1-FANLESS,POC-200,Rugged/Legacy Rugged/POC Series/POC-200
ADT-ML510G-50-MAS,Adient - MAS PC with Intel i5 CPU and 2x COM (No WiFi),ML510G-50,Industrial/Performance/ML500 Series/ML510G-50
ADT-ML510G-50-WiFi-EU,"Adient - ML510G-50 with Intel i5 CPU, WiFi, and 2x COM",,///
ADVT-5689,Advantor Systems 5689,,Industrial/Fanned/Other/
AEI-POC200v1-EMBEDDED-0cg8,AEI-POC200v1-EMBEDDED_4GB_RAM,,///
AEI-POC300-EMBEDDED-4goo,POC300-EMBEDDED,,///
AEI-POC200v2-FANLESS,AEI-POC200v2-FANLESS,POC-200,Rugged/Legacy Rugged/POC Series/POC-200
AEI-ML250v1,AEI Fanless ML250 Atom System,ML250 (Other),Industrial/Gateway/ML250 Series/ML250 (Other)
ADT-ML100G-52-WIFI,Adient - ML100G-52 MIRA Device with WiFi,,///
GeorgiaTech-RT130-so44,Rugged Intel Ivy Bridge In-Vehicle Computer,Rugged (Other),Rugged/Legacy Rugged/Legacy Rugged/Rugged (Other)
GAYK-P1001E,Gayk Intel Bay Trail Panel PC w/ sunlight readable screen,P1001,Rugged/Entry/P1000 Series/P1001
FW100B-k88g,m0n0wall FW100B,MC500 (Other),Industrial/Fanned/MC500 Series/MC500 (Other)
DX-1100-SCSG-HISTORIAN,Cincoze DX-1100 Intel Coffee Lake Compact Rugged Workstation,DX-1100,Rugged/Mid Tier/DX Series/DX-1100
DX-1100-0ckw,8th Generation Intel® Core™ High-Performance Compact Rugged Computer,,///
DX-1100-54b3,8th Generation Intel Core High-Performance Compact Rugged Computer,,///
DX-1100-CARN-s04k,8th Generation Intel® Core™ High-Performance Compact Rugged Computer,,///
DX-1100-jas2-dxtb,8th Generation Intel Core High-Performance Compact Rugged Computer,,///
DX-1000-oks8,Cincoze Rugged Intel 6th/7th Gen Compact Fanless Computer,DX-1000,Rugged/Mid Tier/DX Series/DX-1000
DX-1100-kk8w,8th Generation Intel® Core™ High-Performance Compact Rugged Computer,,///
DX-1100-kksg-rev01,8th Generation Intel® Core™ High-Performance Compact Rugged Computer,DX-1100,Rugged/Mid Tier/DX Series/DX-1100
DS-1102- Graftek-88w0-w4c4,Cincoze Rugged Intel Skylake Computer with Dual Expansion,,///
DS-1102-73oj,Cincoze Rugged Intel Skylake Fanless Computer with Dual Expansion,,///
DS-1101-0o4c,Cincoze Rugged Intel Skylake Fanless Computer with Expansion,,///
DS-1200-4os0,Cincoze Rugged Intel Coffee Lake Fanless Computer,,///
DS-1200-6tkq,Cincoze Rugged Intel Coffee Lake Fanless Computer,,///
DS-1000-10-8cs0,Cincoze Rugged Intel Haswell Fanless Computer,,///
DS-1000-10-0kkw,Cincoze Rugged Intel Haswell Fanless Computer,,///
DS-1102-Mitsu-g84c,Cincoze Rugged Intel Skylake Fanless Computer,,///
DS-1000-10-c40g,Cincoze Rugged Intel Haswell Fanless Computer,,///
DS-1101-d5a5,Cincoze Rugged Intel Skylake Fanless Computer with Expansion,,///
DE-1001-30-w80g,Cincoze Rugged Intel Atom Fanless Computer with Expansion,,///
CV-110-P1001-ss8k,"Cincoze Crystal 10.4"" Industrial Panel PC",,///
cv-100c-m1001,Cincoze Capacitive or Resistive Industrial Touchscreen,,Components/Components/Components/
CV-100C-M1001-ws8c,Cincoze Capacitive or Resistive Industrial Touchscreen,,Components/Components/Components/
CV-112HC-R11_P2102-i5-R10-D3,Cincoze Rugged Intel 8th Gen Core i3/i5 Panel PC,CV-P2102,Panel/Cincoze Panel/P2000 Series/CV-P2102
CV-100R-M1001,Cincoze Crystal Industrial Resistive Touchscreen Monitor,,Components/Components/Components/
CV-110-P1001-woos,"Cincoze Crystal 10.4"" Industrial Panel PC",,///
CL100-8g0k,Industrial Fanless Mini PC,CL100,Industrial/Small Form Factor/CL100 Series/CL100
cl100-cck4,Industrial Fanless Mini PC,CL100,Industrial/Small Form Factor/CL100 Series/CL100
CL100-c8c0,Industrial Fanless Mini PC,CL100,Industrial/Small Form Factor/CL100 Series/CL100
CL100-b52m,Fanless Industrial Mini PC,CL100,Industrial/Small Form Factor/CL100 Series/CL100
cl100-ayxp,Fanless Industrial Mini PC,CL100,Industrial/Small Form Factor/CL100 Series/CL100
CIS-HX310-V2-PROTO-5ou8,OnLogic Helix 310 Intel Elkhart Lake Industrial Edge Computer,HX310,Industrial/Gateway/HX300 Series/HX310
Cincoze DS-1000 Series Haswell Fanless Computer w/4PoE-so8o,Custom CCS America Cincoze DS-1000P,,///
cl100-s888,Industrial Fanless Mini PC,CL100,Industrial/Small Form Factor/CL100 Series/CL100
cl100-kks0,Industrial Ultra Compact Fanless NUC,CL100,Industrial/Small Form Factor/CL100 Series/CL100
capstan-MS02261-HX401,OnLogic Helix 401 Fanless Hybrid-Core Computer,HX401,Industrial/Entry/HX400 Series/HX401
CAPT-CL100,Captivate Networks CL100,CL100,Industrial/Small Form Factor/CL100 Series/CL100
CAPT-ML340G-50v02,Captivate Low Profile Fanless Core i5 Industrial Server - No Rackmount Adapter,ML340G-50,Industrial/Gateway/ML300 Series/ML340G-50
CAT-MK400-60,MK400-60 4U Rackmount AMD EPYC 7002 Server,,///
CAPT-ML340G-50v02-kog0,Captivate Low Profile Fanless Core i5 Industrial Server - No Rackmount Adapter,ML340G-50,Industrial/Gateway/ML300 Series/ML340G-50
BACA-ML500G-31,BACA Systems ML500G-31 (R01609),ML500G-30,Industrial/Performance/ML500 Series/ML500G-30
Baker ML250-444s,Baker Group ML250 with 128GB SSD,ML250 (Other),Industrial/Gateway/ML250 Series/ML250 (Other)
BACA-ML500G-30-wgks,Industrial Intel 6th Gen Fanless Computer w/optional i7 and 4 COM,ML500G-30,Industrial/Performance/ML500 Series/ML500G-30
Allure MK100-kssc,Allure Four Plus Display Player,MK100B-50,Server/1U & 1.5U Rackmount/MK100 Series/MK100B-50
Allure-CL210G-10-w04c,Allure CL210G-10 USFF,CL210G-10,Industrial/Small Form Factor/CL200 Series/CL210G-10
AGT-K801,OnLogic Karbon 801 Low-Profile High-Performance Rugged Computer,K801,Rugged/Performance/K800 Series/K801
AIS-HX310,OnLogic Helix 310 Intel Elkhart Lake Industrial Edge Computer,HX310,Industrial/Gateway/HX300 Series/HX310
911-CL210G-11-LTE,Ultra Small Quad Core Fanless Industrial Edge Computer,CL210G-11,Industrial/Small Form Factor/CL200 Series/CL210G-11
803668-P100-10AS,Mitac 10.1” Apollo Lake Industrial HMI Panel PC,,///
FSN-ML250Greater-os4o,FSN-ML250Greater,ML250 (Other),Industrial/Gateway/ML250 Series/ML250 (Other)
Flexologic-ML400G-51-4wco-800c,Industrial Intel Skylake Mini-ITX Computer,ML400G-51,Industrial/Performance/ML400 Series/ML400G-51
FLOW-ML100G-10,Flownamics ML100G-10,ML100G-10,Industrial/Entry/ML100 Series/ML100G-10
EXEL-K300-5YW,Karbon 300 Compact Rugged Computer,K300,Rugged/Entry/K300 Series/K300
FAZIO-MC500,Commercial Intel Atom Mini-ITX Computer with IMB-155,MC500 (Other),Industrial/Fanned/MC500 Series/MC500 (Other)
FCPT-DX-1000-3Y-pgkv,Forcepoint DX-1000 with 3 Year Warranty,,///
FIT-100-WiFi-V02,AlterG FIT 100 Ultra Small PC w/ WiFi,,///
EasyIO-ML210G-50,EasyIO ML210G-50,ML210G-50,Industrial/Gateway/ML200 Series/ML210G-50
ECS-ML100G-50-i5,ECS ML100G-50-i5,ML100G-50,Industrial/Entry/ML100 Series/ML100G-50
EasyIO-ML100G-10-4c8c,Fanless industriële NUC pc met Intel Bay Trail en Dual LAN,ML100G-10,Industrial/Entry/ML100 Series/ML100G-10
DX-1000-w8so,Cincoze Rugged Intel 6th/7th Gen Compact Fanless Computer,,///
DX-1000-oco0,Cincoze Rugged Intel 6th/7th Gen Compact Fanless Computer,,///
DX-1000-occg,Rugged Fanless Platform (2-10 LAN/PoE),,///
DS-1100-k0c8,Cincoze Rugged Intel Skylake Fanless Computer,,///
DS-1001-wkw8,Cincoze Rugged Intel Haswell Fanless Computer with Expansion,,///
DI-Scanmeg-88c0,Cincoze Rugged Intel Skylake Compact Fanless Computer,DI-1000,Rugged/Mid Tier/DI Series/DI-1000
DIED-CT100-D,Diedrich Atom CT100 System,,Components/Components/Components/
Diez-Nuvo-5095GC-gg0c,Nuvo-5095GC 6th Gen Rugged Platform with Optional GPU,,///
DLPH-1101-B,Delphi DS-1101 (B),DS-1101,Rugged/Mid Tier/DS Series/DS-1101
DLPH-DX-1000-R02,Delphi DX-1000 (8 CAN Included),DX-1000,Rugged/Mid Tier/DX Series/DX-1000
DI-1000-wgow,Cincoze Rugged Intel Skylake Compact Fanless Computer,,///
DS-1002-50-RADIX-cgco,Cincoze Rugged Intel Haswell Computer with Dual Expansion,,///
DA-1100-0yuo,Cincoze Rugged Apollo Lake Ultra Compact Fanless Computer,DA-1100,Rugged/Entry/DA Series/DA-1100
DA-1000-skoc,Cincoze Rugged Ultra Compact Fanless Computer,,///
DA-1000-sw0s,Cincoze Rugged Ultra Compact Fanless Computer,,///
DA-1100-27dg,Cincoze Rugged Apollo Lake Ultra Compact Fanless Computer,DA-1100,Rugged/Entry/DA Series/DA-1100
DA-1000-s8w0,Cincoze Rugged Ultra Compact Fanless Computer,,///
CPTD-MC500,Captain D's Core-MC500,MC500 (Other),Industrial/Fanned/MC500 Series/MC500 (Other)
CPTD-MC510,Captain D's MC510 Back Office PC,MC510-50,Industrial/Fanned/MC500 Series/MC510-50
CRL-ML340G-50,CRL Nexus 200,ML340G-50,Industrial/Gateway/ML300 Series/ML340G-50
CPRi7-PROTO-xja4,MC510-55,,///
CRWN-K700-X2,Karbon 700 Expanded High-Performance Rugged Edge Computer,K700-X2,Rugged/Performance/K700 Series/K700-X2
CPRi7-PROTO,MC510-55,MC510-55,Industrial/Fanned/MC500 Series/MC510-55
CNX-K700-ETM,Vision Accelerator,K700-SE-2,Rugged/Performance/K700 Series/K700-SE-2
CNX-UBU-CL210G-11,Cognex CL210G-11 with Ubuntu 18.04 Desktop,CL210G-11,Industrial/Small Form Factor/CL200 Series/CL210G-11
CNX-POC-300-V2-W10,Neousys Rugged Compact Fanless Intel Apollo Lake Computer,,///
CNX-CL210G-11W,Cognex CL210G-11 with Windows 10 IoT Enterprise 2016,CL210G-11,Industrial/Small Form Factor/CL200 Series/CL210G-11
CNX-UBU-CL210G-11-wcs8,Cognex CL210G-11 with Ubuntu 18.04 Desktop,CL210G-11,Industrial/Small Form Factor/CL200 Series/CL210G-11
CNX-UBU-CL210G-10-k4s8,Cognex CL210G-10 with Ubuntu 18.04 Desktop,CL210G-10,Industrial/Small Form Factor/CL200 Series/CL210G-10
CNX-K300-0088,Cognex Karbon 300 Compact Rugged Computer,,///
CL210G-11,Ultra Small Quad Core Fanless Industrial Edge Computer,CL210G-11,Industrial/Small Form Factor/CL200 Series/CL210G-11
CL200G-10-0gsw,Fanless Industrial USFF Edge Device,CL200G-10,Industrial/Small Form Factor/CL200 Series/CL200G-10
CL210G-11-008k-008w,Ultra Small Quad Core Fanless Industrial Edge Computer,CL210G-11,Industrial/Small Form Factor/CL200 Series/CL210G-11
CL100-zzxh,Fanless Industrial Mini PC,CL100,Industrial/Small Form Factor/CL100 Series/CL100
CL200G-10-mb3e,Fanless Industrial USFF Edge Device,CL200G-10,Industrial/Small Form Factor/CL200 Series/CL200G-10
CL210G-11 -tjrp,Ultra Small Quad Core Fanless Industrial Edge Computer,,///
CL100-wo8k,Ultra Compact Fanless 4K Media Player,CL100,Industrial/Small Form Factor/CL100 Series/CL100
CB-CL246G-LTEV2,Cleaver Brooks Prometha Gateway,CL210G-11,Industrial/Small Form Factor/CL200 Series/CL210G-11
CarC2DMV101,SolidLogic Intel Core 2 Duo MV101 Mini Automotive Computer,Industrial (Other),Industrial/Legacy Industrial/Legacy Industrial/Industrial (Other)
AU950,Rugged Intel Sandy Bridge Fanless Computer,Rugged (Other),Rugged/Legacy Rugged/Legacy Rugged/Rugged (Other)
ARCE-AU970,ArcelorMittal AU970 Computer System,Rugged (Other),Rugged/Legacy Rugged/Legacy Rugged/Rugged (Other)
AU957,AU957 Intel Core i7-2610UE Fanless Rugged Computer,Rugged (Other),Rugged/Legacy Rugged/Legacy Rugged/Rugged (Other)
AU910-8ckw,Custom: LGX AU910 Intel Core i Mobile Fanless Rugged Computer,Rugged (Other),Rugged/Legacy Rugged/Legacy Rugged/Rugged (Other)
AU910,Rugged Intel Core Fanless Computer,Rugged (Other),Rugged/Legacy Rugged/Legacy Rugged/Rugged (Other)
AUTE-CL210G-11,Ultra Small Quad Core Fanless Industrial Edge Computer,CL210G-11,Industrial/Small Form Factor/CL200 Series/CL210G-11
AUTE-CL210G-10,Fanless Industrial USFF Edge Device w/ Dual LAN,CL210G-10,Industrial/Small Form Factor/CL200 Series/CL210G-10
Arcola-DA-1100-kcos,Cincoze Rugged Apollo Lake Ultra Compact Fanless Computer,,///
AD-C2D-4030-k4ks,Aerodyne CW Mini Computer,Industrial (Other),Industrial/Legacy Industrial/Legacy Industrial/Industrial (Other)
008-8-0285 MITEK,MITEK MC600,MC600-52,Industrial/Fanned/MC600 Series/MC600-52
10018391-HX500,Sonny's Helix 500 Intel Comet Lake Industrial Edge Computer (No OS),HX500,Industrial/Performance/HX500 Series/HX500
poc-200-LENSEC-0g0w,Neousys Rugged Compact Fanless Intel Bay Trail Computer,,///
Pro-MK150-ocgo,Provision 1.5U NVR,MK150 (Other),Server/1U & 1.5U Rackmount/MK150 Series/MK150 (Other)
Pro-ML210G-10,ProVision Security ML210G-10,ML210G-10,Industrial/Gateway/ML200 Series/ML210G-10
PICK-MC610-50,Industrial Intel Coffee Lake Mini-ITX Expandable Computer,MC610-50,Industrial/Fanned/MC600 Series/MC610-50
POC-200-880k,POC-200 Compact Fanless Intel Atom E3845 Computer,,///
POC-200-a4bx,Neousys Rugged Compact Fanless Intel Bay Trail Computer,,///
POC-120-0w4k,Neousys Rugged Ultra Compact Fanless Bay Trail Computer,,///
POC-120-kg8s,Neousys Rugged Ultra Compact Fanless Bay Trail Computer,,///
poc-200-c40s,Neousys Rugged Compact Fanless Intel Bay Trail Computer,,///
Nuvo-7000-7hna,Micro Technologies Nuvo-7000 Low Profile Fanless Computer,,///
Nuvo-7000DE,Neousys Rugged Intel Coffee Lake Fanless Computer w/Dual PCIe Slots,Nuvo-7000DE,Rugged/Legacy Rugged/Nuvo Series/Nuvo-7000DE
Nuvo-6108GC-osgs,Neousys Rugged Intel 6th Gen Computer w/Optional GPU and Expansion,,///
Nuvo-6108GC-sk00,Neousys Rugged Intel 6th Gen Computer w/Optional GPU and Expansion,,///
Nuvo-6108gc-g4so,Neousys Rugged Intel 6th Gen Computer w/Optional GPU and Expansion,,///
Nuvo-6108GC-g8ss-84sg,Neousys Rugged Intel 6th Gen Computer w/Optional GPU and Expansion,,///
Nuvo-6108GC-wcgo,Neousys Rugged Intel 6th Gen Computer w/Optional GPU and Expansion,,///
NokianP1101-FactoryVilant- US,Cincoze Rugged Intel Apollo Lake Panel PC,CV-P1101,Panel/Cincoze Panel/P1000 Series/CV-P1101
NokianP1101-FactoryVilantWiFi,Cincoze Rugged Intel Apollo Lake Slim Fanless Computer,CV-P1101,Panel/Cincoze Panel/P1000 Series/CV-P1101
NM-Ci557B-WS7E-g8og,Custom Nordson March Windows 7 Embedded Mini-ITX Computer,Industrial (Other),Industrial/Legacy Industrial/Legacy Industrial/Industrial (Other)
NM-CiD557,Nordson MARCH Core i Mini Computer,,Industrial/Fanned/Other/
NM-256GB-HE-RAID-3dcc,Commercial Intel Skylake Mini-ITX Computer,Industrial (Other),Industrial/Legacy Industrial/Legacy Industrial/Industrial (Other)
NM-557B-HE-RAID-g0co,Commercial Intel Skylake Mini-ITX Computer,Industrial (Other),Industrial/Legacy Industrial/Legacy Industrial/Industrial (Other)
Nuvo-1000-4kks-g0gw,Custom Nuvo-1000 Wide Temperature Computer,,///
Nuvo-1000-4kks,Custom Nuvo-1000 Wide Temperature Computer,,///
MPW-P2002-UL-NS,MPW UL Listed P2002 with no screen,P2002,Rugged/Entry/P2000 Series/P2002
ML500G-30-kocg,Industrial Intel 6th Gen Fanless Computer w/optional i7 and 4 COM,ML500G-30,Industrial/Performance/ML500 Series/ML500G-30
ML500G-30-kocg-skog,Industrial Intel 6th Gen Fanless Computer w/optional i7 and 4 COM,ML500G-30,Industrial/Performance/ML500 Series/ML500G-30
ML500G-30-oko0,Fanless Industrial Intel 6th Gen Computer w/optional i7 and 4 COM,ML500G-30,Industrial/Performance/ML500 Series/ML500G-30
ML450G-52-mirs,Fanless Industrial Intel Skylake Mini-ITX Customizable Computer,,///
ML450G-52-s4kg,Fanless Industrial Intel Skylake Mini-ITX Customizable Computer,ML450G-52,Industrial/Performance/ML400 Series/ML450G-52
ML500G-30-owww,Industrial Intel 6th Gen Fanless Computer w/optional i7 and 4 COM,ML500G-30,Industrial/Performance/ML500 Series/ML500G-30
ML500G-30-kuhw,Fanless Industrial Intel 6th Gen Computer w/optional i7 and 4 COM,,///
ML500G-30-8gwc,Industrial Intel 6th Gen Fanless Computer w/optional i7 and 4 COM,ML500G-30,Industrial/Performance/ML500 Series/ML500G-30
ML300-UPS-4cco,Core-ML300 Fanless Computer (No Batteries),ML300 (Other),Industrial/Gateway/ML300 Series/ML300 (Other)
ML300-UPS-gwo8,ML300 Fanless NUC Industrial Computer with Uninterruptible Power Supply,ML300 (Other),Industrial/Gateway/ML300 Series/ML300 (Other)
ML300B-50,Industrial Intel Core NUC Computer,ML300 (Other),Industrial/Gateway/ML300 Series/ML300 (Other)
ML300B-50-MK,Industrial Intel Core i5 Fanless Rackmount Computer,ML300 (Other),Industrial/Gateway/ML300 Series/ML300 (Other)
ML100G-52-em2m,Industrial Fanless Intel Whiskey Lake Embedded NUC With Dual LAN,,///
ML100G-52-kq5n,Industrial Fanless Intel Whiskey Lake Embedded NUC With Dual LAN,,///
ML100G-51-sgww,Boston Dynamics - ML100G-51 w/ TPU,ML100G-51,Industrial/Entry/ML100 Series/ML100G-51
ML100G-53 - GHA-yjsm,Industrial Fanless Intel 11th Gen Tiger Lake NUC,,///
ML100G-52-osgo,Industrial Fanless Intel Whiskey Lake Embedded NUC With Dual LAN,,///
ML100G-52-08so,Industrial Fanless Intel Whiskey Lake Embedded NUC With Dual LAN,,///
ML100G-52-ccog,Industrial Fanless Intel Whiskey Lake NUC With Dual LAN,ML100G-52,Industrial/Entry/ML100 Series/ML100G-52
ML300B-50-MK-kss0,Industrial Intel Core i3 ML300 Fanless Rackmount Computer,ML300 (Other),Industrial/Gateway/ML300 Series/ML300 (Other)
MFG-3003,Rugged High Performance Industrial Control PC,Nuvo-3000,Rugged/Legacy Rugged/Nuvo Series/Nuvo-3000
MFG-ML400G-10,Industrial Fanless Workstation Computer,ML400G-10,Industrial/Performance/ML400 Series/ML400G-10
MFX-ML450G-51-owsg,Industrial Intel Skylake Mini-ITX Computer,ML450G-51,Industrial/Performance/ML400 Series/ML450G-51
MFG-POC210,Rugged Wide-Temp Manufacturing Workstation,POC-120,Rugged/Legacy Rugged/POC Series/POC-120
Mi400,"LGX Mi400-10 10.4"" AMD Fusion Industrial Tablet",,///
K801-bjkf,OnLogic Karbon 801 Low-Profile High-Performance Rugged Computer,,///
K801-bjkf-bbyj,OnLogic Karbon 801 Low-Profile High-Performance Rugged Computer,,///
KTVU Rackmount i5 64bit-g4g4,KTVU Rackmount i5 64bit,MK150 (Other),Server/1U & 1.5U Rackmount/MK150 Series/MK150 (Other)
K300-k92j,Karbon 300 Compact Rugged Computer,,///
K300-k2lp,Karbon 300 Compact Rugged Computer for Thinglogix,,///
K300-kk77,Karbon 300 Compact Rugged Computer,,///
K300-m8wi,Karbon 300 Compact Rugged Computer,,///
K300-3d55,Karbon 300 Compact Rugged Computer,,///
K300-481u,Karbon 300 Compact Rugged Computer,,///
K300-gpvk,Karbon 300 Compact Rugged Computer,,///
K300-gcg8,Boeing - Co-location Karbon 300 Compact Rugged Computer,,///
K300-ln7a,UL Listed - Karbon 300 Compact Rugged Computer (EU Version),,///
IGT-20,Neousys ARM Automation and IoT Gateway,IGT-20,Rugged/Legacy Rugged/IGT Series/IGT-20
i7-MC500-888c,Commercial Intel Core Mini-ITX Computer,,///
ICM-3011D,"Embux ICM-3011 3.5"" NXP i.MX6 ARM Motherboard",,Components/Components/Components/
iAuto-Kasalis-PC01,Neousys Rugged Intel 6th Gen Computer w/Optional GPU and Expansion,Nuvo-6108GC,Rugged/Legacy Rugged/Nuvo Series/Nuvo-6108GC
ICS-IMB1212-i7-K,ICS IMB-1212 i7 Motherboard Kit,,Components/Components/Components/
ICG-x86-L,Low Profile Fanless Industrial Computer With Apollo Lake,ML350G-10,Industrial/Gateway/ML300 Series/ML350G-10
HX500-2483,OnLogic Helix 500 Intel Comet Lake Industrial Edge Computer,HX500,Industrial/Performance/HX500 Series/HX500
HX500-4c0k,OnLogic Helix 500 Intel Comet Lake Industrial Edge Computer,HX500,Industrial/Performance/HX500 Series/HX500
HX500-5rqi,OnLogic Helix 500 Intel Comet Lake Industrial Edge Computer,HX500,Industrial/Performance/HX500 Series/HX500
HX500-70fj,OnLogic Helix 500 Intel Comet Lake Industrial Edge Computer,HX500,Industrial/Performance/HX500 Series/HX500
HX500-8mv6,OnLogic Helix 500 Intel Comet Lake Industrial Edge Computer,HX500,Industrial/Performance/HX500 Series/HX500
HX500-59sc,OnLogic Helix 500 Intel Comet Lake Industrial Edge Computer,HX500,Industrial/Performance/HX500 Series/HX500
GRL600,Compact Fanless Single-channel NVR with Dual LAN and COM,ML350G-10 (GRL600),Industrial/Gateway/ML300 Series/ML350G-10 (GRL600)
GRL200,Rugged NVR with Gorilla Technology,DX-1100 (GRL200),Rugged/Mid Tier/DX Series/DX-1100 (GRL200)
GSI-TM100-wwkk-884g,Industrial Compact Thin Client with ThinManager,ML100G-10 (TM100),Industrial/Entry/ML100 Series/ML100G-10 (TM100)
GE MC600-s44s,GE MC600 w/ LPT,MC600 (Other),Industrial/Fanned/MC600 Series/MC600 (Other)
PPC-1030W,Embux 10'' NXP i.MX6 Panel PC,,///
PNFS-HX500,OnLogic Helix 500 Intel Comet Lake Industrial Edge Computer,HX500,Industrial/Performance/HX500 Series/HX500
PLUS-Nuvo-8108GC,Plus One Robotics - Nuvo-8108GC with GPU,Nuvo-8108GC,Rugged/High Performance/Nuvo Series/Nuvo-8108GC
NXT-DI-1000,Cincoze Rugged Intel Skylake Compact Fanless Computer,DI-1000,Rugged/Mid Tier/DI Series/DI-1000
NXEA-CL210G-11,NextEra - Fanless Industrial USFF Edge Device w/ Dual SIM,CL210G-11,Industrial/Small Form Factor/CL200 Series/CL210G-11
Nuvo-5026E,Neousys Rugged Intel Skylake Fanless Computer with Dual PCIe Slot Expansion Cassette,Nuvo-5026E,Rugged/Legacy Rugged/Nuvo Series/Nuvo-5026E
Nuvo-5006LP-EOIR-ckgg,Neousys Rugged Intel Skylake Low Profile Fanless Computer,,///
Nuvo-7160GC-c8co,Neousys Rugged Intel Coffee Lake Computer with Optional GPU,,///
NRT-MC500v3,NRT Technology Corp MC500v3,MC500 (Other),Industrial/Fanned/MC500 Series/MC500 (Other)
nScrypt-DX-1100,8th Generation Intel Core High-Performance Compact Rugged Computer,,///
NRT-MC500-8sso,MC500 Intel Core Embedded Mini Computer,MC500 (Other),Industrial/Fanned/MC500 Series/MC500 (Other)
NOL-1PORT-2x2-EXT,Pulse Group Fanless Industrial USFF Edge Device,CL200G-10 (Other),Industrial/Small Form Factor/CL200 Series/CL200G-10 (Other)
Moco-DS-1100-S-osws,Cincoze Rugged Intel Skylake Fanless Computer,,///
MTA-DS-1100-w8oo,Cincoze Rugged Intel Skylake Fanless Computer,,///
MTA-DS-1100-w8oo-0g0k,Cincoze Rugged Intel Skylake Fanless Computer,,///
mtch-mk100-cckk,Mtech MK100 Intel Atom Rackmount Computer,MK100 (Other),Server/1U & 1.5U Rackmount/MK100 Series/MK100 (Other)
MNTL-DI-1000,Montel Technologies - Cincoze Rugged Intel Skylake Compact Fanless Computer w/ GPS,,///
MTA-DS-1100-w8oo-skkk,Cincoze Rugged Intel Skylake Fanless Computer,,///
ML350G-10-am97,Low Profile Fanless Industrial Computer With Apollo Lake,ML350G-10,Industrial/Gateway/ML300 Series/ML350G-10
ML350G-10-c48o,Industrial Low Profile Fanless Computer With Apollo Lake,ML350G-10,Industrial/Gateway/ML300 Series/ML350G-10
ML350G-10-c6wg,Low Profile Fanless Industrial Computer With Apollo Lake,ML350G-10,Industrial/Gateway/ML300 Series/ML350G-10
ML350G-10-o4ow,Low Profile Fanless Industrial Computer With Apollo Lake,ML350G-10,Industrial/Gateway/ML300 Series/ML350G-10
ML350G-10-scwk,Low Profile Fanless Industrial Computer With Apollo Lake,ML350G-10,Industrial/Gateway/ML300 Series/ML350G-10
ML350G-10-cwws,Low Profile Fanless Industrial Computer With Apollo Lake,ML350G-10,Industrial/Gateway/ML300 Series/ML350G-10
ML350G-10-k8wg,Low Profile Fanless Industrial Computer With Apollo Lake,ML350G-10,Industrial/Gateway/ML300 Series/ML350G-10
ML350G-10-goks,Industrial Low Profile Fanless Computer With Apollo Lake,ML350G-10,Industrial/Gateway/ML300 Series/ML350G-10
MK400-60-az4t,MK400-60 4U Rackmount AMD EPYC 7002 Server,,///
ML100G-10-440c,Industrial Intel Bay Trail Fanless NUC Computer,ML100G-10,Industrial/Entry/ML100 Series/ML100G-10
ML100G-10-44kc,Industrial Intel Bay Trail Fanless NUC Computer,ML100G-10,Industrial/Entry/ML100 Series/ML100G-10
ML100G-10,Fanless Industrial Intel Bay Trail NUC Computer,ML100G-10,Industrial/Entry/ML100 Series/ML100G-10
ML100G-10-rt12,Fanless Industrial Intel Bay Trail NUC Computer,ML100G-10,Industrial/Entry/ML100 Series/ML100G-10
MK400-60-8cw4,4U Rackmount AMD EPYC Edge Server,,///
MK400-60-aaok,4U Rackmount AMD EPYC 7002 Server,MK400-60,Server/4U Rackmount/MK400 Series/MK400-60
MK400-70-y4lc,4U Rackmount Intel Cascade Lake Xeon Scalable Edge Server,MK400-70,Server/4U Rackmount/MK400 Series/MK400-70
ML100G-10-5mon,Fanless Industrial Intel Bay Trail NUC Computer,ML100G-10,Industrial/Entry/ML100 Series/ML100G-10
ML100G-10-coo0,Industrial Intel Bay Trail Fanless NUC Computer,ML100G-10,Industrial/Entry/ML100 Series/ML100G-10
MC500-ogs0,Intel Coffee Lake Mini-ITX Computer,MC510-50,Industrial/Fanned/MC500 Series/MC510-50
MC500-ogs0-skko,Intel Coffee Lake Mini-ITX Computer,MC510-50,Industrial/Fanned/MC500 Series/MC510-50
MC500-Maker-Space-c0og,Custom MC500 Donation,MC500 (Other),Industrial/Fanned/MC500 Series/MC500 (Other)
MC500-AlterG-0002,Commercial Intel Skylake Mini-ITX Computer,MC500-51,Industrial/Fanned/MC500 Series/MC500-51
MC500-ckgc,Industrial Intel Coffee Lake Mini-ITX Computer,MC500-50,Industrial/Fanned/MC500 Series/MC500-50
KEYE-ML350G-10-256,Low Profile Fanless Industrial Computer With Apollo Lake,ML350G-10,Industrial/Gateway/ML300 Series/ML350G-10
LECT-DX-1000,Cincoze Rugged Intel 6th/7th Gen Compact Fanless Computer,DX-1000,Rugged/Mid Tier/DX Series/DX-1000
KLA-ML100G-31-w4kg,Industrial Intel Dawson Canyon Fanless NUC Computer,ML100G-31,Industrial/Entry/ML100 Series/ML100G-31
LC-DE7000_r1,Lindsay AOpen Digital Engine DE7000 (Stock# 1509540),,Industrial/Fanned/Other/
K700-SE-osx8,Karbon 700 High-Performance Rugged Edge Computer,K700-SE,Rugged/Performance/K700 Series/K700-SE
K700-SE-pek3,Karbon 700 High-Performance Rugged Edge Computer,K700-SE,Rugged/Performance/K700 Series/K700-SE
K700-SE-gcs8,Karbon 700 High-Performance Rugged Edge Computer,K700-SE,Rugged/Performance/K700 Series/K700-SE
K700-SE-kbkm,Karbon 700 High-Performance Rugged Edge Computer,K700-SE,Rugged/Performance/K700 Series/K700-SE
K430-7k3c-1,Karbon 430 Intel Elkhart Lake Compact Rugged Computer with Expansion,,///
K700-SE-w4sc,Karbon 700 High-Performance Rugged Edge Computer,K700-SE,Rugged/Performance/K700 Series/K700-SE
K700-SE-mvav,Karbon 700 High-Performance Rugged Edge Computer,K700-SE,Rugged/Performance/K700 Series/K700-SE
K700-SE-pxpn,Karbon 700 High-Performance Rugged Edge Computer,K700-SE,Rugged/Performance/K700 Series/K700-SE
IMX-ML100G-52-newETL2,IMAX ETL Listed - Industrial Fanless Intel Whiskey Lake Embedded NUC With Dual LAN,,///
HX600-hbba,OnLogic Helix 600 Intel Comet Lake Expanded Industrial Edge Computer,HX600,Industrial/Performance/HX600 Series/HX600
HX600-hjpv,OnLogic Helix 600 Intel Comet Lake Expanded Industrial Edge Computer,HX600,Industrial/Performance/HX600 Series/HX600
HX600-g6j5,OnLogic Helix 600 Intel Comet Lake Expanded Industrial Edge Computer,HX600,Industrial/Performance/HX600 Series/HX600
HX610-09f1,Onlogic Helix 610 Intel Comet Lake Industrial Edge Computer With Optional Hot Swap Storage,HX610,Industrial/Performance/HX600 Series/HX610
HX600-8m58,OnLogic Helix 600 Intel Comet Lake Expanded Industrial Edge Computer,HX600,Industrial/Performance/HX600 Series/HX600
HX610-3l3h,Onlogic Helix 610 Intel Comet Lake Industrial Edge Computer With Optional Hot Swap Storage for Smit Terminals,HX610,Industrial/Performance/HX600 Series/HX610
HX600-o7s9,OnLogic Helix 600 Intel Comet Lake Expanded Industrial Edge Computer,HX600,Industrial/Performance/HX600 Series/HX600
GOTOK-HX500,GoTo Kiosk Helix 500 Intel Comet Lake Industrial Edge Computer,HX500,Industrial/Performance/HX500 Series/HX500
GP-3000,Cincoze Rugged Intel 9th/8th Gen Expandable Computer,,///
Gogo-ML400G-4w08,Industrial Intel 6th Gen Fanless Computer w/optional i7 and 4 COM,ML400G-52,Industrial/Performance/ML400 Series/ML400G-52
Google-K300-Ubu,Karbon 300 Compact Rugged Computer,K300,Rugged/Entry/K300 Series/K300
PROGRP-MK150-ss8s,Prometheus Group i5 MK150 Prototype w/ Quadro GPU,MK150 (Other),Server/1U & 1.5U Rackmount/MK150 Series/MK150 (Other)
Nuvo-7160GC-yirc,Neousys Rugged Intel Coffee Lake Computer with Optional GPU,,///
Nuvo-7160GC-ckkw,Neousys Rugged Intel Coffee Lake Computer with Optional GPU,,///
OTIS-HX500-RCM,Otis Elevator - OnLogic Helix 500 Intel Comet Lake Industrial Edge Computer w/ RCM Marking,HX500,Industrial/Performance/HX500 Series/HX500
OSSY-Nuvis-3304-8PoE,Osram Sylvania Nuvis-3304 8PoE,,///
Nuvo-7204VTC-ww4o,Neousys Coffee Lake In-Vehicle Platform with 4x PoE+ and PCIe expansion,Nuvo-7200VTC,Rugged/Legacy Rugged/Nuvo Series/Nuvo-7200VTC
OWA-ML100G-52,Industrial Fanless Intel Whiskey Lake Embedded NUC With Dual LAN,ML100G-52,Industrial/Entry/ML100 Series/ML100G-52
Nuvo-7160GC-qj40,Adient Neousys Rugged Intel Coffee Lake Computer with Optional GPU,,///
Nuvo-6000-owo0,Systems Integrated Fanless Skylake Industrial Computer with Expansion,,///
Nuvo-6000-w4s4,Nuvo-6000 Skylake Fanless System with GTX1060,,///
nuvo-3616-VideoMining-gc8k,Nuvo-3600 Series Intel Ivy Bridge Fanless Computer with PoE,,///
Nuvo-3600-Germane-swc4,Nuvo-3600 Series Intel Ivy Bridge Fanless Computer with PoE,,///
Nuvo-3120-0o0w-kogw,Rugged Intel Ivy Bridge Compact Computer,,///
Nuvo-3616VR-s4kw,Neousys Nuvo-3616VR with 16 PoE Fanless Wide Temperature Computer,,///
Nuvo-6032 Great River Tech-o48w,Nuvo-6032 Great River Tech,,///
NG250R-50,1U Rackmount Network Gateway with Untangle,MK100 (Other),Server/1U & 1.5U Rackmount/MK100 Series/MK100 (Other)
NGL-HX600,Nightingale Security OnLogic Helix 600 Intel Comet Lake Expanded Industrial Edge Computer,HX600,Industrial/Performance/HX600 Series/HX600
nc100-50-4koo,Commercial Intel® Kaby Lake NUC Computer,NC100-50,Industrial/Legacy Industrial/NC100 Series/NC100-50
NC220_INTEL-sk48,Industrial Intel Broadwell Fanless NUC Computer,NC200 (Other),Industrial/Legacy Industrial/NC200 Series/NC200 (Other)
NC220_INTEL-sk48-wk80-8kko,Industrial Intel Broadwell Fanless NUC Computer,,///
NC220_INTEL-sk48-wk80-8ww8,Industrial Intel Broadwell Fanless NUC Computer,,///
NISSIN-ML100G-41,Industrial Fanless AMD Ryzen 4000 Compact Computer,,///
NF9T-2930,Jetway NF9T-2930 Bay Trail Desktop Mini-ITX Motherboard,,Components/Components/Components/
NC100-50-sw8c,Industrial Intel Kaby Lake NUC Computer,NC100-50,Industrial/Legacy Industrial/NC100 Series/NC100-50
MOXI-HX500-R01,Diligent Robotics HX500 Industrial MOXI Computer,HX500,Industrial/Performance/HX500 Series/HX500
MowHawk-K700-SE,Karbon 700 High-Performance Rugged Edge Computer,K700-SE,Rugged/Performance/K700 Series/K700-SE
ML600G-51-00go,Industrial Fanless Server with Xeon,ML600G-51,Industrial/Performance/ML600 Series/ML600G-51
MOLX-CL210G-11,MOLEX CL210G-11,CL210G-11,Industrial/Small Form Factor/CL200 Series/CL210G-11
ML600G-51-HOC-8gk8-ko8s,Industrial Fanless Server with Xeon,ML600G-51,Industrial/Performance/ML600 Series/ML600G-51
ML450G-51-azc3,Fanless Industrial Intel Skylake Mini-ITX Computer,ML450G-51,Industrial/Performance/ML400 Series/ML450G-51
ML450G-51-0c4w,Industrial Intel Skylake Mini-ITX Computer,ML450G-51,Industrial/Performance/ML400 Series/ML450G-51
ML450G-51-qsno,Fanless Industrial Intel Skylake Mini-ITX Computer,,///
ML450G-51-PH12SI-InSystems-44go,Industrial Intel Skylake Mini-ITX Computer,ML450G-51,Industrial/Performance/ML400 Series/ML450G-51
ML450G-51-wkok,Industrial Intel Skylake Mini-ITX Computer,ML450G-51,Industrial/Performance/ML400 Series/ML450G-51
ml450g-51-ooog,Industrial Intel Skylake Mini-ITX Computer,ML450G-51,Industrial/Performance/ML400 Series/ML450G-51
ML450G-51-cgk4,Industrial Intel Skylake Mini-ITX Computer,ML450G-51,Industrial/Performance/ML400 Series/ML450G-51
ML210G-10,Fanless Industrial Intel Bay Trail Computer,ML210G-10,Industrial/Gateway/ML200 Series/ML210G-10
ML100G-53-7au7-EU,Industrial Fanless Intel 11th Gen Tiger Lake NUC,ML100G-53,Industrial/Entry/ML100 Series/ML100G-53
ML100G-53-wp6r,Industrial Fanless Intel 11th Gen Tiger Lake NUC,ML100G-53,Industrial/Entry/ML100 Series/ML100G-53
ML210G-10-CUPK-8w80,Industrial Intel Bay Trail Fanless Computer,ML210G-10,Industrial/Gateway/ML200 Series/ML210G-10
ML210G-10-JCI-0s84,Industrial Intel Bay Trail Fanless Computer,ML210G-10,Industrial/Gateway/ML200 Series/ML210G-10
ML210G-10-c8c8,Industrial Intel Bay Trail Fanless Computer,ML210G-10,Industrial/Gateway/ML200 Series/ML210G-10
Medi-HX401-PROTO-hf8o,OnLogic Helix 401 Fanless Hybrid-Core Computer,HX401,Industrial/Entry/HX400 Series/HX401
Metis-DX-1000-0gs0,Cincoze Rugged Intel 6th/7th Gen Compact Fanless Computer,,///
MK100B-51-ks80,Intel Skylake 1U Rackmount Computer,MK100B-51,Server/1U & 1.5U Rackmount/MK100 Series/MK100B-51
MF-MK150B-53-AMT,Moment Factory 1.5U with i7 and Intel AMT Board,,///
MK100B-51-o7hg,Intel Skylake 1U Rackmount Computer,,///
MC500-10-0wco,Commercial Intel Celeron Mini-ITX Computer,MC500-10,Industrial/Fanned/MC500 Series/MC500-10
mc600-51-4w4k-kwcs,Commercial Intel Xeon Compact Server Computer,MC600-51,Industrial/Fanned/MC600 Series/MC600-51
MC510-Client-ckko,MC510-Client For Budgetary Purposes (Internal Use Only),,///
MC600-50-cy0r,Intel Coffee Lake Mini-ITX Computer with Expansion,MC600-50,Industrial/Fanned/MC600 Series/MC600-50
MC600-51-owow,Commercial Intel Xeon Compact Server Computer,MC600-51,Industrial/Fanned/MC600 Series/MC600-51
KR900-wsws,Tactical Micro KR900 Kit,,Components/Components/Components/
KOMP-ML350G-10-okk4,Industrial Low Profile Fanless Computer With Apollo Lake,ML350G-10,Industrial/Gateway/ML300 Series/ML350G-10
KR900-Kit-4444,Robson Corp KR900 Component Kit,,Components/Components/Components/
KPLUS-DA-1000-00go,Cincoze Rugged Ultra Compact Fanless Computer,,///
Knodel-Core-ML250-w80o,ML250 Intel Core i3/i5/Celeron Fanless Industrial Computer,ML250 (Other),Industrial/Gateway/ML250 Series/ML250 (Other)
K700-SE-92th,Karbon 700 High-Performance Rugged Edge Computer,K700-SE,Rugged/Performance/K700 Series/K700-SE
k700-se-ao7j,Karbon 700 High-Performance Rugged Edge Computer,K700-SE,Rugged/Performance/K700 Series/K700-SE
K700-SE-9351,Karbon 700 High-Performance Rugged Edge Computer,K700-SE,Rugged/Performance/K700 Series/K700-SE
k700-x2-rbi8,Karbon 700 Expanded High-Performance Rugged Edge Computer for XOcean,K700-X2,Rugged/Performance/K700 Series/K700-X2
K700-SE-cckc,Karbon 700 High-Performance Rugged Edge Computer,K700-SE,Rugged/Performance/K700 Series/K700-SE
K700-SE-cscc-ks40,Karbon 700 High-Performance Rugged Edge Computer,K700-SE,Rugged/Performance/K700 Series/K700-SE
K700-X2-p3vp,Karbon 700 Expanded High-Performance Rugged Edge Computer,K700-X2,Rugged/Performance/K700 Series/K700-X2
K700-X2-sesy,Karbon 700 Expanded High-Performance Rugged Edge Computer,K700-X2,Rugged/Performance/K700 Series/K700-X2
IRD-K801,OnLogic Karbon 801 Low-Profile High-Performance Rugged Computer,,///
Intersection-NC220_R02,Intersection Compact NC220 System,NC200 (Other),Industrial/Legacy Industrial/NC200 Series/NC200 (Other)
HX310-y07b,OnLogic Helix 310 Intel Elkhart Lake Industrial Edge Computer,HX310,Industrial/Gateway/HX300 Series/HX310
HX330-jlaa,OnLogic Helix 330 Intel Elkhart Lake Industrial Edge Computer w/Additional LAN,,///
HX330-topr,OnLogic Helix 330 Intel Elkhart Lake Industrial Edge Computer w/Additional LAN,,///
HX600-46og,OnLogic Helix 600 Intel Comet Lake Expanded Industrial Edge Computer,HX600,Industrial/Performance/HX600 Series/HX600
HX310-PROTO-adxh,OnLogic Helix 310 Intel Elkhart Lake Industrial Edge Computer,HX310,Industrial/Gateway/HX300 Series/HX310
HX310-D004885,OnLogic Helix 310 Intel Elkhart Lake Industrial Edge Computer,HX310,Industrial/Gateway/HX300 Series/HX310
HX600-1qg5,OnLogic Helix 600 Intel Comet Lake Expanded Industrial Edge Computer,HX600,Industrial/Performance/HX600 Series/HX600
GE-MC500-V2,GE-MC500-V2,MC500 (Other),Industrial/Fanned/MC500 Series/MC500 (Other)
GE-MC500-V2-UL-ssws,GE-MC500-V2,MC500 (Other),Industrial/Fanned/MC500 Series/MC500 (Other)
GE-C292,GE C292 Industrial Computer,,Industrial/Fanned/Other/
GELI-DI-1000,Cincoze Rugged Intel Skylake Compact Fanless Computer,,///
GEAV-P2002,GE Aviation Intel Skylake Core i5 Panel PC,CV-P2002,Panel/Cincoze Panel/P2000 Series/CV-P2002
GENEA-ML210G-Branded-Win10,Genea Energy Branded ML210G-12 with Windows 10,,///
GENEA-ML210G-4GVZ-sksg,Genea Energy Branded ML210G-12,ML210G-12,Industrial/Gateway/ML200 Series/ML210G-12
OLGC-FR201-V1,Factor 201 Raspberry Pi Industrial IoT Gateway,FR201,Industrial/Small Form Factor/FR200 Series/FR201
OLGC-CL210G-10,Fanless Industrial USFF Edge Device w/ Dual LAN,CL210G-10,Industrial/Small Form Factor/CL200 Series/CL210G-10
OPBR-ML210G-XLR,"OpenBroadcaster, Inc. ML210G XLR",ML210G-10,Industrial/Gateway/ML200 Series/ML210G-10
ONE-ML600G-52,Industrial Fanless Intel Skylake Computer,ML600G-52,Industrial/Performance/ML600 Series/ML600G-52
ONC-ML450,Oncology Supply ML450,ML450G-51,Industrial/Performance/ML400 Series/ML450G-51
Nuvo-3000,Neousys Rugged Intel Ivy Bridge Fanless Computer,Nuvo-3000,Rugged/Legacy Rugged/Nuvo Series/Nuvo-3000
Nuvo-2510VTC,Neousys Rugged Efficient In-Vehicle Computer with PoE,Nuvo-2510VTC,Rugged/Legacy Rugged/Nuvo Series/Nuvo-2510VTC
Nuvo-3000-gg04,Neousys Rugged Intel Ivy Bridge Fanless Computer,,///
Nuvo-3000-ccck,Neousys Rugged Intel Ivy Bridge Fanless Computer,,///
Nuvo-5000LP-wkso,Neousys Rugged Intel Skylake Low Profile Fanless Computer,,///
Nuvo-5000LP-MAR2-g48g,Neousys Rugged Intel Skylake Low Profile Fanless Computer,,///
Nuvo-3000-wog0,Neousys Rugged Intel Ivy Bridge Fanless Computer,,///
N3160-NUC-IPC,ASRock N3160 Braswell NUC Motherboard,,Components/Components/Components/
N-M2-MK200-70-c08k,2U Rackmount Intel Cascade Lake Xeon Scalable Edge Server,MK200-70,Server/2U Rackmount/MK200 Series/MK200-70
n3160-nuc-ipc-csw4-sooo,N3160 Braswell NUC Motherboard Kit,,Components/Components/Components/
N3710-NUC-IPC,ASRock N3710 Braswell NUC Motherboard,,Components/Components/Components/
ML450G-50-ockc,ML450G-50 UPS Without Batteries,ML450G-50,Industrial/Performance/ML400 Series/ML450G-50
ML450G-50-ww80,Industrial Intel Haswell Core i3/i5 Mini-ITX Computer,ML450G-50,Industrial/Performance/ML400 Series/ML450G-50
ML450G-50_Amazon,Industrial Intel Haswell Core i3/i5 Mini-ITX Computer,ML450G-50,Industrial/Performance/ML400 Series/ML450G-50
ML450G-50_Amazon-i5,Industrial Intel Haswell Core i3/i5 Mini-ITX Computer,ML450G-50,Industrial/Performance/ML400 Series/ML450G-50
ml400g-510huntsman-g480,Industrial Intel Haswell Performance Mini-ITX Computer,ML400G-51,Industrial/Performance/ML400 Series/ML400G-51
ML400G-52-00so,Industrial Intel Skylake Mini-ITX Computer,ML400G-52,Industrial/Performance/ML400 Series/ML400G-52
ML450G-10-oowk,Industrial Intel Braswell Celeron Mini-ITX Computer,ML450G-10,Industrial/Performance/ML400 Series/ML450G-10
ML450G-11-e4u8,Fanless Industrial Intel Apollo Lake Mini-ITX Computer,ML450G-11,Industrial/Performance/ML400 Series/ML450G-11
ML400G-51-AD-g88c,Industrial Intel Haswell Performance Mini-ITX Computer,ML400G-51,Industrial/Performance/ML400 Series/ML400G-51
ML450G-51-00kk,Fanless Industrial Intel Skylake Mini-ITX Computer,ML450G-51,Industrial/Performance/ML400 Series/ML450G-51
ML450G-12-s88c,ML450G-12,ML400 (Other),Industrial/Performance/ML400 Series/ML400 (Other)
ML100G-51-5fby-pkxb,Industrial Fanless Intel Whiskey Lake NUC With Dual LAN,,///
ML100G-51-8gw4,Industrial Fanless Intel Whiskey Lake NUC With Dual LAN,,///
ML100G-51-ko0k,Industrial Fanless Intel Whiskey Lake NUC With Dual LAN,,///
ML100G-50-gsok,Industrial Intel Skylake Fanless NUC Computer,ML100G-50,Industrial/Entry/ML100 Series/ML100G-50
ML100G-41-zs6c-US,Industrial Fanless AMD Ryzen 4000 Compact Computer,ML100G-41,Industrial/Entry/ML100 Series/ML100G-41
MK400-60-r1dl,4U Rackmount AMD EPYC Edge Server,,///
ML100G-50-ocsw,Industrial Intel Skylake Fanless NUC Computer,ML100G-50,Industrial/Entry/ML100 Series/ML100G-50
MK100-POE-w8kg,MK100 with POE,MK100 (Other),Server/1U & 1.5U Rackmount/MK100 Series/MK100 (Other)
MK100B-10,Intel Bay Trail 1U Rackmount Computer,MK100B-10,Server/1U & 1.5U Rackmount/MK100 Series/MK100B-10
MK100B-50-ock4,Intel Haswell 1U Rackmount Computer,MK100B-50,Server/1U & 1.5U Rackmount/MK100 Series/MK100B-50
MK100B-50-woo8,Intel Haswell 1U Rackmount Computer,MK100B-50,Server/1U & 1.5U Rackmount/MK100 Series/MK100B-50
MK100B-51-g0og,Intel Skylake 1U Rackmount Computer,MK100B-51,Server/1U & 1.5U Rackmount/MK100 Series/MK100B-51
MK100B-40-d4x2,1U Rackmount AMD Ryzen Server,,///
MK100B-51-k0cg,Intel Skylake 1U Rackmount Computer,MK100B-51,Server/1U & 1.5U Rackmount/MK100 Series/MK100B-51
MK100B-10-NFB-c848,Intel Bay Trail 1U Rackmount Computer,MK100B-10,Server/1U & 1.5U Rackmount/MK100 Series/MK100B-10
MK100B-50-44w0,JelecMK100,MK100B-50,Server/1U & 1.5U Rackmount/MK100 Series/MK100B-50
Mc510-50-41iu,Industrial Intel Coffee Lake Mini-ITX Computer,MC510-50,Industrial/Fanned/MC500 Series/MC510-50
MC510-50-b5tq,Industrial Intel Coffee Lake Mini-ITX Computer,,///
mc500core-co0o,core mc500 6 LAN,,///
MC510-50-rv4z,Industrial Intel Coffee Lake Mini-ITX Computer,MC510-50,Industrial/Fanned/MC500 Series/MC510-50
MC510-50-sk4k,Industrial Intel Coffee Lake Mini-ITX Computer,MC510-50,Industrial/Fanned/MC500 Series/MC510-50
MC610-50-q8fc,Industrial Intel Coffee Lake Mini-ITX Expandable Computer,MC610-50,Industrial/Fanned/MC600 Series/MC610-50
MC510-50-u1tk,Industrial Intel Coffee Lake Mini-ITX Computer,MC510-50,Industrial/Fanned/MC500 Series/MC510-50
LIT-ML100G-10-8w4s,Litma ML100G-10,ML100G-10,Industrial/Entry/ML100 Series/ML100G-10
LNA-EXM161-80o8,LNA-EXM161,,///
LineV-ML500G-30,LineView Fanless Industrial Intel 6th Gen Computer w/optional i7,ML500G-30,Industrial/Performance/ML500 Series/ML500G-30
LILLY-CL250-muxt,CL250 Ultra Small Fanless Industrial Edge Gateway,CL250,Industrial/Small Form Factor/CL200 Series/CL250
K700-0ss0,Karbon 700 High-Performance Rugged Edge Computer,K700-SE,Rugged/Performance/K700 Series/K700-SE
K700-0ss0-o4wk,Karbon 700 High-Performance Rugged Edge Computer,K700-SE,Rugged/Performance/K700 Series/K700-SE
K430-qc5a,Karbon 430 Intel Elkhart Lake Compact Rugged Computer with Expansion,,///
K700-SE-08s0,Karbon 700 High-Performance Rugged Edge Computer,K700-SE,Rugged/Performance/K700 Series/K700-SE
K700-SE-0c8o,Karbon 700 High-Performance Rugged Edge Computer,K700-SE,Rugged/Performance/K700 Series/K700-SE
K430-pmt8,Karbon 430 Intel Elkhart Lake Compact Rugged Computer with Expansion,,///
K700-SE-0kog,Karbon 700 High-Performance Rugged Edge Computer,K700-SE,Rugged/Performance/K700 Series/K700-SE
K430-bqde,Karbon 430 Intel Elkhart Lake Compact Rugged Computer with Expansion,K430,Rugged/Entry/K400 Series/K430
INIT-ML500G-30-4cck,Industrial Intel 6th Gen Fanless Computer w/optional i7 and 4 COM,ML500G-30,Industrial/Performance/ML500 Series/ML500G-30
INLX-HX310,OnLogic Helix 310 Intel Elkhart Lake Industrial Edge Computer,HX310,Industrial/Gateway/HX300 Series/HX310
IKE-MC610-50-8oo8,Industrial Intel Coffee Lake Mini-ITX Expandable Computer for IKE,MC610-50,Industrial/Fanned/MC600 Series/MC610-50
HX500-ftod,OnLogic Helix 500 Intel Comet Lake Industrial Edge Computer,HX500,Industrial/Performance/HX500 Series/HX500
HX500-9mk9,OnLogic Helix 500 Intel Comet Lake Industrial Edge Computer,HX500,Industrial/Performance/HX500 Series/HX500
HX500-aqlb,OnLogic Helix 500 Intel Comet Lake Industrial Edge Computer,HX500,Industrial/Performance/HX500 Series/HX500
Grifols-ML100g-52-owgc,Industrial Fanless Intel Whiskey Lake Embedded NUC With Dual LAN,ML100G-52,Industrial/Entry/ML100 Series/ML100G-52
GRBN-K700-SE,Karbon 700 High-Performance Rugged Edge Computer,K700-SE,Rugged/Performance/K700 Series/K700-SE
GRAC-MC500-pfSense,Groupe Access MC500 pfSense,MC500 (Other),Industrial/Fanned/MC500 Series/MC500 (Other)
GPD-JC111,GPD Core 2 Duo JC-111 Mini-ITX System,,Industrial/Fanned/Other/
GRENETH-ml450g-s80c,Industrial Intel Braswell Celeron Mini-ITX Computer,ML450G-10,Industrial/Performance/ML400 Series/ML450G-10
PAV-MC500-4w08,Peerless-AV MC500,MC500-51,Industrial/Fanned/MC500 Series/MC500-51
PAV-MK100,Precision Audio Visual MK100,MK100 (Other),Server/1U & 1.5U Rackmount/MK100 Series/MK100 (Other)
PAV-MK100-Untangle,Precision Audio Visual MK100 with Untangle,MK100 (Other),Server/1U & 1.5U Rackmount/MK100 Series/MK100 (Other)
PHOENIXGEO-DA-1000,Phoenix Geophysics DA-1000,,///
PAR-IGN300-fxa8,Parsley Energy Rugged HMI with Ignition Software (Non OB Screen),P2002 (IGN300),Panel/Cincoze Panel/P2000 Series/P2002 (IGN300)
PAR-K300-SD,Karbon 300 Compact Rugged Computer,K300,Rugged/Entry/K300 Series/K300
PanasonicML251 ASR-ocs4,PanasonicML251,ML250 (Other),Industrial/Gateway/ML250 Series/ML250 (Other)
Nuvo-7000LP-w40s,Neousys Rugged Intel® Coffee Lake Low Profile Fanless Computer,,///
Nuvo-7000LP-x4p3,Neousys Rugged Intel® Coffee Lake Low Profile Fanless Computer,,///
Nuvo-7000E-4wks,Neousys Rugged Intel Coffee Lake Fanless Computer,,///
Nuvo-7000LP-j71r,Neousys Rugged Intel® Coffee Lake Low Profile Fanless Computer,,///
Nuvo-7000LP-upc9,Neousys Rugged Intel® Coffee Lake Low Profile Fanless Computer,,///
Nuvo-7000DE-aosl,Neousys Rugged Intel Coffee Lake Fanless Computer w/Dual PCIe Slots,,///
nuvo-7000de-4k0w,Neousys Rugged Intel Coffee Lake Fanless Computer w/Dual PCIe Slots,,///
Nuvo-7000E-ok4c,Neousys Rugged Intel Coffee Lake Fanless Computer,,///
Nuvo-7000E-1c5w,Neousys Rugged Intel Coffee Lake Fanless Computer,,///
Nuvis-3304,Nuvis-3304 HM76 Core i Fanless Computer,Nuvis-3304af,Rugged/Legacy Rugged/Nuvis Series/Nuvis-3304af
Nuvis-3304-NVL-48go,Nuvis-3304 HM76 Core i Fanless Computer,,///
Nuvis-3304-USPS-ogg0,Nuvis-3304-USPS,,///
Nuvis-3304-sgk8,Caterpillar Nuvis-3304,,///
Nuvis-3304-Autoliv,Autoliv Automotive Computer,,///
NALCO-P100-10AS,Mitac 10.1” Apollo Lake Industrial HMI Panel PC,P100-10AS,Panel/Mitac Panel/P100 Series/P100-10AS
ML450G-52-04o0,Industrial Intel Kaby Lake Mini-ITX Customizable Computer,ML450G-52,Industrial/Performance/ML400 Series/ML450G-52
ml450g-52-8h2g,Fanless Industrial Intel Skylake Mini-ITX Customizable Computer for IDS UK Ltd,ML450G-52,Industrial/Performance/ML400 Series/ML450G-52
ML600G-10-w40o,Industrial Fanless Intel Avoton Server Computer,ML600G-10,Industrial/Performance/ML600 Series/ML600G-10
ML600G-50-VIShots-ocg8,Industrial Fanless Intel Haswell Computer,ML600G-50,Industrial/Performance/ML600 Series/ML600G-50
ML450G-52-4osk,Fanless Industrial Intel Skylake Mini-ITX Customizable Computer,ML450G-12,Industrial/Performance/ML400 Series/ML450G-12
ML450G-52-co0o,ML450G,ML450G-52,Industrial/Performance/ML400 Series/ML450G-52
ML340G-CormacTech-w000,Low Profile Fanless Industrial Computer with Braswell,ML340G-50,Industrial/Gateway/ML300 Series/ML340G-50
ML210G-10-s8o0,Industrial Intel Bay Trail Fanless Computer,ML210G-10,Industrial/Gateway/ML200 Series/ML210G-10
ML210G-12-0wwg,Industrial Intel Braswell Fanless Computer with Dual Gb LAN,ML210G-12,Industrial/Gateway/ML200 Series/ML210G-12
ML210G-50-kksw,Industrial Intel Haswell i5 Thin Mini-ITX Computer,ML210G-50,Industrial/Gateway/ML200 Series/ML210G-50
ML210G-10-ss00,Industrial Intel Bay Trail Fanless Computer,ML210G-10,Industrial/Gateway/ML200 Series/ML210G-10
ML210G-10-TGLF-g4gk,Industrial Intel Bay Trail Fanless Computer,ML210G-10,Industrial/Gateway/ML200 Series/ML210G-10
ML210G-50-oooo,Industrial Intel Haswell i5 Thin Mini-ITX Computer,ML210G-50,Industrial/Gateway/ML200 Series/ML210G-50
ml210g-10-sgo8,Industrial Intel Bay Trail Fanless Computer,ML210G-10,Industrial/Gateway/ML200 Series/ML210G-10
ML210G-10-oscc,Industrial Intel Bay Trail Fanless Computer,ML210G-10,Industrial/Gateway/ML200 Series/ML210G-10
MK200-70,MK200-70 2U Rackmount Intel 2nd Gen Xeon SP Server,MK200-70,Server/2U Rackmount/MK200 Series/MK200-70
MK150B-54,1.5U Rackmount Intel Coffee Lake Xeon E Edge Server,MK150B-54,Server/1U & 1.5U Rackmount/MK150 Series/MK150B-54
MK150B-53,1.5U Rackmount Intel Coffee Lake Computer,MK150B-53,Server/1U & 1.5U Rackmount/MK150 Series/MK150B-53
MK150B-53-ctij,1.5U Rackmount Intel Coffee Lake Computer,,///
MK150B-70,1.5U Rackmount Scalable Xeon Edge Server with PCIe expansion,MK150B-70,Server/1U & 1.5U Rackmount/MK150 Series/MK150B-70
MK200-70-cpdx-qo7c,2U Rackmount Intel Cascade Lake Xeon Scalable Edge Server,,///
MK150B-53-ee4a,1.5U Rackmount Intel Coffee Lake Computer,,///
MK150B-51-ogoo,Commercial Intel Xeon 1.5U Rackmount Server,MK150B-51,Server/1U & 1.5U Rackmount/MK150 Series/MK150B-51
MC602B-30,Commercial Intel Core Computer with Removable Storage,MC600 (Other),Industrial/Fanned/MC600 Series/MC600 (Other)
MC601-CUSTOM-1211-ocks,MC601-CUSTOM-1211,MC600 (Other),Industrial/Fanned/MC600 Series/MC600 (Other)
MC600-NVR-ccks,Storage Oriented Mobile NVR,MC600 (Other),Industrial/Fanned/MC600 Series/MC600 (Other)
MC600-Sensen-ssk0,Commercial Intel Skylake Computer with Expansion,MC600-52,Industrial/Fanned/MC600 Series/MC600-52
MC600-Vipond-R2-88gc,Industrial Video Wall Digital Media Player,MC600-50,Industrial/Fanned/MC600 Series/MC600-50
MC610-10-8ggo,Efficient Intel Apollo Lake Mini-ITX Expandable Computer,MC610-10,Industrial/Fanned/MC600 Series/MC610-10
mc600-52-4o80,Commercial Intel Skylake Computer with Expansion,MC600-52,Industrial/Fanned/MC600 Series/MC600-52
MC600-52-804g,Commercial Intel Skylake Computer with Expansion,MC600-52,Industrial/Fanned/MC600 Series/MC600-52
MC600-IMB-190-o44c,Fanned Intel Skylake Computer,MC600-52,Industrial/Fanned/MC600 Series/MC600-52
MC600-NVR-4c0s,ProVision MC600 NVR System,MC600-50,Industrial/Fanned/MC600 Series/MC600-50
LNX-ML210,Industrial Intel Haswell i5 Thin Mini-ITX Computer with Ubuntu Linux,ML210G-50,Industrial/Gateway/ML200 Series/ML210G-50
LOGX-ML350G-LITE,Low Profile Fanless Industrial Computer With Apollo Lake,ML350G-10,Industrial/Gateway/ML300 Series/ML350G-10
LOGX-CV-P1101,Cincoze Rugged Intel Apollo Lake Panel PC,CV-P1101,Panel/Cincoze Panel/P1000 Series/CV-P1101
LRPC-K700-X2-1el0,Karbon 700 Expanded High-Performance Rugged Edge Computer,K700-X2,Rugged/Performance/K700 Series/K700-X2
LORAM-DA-1100,Cincoze Rugged Apollo Lake Ultra Compact Fanless Computer,DA-1100,Rugged/Entry/DA Series/DA-1100
LND-FZ-HX600,"OnLogic Helix 600 Intel Comet Lake Expanded Industrial Edge Computer for Linde, Inc.",HX600,Industrial/Performance/HX600 Series/HX600
K700-SE-2,Karbon 700-SE-2 High-Performance Rugged Edge Computer,K700-SE-2,Rugged/Performance/K700 Series/K700-SE-2
K700-SE-2-3lxz,Karbon 700-SE-2 High-Performance Rugged Edge Computer,K700-SE-2,Rugged/Performance/K700 Series/K700-SE-2
K700-SE-2-asuy,Karbon 700-SE-2 High-Performance Rugged Edge Computer,K700-SE-2,Rugged/Performance/K700 Series/K700-SE-2
K700-SE-2-wl55,Karbon 700-SE-2 High-Performance Rugged Edge Computer,K700-SE-2,Rugged/Performance/K700 Series/K700-SE-2
K700-SE-2-yez9,Karbon 700-SE-2 High-Performance Rugged Edge Computer,K700-SE-2,Rugged/Performance/K700 Series/K700-SE-2
K700-SE-2-qzir,Karbon 700-SE-2 High-Performance Rugged Edge Computer,K700-SE-2,Rugged/Performance/K700 Series/K700-SE-2
K700-SE-41a2,Karbon 700 High-Performance Rugged Edge Computer,K700-SE,Rugged/Performance/K700 Series/K700-SE
K700-SE-2rzw-5lo7,Karbon 700 High-Performance Rugged Edge Computer,K700-SE-2,Rugged/Performance/K700 Series/K700-SE-2
K700-SE-4sck,Karbon 700 High-Performance Rugged Edge Computer,K700-SE,Rugged/Performance/K700 Series/K700-SE
IGL200-9cai,Ultra-small Fanless IGEL Ready Thin Client,CL210G-10 (IGL200),Industrial/Small Form Factor/CL200 Series/CL210G-10 (IGL200)
IFSDashboard,Instrumar Industrial Fanless Computer,ML300 (Other),Industrial/Gateway/ML300 Series/ML300 (Other)
IFU-ML340G-50,Institut für Unternehmenskybernetik (IfU) ML340G-50,ML340G-50,Industrial/Gateway/ML300 Series/ML340G-50
IGL300,Compact Rugged IGEL Ready Thin Client,K300 (IGL300),Rugged/Entry/K300 Series/K300 (IGL300)
IGCP-ML350G-10-4G,Insight Global Connected Platform - Low Profile Fanless Industrial Computer With Apollo Lake,,///
IEP-Nuvo-5000-kg80,Neousys Rugged Intel Skylake Fanless Computer,Nuvo-5000,Rugged/Performance/Nuvo Series/Nuvo-5000
ICS-IMB170-K-00-sssw,ICS Motherboard Kit,,///
GTS100,OnLogic Go Temperature Screening Kiosk,,///
GTX-HX401,OnLogic Helix 401 Fanless Hybrid-Core Computer,HX401,Industrial/Entry/HX400 Series/HX401
PF-FR201,Factor 201 Raspberry Pi Industrial IoT Gateway,FR201,Industrial/Small Form Factor/FR200 Series/FR201
PerHT-ML210,Perkins Healthcare Technologies ML210,ML210G-10,Industrial/Gateway/ML200 Series/ML210G-10
Pfiffner-HX310,OnLogic Helix 310 Intel Elkhart Lake Industrial Edge Computer,HX310,Industrial/Gateway/HX300 Series/HX310
Pepsi-K700-R01,Karbon 700 OIT High-Performance Rugged Computer,K700-SE,Rugged/Performance/K700 Series/K700-SE
PH12SI-D-4g0w,Mitac PH12SI Skylake Desktop Thin Mini-ITX Motherboard,,///
NUC7i5DNBE-REVO-0c4o,NUC7i5DNBE-REVO,,Components/Components/Components/
NUC5I5MYHE-Comp-4gkc,Intel NUC5i5MYHE Maple Canyon Broadwell i5 NUC Barebone,,Components/Components/Components/
NUC-8665UE-IPC,ASRock NUC-8665UE Motherboard,,///
NUC8i7HXK-8g4o,Commercial Intel Kaby Lake G NUC with Built in AMD Vega Graphics,,///
NUCi3-Compview-0g8o,Industrial Intel Broadwell Fanless NUC Computer,,Components/Components/Components/
NUC7i5DNBE-gkwg,Civiq NUC7i5DNBE BOM,,Components/Components/Components/
Nearlo ML100-sc0k,Industrial Intel Broadwell Fanless NUC Computer,ML100G-30,Industrial/Entry/ML100 Series/ML100G-30
NEEL-HX500-EU,OnLogic Helix 500 Intel Comet Lake Industrial Edge Computer,HX500,Industrial/Performance/HX500 Series/HX500
MVXMC600-oc44,MedVantx Core i MC600,MC600 (Other),Industrial/Fanned/MC600 Series/MC600 (Other)
MVXMC600-wcs0,Core i MC600 System,,///
Nettit3-Nuvo-5000LP-ckc0,Neousys Rugged Intel Skylake Low Profile Fanless Computer,Nuvo-5000LP,Rugged/Performance/Nuvo Series/Nuvo-5000LP
ML510G-50-s79z,Compact Fanless Industrial Coffee Lake Computer,,///
ML510G-50-tz1x,Compact Fanless Industrial Coffee Lake Computer,,///
ML510G-50-w000,Compact Fanless Industrial Coffee Lake Computer,ML510G-50,Industrial/Performance/ML500 Series/ML510G-50
ML510G-50-f0hq,Compact Fanless Industrial Coffee Lake Computer,,///
ML600G-50-5eqk,Fanless Industrial Intel Haswell Computer,ML600G-50,Industrial/Performance/ML600 Series/ML600G-50
ML510G-50-cks0,Compact Fanless Industrial Coffee Lake Computer,,///
ML600G-30-kc40,Industrial Fanless Intel Haswell Computer w/ Hot Swap,ML600G-30,Industrial/Performance/ML600 Series/ML600G-30
ML600-USCIS-s4cc,Industrial Fanless Intel Haswell Computer w/ Hot Swap,ML600G-30,Industrial/Performance/ML600 Series/ML600G-30
ML600G-30-004k,Industrial Fanless Intel Haswell Computer w/ Hot Swap,ML600G-30,Industrial/Performance/ML600 Series/ML600G-30
ML600G-50-sco8,Industrial Fanless Intel Haswell Computer,ML600G-50,Industrial/Performance/ML600 Series/ML600G-50
ML100G-31UL,Fanless Industrial Intel Dawson Canyon NUC Computer,ML100G-31,Industrial/Entry/ML100 Series/ML100G-31
ML100G-31PI,PI Industrial Intel Dawson Canyon Fanless NUC Computer,ML100G-31,Industrial/Entry/ML100 Series/ML100G-31
ML100G-40-088g,Compact Fanless AMD Ryzen&trade; Industrial Computer,ML100G-40,Industrial/Entry/ML100 Series/ML100G-40
ML100G-40-w0wg,Compact Fanless AMD Ryzen Mini PC,ML100G-40,Industrial/Entry/ML100 Series/ML100G-40
ML100G-31-UL-wwo4,Industrial Intel Dawson Canyon Fanless NUC Computer,ML100G-31,Industrial/Entry/ML100 Series/ML100G-31
ML100G-40-BCP,ML100G-40 for BCP,,///
ML100G-41-8le3,Industrial Fanless AMD Ryzen 4000 Compact Computer,ML100G-41,Industrial/Entry/ML100 Series/ML100G-41
ML100G-40-tmrp,Compact Fanless AMD Ryzen Mini PC,ML100G-40,Industrial/Entry/ML100 Series/ML100G-40
ML100G-31-kwuh,Fanless Industrial Intel Dawson Canyon NUC Computer,,///
MK101B-30-Idea-o0s4,Intel Ivy Bridge 1U Rackmount Computer,MK101B-30,Server/1U & 1.5U Rackmount/MK100 Series/MK101B-30
MILO-ML100G-31,Micrologic NeurON Branded ML100G-31,ML100G-31,Industrial/Entry/ML100 Series/ML100G-31
MK103-TEKT-88gs-8c8k,Intel Core 1U Rackmount Computer,MK100 (Other),Server/1U & 1.5U Rackmount/MK100 Series/MK100 (Other)
MK103-TEKT-88gs-4o48,Intel Core 1U Rackmount Computer,MK100 (Other),Server/1U & 1.5U Rackmount/MK100 Series/MK100 (Other)
MITS-ML500G-30,Industrial Intel 6th Gen Fanless Computer w/optional i7 and 4 COM,ML500G-30,Industrial/Performance/ML500 Series/ML500G-30
MILO-ML500G-30,MicroLogic ML500G-30 Fanless Industrial Intel 6th Gen Computer,ML500G-30,Industrial/Performance/ML500 Series/ML500G-30
MC610-50-0o0c,Industrial Intel Coffee Lake Mini-ITX Expandable Computer,MC610-50,Industrial/Fanned/MC600 Series/MC610-50
MC610-50-g484,Industrial Intel Coffee Lake Mini-ITX Expandable Computer,MC610-50,Industrial/Fanned/MC600 Series/MC610-50
MC610-50-0w84-kwk0,Industrial Intel Coffee Lake Mini-ITX Expandable Computer,,///
MC610-50-kcoc,Industrial Intel Coffee Lake Mini-ITX Expandable Computer,MC610-50,Industrial/Fanned/MC600 Series/MC610-50
MC610-50-84wc,Intel Coffee Lake Mini-ITX Computer with Expansion,MC610-50,Industrial/Fanned/MC600 Series/MC610-50
LTS-CV-P1001,Cincoze Rugged Intel Bay Trail Industrial Panel PC,CV-P1001,Panel/Cincoze Panel/P1000 Series/CV-P1001
K802-tl6w,OnLogic Karbon 802 High-Performance Rugged Computer w/ModBay,,///
K802-zh1w,OnLogic Karbon 802 High-Performance Rugged Computer w/ModBay,K802,Rugged/Performance/K800 Series/K802
K802-x9lq,OnLogic Karbon 802 High-Performance Rugged Computer w/ModBay,,///
K802-s3ah,OnLogic Karbon 802 High-Performance Rugged Computer w/ModBay,,///
K802-9aur,OnLogic Karbon 802 High-Performance Rugged Computer w/ModBay,,///
k802-zn2a,OnLogic Karbon 802 High-Performance Rugged Computer w/ModBay,K802,Rugged/Performance/K800 Series/K802
K802-1gwr,OnLogic Karbon 802 High-Performance Rugged Computer w/ModBay,,///
Intellicyt ML250-gg0s,Intellicyt ML250,ML250 (Other),Industrial/Gateway/ML250 Series/ML250 (Other)
Intersection-NC220_R01-Wifi-4o4c,Intersection Compact NC220 System with WiFi,NC200 (Other),Industrial/Legacy Industrial/NC200 Series/NC200 (Other)
Intersection-NC220_R01-Wifi,Intersection Compact NC220 System with WiFi,NC200 (Other),Industrial/Legacy Industrial/NC200 Series/NC200 (Other)
HX310-0ja8,OnLogic Helix 310 Intel Elkhart Lake Industrial Edge Computer,HX310,Industrial/Gateway/HX300 Series/HX310
PD10BI,Mitac PD10BI Thin Mini-ITX Motherboard with Intel Bay Trail,,Components/Components/Components/
PEG-K700,Karbon 700 High-Performance Rugged Edge Computer,K700-SE,Rugged/Performance/K700 Series/K700-SE
PEG-K700-X2-00gw,Porsche Eng Group Karbon 700 High-Performance Rugged Edge Computer with Expansion,K700-X2,Rugged/Performance/K700 Series/K700-X2
Nuvo-8208GC-ombh,Neousys Rugged Computer with Dual GPU Expansion,Nuvo-8208GC,Rugged/High Performance/Nuvo Series/Nuvo-8208GC
Nuvo-7501-gg0c,Neousys Rugged Entry-Level Compact Fanless Coffee Lake Computer,,///
Nuyt Co MC600-s0k4,Nuyt Co MC600,MC600 (Other),Industrial/Fanned/MC600 Series/MC600 (Other)
Nuvo-9160GC-LiRo-Proto-onq9,Neousys Rugged Intel Coffee Lake Computer with Optional GPU,Nuvo-9160GC,Rugged/Performance/Nuvo Series/Nuvo-9160GC
Nuvo-8108GC-g88o,Plus One Robotics - Nuvo-8108GC without GPU,,///
Nuvo-8108GC-wz20,Neousys Rugged Edge AI Computer,,///
NUVO-4000-Zolo-8ocw,Neousys Intel Ivy Bridge Fanless Computer with Expansion,Nuvo-4000,Rugged/Legacy Rugged/Nuvo Series/Nuvo-4000
Nuvo-5000 Nextgen-400o,Neousys Rugged Intel Skylake Fanless Computer,,///
Nuvo-5000-08sw,Neousys Rugged Intel Skylake Fanless Computer,,///
Nuvo-5000-004o,Neousys Rugged Intel Skylake Fanless Computer,Nuvo-5000,Rugged/Performance/Nuvo Series/Nuvo-5000
Nuvo-5000-sos0,Neousys Rugged Intel Skylake Fanless Computer,,///
Nuvo-5000-pyn2,Neousys Rugged Intel Skylake Fanless Computer,,///
Nuvo-5000-s44c,Neousys Rugged Intel Skylake Fanless Computer,,///
Nuvo-5000-w8cw,Neousys Rugged Intel Skylake Fanless Computer,,///
Nuvo-5000-k0ks,Neousys Rugged Intel Skylake Fanless Computer,,///
Nuvo-5000LP-DCS-skkk,Neousys Rugged Intel Skylake Low Profile Fanless Computer,,///
Nuvo-5000-BBDR-og80,Neousys Rugged Intel Skylake Fanless Computer,,///
Nuvo-5000-79id,Neousys Rugged Intel Skylake Fanless Computer,,///
Nuvo-5000LP-ATT-osow,Neousys Rugged Intel Skylake Low Profile Fanless Computer,,///
MTS-HX401-BIS,OnLogic Helix 401 Fanless Hybrid-Core Computer,HX401,Industrial/Entry/HX400 Series/HX401
ml500g-50-w4s0,Industrial Intel 6th Gen Fanless Computer w/optional i7,ML500G-50,Industrial/Performance/ML500 Series/ML500G-50
ml510g-5-3e6t,Compact Fanless Industrial Coffee Lake Computer,,///
ML600G-52-wgck,Industrial Fanless Intel Skylake Computer,ML600G-52,Industrial/Performance/ML600 Series/ML600G-52
ML500G-50-ks4g,Industrial Intel 6th Gen Fanless Computer w/optional i7,ML500G-50,Industrial/Performance/ML500 Series/ML500G-50
ML510G-50-2pqg,Compact Fanless Industrial Coffee Lake Computer,,///
ML400G-10-wok4,Industrial Intel Bay Trail Celeron Mini-ITX Computer,ML400G-10,Industrial/Performance/ML400 Series/ML400G-10
ML400G-12,Fanless Industrial Intel Bay Trail Celeron Computer with 5 LAN,ML400G-12,Industrial/Performance/ML400 Series/ML400G-12
ml340g-50-4w0g,Low Profile Fanless Intel Core i3/i5/i7 Industrial Computer,ML340G-50,Industrial/Gateway/ML300 Series/ML340G-50
ML340G-50-84g8,Low Profile Fanless Intel Core i3/i5/i7 Industrial Computer,ML340G-50,Industrial/Gateway/ML300 Series/ML340G-50
ML320Unilux-wggk,15 ML320,ML300 (Other),Industrial/Gateway/ML300 Series/ML300 (Other)
ML400G-10-o4w4,Industrial Intel Bay Trail Celeron Mini-ITX Computer,ML400G-10,Industrial/Performance/ML400 Series/ML400G-10
ml400g-10-s8gg-0okg,Industrial Intel Bay Trail Celeron Mini-ITX Computer,ML400G-10,Industrial/Performance/ML400 Series/ML400G-10
ML350G-10-zbc8,Low Profile Fanless Industrial Computer With Apollo Lake,ML350G-10,Industrial/Gateway/ML300 Series/ML350G-10
ML100G-30-08w8,Industrial Intel Broadwell Fanless NUC Computer,ML100G-30,Industrial/Entry/ML100 Series/ML100G-30
ML100G-30-404c,Industrial Intel Broadwell Fanless NUC Computer,ML100G-30,Industrial/Entry/ML100 Series/ML100G-30
MK150B-51-Hahn-48gk,Commercial Intel Xeon 1.5U Rackmount Server,MK150B-51,Server/1U & 1.5U Rackmount/MK150 Series/MK150B-51
MK150B-51-gwsc,Commercial Intel Xeon 1.5U Rackmount Server,MK150B-51,Server/1U & 1.5U Rackmount/MK150 Series/MK150B-51
ML100G-10A-DIV1,Diversified Systems ML100G-10,ML100G-10,Industrial/Entry/ML100 Series/ML100G-10
ML100G-10-ww8g,Industrial Intel Bay Trail Fanless NUC Computer,ML100G-10,Industrial/Entry/ML100 Series/ML100G-10
ml100g-30-08sc,Industrial Intel Broadwell Fanless NUC Computer,ML100G-30,Industrial/Entry/ML100 Series/ML100G-30
ML100G-30-s80s,Industrial Intel Broadwell Fanless NUC Computer,ML100G-30,Industrial/Entry/ML100 Series/ML100G-30
ML100G-30-Trussmaster2-8cgk,Industrial Intel Broadwell Fanless NUC Computer,ML100G-30,Industrial/Entry/ML100 Series/ML100G-30
ML100G-30-Trussmaster-wsg8,Industrial Intel Broadwell Fanless NUC Computer,ML100G-30,Industrial/Entry/ML100 Series/ML100G-30
ML100G-30WSP-8w8c,Industrial Intel Broadwell Fanless NUC Computer,ML100G-30,Industrial/Entry/ML100 Series/ML100G-30
MC850-40-8cog,Compact Industrial AMD Ryzen Edge Server,MC850-40,Server/Standalone/MC850 Series/MC850-40
MC850-40-kzqw,Compact Industrial AMD Ryzen Edge Server,MC850-40,Server/Standalone/MC850 Series/MC850-40
MC850-50,Fanned Industrial Intel 6th Gen GPU Capable Computer,MC850-50,Server/Standalone/MC850 Series/MC850-50
MC850-Fog-Concept-r01-g0w8,MC850 Xeon D1541 Fog Concept,MC850-51,Server/Standalone/MC850 Series/MC850-51
mc850-53-c448,Commercial Intel 8th Gen GPU Capable Computer,MC850-53,Server/Standalone/MC850 Series/MC850-53
MC850-53-d422,Industrial Intel Coffee Lake Expandable Computer,MC850-53,Server/Standalone/MC850 Series/MC850-53
MC850-70-sgwk,Mini-ITX Scalable Xeon Mini Edge Server with PCIe expansion,,///
LS450-51U16-IOM-Access-ID-300,Princeton Identity ML450-51 (Ubuntu),ML450G-51,Industrial/Performance/ML400 Series/ML450G-51
LS450-51W10-32RAM256SSD-c0os,Princeton Identity ML450-51 (Win 10),ML450G-51,Industrial/Performance/ML400 Series/ML450G-51
LS450G-51-PRID-sk4k,Industrial Intel Skylake Mini-ITX Computer,ML450G-51,Industrial/Performance/ML400 Series/ML450G-51
LS-POC-210,Electro-Matic Visual POC-210,POC-200,Rugged/Legacy Rugged/POC Series/POC-200
LS450-10U18-IOM-Access-ID-200-sg8w,Princeton Identity ML450G-10 (No OS),ML450G-10,Industrial/Performance/ML400 Series/ML450G-10
K804-n7eh,OnLogic Karbon 804 High-Performance Rugged Computer w/ModBay & PCIe,K804,Rugged/Performance/K800 Series/K804
K804-l7ca,OnLogic Karbon 804 High-Performance Rugged Computer w/ModBay & PCIe,K804,Rugged/Performance/K800 Series/K804
K804-nrdy,OnLogic Karbon 804 High-Performance Rugged Computer w/ModBay & PCIe,K804,Rugged/Performance/K800 Series/K804
K804-oksb,OnLogic Karbon 804 High-Performance Rugged Computer w/ModBay & PCIe,K804,Rugged/Performance/K800 Series/K804
K804-evq4,OnLogic Karbon 804 High-Performance Rugged Computer w/ModBay & PCIe,K804,Rugged/Performance/K800 Series/K804
K803-PROTO-jkm5,OnLogic Karbon 803 High-Performance Rugged Computer w/PCIe,K803,Rugged/Performance/K800 Series/K803
K804-Apera-AI-Test1,OnLogic Karbon 804 High-Performance Rugged Computer w/ModBay & PCIe,K804,Rugged/Performance/K800 Series/K804
K804-nrdy-4s4u,OnLogic Karbon 804 High-Performance Rugged Computer w/ModBay & PCIe,K804,Rugged/Performance/K800 Series/K804
K804-h0to,OnLogic Karbon 804 High-Performance Rugged Computer w/ModBay & PCIe,K804,Rugged/Performance/K800 Series/K804
K700-X2-2ahg,Karbon 700 Expanded High-Performance Rugged Edge Computer,K700-X2-2,Rugged/Performance/K700 Series/K700-X2-2
IronBow-ML340-V6,Iron Bow ML340 V6 - i5 / Win 10 IoT,ML340G-51,Industrial/Gateway/ML300 Series/ML340G-51
IronBow-ML340-V4,Iron Bow ML340 V4,ML340G-51,Industrial/Gateway/ML300 Series/ML340G-51
IronBow-ML340-V5,Iron Bow ML340 V5,ML340G-51,Industrial/Gateway/ML300 Series/ML340G-51
Ironbow-ML340-V5-Pilot,Iron Bow ML340 V5,ML340G-51,Industrial/Gateway/ML300 Series/ML340G-51
ISG-MC610-50-kcoc,Industrial Intel Coffee Lake Mini-ITX Expandable Computer,MC610-50,Industrial/Fanned/MC600 Series/MC610-50
IronBow-ML340-V3,Iron Bow ML340 V3,ML340G-51,Industrial/Gateway/ML300 Series/ML340G-51
i-Auto-Nuvo-5095GC,Bloom Automation Rugged Computer with GPU,,///
I2R-CV108-P1001-4g40,"I2R 8.4"" Panel PC",,///
HX610-9ved-5fcb,Onlogic Helix 610 Intel Comet Lake Industrial Edge Computer With Optional Hot Swap Storage,HX610,Industrial/Performance/HX600 Series/HX610
HX610-au29,Onlogic Helix 610 Intel Comet Lake Industrial Edge Computer With Optional Hot Swap Storage,HX610,Industrial/Performance/HX600 Series/HX610
HX610-dzf9,Onlogic Helix 610 Intel Comet Lake Industrial Edge Computer With Optional Hot Swap Storage,HX610,Industrial/Performance/HX600 Series/HX610
HX610-kc8e,Onlogic Helix 610 Intel Comet Lake Industrial Edge Computer With Optional Hot Swap Storage,HX610,Industrial/Performance/HX600 Series/HX610
HX610-zo9m,Onlogic Helix 610 Intel Comet Lake Industrial Edge Computer With Optional Hot Swap Storage,HX610,Industrial/Performance/HX600 Series/HX610
PRVS-HX500,Purvis Helix 500 Intel Comet Lake Industrial Edge Computer,HX500,Industrial/Performance/HX500 Series/HX500
PROGRP-MC610G-50,The Prometheus Group Compact Computer w/ Expansion,MC610-50,Industrial/Fanned/MC600 Series/MC610-50
Nuvo-5100VTC-ow00,Neousys Rugged Intel Skylake In-Vehicle Computer with PoE,,///
Nuvo-5100VTC-kocg,Neousys Rugged Intel Skylake In-Vehicle Computer with PoE,,///
Nuvo-5100VTC,Neousys Rugged Intel Skylake In-Vehicle Computer with PoE,Nuvo-5100VTC,Rugged/Legacy Rugged/Nuvo Series/Nuvo-5100VTC
Nuvo-5095GC-8wgw,Neousys Rugged Intel Skylake Computer with Optional GPU,,///
Nuvo-5095GC-oskc,Neousys Rugged Intel Skylake Computer with Optional GPU,,///
NF592-Q170-sc0w,SecurityMetrics 8 LAN Component BOM,,Components/Components/Components/
NF594-Q170,Jetway NF594-Q170 Skylake Desktop Mini-ITX Motherboard,,Components/Components/Components/
NF83-Cust-g8ck,nf83 fanned,,Components/Components/Components/
NF83-Cust-wsgo,nf83 fanned,,Components/Components/Components/
NF9D-2550,Jetway NF9D-2550 Cedarview Fanless Mini-ITX Motherboard,,Components/Components/Components/
NUC-6100U-REVO-4088,NUC-6100U-REVO,,Components/Components/Components/
Newtec-ML100G-31,Newtec Cy NV Fanless Industrial Intel Dawson Canyon NUC Computer,ML100G-31,Industrial/Entry/ML100 Series/ML100G-31
ML600G-52-0swc,Industrial Fanless Intel Skylake Computer,ML600G-52,Industrial/Performance/ML600 Series/ML600G-52
ML600G-52-39mh,Fanless Industrial Intel Skylake Computer,,///
ML600G-52-cc4c,Fanless Industrial Intel Skylake Computer,ML600G-52,Industrial/Performance/ML600 Series/ML600G-52
ML600G-52-k4sw-40s4,Industrial Fanless Intel Skylake Computer,ML600G-52,Industrial/Performance/ML600 Series/ML600G-52
ML600G-52-cs48,Customer Name - Fanless Industrial Intel Skylake Computer,,///
ML600G-52-g8o8,Industrial Fanless Intel Skylake Computer,ML600G-52,Industrial/Performance/ML600 Series/ML600G-52
ML600G-52-dyyj,Fanless Industrial Intel Skylake Computer,ML600G-52,Industrial/Performance/ML600 Series/ML600G-52
ML600G-52-k4sw-g4wc,Industrial Fanless Intel Skylake Computer,ML600G-52,Industrial/Performance/ML600 Series/ML600G-52
ML600G-52-RAID-1-kk48,Industrial Fanless Intel Skylake Computer,ML600G-52,Industrial/Performance/ML600 Series/ML600G-52
ML600G-52-88cw,Fanless Industrial Intel Skylake Computer,ML600G-52,Industrial/Performance/ML600 Series/ML600G-52
ML210G-51,Industrial Low Profile Intel Skylake i5 Fanless Computer,ML210G-51,Industrial/Gateway/ML200 Series/ML210G-51
ML300-TS,Trimark ML300,ML300 (Other),Industrial/Gateway/ML300 Series/ML300 (Other)
ML210G-GENEA-WIN10-c8s4,Genea Energy Branded ML210G-12,ML210G-12,Industrial/Gateway/ML200 Series/ML210G-12
ML210G-URA2-00w4,Industrial Intel Bay Trail Fanless Computer,ML210G-10,Industrial/Gateway/ML200 Series/ML210G-10
ML210G-URA2-g4sw,Industrial Intel Bay Trail Fanless Computer,ML210G-10,Industrial/Gateway/ML200 Series/ML210G-10
MK100B-53-vs6b,1U Rackmount Intel Coffee Lake Computer,,///
MK100B-53-k8yj,1U Rackmount Intel Coffee Lake Computer,MK100B-53,Server/1U & 1.5U Rackmount/MK100 Series/MK100B-53
MK100B-53-z9bk,1U Rackmount Intel Coffee Lake Computer,,///
MK100B-53-8kog,Intel Coffee Lake 1U Rackmount Computer,MK100B-53,Server/1U & 1.5U Rackmount/MK100 Series/MK100B-53
MK100B-54-07bg,1U Rackmount Intel Xeon E Edge Server,,///
MK100B-53-5lv5,1U Rackmount Intel Coffee Lake Computer,,///
MK100CIU-koo0,MK100 Core I Rackmount System w/ UPS,MK100 (Other),Server/1U & 1.5U Rackmount/MK100 Series/MK100 (Other)
MCI-CL100,Fanless Industrial Mini PC,CL100,Industrial/Small Form Factor/CL100 Series/CL100
McIntosh-ML210G-50-wkgk,Industrial Intel Haswell i5 Thin Mini-ITX Computer,ML210G-50,Industrial/Gateway/ML200 Series/ML210G-50
MC600-52-88w4,Commercial Intel Skylake Computer with Expansion,MC600-52,Industrial/Fanned/MC600 Series/MC600-52
MCE-CL210G-11,Ultra Small Quad Core Fanless Industrial Edge Computer,CL210G-11,Industrial/Small Form Factor/CL200 Series/CL210G-11
MD155-10,"MD155-10 10.4"" Intel Atom N2800 Medical Tablet",,///
MCTL1-ML100G-30,Industrial Intel Broadwell Fanless NUC Computer,ML100G-30,Industrial/Entry/ML100 Series/ML100G-30
MCDN-P2102-CW215-R01,Cincoze Intel Whiskey Lake Core i3/i5 Panel PC,,///
MDCO-i3MYBE-P-0ok4-ooco-s00o,Medeco NUC5i3MYBE System Kit,Industrial (Other),Industrial/Legacy Industrial/Legacy Industrial/Industrial (Other)
LGXCTRL-ML350G-10,Low Profile Fanless Industrial Computer With Apollo Lake,ML350G-10,Industrial/Gateway/ML300 Series/ML350G-10
LGX MC500 Intel Atom Mini Industrial Computer -k4kg,FSN-MC500,MC500 (Other),Industrial/Fanned/MC500 Series/MC500 (Other)
K700-X2-mg1s,Karbon 700 Expanded High-Performance Rugged Edge Computer,K700-X2,Rugged/Performance/K700 Series/K700-X2
K700-X2-a7pb,Karbon 700 Expanded High-Performance Rugged Edge Computer,K700-X2,Rugged/Performance/K700 Series/K700-X2
K700-X2-bqkg,Karbon 700 Expanded High-Performance Rugged Edge Computer,K700-X2,Rugged/Performance/K700 Series/K700-X2
K700-X2-8cko,Karbon 700 Expanded High-Performance Rugged Edge Computer,K700-X2,Rugged/Performance/K700 Series/K700-X2
k700-x2-o08c,Karbon 700 Expanded High-Performance Rugged Edge Computer,K700-X2,Rugged/Performance/K700 Series/K700-X2
K700-X2-nblq,Karbon 700 Expanded High-Performance Rugged Edge Computer,K700-X2,Rugged/Performance/K700 Series/K700-X2
K700-X2-g88w,Karbon 700 Expanded High-Performance Rugged Edge Computer,K700-X2,Rugged/Performance/K700 Series/K700-X2
K700-X2-dhbt,Karbon 700 Expanded High-Performance Rugged Edge Computer for XOcean,K700-X2,Rugged/Performance/K700 Series/K700-X2
JETNX,Aetina NVIDIA Jetson Orin NX Fanless AI Computer,JETNX8,Rugged/Jetson/NX Series/JETNX8
JMA-ML400,JM Automation ML400G-10,ML400G-10,Industrial/Performance/ML400 Series/ML400G-10
IMB-190-602q,ASRock IMB-190 Skylake Desktop Industrial Mini-ITX Motherboard,,Components/Components/Components/
HX500-l9mq,OnLogic Helix 500 Intel Comet Lake Industrial Edge Computer,HX500,Industrial/Performance/HX500 Series/HX500
HX500-lyrn,OnLogic Helix 500 Intel Comet Lake Industrial Edge Computer,HX500,Industrial/Performance/HX500 Series/HX500
HX500-n0q5,OnLogic Helix 500 Intel Comet Lake Industrial Edge Computer,HX500,Industrial/Performance/HX500 Series/HX500
HX500-s8iq,OnLogic Helix 500 Intel Comet Lake Industrial Edge Computer,HX500,Industrial/Performance/HX500 Series/HX500
HX500-sj80,OnLogic Helix 500 Intel Comet Lake Industrial Edge Computer,HX500,Industrial/Performance/HX500 Series/HX500
HX500-r53d,OnLogic Helix 500 Intel Comet Lake Industrial Edge Computer,HX500,Industrial/Performance/HX500 Series/HX500
HX500-k3rk-8gms,OnLogic Helix 500 Intel Comet Lake Industrial Edge Computer,HX500,Industrial/Performance/HX500 Series/HX500
HX500-j5ot,OnLogic Helix 500 Intel Comet Lake Industrial Edge Computer,HX500,Industrial/Performance/HX500 Series/HX500
Hellebrekers_ML450G-50-WI-4ksc,Industrial Intel Haswell Core i3/i5 Mini-ITX Computer,ML450G-50,Industrial/Performance/ML400 Series/ML450G-50
HNRG-K400-BIS,Karbon 410 Intel Elkhart Lake Compact Rugged Computer,,///
HNRG-K400,Karbon 410 Intel Elkhart Lake Compact Rugged Computer,,///
HBJC420U591W-3160B-INTELL-c808,Intellimation HBJC313,Industrial (Other),Industrial/Legacy Industrial/Legacy Industrial/Industrial (Other)
HILTI-K700-X2,Karbon 700 Expanded High-Performance Rugged Edge Computer,K700-X2,Rugged/Performance/K700 Series/K700-X2
HIT2-K804,OnLogic Karbon 804 High-Performance Rugged Computer w/ModBay & PCIe,K804,Rugged/Performance/K800 Series/K804
Heye-ML100G-50-kkkc,Industrial Intel Skylake i5-6300U Fanless NUC Computer,ML100G-50,Industrial/Entry/ML100 Series/ML100G-50
HLBK-ML450,Hellebrekers ML450G-50 with UPS,ML450G-50,Industrial/Performance/ML400 Series/ML450G-50
POC-222KIS-o088,Neousys Rugged Compact Fanless Intel Bay Trail Computer,,///
PRVS-ML100G-51,Industrial Fanless Intel Whiskey Lake NUC With Dual LAN,ML100G-51,Industrial/Entry/ML100 Series/ML100G-51
PRVS-HX500-89fa,Purvis Helix 500 Intel Comet Lake Industrial Edge Computer,HX500,Industrial/Performance/HX500 Series/HX500
PL15-AR,"Commercial 15"" Intel Atom Fanless Panel PC",,///
POWN-HX500,OnLogic Helix 500 Intel Comet Lake Industrial Edge Computer,HX500,Industrial/Performance/HX500 Series/HX500
PR-TC401-CENC-szxu-5wzp,Pre-Release TC401 SAMPLE 1,,///
P2002,Cincoze Rugged Intel 6th Gen Core i3/i5 Slim Fanless Computer,P2002,Rugged/Entry/P2000 Series/P2002
PD10AI,Mitac PD10AI Thin Mini-ITX Motherboard with Intel Apollo Lake,,Components/Components/Components/
P2002-sgso,Cincoze Intel Skylake Core i5 Panel PC,,///
P2002-sgso-gog4,Cincoze Intel Skylake Core i5 Panel PC,P2002,Rugged/Entry/P2000 Series/P2002
P2002-g044,Cincoze Intel Skylake Core i Panel PC,,///
P1101-048c,Cincoze Rugged Intel Apollo Lake Slim Fanless Computer,,///
P2002-UL-ws8o,Industrial Fanless HMI,,///
Nuvo-3005LP-44gg,Neousys Nuvo-3005LP HM76 Core i Fanless Surveillance Computer,,///
Nuvo-3005LP-50,Rugged Intel Core i Fanless Computer,,///
nuvo-3005lp-c44w,Neousys Rugged Intel Ivy Bridge Fanless Computer with PoE,,///
Nuvo-3003E-50,Neousys Rugged Intel Core Fanless Computer,Nuvo-3000,Rugged/Legacy Rugged/Nuvo Series/Nuvo-3000
Nuvo-3003TB-ok0g,Neousys Nuvo-3000 Series HM76 Core i Fanless Computer,Nuvo-3000TB,Rugged/Legacy Rugged/Nuvo Series/Nuvo-3000TB
Nuvo-3005LP-40kc,Neousys Nuvo-3005LP HM76 Core i Fanless Surveillance Computer,,///
Nuvo-3005LP-kws8,Neousys Rugged Intel Ivy Bridge Fanless Computer with PoE,,///
MODA-FPPC-P2-R01-s840,Cincoze Rugged Intel Skylake Core i5 Panel PC,,///
ML340G-50-o4c8,Low Profile Fanless Intel Core i3/i5/i7 Industrial Server,ML340G-50,Industrial/Gateway/ML300 Series/ML340G-50
ML340G-51-gw88,Low Profile Fanless Industrial Skylake Computer,ML340G-51,Industrial/Gateway/ML300 Series/ML340G-51
ML340G-51-gwk0,Low Profile Fanless Industrial Skylake Computer,,///
ML340G-50-wcgk,Low Profile Industrial Data Acquisition System,ML340G-50,Industrial/Gateway/ML300 Series/ML340G-50
ML340G-51-0s44-484w-wgok-wk00,Low Profile Fanless Intel Core i3/i5/i7 Industrial Computer,ML340G-51,Industrial/Gateway/ML300 Series/ML340G-51
ML340G-50-gcwk-k0ow,Low Profile Fanless Intel Core i3/i5/i7 Industrial Computer,ML340G-50,Industrial/Gateway/ML300 Series/ML340G-50
ML340G-51-swo8,Low Profile Fanless Industrial Skylake Computer,ML340G-51,Industrial/Gateway/ML300 Series/ML340G-51
MK400-40-Proto-lfwm,Amazon Robotics 4U Server Prototype,MK400 (Other),Server/4U Rackmount/MK400 Series/MK400 (Other)
MK400-60-1nji,MK400-60 4U Rackmount AMD EPYC 7002 Server,,///
MK200-70-kg48,2U Rackmount Intel Cascade Lake Xeon Scalable Edge Server,MK200-70,Server/2U Rackmount/MK200 Series/MK200-70
MK200-70-mhc6,2U Rackmount Intel Cascade Lake Xeon Scalable Edge Server,,///
MK100B-51-w484,Intel Skylake 1U Rackmount Computer,MK100B-51,Server/1U & 1.5U Rackmount/MK100 Series/MK100B-51
MK400-40-AR-CARDINAL-SHORT-Proto-n014,Amazon Robotics 4U Server Prototype - CARDINAL SHORT,,///
MDCO-NUC5i3MYBE,Medeco NUC5i3MYBE Kit,,Industrial/Fanned/Other/
MC500-51-Savioke-4w8k,Commercial Intel Skylake Mini-ITX Computer,MC500-51,Industrial/Fanned/MC500 Series/MC500-51
MC500-10-100f,Industrial Intel Celeron Mini-ITX Computer,MC500-10,Industrial/Fanned/MC500 Series/MC500-10
mc500-10-4wo4,Commercial Intel Celeron Mini-ITX Computer,MC500-10,Industrial/Fanned/MC500 Series/MC500-10
MC500-10-6q68,Industrial Intel Celeron Mini-ITX Computer [Triotech-Darkride update 6-4-21],,///
MC500-51-g8so,Industrial Intel Skylake Mini-ITX Computer,MC500-51,Industrial/Fanned/MC500 Series/MC500-51
MC500-51-ggcg,Commercial Intel Skylake Mini-ITX Computer,MC500-51,Industrial/Fanned/MC500 Series/MC500-51
MC500-51-wcwc,ProVision - Gym Check-In PCs,MC500-51,Industrial/Fanned/MC500 Series/MC500-51
MC500-30-co80-kww8,Commercial Intel Haswell Desktop Mini-ITX Computer,MC500-30,Industrial/Fanned/MC500 Series/MC500-30
MC500-51-808g,Commercial Intel Skylake Mini-ITX Computer,MC500-51,Industrial/Fanned/MC500 Series/MC500-51
MC500-51-oxej,Industrial Intel Skylake Mini-ITX Computer,MC500-51,Industrial/Fanned/MC500 Series/MC500-51
MC500-10-COMFY-4g48,Commercial Intel Celeron Mini-ITX Computer,MC500-10,Industrial/Fanned/MC500 Series/MC500-10
LAB-CL100-B,"Labsphere, Inc CL100-B with AC Adapter",CL100,Industrial/Small Form Factor/CL100 Series/CL100
Lab-HX610,Onlogic Helix 610 Intel Comet Lake Industrial Edge Computer With Optional Hot Swap Storage,HX610,Industrial/Performance/HX600 Series/HX610
KYMS-FFPC-P2-W121-R01,Rugged HMI with Ignition Software,CV-P2002,Panel/Cincoze Panel/P2000 Series/CV-P2002
L3H-DA-1100,Cincoze Rugged Apollo Lake Ultra Compact Fanless Computer,DA-1100,Rugged/Entry/DA Series/DA-1100
LAWE-K700-SE-2-UL,Karbon 700-SE-2 High-Performance Rugged Edge Computer,K700-SE-2,Rugged/Performance/K700 Series/K700-SE-2
KYMS-P2002-i5-IGN300v2-UL,Rugged HMI with Ignition Software,,///
LambWestonPrototype-1GPU,Rugged GPU Computing System with Intel® R680E Chipset and 5 PCIe Slots,,///
L3AV-MK100B-53-br8g,1U Rackmount Intel Coffee Lake Computer,,///
JBC373F38W-S-kos8,Jetway Industrial Intel Atom Compact Computer with Quad LAN,Industrial (Other),Industrial/Legacy Industrial/Legacy Industrial/Industrial (Other)
JBC375F3AW-S,Jetway JBC375F3AW Celeron N2930 Fanless Computer,,Components/Components/Components/
K410-hnr2,Karbon 410 Intel Elkhart Lake Compact Rugged Computer,K410,Rugged/Entry/K400 Series/K410
K410-ivrh,Karbon 410 Intel Elkhart Lake Compact Rugged Computer,K410,Rugged/Entry/K400 Series/K410
JETAGX-F,Aetina Jetson NVIDIA AGX Orin AI Computer,,///
K410-uhbr,Karbon 410 Intel Elkhart Lake Compact Rugged Computer,K410,Rugged/Entry/K400 Series/K410
K300-ntzj,Karbon 300 Compact Rugged Computer,K300,Rugged/Entry/K300 Series/K300
K300-w0cc,Karbon 300 Compact Rugged Computer,,///
HAN-K300-US,UL Listed - Karbon 300 Compact Rugged Computer,K300,Rugged/Entry/K300 Series/K300
HAN-K300-NA-V2,UL Listed - Karbon 300 Compact Rugged Computer (NA Version),,///
HALTER-HX310,OnLogic Helix 310 Intel Elkhart Lake Industrial Edge Computer,HX310,Industrial/Gateway/HX300 Series/HX310
HAN-P2102-UL,Hanley P2102 (UL),CV-P2102,Panel/Cincoze Panel/P2000 Series/CV-P2102
HCLD200CCE-Atom-w0gg,HCLD200CCE-Atom,Industrial (Other),Industrial/Legacy Industrial/Legacy Industrial/Industrial (Other)
DSI-11111-K410,Karbon 410 Intel Elkhart Lake Compact Rugged Computer,K410,Rugged/Entry/K400 Series/K410
FR201-Achenbach,Factor 201 Raspberry Pi Industrial IoT Gateway,FR201,Industrial/Small Form Factor/FR200 Series/FR201
ZEDEDA-FR201,Factor 201 Raspberry Pi Industrial IoT Gateway Powered by ZEDEDA,ZEDEDA-FR201,Industrial/Fanless/FR200 Series/ZEDEDA-FR201
OWLC-HX600-UNI,Owl Cyber Defense OnLogic Helix 600 Intel Comet Lake Expanded Industrial Edge Computer,HX600,Industrial/Performance/HX600 Series/HX600
666b4f05c8f23603c9e854f3,Ecolab Customized Rackmount Intel Coffee Lake Computer,MK100B-53,Server/1U & 1.5U Rackmount/MK100 Series/MK100B-53
BICS5-CV-115HC-R11_P2102-i5-R10-D2,BICS5 Komatsu - Cincoze Rugged Intel 8th Gen Core i3/i5 Panel PC,CV-P2102,Panel/Cincoze Panel/P2000 Series/CV-P2102
XONA-HX310,OnLogic Helix 310 Intel Elkhart Lake Industrial Edge Computer,HX310,Industrial/Gateway/HX300 Series/HX310
XpresSystems AG150-kk08,AG150 Intel Atom Fanless Mini Industrial Computer,ML200 (Other),Industrial/Gateway/ML200 Series/ML200 (Other)
Yusen-P2002-8gko,Yusen Skylake P2002 With LTE,CV-P2002,Panel/Cincoze Panel/P2000 Series/CV-P2002
YUSEN-P2002,Yusen Skylake P2002,CV-P2002,Panel/Cincoze Panel/P2000 Series/CV-P2002
ZEBRA-DC3217IYE,Zebra Technologies Inc. DC3217IYE,Industrial (Other),Industrial/Legacy Industrial/Legacy Industrial/Industrial (Other)
Zet-DX-1100,8th Generation Intel Core High-Performance Compact Rugged Computer,DX-1100,Rugged/Mid Tier/DX Series/DX-1100
ZIMR-ML100G-30,Zimmer Biomet ML100G-30,ML100G-30,Industrial/Entry/ML100 Series/ML100G-30
XTO-DX-1000,Cincoze Rugged Intel Compact Fanless Computer,DX-1000,Rugged/Mid Tier/DX Series/DX-1000
XTRN-MC500,Xitron MC500,MC500 (Other),Industrial/Fanned/MC500 Series/MC500 (Other)
XTRA-MC600-WMT-Bundle-s08w,ExtraComputer MC600 w/Wall Mount Brackets,,Components/Components/Components/
VGrid_NUC5I5MYHE-W-os4o,Intel NUC5i5MYHE Maple Canyon Broadwell i5 NUC Barebone,,Components/Components/Components/
VHH-ML450G-51-wccw,Industrial Intel Skylake Mini-ITX Computer,ML450G-51,Industrial/Performance/ML400 Series/ML450G-51
VIA400-ALTERG-CL100,AlterG CL100 for the VIA 400,CL100,Industrial/Small Form Factor/CL100 Series/CL100
Vect-FR201-customimage,Factor 201 Raspberry Pi Industrial IoT Gateway,FR201,Industrial/Small Form Factor/FR200 Series/FR201
VERU-ML100G-50,Verus ML100G-50,ML100G-50,Industrial/Entry/ML100 Series/ML100G-50
Vektrex-MK100,Vektrex MK100,MK100 (Other),Server/1U & 1.5U Rackmount/MK100 Series/MK100 (Other)
VDC-CL210G-11-RS,VDC Quad Core Fanless Industrial Edge Device w/ Dual LAN (Pre-configured),CL210G-11,Industrial/Small Form Factor/CL200 Series/CL210G-11
Videotel-MC500-51-804w,Commercial Intel Skylake Mini-ITX Computer,MC500-51,Industrial/Fanned/MC500 Series/MC500-51
THFS-ML350G-10,Low Profile Fanless Industrial Computer With Apollo Lake,ML350G-10,Industrial/Gateway/ML300 Series/ML350G-10
TIMS-2000-HD-gogg,Foresight HD Mini-ITX System - TIMS2000 v3 PROTOTYPE,Industrial (Other),Industrial/Legacy Industrial/Legacy Industrial/Industrial (Other)
TIMS-2000-HDv2-c8ks,Foresight HD Mini-ITX System - TIMS2000v2,,///
TIMS-2000-Gen3BT-o0w0,TIMS-2000 Gen3 Bluetec i3 Prototype,Industrial (Other),Industrial/Legacy Industrial/Legacy Industrial/Industrial (Other)
TIMS-3000-HD-sgws,TIMS-HD2,,///
STRA-HX610-111608,Onlogic Helix 610 Intel Comet Lake Industrial Edge Computer With Optional Hot Swap Storage,HX610,Industrial/Performance/HX600 Series/HX610
Streamconnect-k00g,Industrial Intel Apollo Lake Mini-ITX Computer with Celeron J3455,MC500 (Other),Industrial/Fanned/MC500 Series/MC500 (Other)
SBC-311-K,"ASRock SBC-311 Series Intel Haswell Industrial 3.5"" Motherboard",,Components/Components/Components/
sControl,Fanless Industrial Intel Braswell Computer with Dual Gb LAN,,Components/Components/Components/
SCNK-ML350G-10,Low Profile Fanless Industrial Computer With Apollo Lake,ML350G-10,Industrial/Gateway/ML300 Series/ML350G-10
Sensor100-Rack-8TB,Intel 5th Gen 1.5U Rackmount Computer,MK150 (Other),Server/1U & 1.5U Rackmount/MK150 Series/MK150 (Other)
SENSORTECH-ML600G-52,Sensortech ML600G-52,ML600G-52,Industrial/Performance/ML600 Series/ML600G-52
Sensor100-Rack-0k0s,Intel 5th Gen 1.5U Rackmount Computer,,///
SAVK-MC510-50,Industrial Intel Coffee Lake Mini-ITX Computer (NO FUNCTIONAL POWER BUTTON),MC510-50,Industrial/Fanned/MC500 Series/MC510-50
K&M MC600-gkgc,MC600 Atom Mini-ITX Computer,MC600 (Other),Industrial/Fanned/MC600 Series/MC600 (Other)
ITFG-MC800-E J68280-300,ITFG-MC800-E J68280-300,MC800 (Other),Server/Standalone/MC800 Series/MC800 (Other)
K300-0kg8-0csw,Cognex Karbon 300 Compact Rugged Computer,,///
IGN110,IGN110,,///
IGN700-9gx9,Intel 10th Gen Industrial Edge Computer with Ignition,,///
IGL500-4shr,Rugged IGEL Ready Touch Screen Thin Client Terminal,,///
IGN310-mhrz,Rugged Panel PC with Intel Pentium CPU and Ignition Software,P1101 (IGN310),Panel/Cincoze Panel/P2000 Series/P1101 (IGN310)
IGN300-0c8g,Rugged HMI with Ignition Software,,///
HX511-jbiv,OnLogic HX511,HX511,Industrial/Performance/HX500 Series/HX511
HX600-0p0i,OnLogic Helix 600 Intel Comet Lake Expanded Industrial Edge Computer,HX600,Industrial/Performance/HX600 Series/HX600
HX500-w5si,OnLogic Helix 500 Intel Comet Lake Industrial Edge Computer,HX500,Industrial/Performance/HX500 Series/HX500
HX500-w13v,OnLogic Helix 500 Intel Comet Lake Industrial Edge Computer,HX500,Industrial/Performance/HX500 Series/HX500
HX500-x37r,OnLogic Helix 500 Intel Comet Lake Industrial Edge Computer,HX500,Industrial/Performance/HX500 Series/HX500
HVP-DS-1200C6,Hitachi Gateway - Cincoze Rugged Intel Coffee Lake Fanless Computer,DS-1200,Rugged/Mid Tier/DS Series/DS-1200
HUB-MK100B-53_v2,"Pro-Vigil ""HUB"" MK100B-53 Intel Coffee Lake 1U Rackmount Computer (from consigned parts)",MK100B-53,Server/1U & 1.5U Rackmount/MK100 Series/MK100B-53
KRON-FR201,Factor 201 Raspberry Pi Industrial IoT Gateway,FR201,Industrial/Small Form Factor/FR200 Series/FR201
HX522,Helix 522 Meteor Lake Hotswap Fanless Computer,HX522,Industrial/Performance/HX500 Series/HX522
HX523,Helix 523 Meteor Lake Modbay Fanless Computer,HX523,Industrial/Performance/HX500 Series/HX523
Inwatec-HX310-16GB,OnLogic Helix 310 Intel Elkhart Lake Industrial Edge Computer,HX310,Industrial/Gateway/HX300 Series/HX310
CPC-K801,Conoco Phillips - OnLogic Karbon 801 Low-Profile High-Performance Rugged Computer w/ cULus Marking,K801,Rugged/Performance/K800 Series/K801
BRNG-K430,Karbon 430 Intel Elkhart Lake Compact Rugged Computer with Expansion,K430,Rugged/Entry/K400 Series/K430
CROWN-K801-001,OnLogic Karbon 801 Low-Profile High-Performance Rugged Computer,K801,Rugged/Performance/K800 Series/K801
PERI-HX600,Robodyne - OnLogic Helix 600 Intel Comet Lake Expanded Industrial Edge Computer,HX600,Industrial/Performance/HX600 Series/HX600
BLAST-CL210G-11-4G,BlastShield® Gateway 4G Fanless Industrial USFF Edge Device w/ Dual LAN,CL210G-11,Industrial/Small Form Factor/CL200 Series/CL210G-11
HX511–MS–000146,OnLogic Helix 511 Fanless Intel 12th Gen Edge Computer,HX511,Industrial/Performance/HX500 Series/HX511
MCMC-HX310,OnLogic Helix 310 Intel Elkhart Lake Industrial Edge Computer,HX310,Industrial/Gateway/HX300 Series/HX310
USPS-DS-1201-bxrb,USPS Rugged Intel Coffee Lake Fanless Computer with Expansion,DS-1201,Rugged/Mid Tier/DS Series/DS-1201
USPS-DS-1201-wok4,USPS Rugged Intel Coffee Lake Fanless Computer with Expansion,,///
Utilacor-ML320,Utilacor-ML320,ML300 (Other),Industrial/Gateway/ML300 Series/ML300 (Other)
sparklike_Core-ML300-sk0k,Industrial Fanless Intel Core NUC Computer,ML300 (Other),Industrial/Gateway/ML300 Series/ML300 (Other)
SAGE-HX610,Onlogic Helix 610 Intel Comet Lake Industrial Edge Computer With Optional Hot Swap Storage,HX610,Industrial/Performance/HX600 Series/HX610
S&S ML210G-50-wswc,Industrial Intel Haswell i5 Thin Mini-ITX Computer,ML210G-50,Industrial/Gateway/ML200 Series/ML210G-50
SAGE-ML350G-10-a20u,Low Profile Fanless Industrial Computer With Apollo Lake,,///
AC101-Molex-proto-v1,OnLogic Axial AC101 Rackmount Edge Server,AC101,Server/1U & 1.5U Rackmount/Axial Series/AC101
MCI-CL250,Motor Controls Inc CL250 Ultra Small Fanless Industrial Edge Gateway,CL250,Industrial/Small Form Factor/CL200 Series/CL250
ZEDEDA-K801-W,OnLogic Karbon 801 Low-Profile High-Performance Rugged Computer Powered by ZEDEDA (with WIFI),,Rugged/Performance/K800 Series/
67900964ab589a55aab8308c,1U Rackmount Intel Coffee Lake Computer,MK100B-53,Server/1U & 1.5U Rackmount/MK100 Series/MK100B-53
L3HAR-HX521-0044-PROTO,L3HARRIS - Helix Industrial Performance Meteor Lake Fanless Computer,HX521,Industrial/Performance/HX500 Series/HX521
ZEDEDA-HX310-W,OnLogic Helix 310 Fanless Industrial Edge Computer powered by ZEDEDA (WiFi version),HX310,Industrial/Gateway/HX300 Series/HX310
ZEDEDA-HX511,OnLogic Helix 511 Fanless Industrial Edge Computer powered by ZEDEDA,HX511,Industrial/Performance/HX500 Series/HX511
ZEDEDA-K410,OnLogic Karbon 410 Rugged Edge Computer powered by ZEDEDA,K410,Rugged/Entry/K400 Series/K410
LRPC-9160-PoE-A2000,Neousys Rugged Intel Coffee Lake Computer with Optional GPU,Nuvo-9160GC,Rugged/Performance/Nuvo Series/Nuvo-9160GC
MC510-af5d,AvidBots MC510 with BICS5 for testing purposes / Industrial Intel Coffee Lake Mini-ITX Computer,MC510-50,Industrial/Fanned/MC500 Series/MC510-50
WR01-ML350G-10,Low Profile Fanless Industrial Computer With Apollo Lake,ML350G-10,Industrial/Gateway/ML300 Series/ML350G-10
WRA-FR201-V2-dn8l,Factor 201 Raspberry Pi Industrial IoT Gateway,FR201,Industrial/Small Form Factor/FR200 Series/FR201
WEEL-MC610-10,Thomas Werner Industrielle Elektronik e.Kfm Industrial Intel Apollo Lake Mini-ITX Expandable Computer,MC610-10,Industrial/Fanned/MC600 Series/MC610-10
WEEL-MC610-10-8844,Industrial Intel Apollo Lake Mini-ITX Expandable Computer,MC610-10,Industrial/Fanned/MC600 Series/MC610-10
Will-Burt CT100-kcg8,Will-Burt CT100,,Components/Components/Components/
WDTS-IMB-1210-i7,ASRock Coffee Lake Mini-ITX Motherboard H310 Kit,,Components/Components/Components/
TM410,TM410 Rugged or Panel PC with ThinManager,CV-P1101 (TM410),Panel/Cincoze Panel/P1000 Series/CV-P1101 (TM410)
TRS-DS-1000-g8cs,Cincoze Rugged Automotive Intel Haswell Fanless Computer,,///
TRS-DS-1001-4kwg,Cincoze Rugged Automotive Haswell Fanless Expandable Computer,,///
TM200,TM200 Industrial Thin Client with ThinManager,ML210G-10 (TM200),Industrial/Gateway/ML200 Series/ML210G-10 (TM200)
TRS-DS-1000-gkok,Cincoze Rugged Automotive Intel Haswell Fanless Computer,,///
TM110-y03g,Ultra Small Fanless Edge Computer with ThinManager,,///
tm110-cggc,Ultra Small Fanless Edge Computer with ThinManager,CL210G-10 (TM110),Industrial/Small Form Factor/CL200 Series/CL210G-10 (TM110)
TM110-in8i,Ultra Small Fanless Edge Computer with ThinManager,CL210G-10 (TM110),Industrial/Small Form Factor/CL200 Series/CL210G-10 (TM110)
TRMK-DX-1100-128GB,8th Generation Intel® Core™ High-Performance Compact Rugged Computer (2x 128 GB SSD. Op Temp -40°C to 70°C),DX-1100,Rugged/Mid Tier/DX Series/DX-1100
SiS-ML340-w04c,Streamline Low Profile Fanless Intel Core i5 Industrial Computer,ML340G-50,Industrial/Gateway/ML300 Series/ML340G-50
SixSq-ML600G-50-0k8c,Industrial Fanless Intel Haswell Computer,ML600G-50,Industrial/Performance/ML600 Series/ML600G-50
SKOUT-CL210G-11,Ultra Small Quad Core Fanless Industrial Edge Computer,CL210G-11,Industrial/Small Form Factor/CL200 Series/CL210G-11
SKNDL-Nuvo-5000-wso8,Neousys Rugged Intel Skylake Fanless Computer,,///
SPKT-HX310-WiFiCOM-ti20,Sprocket HX310 Industrial Edge Computer,HX310,Industrial/Gateway/HX300 Series/HX310
SPU-MK150-80ss,MK150 Intel Core 1.5U Rackmount Computer,MK150 (Other),Server/1U & 1.5U Rackmount/MK150 Series/MK150 (Other)
RTA-FR201,Factor 201 Raspberry Pi Industrial IoT Gateway,FR201,Industrial/Small Form Factor/FR200 Series/FR201
SCRT-POC-500,Neousys Rugged Compact AMD Ryzen Computer,POC-500,Rugged/Mid Tier/POC Series/POC-500
RW-DS-1202-w8o4,Cincoze Rugged Intel Coffee Lake Fanless Computer with Dual Expansion or GPU,,///
PWNE-ML300-s4gw,Pwnie Express Custom ML300 System,ML300 (Other),Industrial/Gateway/ML300 Series/ML300 (Other)
PWNIE-CT100-SBC-330M-0ocg,Custom Test Kit for Pwnie Express,,Components/Components/Components/
10053184508,AeroSpec CV-P2102 (Cincoze Panel PC),CV-P2102,Panel/Cincoze Panel/P2000 Series/CV-P2102
GAYK-P1001E-V3,Gayk V3 - Intel Bay Trail Panel PC w/ sunlight readable screen V3,P1001,Rugged/Entry/P1000 Series/P1001
DVG-ML100G-53,Industrial Fanless Intel 11th Gen Tiger Lake NUC,ML100G-53,Industrial/Entry/ML100 Series/ML100G-53
WSP-ML300-UPS-wc88,ML300 Fanless NUC Industrial Computer with Uninterruptible Power Supply,ML300 (Other),Industrial/Gateway/ML300 Series/ML300 (Other)
WVN-K804,OnLogic Karbon 804 High-Performance Rugged Computer w/ModBay & PCIe,K804,Rugged/Performance/K800 Series/K804
WWD-HX511,OnLogic Helix 511 Fanless Intel 12th Gen Edge Computer,HX511,Industrial/Performance/HX500 Series/HX511
WTC-ML100G-30,WTC ML100G-30,ML100G-30,Industrial/Entry/ML100 Series/ML100G-30
VBI-ML210G-50,VBI-ML210G-50,ML210G-50,Industrial/Gateway/ML200 Series/ML210G-50
VBI-ML210G-50-EU-EU,VBI-ML210G-50-EU-EU,ML210G-50,Industrial/Gateway/ML200 Series/ML210G-50
VBI-HX600-NA,VBI HX600 Vision Computer (North America),HX600,Industrial/Performance/HX600 Series/HX600
VCCU-C Proto-4sk0,Neousys Rugged Intel Skylake Fanless Computer,,///
SWMW-DS-1201,Cincoze Rugged Intel Coffee Lake Fanless Computer with Expansion,DS-1201,Rugged/Mid Tier/DS Series/DS-1201
SNST-UKv01,Sensitech Core ML250 Fanless Industrial Computer - UK,ML250 (Other),Industrial/Gateway/ML250 Series/ML250 (Other)
Sound-o444,Cincoze Intel Skylake Core i Panel PC,,///
SOEL-ML100G-31,Fanless Industrial Intel Dawson Canyon NUC Computer,,///
SEG-NUVO-7000-W10V2,Neousys Rugged Intel® Coffee Lake Low Profile Fanless Computer,Nuvo-7000LP,Rugged/Performance/Nuvo Series/Nuvo-7000LP
SEG-NUVO-7000-W10,Neousys Rugged Intel® Coffee Lake Low Profile Fanless Computer,Nuvo-7000E,Rugged/Performance/Nuvo Series/Nuvo-7000E
SELE-ML100G-31,Fanless Industrial Intel Dawson Canyon NUC Computer,,///
SEEM-K804,OnLogic Karbon 804 High-Performance Rugged Computer w/ModBay & PCIe,K804,Rugged/Performance/K800 Series/K804
Sensinov-4G-FR201,Factor 201 Raspberry Pi Industrial IoT Gateway,FR201,Industrial/Small Form Factor/FR200 Series/FR201
SECO-HX500-1gnk,SECO Helix 500 Barebone,HX500,Industrial/Performance/HX500 Series/HX500
SENS-NUVO-5095,Sensen Nuvo-5095,Nuvo-5095GC,Rugged/Performance/Nuvo Series/Nuvo-5095GC
SENS-NUVO-5095-gsck,Sensen Nuvo-5095,,///
PWN-ML300BB-gk0s,Pwnie Express ML300 with Barebone,ML300 (Other),Industrial/Gateway/ML300 Series/ML300 (Other)
TWA-MK400-60,Thirdwave MK400-60 4U Rackmount AMD EPYC 7002 Server,MK400-60,Server/4U Rackmount/MK400 Series/MK400-60
null,Evolugen - OnLogic Helix 600 Intel Comet Lake Expanded Industrial Edge Computer,HX600,Industrial/Performance/HX600 Series/HX600
NCBU-HX600-Proto-4000SFF,NBCUniversal - OnLogic Helix 600 Intel Comet Lake Expanded Industrial Edge Computer,HX600,Industrial/Performance/HX600 Series/HX600
TWA-MK200-60,Thirdwave MK200-60 2U Rackmount AMD EPYC 7002 Server,MK200-60,Server/2U Rackmount/MK200 Series/MK200-60
CYG-HX500,OnLogic Helix 500 Intel Comet Lake Industrial Edge Computer,HX500,Industrial/Performance/HX500 Series/HX500
NBCU-HX600,NBCUniversal - OnLogic Helix 600 Intel Comet Lake Expanded Industrial Edge Computer,HX600,Industrial/Performance/HX600 Series/HX600
FR201-SBMR-01,FR201-SBMR-01 Factor 201 Raspberry Pi Industrial IoT Gateway,FR201,Industrial/Small Form Factor/FR200 Series/FR201
VW-K300-E3950-8-owo4-o4g8,Karbon 300 Rugged Ultra Compact Computer,,///
VTNT-MC500,ViTelNet LLC MC500,,Industrial/Fanned/Other/
VTNT-MC500-kw4k,ViTelNet LLC MC500,Industrial (Other),Industrial/Legacy Industrial/Legacy Industrial/Industrial (Other)
VRZN-ML340G-51,Verizon Low Profile Fanless Industrial Skylake Computer,ML340G-51,Industrial/Gateway/ML300 Series/ML340G-51
SNI-GSL05,Supertel Atom GS-L05 Fanless Mini-ITX System,Industrial (Other),Industrial/Legacy Industrial/Legacy Industrial/Industrial (Other)
SNI-ML250,Supertel Atom ML250 Fanless Mini-ITX System,ML250 (Other),Industrial/Gateway/ML250 Series/ML250 (Other)
Rockwell-Automation-MC610-ogk4,MC610 for Rockwell Automation,MC610-50,Industrial/Fanned/MC600 Series/MC610-50
SAM-i3C146-k84c,Supreme Audio Core i3 Rackmount System,MK100 (Other),Server/1U & 1.5U Rackmount/MK100 Series/MK100 (Other)
SARTORI-ML300,Sartori Industrial Computer,ML300 (Other),Industrial/Gateway/ML300 Series/ML300 (Other)
Royston-K410,Karbon 410 Intel Elkhart Lake Compact Rugged Computer,K410,Rugged/Entry/K400 Series/K410
Roadmetric Nuvis-cwk4,Nuvis-3304 HM76 Core i Fanless In-Vehicle Computer,,///
SASINT-CL100,SASINT-CL100,CL100,Industrial/Small Form Factor/CL100 Series/CL100
RaaLabs-HP-K801,OnLogic Karbon 801 Low-Profile High-Performance Rugged Computer,K801,Rugged/Performance/K800 Series/K801
REPL-ML100G-52-EU,Industrial Fanless Intel Whiskey Lake Embedded NUC With Dual LAN,ML100G-52,Industrial/Entry/ML100 Series/ML100G-52
TERA-MK100-40-R5-ATLAS,Industrial 1U AMD Ryzen Rackmount Server with Integrated Power Supply No UL,MK100B-40,Server/1U & 1.5U Rackmount/MK100 Series/MK100B-40
DVDAv4-MC600,Dividia Technologies v4 MC600,MC610-50,Industrial/Fanned/MC600 Series/MC610-50
DVDAv4-MK150-STD,1.5U Rackmount Intel Coffee Lake Computer,MK150 (Other),Server/1U & 1.5U Rackmount/MK150 Series/MK150 (Other)
Samanta-HX600-oopsie,OnLogic Helix 600 Intel Comet Lake Expanded Industrial Edge Computer,HX600,Industrial/Performance/HX600 Series/HX600
MITS-CL250,MITS-CL250 CL250 Ultra Small Fanless Industrial Edge Gateway,CL250,Industrial/Small Form Factor/CL200 Series/CL250
T4-1-K300,Karbon 300 Compact Rugged Computer,K300,Rugged/Entry/K300 Series/K300
TAP-HX310,OnLogic Helix 310 Intel Elkhart Lake Industrial Edge Computer,HX310,Industrial/Gateway/HX300 Series/HX310
TM100-j8kg,Industrial Compact Thin Client with ThinManager,,///
Serpikom-i7-MK103-gggo,Serpikom Intel Haswell 1U Rackmount Computer,MK100 (Other),Server/1U & 1.5U Rackmount/MK100 Series/MK100 (Other)
SETC-DS-1301,Security Technologies Inc - Cincoze Rugged Intel 10th Gen Comet Lake Fanless Computer with PCI/PCIe,DS-1301,Rugged/Mid Tier/DS Series/DS-1301
SMSO-CV-P2002-4cc4,"Cincoze Rugged Intel Skylake Core i5 Panel PC w/ 21.5"" Widescreen Capacitive Touchscreen",CV-P2002,Panel/Cincoze Panel/P2000 Series/CV-P2002
SMSO-CV-P2102-84sc,Smarter Sourcing - Cincoze Intel Whiskey Lake Core i3/i5 Panel PC w/ 8 GB RAM,CV-P2102,Panel/Cincoze Panel/P2000 Series/CV-P2102
SNGL-AS100,Singlewire IAS100,CL100,Industrial/Small Form Factor/CL100 Series/CL100
SMARTRAC-ML450G-51,Smartrac ML450G-51 with Dual WiFi,ML450G-51,Industrial/Performance/ML400 Series/ML450G-51
SMC TM200 Win-s0go,SMC TM200 with Windows OS,ML210G-10 (TM200),Industrial/Gateway/ML200 Series/ML210G-10 (TM200)
SNDC-ML340-UB,Sound Unbranded ML340,ML340G-50,Industrial/Gateway/ML300 Series/ML340G-50
SMI-HX610-4w29,Onlogic Helix 610 Intel Comet Lake Industrial Edge Computer With Optional Hot Swap Storage for Smit Terminals,HX610,Industrial/Performance/HX600 Series/HX610
SNGL-CL200-ORANGE,Singlewire CL200 Orange Overlay,,///
QUANERGY-DS-1100,Quanergy Rugged Intel Skylake Fanless Computer,DS-1100,Rugged/Mid Tier/DS Series/DS-1100
QuintronPOC-212-sc0g,Neousys POC-210 Fanless Intel Atom E3845 Computer,,///
Quuppa-HX500,OnLogic Helix 500 Intel Comet Lake Industrial Edge Computer,HX500,Industrial/Performance/HX500 Series/HX500
Inwatec-HX310-32GB,OnLogic Helix 310 Intel Elkhart Lake Industrial Edge Computer,HX310,Industrial/Gateway/HX300 Series/HX310
ELX-HX500-UK,HX500 Europe Industrial Edge Computer by OnLogic,HX500,Industrial/Performance/HX500 Series/HX500
Neeom-CL250,[Canceled] Neoom CL250 Ultra Small Fanless Industrial Edge Gateway,CL250,Industrial/Small Form Factor/CL200 Series/CL250
1VLT-N97,Intel® N97 Industrial NUC,ML100G-54,Industrial/Entry/ML100 Series/ML100G-54
IBM-HX310-UL,IBM Helix 310 Intel Elkhart Lake Industrial Edge Computer,HX310,Industrial/Gateway/HX300 Series/HX310
ELX-HX500-CH,ELX-HX500-CH Industrial Edge Computer by OnLogic,HX500,Industrial/Performance/HX500 Series/HX500
AMZL-2U-HighTier-PROTO-V3,Copy of Amazon Logistics 2U Server - High Tier,MK200 (Other),Server/2U Rackmount/MK200 Series/MK200 (Other)
P2202,Cincoze Intel 12th Gen. Alder Lake-P Slim Embedded Computer,P2202,Rugged/Mid Tier/P2000 Series/P2202
SW24-HX310,SW24-HX310 OnLogic Helix 310 Intel Elkhart Lake Industrial Edge Computer,HX310,Industrial/Gateway/HX300 Series/HX310
CAT-MK400-XEON,MK400-60 Custom ICE Lake 4U Rackmount Server,MK400 (Other),Server/4U Rackmount/MK400 Series/MK400 (Other)
665787ee9ec3f60f9e071086,NBCUniversal - OnLogic Helix 600 Intel Comet Lake Expanded Industrial Edge Computer,HX600,Industrial/Performance/HX600 Series/HX600
XCELL-ML250,Xcell Automation ML250,ML250 (Other),Industrial/Gateway/ML250 Series/ML250 (Other)
X570D4I-2T-cfu4,ASRock Rack X570D4I-2T Mini-ITX Motherboard,,///
Windows TM400-08k0,Windows Embedded TM400,,///
WISE-CVP1101,Cincoze Rugged Intel Apollo Lake Panel PC,P1101,Rugged/Entry/P1000 Series/P1101
TFT-CL210G-11,Town Fair Tire CL210G-11,CL210G-11,Industrial/Small Form Factor/CL200 Series/CL210G-11
TMS-ML400G-10-g884,Industrial Intel Bay Trail Celeron Mini-ITX Computer,ML400G-10,Industrial/Performance/ML400 Series/ML400G-10
TMS-ML400G-10-4ww8,Industrial Intel Bay Trail Celeron Mini-ITX Computer,,///
THERMATOOL-ML250,Thermatool ML250,ML250 (Other),Industrial/Gateway/ML250 Series/ML250 (Other)
TheSiteControllerML210,TheSiteControllerML210,ML210G-11,Industrial/Gateway/ML200 Series/ML210G-11
TMS-CL250-Imaged-8t1c,CL250 Ultra Small Fanless Industrial Edge Gateway,CL250,Industrial/Small Form Factor/CL200 Series/CL250
Textron_3003E-50-wckk,Neousys Rugged Intel Core Fanless Computer with N3-GT730,,///
SDCC-ML210,Steel Dynamics ML210,ML200 (Other),Industrial/Gateway/ML200 Series/ML200 (Other)
SIGHTLINE-Nuvo-7000LP,Sightline Nuvo-7000LP,,///
SiemensEnergy-HX500,OnLogic Helix 500 Intel Comet Lake Industrial Edge Computer,HX500,Industrial/Performance/HX500 Series/HX500
Siemens-6032-8kcw,Siemens Rugged Intel 6th Gen Computer w/Optional GPU and Expansion,,///
SICK-MC610-50-PROTO-r1,Industrial Intel Coffee Lake Mini-ITX Expandable Computer,,///
Sightline-Nuvo-7006LP,Sightline Coffee Lake Low Profile Fanless Computer,Nuvo-7000LP,Rugged/Performance/Nuvo Series/Nuvo-7000LP
RBCN-POC-351VTC-70,Rubicon Neousys Rugged Compact Intel Apollo Lake In-Vehicle Computer,POC-351VTC,Rugged/Entry/POC Series/POC-351VTC
RBCN-POC-351VTC-70-8kgo,Rubicon Neousys Rugged Compact Intel Apollo Lake In-Vehicle Computer,POC-351VTC,Rugged/Entry/POC Series/POC-351VTC
RCMS-MK100B-53,Custom 1U Rackmount Intel Coffee Lake Computer,MK100B-53,Server/1U & 1.5U Rackmount/MK100 Series/MK100B-53
RDVMK101B-30-g08c,Intel Ivy Bridge 1U Rackmount Computer,MK101B-30,Server/1U & 1.5U Rackmount/MK100 Series/MK101B-30
CBN-MC510-55-W11-i3-Proto,CBN Next Gen MP - Industrial Intel Core Mini-ITX Computer,MC510-55,Industrial/Fanned/MC500 Series/MC510-55
WRA-HX310,OnLogic Helix 310 Intel Elkhart Lake Industrial Edge Computer,HX310,Industrial/Gateway/HX300 Series/HX310
TMS-CSP1101,Cincoze Rugged Intel Apollo Lake High-Brightness Panel PC,CS-P1101,Panel/Cincoze Panel/P1000 Series/CS-P1101
SLSC-K801-2TB-UL,Solar Security OnLogic Karbon 801 Low-Profile High-Performance Rugged Computer,K801,Rugged/Performance/K800 Series/K801
LDS-AC101- MEX,OnLogic Axial AC101 Rackmount Edge Server,AC101,Server/1U & 1.5U Rackmount/Axial Series/AC101
ABC-9160-POE,Neousys Rugged Intel Coffee Lake Computer with Optional GPU,Nuvo-9160GC,Rugged/Performance/Nuvo Series/Nuvo-9160GC
FOSH-K801,OnLogic Karbon 801 Low-Profile High-Performance Rugged Computer,K801,Rugged/Performance/K800 Series/K801
6644cd3f48ea001b49a0d027,Karbon 410 Intel Elkhart Lake Compact Rugged Computer,K410,Rugged/Entry/K400 Series/K410
Zund-CCS,Zund Cutter Computer System,DS-1202,Rugged/Mid Tier/DS Series/DS-1202
Wamar Nuvis-3304-s8c8,Wamar Nuvis-3304,,///
VCTR-ML350G-10,Low Profile Fanless Industrial Computer With Apollo Lake,,///
Waik-ML100G-10-kc4s,Industrial Intel Bay Trail Fanless NUC Computer,ML100G-10,Industrial/Entry/ML100 Series/ML100G-10
TRDW-RGS-PROTO,RGS-8805GC - Neousys Rugged High Performance Server,RGS-8805GC,Rugged/High Performance/Nuvo Series/RGS-8805GC
TRIOTECH-DARKRIDE,TRIOTECH-DARKRIDE,MC500 (Other),Industrial/Fanned/MC500 Series/MC500 (Other)
Torwegge-ML340G-50-44o0,Low Profile Fanless Intel Core i7 Industrial Computer,ML340G-50,Industrial/Gateway/ML300 Series/ML340G-50
Toshiba-CL100-44ww,Industrial Fanless Mini PC,CL100,Industrial/Small Form Factor/CL100 Series/CL100
TransNet-K300,Transition Networks Karbon 300 Compact Rugged Computer,,///
Badbaderror-TC401R-delete,OnLogic Tacton TC401 Intel 12th Gen All-in-one Panel PC,TC401,Panel/OnLogic Panel/Tacton Series/TC401
STAM-HX310-ETL,OnLogic Helix 310 Intel Elkhart Lake Industrial Edge Computer,HX310,Industrial/Gateway/HX300 Series/HX310
STAP-ML350-G,Low Profile Fanless Industrial Computer With Apollo Lake,,///
Stab2-HX401,OnLogic Helix 401 Fanless Hybrid-Core Computer,HX401,Industrial/Entry/HX400 Series/HX401
Staples-3DVisionIPC,OnLogic Karbon 804 High-Performance Rugged Computer w/ModBay & PCIe,K804,Rugged/Performance/K800 Series/K804
RRAMAC-CL210G-10-4G,RRAMAC EdgeScout CL210G-10 w/ Verizon 4G,CL210G-10,Industrial/Small Form Factor/CL200 Series/CL210G-10
RRAMAC-CL210G-10-Win,RRAMAC Fanless Industrial USFF Edge Device w/ Dual LAN,CL210G-10,Industrial/Small Form Factor/CL200 Series/CL210G-10
RT1003G-4g8g,Wide-Temp Intel Atom Automotive System,Rugged (Other),Rugged/Legacy Rugged/Legacy Rugged/Rugged (Other)
RT130-GasTrak-ccs0,Rugged Intel Ivy Bridge In-Vehicle Computer,Rugged (Other),Rugged/Legacy Rugged/Legacy Rugged/Rugged (Other)
ATI-TN401-AUS,OnLogic Tacton TC401 Intel 12th Gen All-in-one Panel PC,TC401,Panel/OnLogic Panel/Tacton Series/TC401
PBC-FR201-v01,PBC - Factor 201 Raspberry Pi Industrial IoT Gateway,FR201,Industrial/Small Form Factor/FR200 Series/FR201
NBCU-CS-108CL-v2,"Universal 8.4"" High-Brightness Capacitive Touchscreen with Wet Tracking",,Components/Components/Components/
GMI-HX600,OnLogic Helix 600 Intel Comet Lake Expanded Industrial Edge Computer,HX600,Industrial/Performance/HX600 Series/HX600
XX-K410,XX-K410 Karbon 410 Intel Elkhart Lake Compact Rugged Computer,K410,Rugged/Entry/K400 Series/K410
Aerzen-FR201,Factor 201 Raspberry Pi Industrial IoT Gateway,FR201,Industrial/Small Form Factor/FR200 Series/FR201
OC-HX401-DIN-EU,Owens Corning OnLogic Helix 401 Fanless Hybrid-Core Computer with DIN Mount for the EU,HX401,Industrial/Entry/HX400 Series/HX401
HV-K300,Karbon 300 Compact Rugged Computer,K300,Rugged/Entry/K300 Series/K300
VBI-HX500-NA,VBI HX500 North America,HX500,Industrial/Performance/HX500 Series/HX500
Vitestro-Nuvo-7160GC,Neousys Rugged Intel Coffee Lake Computer with Optional GPU,,///
VMED-MK150,VMED-MK150,MK150 (Other),Server/1U & 1.5U Rackmount/MK150 Series/MK150 (Other)
VMED-MK150-g8w8,VMED-MK150,MK150 (Other),Server/1U & 1.5U Rackmount/MK150 Series/MK150 (Other)
VA-MC500-04cw,Commercial Intel Atom Mini-ITX Computer,,///
TYT-CT110,Tykma Technologies Baytrail CT100 Computer,,///
TT-JC111v02,Tykma 1E Atom JC-111 Mini-ITX Computer,Industrial (Other),Industrial/Legacy Industrial/Legacy Industrial/Industrial (Other)
Turnkey-Nuvo-5006LP-PoE,Turnkey Mobile Nuvo-5006LP-PoE,,///
TYT-CT100v03-kko4,ASRock IMB-154 Intel Braswell Industrial Mini-ITX Motherboard,,Components/Components/Components/
TYT-CT100-i7,Tykma Technologies Skylake CT100 Computer,,Components/Components/Components/
TELEMETRICS_MOBO_KIT-cko8,TELEMETRICS ASRock IMB-181 Haswell Desktop Industrial Mini-ITX Motherboard Kit,,Components/Components/Components/
template-customersystem,Customer System Template,Industrial (Other),Industrial/Legacy Industrial/Legacy Industrial/Industrial (Other)
TERA-MK100-40-R1-gc80,Industrial 1U AMD Ryzen Rackmount Server with Integrated Power Supply,,///
TERA-MK100-40-R4,Industrial 1U AMD Ryzen Rackmount Server with Integrated Power Supply No UL,MK100B-40,Server/1U & 1.5U Rackmount/MK100 Series/MK100B-40
tera-mk100-40-proto-kw0w,Industrial 1U AMD Ryzen Rackmount Server with Integrated Power Supply,MK100B-40,Server/1U & 1.5U Rackmount/MK100 Series/MK100B-40
TEKN-ML310,Teknor Apex ML310,ML300 (Other),Industrial/Gateway/ML300 Series/ML300 (Other)
SPYKE-POC-300,SPYKE-Neousys Rugged Compact Fanless Intel Apollo Lake Computer,POC-300,Rugged/Entry/POC Series/POC-300
Spyke-DA-1100,Cincoze Rugged Apollo Lake Ultra Compact Fanless Computer,DA-1100,Rugged/Entry/DA Series/DA-1100
SR100,MIL-STD i7 Ultra-Rugged Fanless Computer,Rugged (Other),Rugged/Legacy Rugged/Legacy Rugged/Rugged (Other)
SR101-15,"Industrial 15"" Intel Atom IP65 Resistive Panel PC",,///
SSDCore-ML250-w84g,SSDCore-ML250,ML250 (Other),Industrial/Gateway/ML250 Series/ML250 (Other)
G&DFR201,G&DFR201 - Factor 201 Raspberry Pi Industrial IoT Gateway,FR201,Industrial/Small Form Factor/FR200 Series/FR201
SBUX-CL250-TM710,Ultra Compact Industrial Thin Client with ThinManager,CL250 (TM710),Industrial/Small Form Factor/CL200 Series/CL250 (TM710)
SPACEX-K803,OnLogic Karbon 803 High-Performance Rugged Computer w/PCIe,K803,Rugged/Performance/K800 Series/K803
WM-ML600G-52,Fanless Industrial Intel Skylake Computer,ML600G-52,Industrial/Performance/ML600 Series/ML600G-52
Wast-K410-R02,Karbon 410 Intel Elkhart Lake Compact Rugged Computer No LTE,K410,Rugged/Entry/K400 Series/K410
Watson500-40k8,The Watson 500 Special,MC500-51,Industrial/Fanned/MC500 Series/MC500-51
WLKR-8gog,Walker Digital Custom System,,///
WM-TN101R-12,Waste Mgmt - OnLogic Tacton TN101 Industrial Display,,///
UPGRADE-ML450G-51-kcsw,Industrial Intel Skylake Mini-ITX Computer,ML450G-51,Industrial/Performance/ML400 Series/ML450G-51
UpgrOptions-ML450G-51-04g8,Industrial Intel Skylake Mini-ITX Computer,ML450G-51,Industrial/Performance/ML400 Series/ML450G-51
UpgrOptions-ML600G-52-kkgg,Industrial Fanless Intel Skylake Computer,ML600G-52,Industrial/Performance/ML600 Series/ML600G-52
UniDAQ-ML500G-50,UniDAQ ML500G-50,ML500G-50,Industrial/Performance/ML500 Series/ML500G-50
UPS-CL210G-11,Ultra Small Quad Core Fanless Industrial Edge Computer,CL210G-11,Industrial/Small Form Factor/CL200 Series/CL210G-11
UPS-HX600-UPV,OnLogic Helix 600 Intel Comet Lake Expanded Industrial Edge Computer,HX600,Industrial/Performance/HX600 Series/HX600
TM700-51ei,Industrial Fanless Mini PC with ThinManager,CL100 (TM700),Industrial/Small Form Factor/CL100 Series/CL100 (TM700)
TM710,Ultra Compact Industrial Thin Client with ThinManager,CL250 (TM710),Industrial/Small Form Factor/CL200 Series/CL250 (TM710)
TMC-AG960C-7260-pltr,The Marlin Company AG960C Computer with 7260 WiFi Card,NC200 (Other),Industrial/Legacy Industrial/NC200 Series/NC200 (Other)
TMC-AG960C-rev2,The Marlin Company TMC-AG960C-rev2 Signage Computer,NC200 (Other),Industrial/Legacy Industrial/NC200 Series/NC200 (Other)
TM610-9xif,TM610 Industrial Five Display Thin Client with ThinManager,,///
TM710-epah,Ultra Compact Industrial Thin Client with ThinManager,,///
TMC-BareboneC-w44g,Marlin Company Celeron Barebone NUC,Industrial (Other),Industrial/Legacy Industrial/Legacy Industrial/Industrial (Other)
SICK-K700-M32-NOSDD-NOOS-3a75,Karbon 700 High-Performance Rugged Edge Computer,,///
SICK-K700-SE-11T-NOS,"K700SE, M32, 1x1T Innodisk SSD, No-OS",K700-SE,Rugged/Performance/K700 Series/K700-SE
SHIRE-PRO,Pwnie Express Shire Pro,ML340G-51,Industrial/Gateway/ML300 Series/ML340G-51
SICK-K700-SE-R32-ZxSSD,SICK Karbon 700 High-Performance Rugged Edge Computer - NO SSD,K700-SE,Rugged/Performance/K700 Series/K700-SE
Sharecom-DS-1002-50-COM-occ8,Cincoze Rugged Intel Haswell Computer with Dual Expansion,,///
RADIX-Nuvis-3304-v2-8POE,Radix Nuvis-3304 v2 8POE,,///
FRFA-ML350G-10-R1,Freight Farms - Low Profile Fanless Industrial Computer With Apollo Lake (Revision 1),ML350G-10,Industrial/Gateway/ML300 Series/ML350G-10
EVR-DS1001-00w0,Eversource DS-1001 with Windows 10 Pro,,///
EternalSun-ML500G-30,Eternal Sun Fanless Industrial Intel 6th Gen Computer w/optional i7 and 4 COM,ML500G-30,Industrial/Performance/ML500 Series/ML500G-30
EFFE-MK100B-51,Effect Photonics Intel Skylake 1U Rackmount Computer,MK100B-51,Server/1U & 1.5U Rackmount/MK100 Series/MK100B-51
EFFE-MK100B-51-wwc4,Intel Skylake 1U Rackmount Computer,MK100B-51,Server/1U & 1.5U Rackmount/MK100 Series/MK100B-51
Eutecnics- CT100-ogws,Eutecnics- CT100,,Components/Components/Components/
Endress-K300-UL,Endress+Hauser Karbon 300 Compact Rugged Computer UL Listed,K300,Rugged/Entry/K300 Series/K300
Ellip-MK400-70-swkg,4U Rackmount Scalable Xeon Edge Server with PCIe expansion,MK400-70,Server/4U Rackmount/MK400 Series/MK400-70
EVR-DS1001-owww,Eversource Energy NVR,DS-1000,Rugged/Mid Tier/DS Series/DS-1000
DRB-MC10-Server-ock0,Industrial Intel Coffee Lake Mini-ITX Computer,MC510-50,Industrial/Fanned/MC500 Series/MC510-50
DRTI-DA-1000,DRTI Cincoze Rugged Ultra Compact Fanless Computer,DA-1000,Rugged/Entry/DA Series/DA-1000
DENOUDEN-DA-1000-wg0w,Cincoze Rugged Ultra Compact Fanless Computer,,///
Dormakaba-P2002,Dormakaba Cincoze Intel Skylake Core i5 Panel PC,P2002,Rugged/Entry/P2000 Series/P2002
DP-ML450G-11,District Photo - Fanless Industrial Intel Apollo Lake Mini-ITX Computer,ML450G-11,Industrial/Performance/ML400 Series/ML450G-11
DRGR-K300-UL,Karbon 300 Compact Rugged Computer,K300,Rugged/Entry/K300 Series/K300
DC-1100-0s0g,Cincoze Rugged Intel Bay Trail Compact Fanless Computer,,///
DC-1100-10-c8og,Cincoze Rugged Intel Bay Trail Compact Fanless Computer,,///
DC-1100-48s8,Cincoze Rugged Intel Bay Trail Compact Fanless Computer,,///
Dc-1100LENSEC-8wsw,Cincoze Rugged Intel Bay Trail Compact Fanless Computer,,///
CS-119C-M1001-s000,CS-119C-M1001,,///
CV-115C-P1001-0cwo,"Cincoze Crystal 15"" Intel Bay Trail Industrial Panel PC",,///
CS-115C-OB-P-8ss0,"Cincoze 15"" High-Brightness Capacitive Touchscreen w/ OB for Envera",,///
CV-117-P2002,"Cincoze Crystal 17"" Industrial Panel PC",,///
CV-115C-P1001-4cwk,"Cincoze Crystal 15"" Industrial Panel PC",,///
CV-P1101-vl57,Cincoze Rugged Panel PC,CV-P1101,Panel/Cincoze Panel/P1000 Series/CV-P1101
CV-115R-ProPak-8ow0,CV-115R-ProPak,,///
CNDT-ML600G-52,Conduent Incorporated - Fanless Industrial Intel Skylake Computer,ML600G-52,Industrial/Performance/ML600 Series/ML600G-52
CNP-MC600-0sk8,Cineplex Core i5 Mini-ITX System w/ GPU,MC600 (Other),Industrial/Fanned/MC600 Series/MC600 (Other)
CNBN-5000-CBL-2USB254P-gkwg,CBNCO Backplate & 2x Compact Dual USB Cables,,Components/Components/Components/
CNP-MK100-C420-Win10,Cineplex MK100 C420 Win10,MK100 (Other),Server/1U & 1.5U Rackmount/MK100 Series/MK100 (Other)
CNBN-ML250-4o8c,Canadian Bank Note ML250 System,ML250 (Other),Industrial/Gateway/ML250 Series/ML250 (Other)
CL210G-11-RS,Quad Core Fanless Industrial Edge Device w/ Dual LAN (Pre-configured),CL210G-11,Industrial/Small Form Factor/CL200 Series/CL210G-11
CL210G-11-RS-j8jj,Quad Core Fanless Industrial Edge Device w/ Dual LAN (Pre-configured),,///
CL210G-11-RS-lw62,Quad Core Fanless Industrial Edge Device w/ Dual LAN (Pre-configured),,///
CL210g-11-s448,CL210G-11 - Windows Capture System,CL210G-11,Industrial/Small Form Factor/CL200 Series/CL210G-11
CL210G-11-swhx,Ultra Small Quad Core Fanless Industrial Edge Computer,CL210G-11,Industrial/Small Form Factor/CL200 Series/CL210G-11
CL210G-11-840w,Ultra Small Quad Core Fanless Edge Computer,CL210G-11,Industrial/Small Form Factor/CL200 Series/CL210G-11
CL210G-11-k2g2,Ultra Small Quad Core Fanless Industrial Edge Computer,CL210G-11,Industrial/Small Form Factor/CL200 Series/CL210G-11
CL210G-11-k8gs,Ultra Small Quad Core Fanless Industrial Edge Computer,CL210G-11,Industrial/Small Form Factor/CL200 Series/CL210G-11
cl210g-11-bxju,Ultra Small Quad Core Fanless Industrial Edge Computer,,///
CL210G-11-c0wg,Ultra Small Quad Core Fanless Industrial Edge Computer,,///
CL210G-11-cgc8,Ultra Small Quad Core Fanless Industrial Edge Computer,CL210G-11,Industrial/Small Form Factor/CL200 Series/CL210G-11
CL210G-11-8o4c,Cognex CL210G-11 with 512GB SSD,CL210G-11,Industrial/Small Form Factor/CL200 Series/CL210G-11
Black-HX600-R01,OnLogic Helix 600 Intel Comet Lake Expanded Industrial Edge Computer,HX600,Industrial/Performance/HX600 Series/HX600
BLACKB-HX500,OnLogic Helix 500 Intel Comet Lake Industrial Edge Computer,HX500,Industrial/Performance/HX500 Series/HX500
BLRI-Nuvo-5100VTC,Blue River Technology Nuvo-5100VTC,,///
BLRX-MC510-1TB-ACQUIRE,Industrial Intel Coffee Lake Mini-ITX Computer,MC510-50,Industrial/Fanned/MC500 Series/MC510-50
BLAC-HX600-R01,OnLogic Helix 600 Intel Comet Lake Expanded Industrial Edge Computer,HX600,Industrial/Performance/HX600 Series/HX600
Blac-HX600-v5fj,OnLogic Helix 600 Intel Comet Lake Expanded Industrial Edge Computer,HX600,Industrial/Performance/HX600 Series/HX600
BLRX-MC510-1TB-ACQUIRE-iytc,Industrial Intel Coffee Lake Mini-ITX Computer,,///
AMAZ-ML100G-52,Industrial Fanless Intel Whiskey Lake Embedded NUC With Dual LAN,ML100G-52,Industrial/Entry/ML100 Series/ML100G-52
AMAZ-ML600G-52,Fanless Industrial Intel Skylake Computer,ML600G-52,Industrial/Performance/ML600 Series/ML600G-52
AMAROBO-ML600-gk8o,Amazon Robotics ML600,ML600G-52,Industrial/Performance/ML600 Series/ML600G-52
AMAU-ML600G-52-wwkk,American Autoclave ML600G-52,ML600G-52,Industrial/Performance/ML600 Series/ML600G-52
ALTG-CL250,AlterG CL250 Edge Gateway,CL250,Industrial/Small Form Factor/CL200 Series/CL250
AMAROBO-MC500-cosk,Amazon Robotics MC500,,///
AC-AU110,Amec LGX Extended Temperature AU110 Fanless System,Rugged (Other),Rugged/Legacy Rugged/Legacy Rugged/Rugged (Other)
AD-C2D-4030,Aerodyne CW Mini Computer,,Industrial/Legacy Industrial/Legacy Industrial/
1VLT-MK150B-40,1.5U Rackmount AMD Ryzen Server,MK150B-40,Server/1U & 1.5U Rackmount/MK150 Series/MK150B-40
1VLT-MK100B-40,1U Rackmount AMD Ryzen Server - Black Box Server,MK100B-40,Server/1U & 1.5U Rackmount/MK100 Series/MK100B-40
208639-R4-2nw5,Cymer iBox210,,///
FW200F,Fanless Intel Core Firewall with pfSense&reg; Software,ML250 (Other),Industrial/Gateway/ML250 Series/ML250 (Other)
FRENCK-ML510G-50,Compact Fanless Industrial Coffee Lake Computer,ML510G-50,Industrial/Performance/ML500 Series/ML510G-50
FR201-npjy,Factor 201 Raspberry Pi Industrial IoT Gateway,FR201,Industrial/Small Form Factor/FR200 Series/FR201
FR202-4ktd,Factor 202 Raspberry Pi Industrial Controller,FR202,Industrial/Small Form Factor/FR200 Series/FR202
FR202-dij1-2-9qeo-kq1u,Factor 202 Raspberry Pi Industrial IoT Gateway,FR202,Industrial/Small Form Factor/FR200 Series/FR202
FR202-ymtb,Factor 202 Raspberry Pi Industrial Controller,FR202,Industrial/Small Form Factor/FR200 Series/FR202
FR201-yegm,Factor 201 Raspberry Pi Industrial IoT Gateway,FR201,Industrial/Small Form Factor/FR200 Series/FR201
FR201-35ur,Factor 201 Raspberry Pi Industrial IoT Gateway,FR201,Industrial/Small Form Factor/FR200 Series/FR201
Frac-DS-1200,Frac Shack Cincoze Rugged Intel Coffee Lake Fanless Computer,,///
DTS-MC600-g040,Industrial Video Wall Digital Media Player,MC600-50,Industrial/Fanned/MC600 Series/MC600-50
DTS-MC600-g040-k4go,Industrial Video Wall Digital Media Player,MC600-50,Industrial/Fanned/MC600 Series/MC600-50
DUKE-ML500G-30,Duke Energy Industrial Intel 6th Gen Fanless Computer,ML500G-30,Industrial/Performance/ML500 Series/ML500G-30
E3950-Capacitive-CV-P1101-FLS,Cincoze Rugged Intel Apollo Lake Panel PC,CV-P1101,Panel/Cincoze Panel/P1000 Series/CV-P1101
DTS-MC600-wgwk,Industrial Video Wall Digital Media Player,MC600-50,Industrial/Fanned/MC600 Series/MC600-50
DTS-ML300V,Fanless In-Vehicle Digital Media Player,ML300 (Other),Industrial/Gateway/ML300 Series/ML300 (Other)
DTS-MC600-2TB-ogs8,Industrial Video Wall Digital Media Player,MC600-50,Industrial/Fanned/MC600 Series/MC600-50
DX-1100-wcks,Cincoze High-Performance Compact Rugged Computer,,///
DETE-ML100G-51-CANCELLED,Industrial Fanless Intel Whiskey Lake NUC With Dual LAN,,///
DETECT-K700-SE-SERVER,"Detect, Inc. Karbon 700 High-Performance Rugged Edge Computer (Server configuration)",K700-SE,Rugged/Performance/K700 Series/K700-SE
DI-1000-htch-0001,Cincoze Rugged Intel Skylake Compact Fanless Computer,,///
DFXMO-K300-4ss4,Karbon 300 Rugged Ultra Compact Computer,,///
DataAcuity iBox 210D-coww,DataAcuity iBox 210D,Industrial (Other),Industrial/Legacy Industrial/Legacy Industrial/Industrial (Other)
DA-1100-w4wo,Cincoze Rugged Ultra Compact Apollo Lake Fanless Computer,,///
DA-1100-wkco,Cincoze Rugged Apollo Lake Ultra Compact Fanless Computer,,///
DAQ-3000,Rugged Data Acquistion Gateway,,///
DATA-K804-R1,OnLogic Karbon 804 High-Performance Rugged Computer w/ModBay & PCIe,K804,Rugged/Performance/K800 Series/K804
DA-1100-kw00,Cincoze Rugged Apollo Lake Ultra Compact Fanless Computer,,///
CoSy-CL100-g88o,Fanless Industrial Mini PC,CL100,Industrial/Small Form Factor/CL100 Series/CL100
Covix-Nuvo5000SSD-wwko,Neousys Rugged Intel Skylake Low Profile Fanless Computer,,///
Custom-MK150-kosw,Custom-MK150,MK150B-30,Server/1U & 1.5U Rackmount/MK150 Series/MK150B-30
CP-P2102-IGN320-M1001-12.1-n4n4,ConocoPhillips Rugged 12 Inch Panel and PC with Intel Core i3/i5 CPU and Ignition Software,,///
CUSTOM-4848,Custom Core-557B,Industrial (Other),Industrial/Legacy Industrial/Legacy Industrial/Industrial (Other)
CUSTOM-40sw,AU910 Series Intel Core i Mobile Fanless Rugged Computer,Rugged (Other),Rugged/Legacy Rugged/Legacy Rugged/Rugged (Other)
Core-557,Commercial Intel Core Computer,Industrial (Other),Industrial/Legacy Industrial/Legacy Industrial/Industrial (Other)
COPR-CL210G-Large,Fanless Industrial USFF Edge Device w/ Dual LAN,CL210G-10,Industrial/Small Form Factor/CL200 Series/CL210G-10
Controlportals - ML350G-10,Low Profile Fanless Industrial Computer With Apollo Lake,ML350G-10,Industrial/Gateway/ML300 Series/ML350G-10
COLL-MK150B-52,Intel Skylake 1.5U Rackmount Computer,MK150B-52,Server/1U & 1.5U Rackmount/MK150 Series/MK150B-52
Core-A7879-g0wo,Cook Security A7879,Industrial (Other),Industrial/Legacy Industrial/Legacy Industrial/Industrial (Other)
CL210G-10-8c4g,Fanless Industrial USFF Edge Device w/ Dual LAN,CL210G-10,Industrial/Small Form Factor/CL200 Series/CL210G-10
CL210G-10-8o0c,Fanless Industrial USFF Edge Device w/ Dual LAN,CL210G-10,Industrial/Small Form Factor/CL200 Series/CL210G-10
CL210G-10-9pb1,Fanless Industrial USFF Edge Device w/ Dual LAN,CL210G-10,Industrial/Small Form Factor/CL200 Series/CL210G-10
CL210G-10-ba88,Fanless Industrial USFF Edge Device w/ Dual LAN,,///
CL210G-10-RS,Fanless Industrial USFF Edge Device w/ Dual LAN (Pre-configured),CL210G-10,Industrial/Small Form Factor/CL200 Series/CL210G-10
CL210G-11-WiFi-flma,Ultra Small Quad Core Fanless Industrial Edge Computer w/ WiFi,CL210G-11,Industrial/Small Form Factor/CL200 Series/CL210G-11
CL210G-11-wtf2,Ultra Small Quad Core Fanless Industrial Edge Computer,CL210G-11,Industrial/Small Form Factor/CL200 Series/CL210G-11
CL210G-11-xt3d,Ultra Small Quad Core Fanless Industrial Edge Computer,,///
CL210G-10-dgwb,Fanless Industrial USFF Edge Device w/ Dual LAN,CL210G-10,Industrial/Small Form Factor/CL200 Series/CL210G-10
CL210G-10-c0kg,Fanless Industrial USFF Edge Device w/ Dual LAN,CL210G-10,Industrial/Small Form Factor/CL200 Series/CL210G-10
CL210G-10-ci5a,Fanless Industrial USFF Edge Device w/ Dual LAN,CL210G-10,Industrial/Small Form Factor/CL200 Series/CL210G-10
CL210G-10-j2e7,Fanless Industrial USFF Edge Device w/ Dual LAN,CL210G-10,Industrial/Small Form Factor/CL200 Series/CL210G-10
CL210G-10-r91s,Fanless Industrial USFF Edge Device w/ Dual LAN,CL210G-10,Industrial/Small Form Factor/CL200 Series/CL210G-10
BRUK-K802-UL-xerz,OnLogic Karbon 802 High-Performance Rugged Computer w/ModBay,,///
BWDG-ML210G-12-V3,Industrial Intel Braswell Fanless Computer with Dual Gb LAN (2 COM),ML210G-12,Industrial/Gateway/ML200 Series/ML210G-12
BRWN-K300-IGN200,Rugged Edge Computer with Ignition Software,,///
BRYX3-MK150B-52-4G,Bryx Intel Skylake 1.5U Rackmount Computer w/o 4 port POE network card,MK150B-52,Server/1U & 1.5U Rackmount/MK150 Series/MK150B-52
BWDG-ML210G-12-V2-c0s8,Industrial Intel Braswell Fanless Computer with Dual Gb LAN,ML210G-12,Industrial/Gateway/ML200 Series/ML210G-12
BRX-MC500-51-wbdi,Blue Ridge X-Ray MC500-51,MC500-51,Industrial/Fanned/MC500 Series/MC500-51
Atom-MK150,Intel Atom 1.5U Rackmount Computer,MK150 (Other),Server/1U & 1.5U Rackmount/MK150 Series/MK150 (Other)
Atom-ML250,Industrial Intel Atom Mini-ITX Computer,ML250 (Other),Industrial/Gateway/ML250 Series/ML250 (Other)
Ax-M-Wifi-EU-CL210G-11,Ax-M EU with Wi-Fi Ultra Small Quad Core Fanless Industrial Edge Computer,CL210G-11,Industrial/Small Form Factor/CL200 Series/CL210G-11
Ax-M_v5.3.2-US,Fanless Industrial USFF Edge Device w/ Dual LAN,CL210G-11 (Other),Industrial/Small Form Factor/CL200 Series/CL210G-11 (Other)
Atom-MC500X,Commercial Intel Atom Computer with PCIe Expansion,MC500 (Other),Industrial/Fanned/MC500 Series/MC500 (Other)
AXE-ML100G-10-win764pro-o0ow,AXE-ML100G-10-win,ML100G-10,Industrial/Entry/ML100 Series/ML100G-10
ADC-MC500-0s44,Commercial Intel Celeron Mini-ITX Computer,MC500-10,Industrial/Fanned/MC500 Series/MC500-10
4x4-4300U,AMD 4x4 Form Factor Motherboard with AMD Ryzen 3 4300U,,///
416A-K700-SE-RAID,Karbon 700 High-Performance Rugged Edge Computer with 2x 256GB SSD and RAID 1,K700-SE-2,Rugged/Performance/K700 Series/K700-SE-2
GDLE-POC-300,GDL Electronics POC-300,POC-300,Rugged/Entry/POC Series/POC-300
GDLS Nuvo-5095GC-skcs,General Dynamics Land Systems Nuvo-5095GC,,///
FW800R-50,1U Rackmount Firewall with pfSense&reg; Software,MK100 (Other),Server/1U & 1.5U Rackmount/MK100 Series/MK100 (Other)
FLTE-P2002-i3i5-g4k0,Cincoze Intel Skylake Core i3/i5 Panel PC,,///
FORMEX-P2002-CV15R01,FORMEX-P2002-CV15R01,,///
FORMEX-P2002-CV19R01,Formex P2002-CV19R01,CV-P2002,Panel/Cincoze Panel/P2000 Series/CV-P2002
e.Sigma-MK150-kokg,MK150 Intel Atom 1U Mini Rackmount Computer,MK150 (Other),Server/1U & 1.5U Rackmount/MK150 Series/MK150 (Other)
EnviroCanadaAU957-k80c,EnviroCanadaAU957,Rugged (Other),Rugged/Legacy Rugged/Legacy Rugged/Rugged (Other)
EMPR-ML600G-52,Emprise ML600G-52,ML600G-52,Industrial/Performance/ML600 Series/ML600G-52
ENWAY-Nuvo-7160GC-s400,Neousys Rugged Intel Coffee Lake Computer with Optional GPU,Nuvo-7160GC,Rugged/Performance/Nuvo Series/Nuvo-7160GC
DS-1100-S-co8g,Cincoze Rugged Intel Skylake Fanless Computer,,///
DS-1100-S-w844,Cincoze Rugged Intel Skylake Fanless Computer,,///
DS-1100-S-wggk,Cincoze Rugged Intel Skylake Fanless Computer,,///
DS-1100-S-sgsw,Cincoze Rugged Intel Skylake Fanless Computer,,///
DS-1100-S-4wk0,Cincoze Rugged Intel Skylake Fanless Computer,,///
DS-1100-x4hc,Cincoze Rugged Intel Skylake Fanless Computer,,///
DS-1100-S-c00s,Cincoze Rugged Intel Skylake Fanless Computer,,///
DS-1100-S-ION-s8g4,Cincoze Rugged Intel Skylake Fanless Computer,,///
DEMATIC-ML340G-10-FL,DEMATIC-ML340G-10-FL,ML340G-10,Industrial/Gateway/ML300 Series/ML340G-10
DA-1000-ks0o,Cincoze Rugged Ultra Compact Fanless Computer,DA-1000,Rugged/Entry/DA Series/DA-1000
DA-1000-8okw,Cincoze Rugged Ultra Compact Fanless Computer,,///
DA-1000-8ow4,Cincoze Rugged Ultra Compact Fanless Computer,,///
DA-1000-idm0-04c8,Cincoze Rugged Ultra Compact Fanless Computer,,///
DA-1000-k0o0,Cincoze Rugged Ultra Compact Fanless Computer,,///
DA-1000-8w8c,Cincoze Rugged Ultra Compact Fanless Computer,,///
Core-MK100LCDi7x2hdds-sgo0,Core-MK100LCDi7,MK100 (Other),Server/1U & 1.5U Rackmount/MK100 Series/MK100 (Other)
Core-MK150,Intel Core 1.5U Rackmount Computer,MK150 (Other),Server/1U & 1.5U Rackmount/MK150 Series/MK150 (Other)
CS-115C-M1001-c0gw,Whitewater West CS-115C-M1001,,///
CRWN-K700-X2-scg0,Karbon 700 Expanded High-Performance Rugged Edge Computer,K700-X2,Rugged/Performance/K700 Series/K700-X2
CS MK150-0ko0,Carved Solutions Server,MK150B-30,Server/1U & 1.5U Rackmount/MK150 Series/MK150B-30
Core-MK100LCDi7-ww4g,Core-MK100LCDi7,MK100 (Other),Server/1U & 1.5U Rackmount/MK100 Series/MK100 (Other)
Core-ML250-4s0g,Industrial Intel Core Mini-ITX Computer,ML250 (Other),Industrial/Gateway/ML250 Series/ML250 (Other)
Core-MK150-c488,Intel Core 1.5U Rackmount Computer,MK150 (Other),Server/1U & 1.5U Rackmount/MK150 Series/MK150 (Other)
CS-112HC-M1001-oscw,CS-112HC-M1001,,///
Core-MK100-s048,Intel Core 1U Rackmount Computer,MK100 (Other),Server/1U & 1.5U Rackmount/MK100 Series/MK100 (Other)
Core-MK100-kgck,Source Cable MK100,MK100 (Other),Server/1U & 1.5U Rackmount/MK100 Series/MK100 (Other)
CL210G-11-4gsg,Ultra Small Quad Core Fanless Industrial Edge Computer,CL210G-11,Industrial/Small Form Factor/CL200 Series/CL210G-11
CL210G-11-9zvn,Ultra Small Quad Core Fanless Industrial Edge Computer,CL210G-11,Industrial/Small Form Factor/CL200 Series/CL210G-11
CL210G-11-a37c,Ultra Small Quad Core Fanless Industrial Edge Computer,CL210G-11,Industrial/Small Form Factor/CL200 Series/CL210G-11
CDS-CEN-NON_r01-g4k4,Christie Digital CEN NonInteractive r01,ML210G-50,Industrial/Gateway/ML200 Series/ML210G-50
CDS-CEN-NON_r01,Christie Digital CEN NonInteractive r01,ML210G-50,Industrial/Gateway/ML200 Series/ML210G-50
BLAC-HX600-G5900,OnLogic Helix 600 Intel Comet Lake Expanded Industrial Edge Computer,HX600,Industrial/Performance/HX600 Series/HX600
BIZSPEED-POC-351VTC,BizSpeed POC-351VTC,POC-351VTC,Rugged/Entry/POC Series/POC-351VTC
BL-MC500-coso,Building Logix MC500,MC500 (Other),Industrial/Fanned/MC500 Series/MC500 (Other)
BL-ML210-84oo,Building Logix ML210 v1,ML210G-11,Industrial/Gateway/ML200 Series/ML210G-11
BL-ML210_v1-120,Building Logix ML210 v1-120,ML210G-11,Industrial/Gateway/ML200 Series/ML210G-11
BIOM-CL250,bioMerieux CL250 Ultra Small Fanless Industrial Edge Gateway,CL250,Industrial/Small Form Factor/CL200 Series/CL250
BioMarin-MK100,BioMarin-MK100,MK100 (Other),Server/1U & 1.5U Rackmount/MK100 Series/MK100 (Other)
BLAC-HX500-R01,OnLogic Helix 500 Intel Comet Lake Industrial Edge Computer,HX500,Industrial/Performance/HX500 Series/HX500
AG-150-V-s0go,Custom AG150-V,ML200 (Other),Industrial/Gateway/ML200 Series/ML200 (Other)
AG150- PD10BI-4wk0,AG150- PD10BI,ML200 (Other),Industrial/Gateway/ML200 Series/ML200 (Other)
AMW-ML250,American Woodmark Core i Fanless Industrial ML250 Computer,ML250 (Other),Industrial/Gateway/ML250 Series/ML250 (Other)
AMW-ML510G-50-WiFi,Compact Fanless Industrial Coffee Lake Computer,ML510G-50,Industrial/Performance/ML500 Series/ML510G-50
AMW-ML500,American Woodmark ML500,ML500 (Other),Industrial/Performance/ML500 Series/ML500 (Other)
AMZ-ATC-ML500-0s4k,Amazon ATC ML500,ML400 (Other),Industrial/Performance/ML400 Series/ML400 (Other)
AMZ-ML210G-50-c8c8,Industrial Intel Haswell i5 Thin Mini-ITX Computer,ML210G-50,Industrial/Gateway/ML200 Series/ML210G-50
AG150-kok4,Industrial Fanless Intel Atom Computer,ML200 (Other),Industrial/Gateway/ML200 Series/ML200 (Other)
AMW-ML500G-51-WIFI,Industrial Intel 8th Gen Fanless Computer w/optional i7,ML500G-51,Industrial/Performance/ML500 Series/ML500G-51
AGIL-K700-Server,AGIL-K700-Server,K700-SE,Rugged/Performance/K700 Series/K700-SE
AG150-0kg4,AG150 with ADATA,ML200 (Other),Industrial/Gateway/ML200 Series/ML200 (Other)
300230-01 / 1,Custom Movidius Kit for Avidbots Corp,,///
300230-01,Custom Movidius Kit for Avidbots Corp,,///
360Fly-Nuvo-7160GC,Neousys Rugged Intel Coffee Lake Fanless Computer,,///
FRTY-ML350G-10,Low Profile Fanless Industrial Computer With Apollo Lake,ML350G-10,Industrial/Gateway/ML300 Series/ML350G-10
Gibon800xA-K803,OnLogic Karbon 803 High-Performance Rugged Computer w/PCIe,K803,Rugged/Performance/K800 Series/K803
GLOR-ML450G-11,Glory Global Industrial Apollo Lake Mini-ITX Computer,ML450G-11,Industrial/Performance/ML400 Series/ML450G-11
GDMS-ML100-AutoPower,GDMS-ML100-AutoPower,ML100G-30,Industrial/Entry/ML100 Series/ML100G-30
DS-1001-30-o4gc,Cincoze Rugged Intel Haswell Fanless Computer with Expansion,,///
DS-1001-30MAX-scgs,Cincoze Rugged Intel Haswell Fanless Computer with Expansion,,///
DS-1001-30-s48k,Cincoze Rugged Intel Haswell Fanless Computer with Expansion,,///
DS-1000-PlatProSys-88w4,Cincoze Rugged Intel Haswell Fanless Computer,,///
DS-1001-30-quebec-cc0s,Cincoze Rugged Intel Haswell Fanless Computer with Expansion,,///
DS-1000-10Mojix-4k0g,Cincoze Rugged Intel Haswell Fanless Computer,,///
DS-1000P-c400,Cincoze DS-1000 Series Haswell Fanless Computer,,///
DATA-P2102-P2-CH124,"DC Industrial HMI - 24""",CV-P2102,Panel/Cincoze Panel/P2000 Series/CV-P2102
DBOX-ML210-kkw4,D-Box ML210,ML210G-10,Industrial/Gateway/ML200 Series/ML210G-10
CT-NONBR-IGN310-x28b,Coherent Technologies Rugged Panel PC with Intel Pentium CPU and Ignition Software w/ Standard Brightness Display,,///
CTDI-MC510-51,CDTI MC510 Industrial Mini-ITX System,MC500 (Other),Industrial/Fanned/MC500 Series/MC500 (Other)
CSPLT1-HX500-EU,OnLogic Helix 500 Intel Comet Lake Industrial Edge Computer,HX500,Industrial/Performance/HX500 Series/HX500
CTDI-MC600-52,CTDI MC600 Skylake System with Swappable Faceplates & HS101-D CPU Cooler,MC600-52,Industrial/Fanned/MC600 Series/MC600-52
Curarack-ML450G-52,Curarack Fanless Industrial Intel Skylake Mini-ITX Customizable Computer,ML450G-52,Industrial/Performance/ML400 Series/ML450G-52
CS-M1001-wgok,Cincoze High Brightness Industrial Touchscreen,,Components/Components/Components/
COBOD-CV-P1101,Cincoze Rugged Intel Apollo Lake Panel PC,CV-P1101,Panel/Cincoze Panel/P1000 Series/CV-P1101
COEN-POC-300,Coencorp POC-300,,///
coll-mk100b-52-8c4g,Intel Skylake 1U Rackmount Computer,MK100B-52,Server/1U & 1.5U Rackmount/MK100 Series/MK100B-52
Colas-DS-1202,Cincoze Rugged Intel Coffee Lake Fanless Computer with Dual Expansion or GPU,DS-1202,Rugged/Mid Tier/DS Series/DS-1202
COACH-MC500,COACH-MC500,MC500-30,Industrial/Fanned/MC500 Series/MC500-30
CODI-ML100G-40,Conex Digital - Compact Fanless AMD Ryzen Mini PC,ML100G-40,Industrial/Entry/ML100 Series/ML100G-40
Compusoft-ML450G-51,Compusoft Fanless industriële mini-ITX pc met Intel Skylake en 3 HDMI-poorten,ML450G-51,Industrial/Performance/ML400 Series/ML450G-51
CID-MC500- G2 Events-8ock,CID-MC500- G2 Events,,///
CiM-ML251-wkgg,LGX ML251 Intel Core i Fanless Mini Industrial Computer with LCD,ML250 (Other),Industrial/Gateway/ML250 Series/ML250 (Other)
CHMC-YF23-87,CHMC-YF23-87,,///
CL200G-11-RS-rds3,Quick-Start Industrial IoT Gateway (Pre-built),CL200G-11,Industrial/Small Form Factor/CL200 Series/CL200G-11
CL210G-10-0cws,Industrial USFF Edge Device w/ Dual LAN,CL210G-10,Industrial/Small Form Factor/CL200 Series/CL210G-10
CL200G-11-RS-1i8a,Quick-Start Industrial IoT Gateway (Pre-built),CL200G-11,Industrial/Small Form Factor/CL200 Series/CL200G-11
BEUMER-HX600,OnLogic Helix 600 Intel Comet Lake Expanded Industrial Edge Computer,HX600,Industrial/Fanless/HX600 Series/HX600
BRDG-ML350-swk0,Bridgestone Bandag ML350,ML350G-10,Industrial/Gateway/ML300 Series/ML350G-10
BERG-ML500G-30,Bergstein Digital ML500G-30,ML500G-30,Industrial/Performance/ML500 Series/ML500G-30
BBLK-Kit3,BeagleBone Black WiFi Kit,,Components/Components/Components/
BHT-MC600,Baobab Health Trust MC600,MC600 (Other),Industrial/Fanned/MC600 Series/MC600 (Other)
BioTek Proto-wcgs,Industrial Intel Skylake Mini-ITX Computer,ML450G-51,Industrial/Performance/ML400 Series/ML450G-51
AtomML250BarnesGroup-sg8s,AtomML250BarnesGroup,ML250 (Other),Industrial/Gateway/ML250 Series/ML250 (Other)
Atom-MC600-SYTE-8csc,Commercial Intel Atom Computer with Expansion,MC600 (Other),Industrial/Fanned/MC600 Series/MC600 (Other)
Atom-MK100-80s8,MK100 Intel Atom 1U Mini Rackmount Computer,MK100 (Other),Server/1U & 1.5U Rackmount/MK100 Series/MK100 (Other)
Atos-HX600,OnLogic Helix 600 Intel Comet Lake Expanded Industrial Edge Computer,HX600,Industrial/Performance/HX600 Series/HX600
Atom-ML250-0w88,Custom Atom-ML250 Fanless Mini-ITX Computer,ML250 (Other),Industrial/Gateway/ML250 Series/ML250 (Other)
Atom-ML250-RAID1-s8g0,ML250 Intel Atom Fanless Mini Industrial Computer,ML250 (Other),Industrial/Gateway/ML250 Series/ML250 (Other)
AMD-C292,Commercial AMD Computer with Single Expansion,,Industrial/Fanned/Other/
AMD-M350,SolidLogic AMD Fusion M350 Fanless Mini Computer,,Industrial/Legacy Industrial/Legacy Industrial/
AMD-MC500,AMD-MC500 eTrinity Mini-ITX Industrial Computer,,///
AMV-P2002E-i3,AMV-P2002E-i3,,///
AMW ML210 -4og0,Woodmark ML210,ML210G-50,Industrial/Gateway/ML200 Series/ML210G-50
ABB-FPPC-P2-CW156-02,Cincoze Rugged Intel Skylake Core i3/i5 Panel PC,CV-P2102,Panel/Cincoze Panel/P2000 Series/CV-P2102
GA-Nuvo-5095GC-404c,Neousys Rugged Intel Skylake Computer with Optional GPU,,///
ETB-K300V2,Energy Toolbase Karbon 300 Rugged Ultra Compact Computer (With Audio),,///
DS-1201-c80o,Cincoze Rugged Intel Coffee Lake Fanless Computer with Expansion,,///
DS-1200-k8oo,Cincoze Rugged Intel Coffee Lake Fanless Computer,,///
ds-1200-kgc0,Cincoze Rugged Intel Coffee Lake Fanless Computer,,///
DS-1200-s-ggso,Cincoze Rugged Intel Coffee Lake Fanless Computer,,///
DS-1202-g8kg,Cincoze Rugged Intel Coffee Lake Fanless Computer with Dual Expansion or GPU,,///
DS-1200-0wgg,Cincoze Rugged Intel Coffee Lake Fanless Computer (2x 4 TB),,///
DS-1200-swco,Cincoze Rugged Intel Coffee Lake Fanless Computer,DS-1200,Rugged/Mid Tier/DS Series/DS-1200
DX-1000-g44s,Cincoze Rugged Intel 6th/7th Gen Compact Fanless Computer,,///
DM-MDR-CPU,DM-MDR-CPU,MC500-51,Industrial/Fanned/MC500 Series/MC500-51
DP-ML210G-10,Data-Pac Fanless Industrial Intel Bay Trail Computer,,///
DIV-MC850-oog8,Diversified Media MC850,MC850-50,Server/Standalone/MC850 Series/MC850-50
DLR-NUVO-7000LP-8so0,Neousys Rugged Intel® Coffee Lake Low Profile Fanless Computer,,///
DISH-ML100G-31,Fanless Industrial Intel Dawson Canyon NUC Computer,ML100G-31,Industrial/Entry/ML100 Series/ML100G-31
CV-P2002-c0k4,Cincoze Intel Skylake Core i3/i5 Panel PC,CV-P2002,Panel/Cincoze Panel/P2000 Series/CV-P2002
CV-P2102-9vc9,Cincoze Rugged Intel 8th Gen Core i3/i5 Panel PC,CV-P2102,Panel/Cincoze Panel/P2000 Series/CV-P2102
CV-CFast-P1001-ckoc,Cincoze Intel Bay Trail Industrial Panel PC With CFast,,///
CV-P1101-gs0k,Rugged Cincoze Panel PC,CV-P1101,Panel/Cincoze Panel/P1000 Series/CV-P1101
CV-P1101-kd7p,Cincoze Rugged Panel PC,CV-P1101,Panel/Cincoze Panel/P1000 Series/CV-P1101
CV-P2002-yb5f,Cincoze Rugged Intel Skylake Core i3/i5 Panel PC,CV-P2002,Panel/Cincoze Panel/P2000 Series/CV-P2002
CV-P2102-yhxf,Cincoze Intel Whiskey Lake Core i3/i5 Panel PC,CV-P2102,Panel/Cincoze Panel/P2000 Series/CV-P2102
CV-Panel-108-BR1000,"Cincoze Crystal 8.4"" 1000 NIT High Brightness Industrial Panel PC",CV-P1001,Panel/Cincoze Panel/P1000 Series/CV-P1001
Core-MC600-c4g0-gwow,OnLogic Compact Intel i5 Computer with Expansion,MC600-50,Industrial/Fanned/MC600 Series/MC600-50
Core-MC500-sg8k,Commercial Intel Core Mini-ITX Computer,,///
Core-MC600-8g0c,Commercial Intel Core Computer with Expansion,,///
Core-NC210,Commercial Intel Core Ivy Bridge NUC Computer,NC200 (Other),Industrial/Legacy Industrial/NC200 Series/NC200 (Other)
Core-ML320-cogk,AlaskanBC ML320,ML300 (Other),Industrial/Gateway/ML300 Series/ML300 (Other)
Core-MC500-c4cg,MC500 Intel Core Embedded Mini Computer,MC500-30,Industrial/Fanned/MC500 Series/MC500-30
Core-NC210GEAviation-s44g,Core-NC210GEAviation,NC200 (Other),Industrial/Legacy Industrial/NC200 Series/NC200 (Other)
Core-MC600-c8sw,Commercial Intel Core Computer with Expansion,MC600 (Other),Industrial/Fanned/MC600 Series/MC600 (Other)
Cornfields-ML210G-10-0wc4,Industrial Intel Bay Trail Fanless Computer,ML210G-10,Industrial/Gateway/ML200 Series/ML210G-10
CL210G-11-vj0x,Ultra Small Quad Core Fanless Industrial Edge Computer,,///
CL250-w0dd,CL250 Ultra Small Fanless Industrial Edge Gateway,CL250,Industrial/Small Form Factor/CL200 Series/CL250
CL210G-11-y3x8,Ultra Small Quad Core Fanless Industrial Edge Computer,CL210G-11,Industrial/Small Form Factor/CL200 Series/CL210G-11
CL210G-DVT-4wwo,CL200 DVT Sample System,CL210G-10,Industrial/Small Form Factor/CL200 Series/CL210G-10
CL210G-11-vszt,Ultra Small Quad Core Fanless Industrial Edge Computer,,///
CL210G-DVT-osc4,Ultra Point Apollo Lake for MachineMetrics,CL210G-10,Industrial/Small Form Factor/CL200 Series/CL210G-10
CEG-K802,OnLogic Karbon 802 High-Performance Rugged Computer w/ModBay,K802,Rugged/Performance/K800 Series/K802
CEN CL100-ocwk,Christie Digital CL100,CL100,Industrial/Small Form Factor/CL100 Series/CL100
CERAGON-ML400-INT,Ceragon ML400G-10 with EU & US power cord,ML400G-10,Industrial/Performance/ML400 Series/ML400G-10
CENE-CL250,CL250 Ultra Small Fanless Industrial Edge Gateway,CL250,Industrial/Small Form Factor/CL200 Series/CL250
CBNC-MC500-W10-EGate -ss4g,Canadian Bank Note Company MC500 Windows 10,,///
BLEN-ML340G-51-11,Blentech ML340G-51 i7 16GB,ML340G-51,Industrial/Gateway/ML300 Series/ML340G-51
Blen-ML350G-10-509-09,Low Profile Fanless Industrial Computer With Apollo Lake,ML350G-10,Industrial/Gateway/ML300 Series/ML350G-10
BLUE-MK100-IMB-181,Blue Origin MK100 IMB-181,MK100B-50,Server/1U & 1.5U Rackmount/MK100 Series/MK100B-50
Blep-o804,ASRock IMB-190 Skylake Desktop Industrial Mini-ITX Motherboard,,///
ANTHRO-ML450,Anthropocene Institute ML450,ML400 (Other),Industrial/Performance/ML400 Series/ML400 (Other)
AOA-08oc,Neousys Rugged Intel Skylake Fanless Computer,,///
AOA-DS-1202-0kcw,Cincoze Rugged Intel Coffee Lake Computer with Dual Expansion (Pre-Production),,///
Aporta-Nuvo-3100VTC-co48,Nuvo-3100VTC Fanless In-Vehicle Computer,,///
APGprodPCIe,Oldcastle Nuvo-3003 PCIe,Nuvo-3000,Rugged/Legacy Rugged/Nuvo Series/Nuvo-3000
TRMK-DX-1100-2TB,8th Generation Intel® Core™ High-Performance Compact Rugged Computer (2x 1TB SSD. Op Temp -40°C to 70°C),DX-1100,Rugged/Mid Tier/DX Series/DX-1100
DSI-10812-K410,DSI - Karbon 410 Intel Elkhart Lake Compact Rugged Computer,K410,Rugged/Entry/K400 Series/K410
HX330,OnLogic Helix 330 Intel Elkhart Lake Industrial Edge Computer w/Additional LAN,HX330,Industrial/Gateway/HX300 Series/HX330
AX300,OnLogic Axial AX300 Rackmount Edge Server,AX300,Server/3U Rackmount/Axial Series/AX300
K803-67f4,OnLogic Karbon 803 High-Performance Rugged Computer w/PCIe,K803,Rugged/Performance/K800 Series/K803
AC101-viso,AC101-viso,AC101,Server/1U & 1.5U Rackmount/Axial Series/AC101
AETH-K801,OnLogic Karbon 801 Low-Profile High-Performance Rugged Computer,,///
Zund-DS-1201,Cincoze Rugged Intel Coffee Lake Fanless Computer with Expansion,DS-1201,///DS-1201
Zayndu-DA1000,Cincoze Rugged Ultra Compact Fanless Computer,DA-1000,///DA-1000
ZIMR-DI-1000,Zimmer DI-1000,DI-1000,///DI-1000
ML340G-10,Low Profile Fanless Industrial Computer with Braswell,ML340G-10,Industrial/Gateway/ML300 Series/ML340G-10
TM430,ThinManager TM430 Intel 12th Gen All-in-one Panel PC,,Panel/OnLogic Panel/Tacton Series/
HX401-MS-000156-BIS,OnLogic Helix 401 Fanless Hybrid-Core Computer,HX401,Industrial/Entry/HX400 Series/HX401
AW-Edge-HX401,Anglian Water - OnLogic Helix 401 Fanless Hybrid-Core Computer,HX401,Industrial/Entry/HX400 Series/HX401
AW-Edge-Lite-HX401,Anglian Water - OnLogic Helix 401 Fanless Hybrid-Core Computer,HX401,Industrial/Entry/HX400 Series/HX401
AW-SCADA-HX401,Anglian Water - OnLogic Helix 401 Fanless Hybrid-Core Computer,HX401,Industrial/Entry/HX400 Series/HX401
TM130,ThinManager TM130 Fanless Hybrid-Core Computer,HX401 (TM130),Industrial/Entry/HX400 Series/HX401 (TM130)
KIOSK-HX401,OnLogic Helix 401 Fanless Hybrid-Core Computer,HX401,Industrial/Entry/HX400 Series/HX401
Nortrak-HX401,Nortrak - OnLogic Helix 401 Fanless Hybrid-Core Computer,HX401,Industrial/Entry/HX400 Series/HX401
VARIOB-HX401,OnLogic Helix 401 Fanless Hybrid-Core Computer,HX401,Industrial/Entry/HX400 Series/HX401
HX401-7d68-PROTO-CWC,CWC - OnLogic Helix 401 Fanless Hybrid-Core Computer,HX401,Industrial/Entry/HX400 Series/HX401
TCBL-HX401,Techniblend - OnLogic Helix 401 Fanless Hybrid-Core Computer,HX401,Industrial/Entry/HX400 Series/HX401
Repligen-HX401,OnLogic Helix 401 Fanless Hybrid-Core Computer,HX401,Industrial/Entry/HX400 Series/HX401
DNX-HX401-i7,OnLogic Helix 401 Fanless Hybrid-Core Computer,HX401,Industrial/Entry/HX400 Series/HX401
K802-11af,US Navy Prototype OnLogic Karbon 802 High-Performance Rugged Computer w/ModBay,K802,Rugged/Performance/K800 Series/K802
HVP-K804-451,Hitachi Vantara - OnLogic Karbon 804 High-Performance Rugged Computer w/ModBay & PCIe,K804,Rugged/Performance/K800 Series/K804
XOCEAN-K802-Edge,OnLogic Karbon 802 High-Performance Rugged Computer w/ModBay,K802,Rugged/Performance/K800 Series/K802
K802-d2f4,OnLogic Karbon 802 High-Performance Rugged Computer w/ModBay,K802,Rugged/Performance/K800 Series/K802
NOK-K804-3year,OnLogic Karbon 804 High-Performance Rugged Computer w/ModBay & PCIe,K804,Rugged/Performance/K800 Series/K804
PLANET-K804,PLANET-K804 Karbon 804 High-Performance Rugged Computer w/ModBay & PCIe,K804,Rugged/Performance/K800 Series/K804
NOK-K804-5year,OnLogic Karbon 804 High-Performance Rugged Computer w/ModBay & PCIe,K804,Rugged/Performance/K800 Series/K804
EPM-18992039-K804,East Penn Manufacturing - OnLogic Karbon 804 High-Performance Rugged Computer w/ModBay & PCIe,K804,Rugged/Performance/K800 Series/K804
LTRM-K804,Laitram - OnLogic Karbon 804 High-Performance Rugged Computer w/ModBay & PCIe,K804,Rugged/Performance/K800 Series/K804
K802-90ac,OnLogic Karbon 802 High-Performance Rugged Computer w/ModBay,K802,Rugged/Performance/K800 Series/K802
EIGN-K802-01,OnLogic Karbon 802 High-Performance Rugged Computer w/ModBay,K802,Rugged/Performance/K800 Series/K802
ML100G-54,Fanless Intel® N97 Industrial NUC,ML100G-54,Industrial/Entry/ML100 Series/ML100G-54
K802-c893,OnLogic Karbon 802 High-Performance Rugged Computer w/ModBay,K802,Rugged/Performance/K800 Series/K802
SECO-K847-PALLADIO400RPL,OnLogic Karbon 802 High-Performance Rugged Computer w/ModBay,K802,Rugged/Performance/K800 Series/K802
NOK-K804-EU4GCO,OnLogic Karbon 804 NOKIA VPOD (WiFi+4G) - EU Version,K804,Rugged/Performance/K800 Series/K804
PROV-K802-UL,ProovStation Karbon 802 (K802) UL,K802,Rugged/Performance/K800 Series/K802
Blue-K804,OnLogic Karbon 804 High-Performance Rugged Computer w/ModBay & PCIe,K804,Rugged/Performance/K800 Series/K804
DEDR-AX301,Dedrone - OnLogic Axial AX301 3U Edge Server,AX301,Server/3U Rackmount/Axial Series/AX301
MK200-60-ef29,Eyeti MK200-60 2U Rackmount AMD EPYC 7002 Server,MK200-60,Server/2U Rackmount/MK200 Series/MK200-60
CMC-HX600,OnLogic Helix 600 Intel Comet Lake Expanded Industrial Edge Computer,HX600,Industrial/Performance/HX600 Series/HX600
SEMIL-2000,IP69K MIL Rugged Computer,,Rugged/Rugged By Neousys//
AX301,OnLogic Axial AX301 3U Edge Server,AX301,Server/3U Rackmount/Axial Series/AX301
AX304,OnLogic Axial AX304 3U Edge Server,AX304,Server/3U Rackmount/Axial Series/AX304
TERA-MK100-40-R1,Industrial 1U AMD Ryzen Rackmount Server with Integrated Power Supply,MK100 (Other),Server/1U & 1.5U Rackmount/MK100 Series/MK100 (Other)
Seco-K804-dpvk,Seco Karbon 804 - 2x LAN,K804,Rugged/Performance/K800 Series/K804
SecurityMetrics_Proto-8kkw,Low Profile Fanless Intel Core i3/i5/i7 Industrial Computer,ML300 (Other),Industrial/Gateway/ML300 Series/ML300 (Other)
Sensor100-Rack-2TB-c4c8,Intel 5th Gen 1.5U Rackmount Computer,,///
SENSARA-i7-MK100,Sensara UAS Virtual Server - Intel Skylake Core i7,MK100B-51,Server/1U & 1.5U Rackmount/MK100 Series/MK100B-51
SEAG-CL210G-11,Ultra Small Quad Core Fanless Industrial Edge Computer,CL210G-11,Industrial/Small Form Factor/CL200 Series/CL210G-11
Sensara-Core-i-Rackmount,UAS Virtual Server - Intel Skylake Core i Processor,MK150B-52,Server/1U & 1.5U Rackmount/MK150 Series/MK150B-52
POC-351VTC,Neousys Rugged Compact Intel Apollo Lake In-Vehicle Computer,POC-351VTC,Rugged/Entry/POC Series/POC-351VTC
POC-351VTC-4gc4,Neousys Rugged Compact Intel Apollo Lake In-Vehicle Computer,,///
POC-351VTC-sswg,Rugged Compact Intel Apollo Lake In-Vehicle Computer,,///
POC-351VTC-kowo,Neousys Rugged Compact Intel Apollo Lake In-Vehicle Computer,,///
POWN-CL250,Powin ID# M00104-02000-004,CL250,Industrial/Small Form Factor/CL200 Series/CL250
POC-500-rn2w,Neousys Rugged Compact AMD Ryzen Computer,POC-500,Rugged/Mid Tier/POC Series/POC-500
OUTLAW-P1101,Cincoze Rugged Intel Apollo Lake Slim Fanless Computer,,///
OWE-IGL100,Low Profile Industrial IGEL Ready thin client,ML350G-10 (IGL100),Industrial/Gateway/ML300 Series/ML350G-10 (IGL100)
OXLLC-DX-1000-844c,Cincoze Rugged Intel 6th/7th Gen Compact Fanless Computer,,///
Nuvo-7160GC-okok,Neousys Rugged Intel Coffee Lake Computer with Optional GPU,,///
OUTEDGE-CL250,CL250 Ultra Small Fanless Industrial Edge Gateway,CL250,Industrial/Small Form Factor/CL200 Series/CL250
OVOTRACK-ML500G-50,OVOTRACK-ML500G-50,ML500G-50,Industrial/Performance/ML500 Series/ML500G-50
Nuvo-7501-P-woow,Surface 360,,///
Nuvo-3616VR,Nuvo-3616VR Ivy Bridge Core i Fanless Computer with 16 PoE - Use Nuvo-3600,,///
Nuvo-5000-kwog,Neousys Rugged Intel Skylake Fanless Computer,,///
Nuvo-4000,Neousys Intel Ivy Bridge Fanless Computer with Expansion,,///
nuvo-5000-480o,Neousys Rugged Intel Skylake Fanless Computer,,///
Nuvo-5000-NVL-wsk4,Neousys Rugged Intel Skylake Low Profile Fanless Computer,,///
Nuvo-5000-cw4o,Neousys Rugged Intel Skylake Fanless Computer,,///
Nuvo-5000-RNSS-8s0g,Neousys Rugged Intel Skylake Fanless Computer,,///
Nuvo-5000-gcwo,Test,,///
NBCU-CS-110HC,Cincoze High Brightness Industrial Touchscreen,,Components/Components/Components/
NBCU-CV-Panel-108-BR1600,NBCUniversal CV-108,CV-P1001,Panel/Cincoze Panel/P1000 Series/CV-P1001
Nasku-P1001E,Nasku Intel Bay Trail Panel PC w/ sunlight readable screen,P1001,Rugged/Entry/P1000 Series/P1001
ML600G-30 Altura-w8gg,Industrial Fanless Intel Haswell Computer w/ Hot Swap,ML600G-30,Industrial/Performance/ML600 Series/ML600G-30
ML600G-51,Industrial Fanless Server with Xeon,ML600G-51,Industrial/Performance/ML600 Series/ML600G-51
ML510G-50-rbao,Compact Fanless Industrial Coffee Lake Computer,ML510G-50,Industrial/Performance/ML500 Series/ML510G-50
ML600G-50-4cg8,Fanless Industrial Intel Haswell Computer,ML600G-50,Industrial/Performance/ML600 Series/ML600G-50
ML510G-50-wo1x,Compact Fanless Industrial Coffee Lake Computer,,///
ML600G-30-84o8-0gcw,Industrial Fanless Intel Haswell Computer with Hot Swap,ML600G-30,Industrial/Performance/ML600 Series/ML600G-30
ML600G-30-k040,Fanless Industrial Intel Haswell Computer with Hot Swap,ML600G-30,Industrial/Performance/ML600 Series/ML600G-30
ML510G-50-w0gg,Compact Fanless Industrial Coffee Lake Computer,,///
ML210G-50-oc4k,Industrial Intel Haswell i5 Thin Mini-ITX Computer,ML210G-50,Industrial/Gateway/ML200 Series/ML210G-50
ML210G-50-owks,Industrial Intel Haswell i5 Thin Mini-ITX Computer,ML210G-50,Industrial/Gateway/ML200 Series/ML210G-50
ML210G-12-Genea-c888,Industrial Intel Braswell Fanless Computer with Dual Gb LAN,ML210G-12,Industrial/Gateway/ML200 Series/ML210G-12
ML210G-VIP-wskc,Industrial Intel Haswell i5 Thin Mini-ITX Computer,ML210G-50,Industrial/Gateway/ML200 Series/ML210G-50
ML210G-50-k4kk,Industrial Intel Haswell i5 Thin Mini-ITX Computer,ML210G-50,Industrial/Gateway/ML200 Series/ML210G-50
ML210G-12-gs0s,ML210G-12-Purvis,ML210G-12,Industrial/Gateway/ML200 Series/ML210G-12
ML210G-URA2-88oo,Industrial Intel Bay Trail Fanless Computer,ML210G-10,Industrial/Gateway/ML200 Series/ML210G-10
ML250-TSERV-NF99-wcw0,Industrial Intel Atom Mini-ITX Computer,ML250 (Other),Industrial/Gateway/ML250 Series/ML250 (Other)
MK200-60,MK200-60 2U Rackmount AMD EPYC 7002 Server,MK200-60,Server/2U Rackmount/MK200 Series/MK200-60
MK150DUAL-c88g,Dual Mainboard MK150,MK150 (Other),Server/1U & 1.5U Rackmount/MK150 Series/MK150 (Other)
MK200-60-anjn,2U Rackmount AMD EPYC 7002 Server,,///
MK200-60-o0gw,2U Rackmount Scalable Edge Server,,///
MK200-70-xyzz,2U Rackmount Intel Cascade Lake Xeon Scalable Edge Server,MK200-70,Server/2U Rackmount/MK200 Series/MK200-70
MK200-70-8ba6,2U Rackmount Intel Cascade Lake Xeon Scalable Edge Server,,///
MK200-70-2pdq,2U Rackmount Intel Cascade Lake Xeon Scalable Edge Server,,///
MK400-40-AR-FP,Amazon Robotics 4U Server Prototype for Felipe Polido,,///
MK200-70-pnce,2U Rackmount Intel Cascade Lake Xeon Scalable Edge Server,MK200-70,Server/2U Rackmount/MK200 Series/MK200-70
MK200-60-vji5,2U Rackmount AMD EPYC Server,,///
MC850-53,Industrial Intel Coffee Lake Expandable Computer,MC850-53,Server/Standalone/MC850 Series/MC850-53
MC850-70-7om1,Industrial Intel Cascade Lake Xeon Scalable Edge Server,MC850-70,Server/Standalone/MC850 Series/MC850-70
MC850-53-c4ww,Industrial Intel Coffee Lake Compact VR Ready Computer w/RTX 2070 GPU,MC850-53,Server/Standalone/MC850 Series/MC850-53
MC850-50-0gc4,Commercial Intel 6th Gen GPU Capable Computer,MC850-50,Server/Standalone/MC850 Series/MC850-50
MC850-50-80og,Commercial Intel 6th Gen GPU Capable Computer,MC850-50,Server/Standalone/MC850 Series/MC850-50
mc850-52-04kw,Commercial-Grade High Performance Edge Computer With Xeon Processing,MC850-52,Server/Standalone/MC850 Series/MC850-52
MC850-52-8o8o,Commercial-Grade High Performance Edge Computer With Xeon Processing,MC850-52,Server/Standalone/MC850 Series/MC850-52
MC850-53-kw99,Commercial Intel 8th Gen GPU Capable Computer,,///
MC850-51--8TB-0wkc,Commercial Intel 5th Gen Xeon Microserver,MC850-51,Server/Standalone/MC850 Series/MC850-51
LTRM-K700-X2,Karbon 700-X2-2 Expanded High-Performance Rugged Edge Computer,K700-X2-2,Rugged/Performance/K700 Series/K700-X2-2
LT DC-1100-04ss,Luminator DC-1100,,///
MARTZ-IGN300,Martz Technologies - Rugged HMI with Ignition Software,P2002 (IGN300),Panel/Cincoze Panel/P2000 Series/P2002 (IGN300)
TM500,Industrial Thin Client with ThinManager,ML400 (Other),Industrial/Performance/ML400 Series/ML400 (Other)
TM110-ad6y,Ultra Small Fanless Edge Computer with ThinManager,CL210G-10 (TM110),Industrial/Small Form Factor/CL200 Series/CL210G-10 (TM110)
TM250-c0go,Low Profile Apollo Lake Industrial Thin Client with ThinManager,ML350G-10 (TM250),Industrial/Gateway/ML300 Series/ML350G-10 (TM250)
TMC-AG960B-804w,The Marlin Company TMC-AG960-Barebone,NC200 (Other),Industrial/Legacy Industrial/NC200 Series/NC200 (Other)
TMC-AG960C-rev2-osoo,The Marlin Company TMC-AG960C-rev2 Signage Computer,NC200 (Other),Industrial/Legacy Industrial/NC200 Series/NC200 (Other)
TM200-woog,Industrial Thin Client with ThinManager,,///
SICK-K700-SE-22T-WIoT,"K700SE, M32, 2x2T Innodisk SSD, Windows 10 IoT Enterprise 2019 LTSC High End",K700-SE-2,Rugged/Performance/K700 Series/K700-SE-2
SICK-P2102-CVW115,SICK - Cincoze Intel Whiskey Lake Core i5 Panel PC,CV-P2102,Panel/Cincoze Panel/P2000 Series/CV-P2102
SICK-K700-SE-12T-NOS-EUB-idj9,Karbon 700 High-Performance Rugged Edge Computer,K700-SE,Rugged/Performance/K700 Series/K700-SE
SICK-K700-SE-R32-ZxSSD-Proto-kgsm,SICK Karbon 700 High-Performance Rugged Edge Computer - NO SSD,K700-SE,Rugged/Performance/K700 Series/K700-SE
SICK-ML500G-50v01,"Sick, Inc. - Fanless Industrial Intel 6th Gen Computer with i7",ML500G-50,Industrial/Performance/ML500 Series/ML500G-50
SIEN-K700-X2-j5kw,Karbon 700 Expanded High-Performance Rugged Edge Computer,K700-X2,Rugged/Performance/K700 Series/K700-X2
SICK-K700-SE-24T-WIoT-d0xq,Karbon 700 High-Performance Rugged Edge Computer,K700-SE-2,Rugged/Performance/K700 Series/K700-SE-2
RT130,Rugged Intel Ivy Bridge In-Vehicle Computer,Rugged (Other),Rugged/Legacy Rugged/Legacy Rugged/Rugged (Other)
RT130-i7,LGX Ivy Bridge Rugged In-Vehicle Computer,Rugged (Other),Rugged/Legacy Rugged/Legacy Rugged/Rugged (Other)
RT100-10RFID-cww8,Rugged Intel Atom Automotive Computer,Rugged (Other),Rugged/Legacy Rugged/Legacy Rugged/Rugged (Other)
RT100-8g84,Wide-Temp Intel Atom Automotive System,Rugged (Other),Rugged/Legacy Rugged/Legacy Rugged/Rugged (Other)
PL12-AR,"12.1"" Intel Atom D2550 Fanless Panel PC",,///
PR-TC401-SICK2-42jv,Pre-Release TC401 SAMPLE for SICK,TC401,Panel/OnLogic Panel/Tacton Series/TC401
PPC-W121-L1,P2002 PC and W121 Display w/ Safety and EMC Certificates,,///
PR-TC401-ASLAM-10jz,Pre-Release TC401 SAMPLE 2,,///
PR-TC401-GALLO-x7yb,Pre-Release TC401 SAMPLE for E&J Gallo,,///
PR-TC401-Tier1-dde8,Pre-Release Master Tier 1 BoM,,///
P2002-3M-owsg,Cincoze Intel Skylake Core i Panel PC,,///
P2002-3M-s0k8,Cincoze Intel Skylake Core i Panel PC,,///
P1001E-4kc0,Cincoze Intel Bay Trail Expandable Panel PC,,///
P2002-c0sw,Cincoze Intel Skylake Core i Panel PC,,///
P1001-Module-Only-c4c0,Cincoze Crystal Industrial Panel PC,,///
P2002-0888,Cincoze Intel Skylake Core i Panel PC,,///
Nuvo-1005,Nuvo-1005 Intel Core i Mobile Fanless Rugged Computer,Nuvo-1000,Rugged/Legacy Rugged/Nuvo Series/Nuvo-1000
Nuvo-5000-w4kk,Neousys Rugged Intel Skylake Fanless Computer,,///
Nuvo-5000-V5-go8c,Neousys Rugged Intel Skylake Fanless Computer,,///
Nuvo-5000LP-gsgc,Neousys Rugged Intel Skylake Low Profile Fanless Computer,Nuvo-5000LP,Rugged/Performance/Nuvo Series/Nuvo-5000LP
Nuvo-2510VTC-og08,Neousys Rugged Efficient In-Vehicle Computer with PoE,Nuvo-2510VTC,Rugged/Legacy Rugged/Nuvo Series/Nuvo-2510VTC
nuvo-3000-s404,Neousys Rugged Intel Ivy Bridge Fanless Computer,,///
Nuvo-5000LP-Germane-k4wo,Neousys Rugged Intel Skylake Low Profile Fanless Computer,,///
NEON-PVT-48sg,NEON-PVT,,///
NERA-HX500-WSv2,OnLogic Helix 500 Intel Comet Lake Industrial Edge Computer,HX500,Industrial/Performance/HX500 Series/HX500
MX1000YMNW-ooko,Rugged In-Vehicle NVR Certified for Milestone XProtect®,Rugged (Other),Rugged/Legacy Rugged/Legacy Rugged/Rugged (Other)
netk-ML100G-30-gwww,Industrial Intel Broadwell Fanless NUC Computer,ML100G-30,Industrial/Entry/ML100 Series/ML100G-30
Netit-ML340G-51-g4w4,Low Profile Fanless Industrial Skylake Computer,ML340G-51,Industrial/Gateway/ML300 Series/ML340G-51
NES-TM250-1,TM250 Low Profile Apollo Lake Industrial Thin Client with ThinManager,,///
MX1001-wo4c,Rugged In-Vehicle NVR Certified for Milestone XProtect®,Rugged (Other),Rugged/Legacy Rugged/Legacy Rugged/Rugged (Other)
ML600G-52-coow,Industrial Fanless Intel Skylake Computer,ML600G-52,Industrial/Performance/ML600 Series/ML600G-52
ML600G-52-c848-sgsw-wock,Industrial Fanless Intel Skylake Computer,ML600G-52,Industrial/Performance/ML600 Series/ML600G-52
ML600G-52-k4sw-g4wc-s4sk,Industrial Fanless Intel Skylake Computer,ML600G-52,Industrial/Performance/ML600 Series/ML600G-52
ML600G-52-ocwk,Industrial Fanless Intel Skylake Computer,ML600G-52,Industrial/Performance/ML600 Series/ML600G-52
ML600G-52-osso,Fanless Industrial Intel Skylake Computer,,///
ML600G-52-kwss,Fanless Industrial Intel Skylake Computer,ML600G-52,Industrial/Performance/ML600 Series/ML600G-52
ml600g-52-g4w8,Fanless Industrial Intel Skylake Computer,,///
ML450G-11-k8o4-08ww,Fanless Industrial Intel Apollo Lake Mini-ITX Computer,ML450G-11,Industrial/Performance/ML400 Series/ML450G-11
ML450G-50,Fanless Industrial Intel Haswell Core i3/i5 Mini-ITX Computer,ML450G-50,Industrial/Performance/ML400 Series/ML450G-50
ML450G-51-cwwo,Industrial Intel Skylake Mini-ITX Computer,ML450G-51,Industrial/Performance/ML400 Series/ML450G-51
ML450G-51-4o08,Fanless Industrial Intel Skylake Mini-ITX Computer,ML450G-51,Industrial/Performance/ML400 Series/ML450G-51
ML410-cwws,Atom-ML410 Fanless Mini-ITX Computer,ML400 (Other),Industrial/Performance/ML400 Series/ML400 (Other)
ml450g-51-gk0k,Industrial Intel Skylake Mini-ITX Computer,ML450G-51,Industrial/Performance/ML400 Series/ML450G-51
ML450G-50-sco8,Industrial Intel Skylake Core i3/i5 Mini-ITX Computer,ML450G-50,Industrial/Performance/ML400 Series/ML450G-50
ML450G-10-cgsc,Industrial Intel Braswell Celeron Mini-ITX Computer,ML450G-10,Industrial/Performance/ML400 Series/ML450G-10
MK400-60-xa7c,4U Rackmount AMD EPYC Server,,///
MK400-70,MK400-70 4U Rackmount Intel 2nd Gen Xeon SP Server,MK400-70,Server/4U Rackmount/MK400 Series/MK400-70
MK400-60-CATProto-2,MK400-60 4U Rackmount AMD EPYC 7002 Server,MK400-60,Server/4U Rackmount/MK400 Series/MK400-60
MK400-60-k8bl-1bna,4U Rackmount AMD EPYC 7002 Server,,///
MK400-60-dsw4,MK400-60 4U Rackmount AMD EPYC 7002 Server,,///
MK400-60-fil1,MK400-60 4U Rackmount AMD EPYC 7002 Server,,///
MK400-70-ookg,4U Rackmount Scalable Xeon Edge Server with PCIe expansion,,///
ML100G-10-kgc0,Industrial Intel Bay Trail Fanless NUC Computer,ML100G-10,Industrial/Entry/ML100 Series/ML100G-10
ML100G-10-04gs,Industrial Intel Bay Trail Fanless NUC Computer,ML100G-10,Industrial/Entry/ML100 Series/ML100G-10
MDT-DS-1000_R01,Mobile Data Technologies DS-1000 R01,,///
MDT-M1001-wko4,Cincoze Capacitive or Resistive Industrial Touchscreen,,Components/Components/Components/
SWMW-DS-1101,Cincoze Rugged Intel Skylake Fanless Computer with Expansion,DS-1101,Rugged/Mid Tier/DS Series/DS-1101
SXSQ-ML100G-10,SixSq ML100,ML100G-10,Industrial/Entry/ML100 Series/ML100G-10
SVL-MK150,Rackmount NVR,MK150 (Other),Server/1U & 1.5U Rackmount/MK150 Series/MK150 (Other)
System-Template-EU,System Default Template Europe,,///
SNDC-ML340-wc48,Sound ML340,,///
SICK-K700-M32-1X1T-NOOS-aoyv,Karbon 700 High-Performance Rugged Edge Computer,,///
SICK-K700-M32-1X2T-NOOS-6qfd,Karbon 700 High-Performance Rugged Edge Computer,,///
SHI-Nuvo-5501-4cwc,Neousys Rugged Intel Skylake Fanless Computer,Nuvo-5501,Rugged/Entry/Nuvo Series/Nuvo-5501
SharpMC500-csk4,Commercial Intel Atom Mini-ITX Computer,MC500 (Other),Industrial/Fanned/MC500 Series/MC500 (Other)
SNGL-CL200,Singlewire CL200,CL200G-10,Industrial/Small Form Factor/CL200 Series/CL200G-10
SHOEM-Nuvo-5006-0sos,Neousys Rugged Intel Skylake Fanless Computer,,///
RADA-K802,OnLogic Karbon 802 High-Performance Rugged Computer w/ModBay,K802,Rugged/Performance/K800 Series/K802
RADIX-Nuvis-3304-v1-8POE,Radix Nuvis-3304 v1 8POE,,///
RAID1-ML250-o0w4,Industrial Intel Core Mini-ITX Computer,ML250 (Other),Industrial/Gateway/ML250 Series/ML250 (Other)
RBCN-POC-351VTC-VZN-V2,Rubicon Neousys Rugged In-Vehicle Computer with Verizon SIM,POC-351VTC,Rugged/Entry/POC Series/POC-351VTC
Raytheon MC600-HS-gc8o,Raytheon Hot Swap MC600,MC600 (Other),Industrial/Fanned/MC600 Series/MC600 (Other)
PL10-AR,"Commercial 10"" Intel Atom Fanless Panel PC",,///
PLUS-K804,OnLogic Karbon 804 High-Performance Rugged Computer w/ModBay & PCIe,K804,Rugged/Performance/K800 Series/K804
PLUS-Nuvo-6108GC,Nuvo-6108GC w/ GPU & 4-Port USB PCIe Card,,///
PLEXUS-Nuvo-5000-w00s,Neousys Rugged Intel Skylake Fanless Computer,,///
PLEX-P2002E,Plexsys P2002E,,///
PAFOR-ML500G-30-Base,Fanless Industrial Intel 6th Gen Computer w/optional i7 and 4 COM,ML500G-30,Industrial/Performance/ML500 Series/ML500G-30
PAFOR-ML500G-30-WIFI,Fanless Industrial Intel 6th Gen Computer w/optional i7 and 4 COM,ML500G-30,Industrial/Performance/ML500 Series/ML500G-30
PARK-HX310,OnLogic Helix 310 Intel Elkhart Lake Industrial Edge Computer,HX310,Industrial/Gateway/HX300 Series/HX310
PAV-MK100-Untangle-sggo,Intel Bay Trail 1U Rackmount Computer with Untangle,MK100B-10,Server/1U & 1.5U Rackmount/MK100 Series/MK100B-10
Nuvo-5026E-wes0,Neousys Rugged Intel Skylake Fanless Computer with Dual PCIe Slot Expansion Cassette,Nuvo-5026E,Rugged/Legacy Rugged/Nuvo Series/Nuvo-5026E
Nuvo-5095-SENSEN-kks0,Neousys Rugged Intel Skylake Computer with Optional GPU,,///
NUVO-5095GC-4s0o,Neousys Rugged Intel Skylake Computer with Optional GPU,,///
Nuvo-5095GC-GTX-ogsw,Neousys Rugged Intel Skylake Computer with Optional GPU,,///
NUVO-5100VTC-0okk,Neousys Rugged Intel Skylake In-Vehicle Computer with PoE,,///
nuvo-5095gc-cgcg,Neousys Rugged Intel Skylake Computer with Optional GPU,,///
Nuvo-5095GC-cksk,Neousys Rugged Intel Skylake Computer with Optional GPU,,///
Nuvo-5100VTC-4cog,Neousys Rugged Intel Skylake In-Vehicle Computer with PoE,Nuvo-5100VTC,Rugged/Legacy Rugged/Nuvo Series/Nuvo-5100VTC
NF83-Cust-kgg0,nf83 fanned,,Components/Components/Components/
MODA-FPPC-P2-R01,Cincoze Rugged Intel Skylake Core i3/i5 Panel PC,CV-P2002,Panel/Cincoze Panel/P2000 Series/CV-P2002
ML310-TC,Fanless Bay Trail Thin Client,ML300 (Other),Industrial/Gateway/ML300 Series/ML300 (Other)
ML310G-10-8wk0,Industrial Intel Bay Trail NUC Computer,ML300 (Other),Industrial/Gateway/ML300 Series/ML300 (Other)
ML310G-10,Industrial Intel Bay Trail NUC Computer,ML300 (Other),Industrial/Gateway/ML300 Series/ML300 (Other)
ML320-AutoCustom-4kcs,ML320-AutoCustom,ML300 (Other),Industrial/Gateway/ML300 Series/ML300 (Other)
ML320-UPS-kow4,ML320 Fanless i5 NUC with UPS,ML300 (Other),Industrial/Gateway/ML300 Series/ML300 (Other)
ML340G-50-gcgo,Low Profile Fanless Intel Core i7 Industrial Computer,ML340G-50,Industrial/Gateway/ML300 Series/ML340G-50
ML400G-51-88c4,Industrial Intel Haswell Desktop Mini-ITX Computer,ML400G-51,Industrial/Performance/ML400 Series/ML400G-51
ML400G-50-ggos,Industrial Intel Haswell Core i3 Mini-ITX Computer,ML400G-50,Industrial/Performance/ML400 Series/ML400G-50
ML320-UPS-o88k,ML320-UPS,ML300 (Other),Industrial/Gateway/ML300 Series/ML300 (Other)
ML340G-10-FL-o8gc,Low Profile Fanless Industrial Computer with Braswell,ML340G-10,Industrial/Gateway/ML300 Series/ML340G-10
ML310G-10-gos8,Industrial Intel Bay Trail NUC Computer,ML300 (Other),Industrial/Gateway/ML300 Series/ML300 (Other)
ML100G-30-seacon123-kwo8,Industrial Intel Broadwell Fanless NUC Computer,ML100G-30,Industrial/Entry/ML100 Series/ML100G-30
ML100G-30-SOLO-00ss,Industrial Intel Broadwell Fanless NUC Computer,ML100G-30,Industrial/Entry/ML100 Series/ML100G-30
ML100G-30-PI-V04,Planet Innovation Products ML100G-30-PI V04,ML100G-30,Industrial/Entry/ML100 Series/ML100G-30
ML100G-30-8oc4,Industrial Intel Broadwell Fanless NUC Computer,ML100G-30,Industrial/Entry/ML100 Series/ML100G-30
ML100G-30-i5-8488,Industrial Intel Broadwell Fanless NUC Computer,ML100G-30,Industrial/Entry/ML100 Series/ML100G-30
ML100G-30-kkss,Industrial Intel Broadwell Fanless NUC Computer,ML100G-30,Industrial/Entry/ML100 Series/ML100G-30
ml100g-30-westfield-k8wo,Industrial Broadwell Compact Fanless NUC Computer,ML100G-30,Industrial/Entry/ML100 Series/ML100G-30
ML100G-30-8c44,Industrial Intel Broadwell Fanless NUC Computer,ML100G-30,Industrial/Entry/ML100 Series/ML100G-30
ML100G-30-DFW-ss4k,Industrial Intel Broadwell Fanless NUC Computer,ML100G-30,Industrial/Entry/ML100 Series/ML100G-30
MELO-CL210G-SERV,Ultra Small Quad Core Fanless Industrial Edge Computer,CL210G-11,Industrial/Small Form Factor/CL200 Series/CL210G-11
MELO-CL210G-UBU-884w,Ultra Small Quad Core Fanless Industrial Edge Computer,CL210G-11,Industrial/Small Form Factor/CL200 Series/CL210G-11
MELO-CL210G-UBU,Ultra Small Quad Core Fanless Industrial Edge Computer,,///
MEZ-DC-1100,MEZ-DC-1100 with CAN Bus,,///
Mauser-ML350G-10-Wifi,Low Profile Fanless Industrial Computer With Apollo Lake,,///
MAU-ML350G-10,Low Profile Fanless Industrial Computer With Apollo Lake,ML350G-10,Industrial/Gateway/ML300 Series/ML350G-10
MC600-11,Commercial Intel Apollo Lake Mini-ITX Expandable Computer,MC600-11,Industrial/Fanned/MC600 Series/MC600-11
MC600-51-c444-1,Commercial Intel Xeon Compact Server Computer,MC600-51,Industrial/Fanned/MC600 Series/MC600-51
MC510-50-yp0m,Industrial Intel Coffee Lake Mini-ITX Computer,MC510-50,Industrial/Fanned/MC500 Series/MC510-50
MC510-55-FAB-US,MC510-55,MC510-55,Industrial/Fanned/MC500 Series/MC510-55
MC600-52-0coc,Commercial Intel Skylake Computer with Expansion,MC600-52,Industrial/Fanned/MC600 Series/MC600-52
MBKit - Don't use-1,Custom Motherboard Kit for Jabit Circuit,,///
TMT-ML100-ESP,Industrial Fanless Intel 11th Gen Tiger Lake NUC,,///
TRS-DS-1000,Cincoze Rugged Automotive Intel Haswell Fanless Computer,,///
TROP-CL100,Tropicana CL100,CL100,Industrial/Small Form Factor/CL100 Series/CL100
TRMK-NUVO-HISTORIAN,Trimark Nuvo-5000,,///
TRS-DS-1000-c4s4,Cincoze Rugged Automotive Intel Haswell Fanless Computer,,///
TRMK-DX-1100-32WT,8th Generation Intel Core High-Performance Compact Rugged Computer,,///
TRUE-HX511-UL,OnLogic Helix 511 Fanless Intel 12th Gen Edge Computer,HX511,Industrial/Performance/HX500 Series/HX511
TROLEX-Nuvo-3100VTC,Nuvo-3100VTC Fanless In-Vehicle Computer,Nuvo-3100VTC,Rugged/Legacy Rugged/Nuvo Series/Nuvo-3100VTC
SUEZ-ML500G-30,Suez Fanless Industrial Intel 6th Gen Computer,ML500G-30,Industrial/Performance/ML500 Series/ML500G-30
Sunsort-DS-1200,Sunkist DS-1200 Computer for Sunsort,,///
STEA-FR201,Factor 201 Raspberry Pi Industrial IoT Gateway,FR201,Industrial/Small Form Factor/FR200 Series/FR201
Summit-CV-119c-P2002,"Cincoze Crystal 19"" Industrial Panel PC",CV-P2002,Panel/Cincoze Panel/P2000 Series/CV-P2002
SE-ML450G-11-8GB-7rhm,Systems Equipment ML450 v2,,///
SIS-CV-P2102-12,Cincoze Rugged Intel 8th Gen Core i3/i5 Panel PC,CV-P2102,Panel/Cincoze Panel/P2000 Series/CV-P2102
SE-HX500-USA,OnLogic Helix 500 Intel Comet Lake Industrial Edge Computer,HX500,Industrial/Performance/HX500 Series/HX500
SE-ML250,Systems Equipment ML250 Fanless Computer,ML250 (Other),Industrial/Gateway/ML250 Series/ML250 (Other)
SIGOS-ML350G-10,Low Profile Fanless Industrial Computer With Apollo Lake,ML350G-10,Industrial/Gateway/ML300 Series/ML350G-10
Simplexity (2) MC600 IMB147D-cssw,Toll Booth MC600 (2),MC600 (Other),Industrial/Fanned/MC600 Series/MC600 (Other)
RENI-FR201,Factor 201 Raspberry Pi Industrial IoT Gateway,FR201,Industrial/Small Form Factor/FR200 Series/FR201
RDSP-DS-1200-440g,Cincoze Rugged Intel Coffee Lake Fanless Computer w/ i7-8700,,///
PRX-Nuvo-7002,Neousys Rugged Intel® Coffee Lake Low Profile Fanless Computer,Nuvo-7000LP,Rugged/Performance/Nuvo Series/Nuvo-7000LP
PRX-Nuvo-7002-rwq3,Neousys Rugged Intel® Coffee Lake Low Profile Fanless Computer,,///
PRVS-ML210G-12,Purvis ML210G-12,ML210G-12,Industrial/Gateway/ML200 Series/ML210G-12
PROGRP-MC600G-50,The Prometheus Group Compact Computer w/ Expansion,,///
Proto-HX511-9qa1,OnLogic Helix 511 Alder Lake Industrial Edge Computer,HX511,Industrial/Performance/HX500 Series/HX511
PH12LI,Mitac PH12LI Haswell Desktop Thin Mini-ITX Motherboard,,Components/Components/Components/
PHOT-MC510-64,Photon Kinetics MC510 with Windows 10 IoT 64-bit,MC510-50,Industrial/Fanned/MC500 Series/MC510-50
PHOT-MC500-32,Photon Kinetics MC500 with Windows 10 Pro 32-bit,MC500 (Other),Industrial/Fanned/MC500 Series/MC500 (Other)
Nuvo-6108GC-g8ss,Neousys Rugged Intel 6th Gen Computer w/Optional GPU and Expansion,Nuvo-6108GC,Rugged/Legacy Rugged/Nuvo Series/Nuvo-6108GC
Nuvo-6108GC-8w8k,Neousys Rugged Intel 6th Gen Computer w/Optional GPU and Expansion,Nuvo-6108GC,Rugged/Legacy Rugged/Nuvo Series/Nuvo-6108GC
Nuvo-7000DE-cww4,Neousys Rugged Intel Coffee Lake Fanless Computer w/Dual PCIe Slots,,///
Nuvo-6108GC-DyAt-8oco-c4cg,Neousys Nuvo-6108GC,,///
Nuvo-7000E-0o8c,Neousys Rugged Intel Coffee Lake Fanless Computer,,///
NM-Pentium557RAID1-c8kg,Nordson March Pentium Computer w/ RAID 1,Industrial (Other),Industrial/Legacy Industrial/Legacy Industrial/Industrial (Other)
NM-Pentium557,Nordson MARCH Pentium Mini-ITX Computer,Industrial (Other),Industrial/Legacy Industrial/Legacy Industrial/Industrial (Other)
NM-Pentium557-w80g,Nordson MARCH Pentium Mini Computer,Industrial (Other),Industrial/Legacy Industrial/Legacy Industrial/Industrial (Other)
NokianK410-Igel-US,Karbon 410 Intel Elkhart Lake Compact Rugged Computer,K410,Rugged/Entry/K400 Series/K410
NM-Celeron557-0wc8,Nordson MARCH Celeron Mini Computer,Industrial (Other),Industrial/Legacy Industrial/Legacy Industrial/Industrial (Other)
Nuvo-1000-wg0w,Neousys Rugged Intel Core Fanless Computer,,///
Nuvis-3304-V-sw4s,Neousys Rugged Intel Ivy Bridge Automotive Computer,,///
Nuvo-1000-4kks-kk4w,Custom Nuvo-1000 Wide Temperature Computer,,///
ML500G-31-jdk1,BACA Systems ML500G-30 plus 2 LAN (no custom image),,///
ML500G-50,Fanless Industrial Intel 6th Gen Computer w/optional i7,ML500G-50,Industrial/Performance/ML500 Series/ML500G-50
ML500G-30-c0og,Fanless Industrial Intel 6th Gen Computer w/optional i7 and 4 COM,ML500G-30,Industrial/Performance/ML500 Series/ML500G-30
ML500G-30-cogw-duke,Industrial Intel 6th Gen Fanless Computer w/optional i7 and 4 COM,ML500G-30,Industrial/Performance/ML500 Series/ML500G-30
ML500G-30-csk8,Fanless Industrial Intel 6th Gen Computer w/optional i7 and 4 COM,ML500G-30,Industrial/Performance/ML500 Series/ML500G-30
ML500G-30-cg8o,Industrial Intel 6th Gen Fanless Computer,ML500G-30,Industrial/Performance/ML500 Series/ML500G-30
ML400G-51-LTS,Industrial Intel Skylake Mini-ITX Computer,ML400G-51,Industrial/Performance/ML400 Series/ML400G-51
ML500G-50-4b7k,Fanless Industrial Intel 6th Gen Computer w/optional i7,ML500G-50,Industrial/Performance/ML500 Series/ML500G-50
ML400G-51-sgco,Industrial Intel Haswell Performance Mini-ITX Computer,ML400G-51,Industrial/Performance/ML400 Series/ML400G-51
ML500G-50-4ss0,Fanless Industrial Intel 6th Gen Computer w/optional i7,,///
MK150B-52,Intel Skylake 1.5U Rackmount Computer,MK150B-52,Server/1U & 1.5U Rackmount/MK150 Series/MK150B-52
MK150B-53-w44s,Intel Coffee Lake 1.5U Rackmount Computer,MK150B-53,Server/1U & 1.5U Rackmount/MK150 Series/MK150B-53
MK150B-53-w4jk,1.5U Rackmount Intel Coffee Lake Computer,MK150B-53,Server/1U & 1.5U Rackmount/MK150 Series/MK150B-53
MK150B-53-48ck,1.5U Rackmount Intel Coffee Lake Computer,,///
mk150b-51-s4o8,Commercial Intel Xeon 1.5U Rackmount Server,MK150B-51,Server/1U & 1.5U Rackmount/MK150 Series/MK150B-51
MK150B-52-0c4o,Intel Skylake 1.5U Rackmount Computer,MK150B-52,Server/1U & 1.5U Rackmount/MK150 Series/MK150B-52
MK150B-51-kksc,Commercial Intel Xeon 1.5U Rackmount Server,MK150B-51,Server/1U & 1.5U Rackmount/MK150 Series/MK150B-51
MK150B-53-4so4,1.5U Rackmount Intel Coffee Lake Computer,,///
ML100G-30UCBERK-NEC-0ssg,Industrial Intel Broadwell Fanless NUC Computer,ML100G-30,Industrial/Entry/ML100 Series/ML100G-30
MC500 3G/WiFi-s8ws,MC500 3G/WiFi,,///
MC500-10,Industrial Intel Celeron Mini-ITX Computer,MC500-10,Industrial/Fanned/MC500 Series/MC500-10
MC-600TekT-4ksw,TekTone MC600,MC600 (Other),Industrial/Fanned/MC600 Series/MC600 (Other)
TMT-K410-ESP,Karbon 410 Intel Elkhart Lake Compact Rugged Computer,K410,Rugged/Entry/K400 Series/K410
TIMS-2000-HDv2-owco,Foresight TIMS-2000v2,,///
THLS-DX-1000,Cincoze Rugged Intel 6th/7th Gen Compact Fanless Computer,DX-1000,Rugged/Mid Tier/DX Series/DX-1000
TIMS-2000-Gen3BT-kk08,TIMS-2000-Gen3 Bluetec i7 Prototype,Industrial (Other),Industrial/Legacy Industrial/Legacy Industrial/Industrial (Other)
Thermatool Nuvo-3003E-s44s,Neousys Nuvo-3000 Series HM76 Core i Fanless Computer,,///
SLIS-HX401,OnLogic Helix 401 Fanless Hybrid-Core Computer,HX401,Industrial/Entry/HX400 Series/HX401
SNDC-ML340-V2,Sound ML340-V2,ML300 (Other),Industrial/Gateway/ML300 Series/ML300 (Other)
SMART-ML350G-10-c400,Industrial Low Profile Fanless Computer With Apollo Lake,ML350G-10,Industrial/Gateway/ML300 Series/ML350G-10
SAGE-ML350G-10-a20u-haik,Low Profile Fanless Industrial Computer With Apollo Lake,ML350G-10,Industrial/Gateway/ML300 Series/ML350G-10
SAGE-K410,Karbon 410 Intel Elkhart Lake Compact Rugged Computer,K410,Rugged/Entry/K400 Series/K410
RICI-MK150,River City Software MK150,MK150 (Other),Server/1U & 1.5U Rackmount/MK150 Series/MK150 (Other)
P2102,Cincoze Rugged Intel 8th Gen Core i3/i5 Slim Fanless Computer,P2102,Rugged/Mid Tier/P2000 Series/P2102
P2002-o80g,Cincoze Intel Skylake Core i5 Panel PC,,///
P2002-go4c,Cincoze Intel Skylake Core i5 Panel PC,,///
Nuvo-6108GC-0w44,Neousys Rugged Intel 6th Gen Computer w/Optional GPU and Expansion,,///
Nuvo-6108-SENSEN-kgw4,Neousys Nuvo-6108GC,,///
Nuvo-5100VTC-4gww-0wsg,Neousys Rugged Intel Skylake In-Vehicle Computer with PoE,,///
Nuvo-5108VTC-INTSAF-0o4o,Nuvo-5108 (Intelligent Safety),,///
Novo-ML350G-N4200A,Industrial Low Profile Fanless Computer With Apollo Lake and Single Storage Drive,ML350G-10,Industrial/Gateway/ML300 Series/ML350G-10
NokianP1101-FactoryVilant,Cincoze Rugged Intel Apollo Lake Panel PC,,///
Novus-ML350G-10-48kk,Low Profile Fanless Industrial Computer With Apollo Lake,ML350G-10,Industrial/Gateway/ML300 Series/ML350G-10
Nomad MK101B-30-ok0s,NomadGCS Intel Ivy Bridge 1U Rackmount Computer,MK101B-30,Server/1U & 1.5U Rackmount/MK100 Series/MK101B-30
Nomad MK101B-30-ok0s-csgk,NomadGCS Intel Ivy Bridge 1U Rackmount Computer,MK101B-30,Server/1U & 1.5U Rackmount/MK100 Series/MK101B-30
Novo-ML350G-N4200B-s4o0,Industrial Low Profile Fanless Computer With Apollo Lake and Dual Storage Drives,,///
NRT-MC500,NRT Technology MC500 Computer,MC500 (Other),Industrial/Fanned/MC500 Series/MC500 (Other)
MS-98E6,"MSI Wide-temp Apollo Lake E3950 3.5"" SBC Mainboard",,Components/Components/Components/
MS-98I6,MSI Wide-Temp Apollo Lake E3940 Pico-ITX SBC Mainboard,,Components/Components/Components/
MPT-CL210G-11,Ultra Small Quad Core Fanless Industrial Edge Computer,CL210G-11,Industrial/Small Form Factor/CL200 Series/CL210G-11
MUTL-RNIC-MC500-sowc,Mutualink 1 Radio R-NIC Gateway,,///
MPW-P2002-UL,MPW-P2002-UL,,///
Mulder-Hardenberg-ML300-AutoPwr60-44cw,ML300 Fanless NUC Industrial Computer with Uninterruptible Power Supply,ML300 (Other),Industrial/Gateway/ML300 Series/ML300 (Other)
ML400G-10,Fanless Industrial Intel Bay Trail Celeron Mini-ITX Computer,ML400G-10,Industrial/Performance/ML400 Series/ML400G-10
ML350G-10-xo77,Low Profile Fanless Industrial Computer With Apollo Lake,,///
ML350G-10-yz3b,Low Profile Fanless Industrial Computer With Apollo Lake,,///
ML350g-10-gyvr,Low Profile Fanless Industrial Computer With Apollo Lake,ML350G-10,Industrial/Gateway/ML300 Series/ML350G-10
ML350G-10-JCI-044g,Industrial Low Profile Fanless Computer With Apollo Lake,ML350G-10,Industrial/Gateway/ML300 Series/ML350G-10
ML400G-30,Fanless Industrial Intel Haswell ULV Core i5 Mini-ITX Computer,ML400G-30,Industrial/Performance/ML400 Series/ML400G-30
ML400G-12-cc8w,Industrial Intel Bay Trail Celeron Mini-ITX Computer,ML400G-12,Industrial/Performance/ML400 Series/ML400G-12
ML400G-10-8s0o,Industrial Intel Bay Trail Celeron Mini-ITX Computer,ML400G-10,Industrial/Performance/ML400 Series/ML400G-10
ML400G-10-Fox-o4os,Industrial Intel Bay Trail Celeron Mini-ITX Computer,ML400G-10,Industrial/Performance/ML400 Series/ML400G-10
MK100B-53-sdmv,1U Rackmount Intel Coffee Lake Computer,MK100B-53,Server/1U & 1.5U Rackmount/MK100 Series/MK100B-53
MK100B-53-v5us,1U Rackmount Intel Coffee Lake Computer,MK100B-53,Server/1U & 1.5U Rackmount/MK100 Series/MK100B-53
MK100B-53-1he7,1U Rackmount Intel Coffee Lake Computer,,///
MK400-60-2bho,4U Rackmount AMD EPYC Edge Server,,///
MK400-40-AR-REV1-P1F-ONF,Amazon Robotics 4U Server - Revision 1 - K1116-380-00718,MK400 (Other),Server/4U Rackmount/MK400 Series/MK400 (Other)
MK400-40-AR-SPARROW-Proto-fhlw,Amazon Robotics 4U Server Prototype - SPARROW,,///
MK100B-53-ogcw,Intel Coffee Lake 1U Rackmount Computer,MK100B-53,Server/1U & 1.5U Rackmount/MK100 Series/MK100B-53
MK400-40-AR-FP-47ub,Amazon Robotics 4U Server Prototype,MK400 (Other),Server/4U Rackmount/MK400 Series/MK400 (Other)
MK400-40-AR-REV1-P1,Amazon Robotics 4U Server - Revision 1,,///
MK100B-51-wooo,Intel Skylake 1U Rackmount Computer,MK100B-51,Server/1U & 1.5U Rackmount/MK100 Series/MK100B-51
MK100B-53-00og,Intel Coffee Lake 1.5U Rackmount Computer,MK100B-53,Server/1U & 1.5U Rackmount/MK100 Series/MK100B-53
MK100B-53-4o4s-cgo0,Intel Coffee Lake 1U Rackmount Computer,,///
MC600-NVR-No-OS-80g0,Storage Oriented NVR,MC600 (Other),Industrial/Fanned/MC600 Series/MC600 (Other)
MC600-NVR-Safcon-8oso,Storage Oriented NVR,MC600 (Other),Industrial/Fanned/MC600 Series/MC600 (Other)
mc600-52-8so0,Commercial Intel Skylake Computer with Expansion,MC600-52,Industrial/Fanned/MC600 Series/MC600-52
MC600-52-9oyx,Industrial Intel Skylake Expandable Computer,,///
MC600-Clearpath-51-oswg,Commercial Intel Skylake Mini-ITX Computer,MC600-52,Industrial/Fanned/MC600 Series/MC600-52
MC600_HS-gksw,OnLogic i7 MC600 with Hot Swap,MC600 (Other),Industrial/Fanned/MC600 Series/MC600 (Other)
MC610-10-co88,Industrial Mini-ITX Expandable Computer,MC610-10,Industrial/Fanned/MC600 Series/MC610-10
MDCO-i3MYBE-P-0ok4-ooco-4wwg,Medeco NUC5i3MYBE System Kit,Industrial (Other),Industrial/Legacy Industrial/Legacy Industrial/Industrial (Other)
M1-ZZZZ1630020-skcg,M1-ZZZZ1630020,,Components///
Trotter-ML350G-10,Trotter 4G Industrial Low Profile Fanless Computer With Apollo Lake,ML350G-10,Industrial/Gateway/ML300 Series/ML350G-10
Trotter-ML450G-10-8ock,Industrial Intel Braswell Celeron Mini-ITX Computer,ML450G-10,Industrial/Performance/ML400 Series/ML450G-10
TROTTER-ML450G-10,Trotter ML450G-10 with 4G and UPS,ML450G-10,Industrial/Performance/ML400 Series/ML450G-10
TIMS-8000v1,Foresight Imaging TIMS-8000 System,Industrial (Other),Industrial/Legacy Industrial/Legacy Industrial/Industrial (Other)
TIMS-2000-Streamer-w0wk,Foresight TIMS-2000 Streamer,,///
TIMS-8000,Foresight TIMS-8000 Series System,,///
TIMS-8000-84kg,Foresight Imaging TIMS-8000 Branded Mini-ITX Computer,,///
SYTECH-MC610-50-ymmy,Industrial Intel Coffee Lake Mini-ITX Expandable Computer,,///
TIMS-STREAMER-HD+C_r01,Foresight TIMS Streamer,,Industrial/Fanned/Other/
TIMS-2000v2-Win10-0cgs,Foresight TIMS-2000v2 Win10,,///
SST-ML100G-31,Schulz Systemtechnik Fanless Industrial Intel Dawson Canyon NUC Computer,ML100G-31,Industrial/Entry/ML100 Series/ML100G-31
SSTatomML250,Sensitech ML250 Intel Atom Fanless Computer,ML250 (Other),Industrial/Gateway/ML250 Series/ML250 (Other)
Sensor100-Rack-512GB,Intel Coffee Lake 1.5U Rackmount Computer,MK150 (Other),Server/1U & 1.5U Rackmount/MK150 Series/MK150 (Other)
Sensor100-Rack-8TB-0c40,Intel 5th Gen 1.5U Rackmount Computer,MK150 (Other),Server/1U & 1.5U Rackmount/MK150 Series/MK150 (Other)
SCG-C292,Scanmeg C292,,Industrial/Fanned/Other/
SCG-Core-MK100,Scanmeg Ivy Bridge MK100 Rackmount System,MK100 (Other),Server/1U & 1.5U Rackmount/MK100 Series/MK100 (Other)
Scanmeg-ML450G-ws0w,Scanmeg-ML450G,ML450G-52,Industrial/Performance/ML400 Series/ML450G-52
SCAS-ML400G-30-sgo4,Industrial Intel Haswell ULV Core i5 Mini-ITX Computer,ML400G-30,Industrial/Performance/ML400 Series/ML400G-30
POC-200,Neousys Rugged Compact Fanless Intel Bay Trail Computer,POC-200,Rugged/Legacy Rugged/POC Series/POC-200
POC-200-0s84,Neousys Rugged Compact Fanless Intel Bay Trail Computer,,///
POC-200-8ogk,Neousys Rugged Compact Fanless Intel Bay Trail Computer,,///
POC-120,Neousys Rugged Ultra Compact Fanless Bay Trail Computer,POC-120,Rugged/Legacy Rugged/POC Series/POC-120
POC-200-koc4,Neousys Rugged Compact Fanless Intel Bay Trail Computer,,///
Nuvo-8208GC-0gow,Neousys Rugged Computer with Dual GPU Expansion,Nuvo-8208GC,Rugged/High Performance/Nuvo Series/Nuvo-8208GC
Nuvis-3004-8gcw,Nuvis-3004 HM76 Core i Fanless Surveillance Computer,,///
NUC5I5MYHE-goos-o4wk,Intel NUC5i5MYHE Maple Canyon Broadwell i5 NUC Barebone,,Components/Components/Components/
NUC5i5MYBE-4oos,Civiq NUC5i5MYBE BOM v3,,Components/Components/Components/
Nuvis-3304-Saltwater-skww,Nuvis-3304-Saltwater,,///
Nuvis-3304-cswg,Nuvis-3304 HM76 Core i Fanless Computer,,///
NG100K-PROAUDIOVIS-00sk,1U Rackmount Intel Quad-Core Firewall with pfSense&reg; Software,MK100 (Other),Server/1U & 1.5U Rackmount/MK100 Series/MK100 (Other)
NG100B-10,Industrial Quad-Core Firewall with Untangle,MC500 (Other),Industrial/Fanned/MC500 Series/MC500 (Other)
NG100K-PROAUDIOVIS-g44c,1U Rackmount Intel Quad-Core Firewall with pfSense&reg; Software,MK100 (Other),Server/1U & 1.5U Rackmount/MK100 Series/MK100 (Other)
NG- Array Controller-gw8g,Intel Haswell 1U Rackmount Computer,MK100B-50,Server/1U & 1.5U Rackmount/MK100 Series/MK100B-50
NG-Nuvo-3003E-50,Northrop Grumman Nuvo-3003E-50,,///
NF9N-2930,Jetway NF9N-2930 Quad Core Bay Trail Fanless Mini-ITX Motherboard,,Components/Components/Components/
NBCU-ML340-51,NBCUniversal ML340-51 i7,ML340G-51,Industrial/Gateway/ML300 Series/ML340G-51
NG100G,Fanless Intel Atom Network Gateway with Untangle,ML250 (Other),Industrial/Gateway/ML250 Series/ML250 (Other)
NF9HG MC500-kow8,Commercial Intel Atom Mini-ITX Computer,,///
NF9J-Q87-0so4,Jetway NF9J-Q87 Haswell Desktop Mini-ITX Motherboard,,Components/Components/Components/
ML600G-52-wsoc,Fanless Industrial Intel Skylake Computer,,///
ml600g-52-wsgk,Industrial Fanless Intel Skylake Computer,ML600G-52,Industrial/Performance/ML600 Series/ML600G-52
ML600G-53,Industrial Intel Coffee Lake Mini-ITX Computer,ML600G-53,Industrial/Performance/ML600 Series/ML600G-53
ML600G-52-w5xs,Fanless Industrial Intel Skylake Computer,,///
ML500G-50-6oki,Fanless Industrial Intel 6th Gen Computer w/optional i7,,///
ML500G-50-880o,Industrial Intel 6th Gen Fanless Computer w/optional i7,ML500G-50,Industrial/Performance/ML500 Series/ML500G-50
ML600G-L3T-4g0c,Industrial Fanless Intel Skylake Computer,ML600G-52,Industrial/Performance/ML600 Series/ML600G-52
ML500G-50-ez7a,Fanless Industrial Intel 6th Gen Computer w/optional i7,ML500G-50,Industrial/Performance/ML500 Series/ML500G-50
ML500G-50-i7HEP-w08g,Hepburn Engineering ML500G-50,ML500G-50,Industrial/Performance/ML500 Series/ML500G-50
ML600G-PIQ-cwcs,Industrial Fanless Intel Haswell Computer,ML600G-50,Industrial/Performance/ML600 Series/ML600G-50
ML100G-52-4c8o,Industrial Fanless Intel Whiskey Lake NUC With Dual LAN,ML100G-52,Industrial/Entry/ML100 Series/ML100G-52
ML100G-52-3cvl,Industrial Fanless Intel Whiskey Lake Embedded NUC With Dual LAN,,///
ML100G-51-pjo8,Industrial Fanless Intel Whiskey Lake NUC With Dual LAN,,///
ML100G-52-wo8c,Industrial Fanless Intel Whiskey Lake Embedded NUC With Dual LAN,,///
ML100G-52-ewxv,Industrial Fanless Intel Whiskey Lake Embedded NUC With Dual LAN,,///
ML100G-52-g400,Customer Name - Industrial Fanless Intel Whiskey Lake Embedded NUC With Dual LAN w/ 256 GB,,///
ML100G-51-xcsb,Industrial Fanless Intel Whiskey Lake NUC With Dual LAN,ML100G-51,Industrial/Entry/ML100 Series/ML100G-51
ML100G-52-4jft,Industrial Fanless Intel Whiskey Lake Embedded NUC With Dual LAN,,///
ML100G-53-6qi1,Industrial Fanless Intel 11th Gen Tiger Lake NUC,ML100G-53,Industrial/Entry/ML100 Series/ML100G-53
ML300B-50-MK-sgkk-4w4g,Industrial ML210 Intel Bay Trail Fanless Rackmount Computer,ML300 (Other),Industrial/Gateway/ML300 Series/ML300 (Other)
MK100B-54-aa34,1U Rackmount Intel Xeon E Edge Server,MK100B-54,Server/1U & 1.5U Rackmount/MK100 Series/MK100B-54
MK100B-54-zdgh,1U Rackmount Intel Xeon E Edge Server,,///
MK100B-54-gz4e,1U Rackmount Intel Xeon E Edge Server,MK100B-54,Server/1U & 1.5U Rackmount/MK100 Series/MK100B-54
MK100B-54-c0wk,1U Rackmount Intel Coffee Lake Xeon E Edge Server,MK100B-54,Server/1U & 1.5U Rackmount/MK100 Series/MK100B-54
MK103-TEKT-88gs-o00w-scw0,Intel Core 1U Rackmount Computer,MK100 (Other),Server/1U & 1.5U Rackmount/MK100 Series/MK100 (Other)
MCTL2-ML100G-31,Fanless Industrial Intel Dawson Canyon NUC Computer,ML100G-31,Industrial/Entry/ML100 Series/ML100G-31
MDCO-DE3815TYKHE-kggo,Medeco DE3815TYKHE Barebone Kit,Industrial (Other),Industrial/Legacy Industrial/Legacy Industrial/Industrial (Other)
MCE-CL210G-11-so48,Motion Control Engineering - Ultra Small Quad Core Fanless Industrial Edge Computer,,///
MCD-MC500-i7,Sterling Computers MC500,MC500-50,Industrial/Fanned/MC500 Series/MC500-50
MDCO-DCP847SKE,MDCO-DCP847SKE,,Industrial/Fanned/Other/
MC500-AlterG-0001,Commercial Intel Skylake Mini-ITX Computer,MC500-51,Industrial/Fanned/MC500 Series/MC500-51
MC500-AlterG-0002-w8os,Commercial Intel Skylake Mini-ITX Computer,MC500-51,Industrial/Fanned/MC500 Series/MC500-51
MC500-AlterG-Kit,Commercial Intel Skylake Mini-ITX Computer,MC500-51,Industrial/Fanned/MC500 Series/MC500-51
mc500-10-HPCS-101-s0c8,Commercial Intel Celeron Mini-ITX Computer,MC500-10,Industrial/Fanned/MC500 Series/MC500-10
MC500-10-ksn8,MC500-10,MC500-10,Industrial/Fanned/MC500 Series/MC500-10
MC500-10-t7kk,Industrial Intel Celeron Mini-ITX Computer,,///
MC500-52-0ss8,Commercial Intel Skylake Mini-ITX Computer,MC500-51,Industrial/Fanned/MC500 Series/MC500-51
MC500-52-4c4w,Commercial Intel Kaby Lake Mini-ITX Computer,MC500-52,Industrial/Fanned/MC500 Series/MC500-52
MC500-51-kgo4,Commercial Intel Skylake Mini-ITX Computer,MC500-51,Industrial/Fanned/MC500 Series/MC500-51
MC500-51-804c,Commercial Intel Skylake Mini-ITX Computer,MC500-51,Industrial/Fanned/MC500 Series/MC500-51
MC500-FPP-4g4c,MC500-FPP,,///
TETI-ML100G-31,Industrial Intel Dawson Canyon Fanless NUC Computer,ML100G-31,Industrial/Entry/ML100 Series/ML100G-31
TMS-ML400G-10-8gcc,Industrial Intel Bay Trail Celeron Mini-ITX Computer,,///
TMS-ML400G-10-sgos,Total Meter Services - Fanless Industrial Intel Bay Trail Celeron Mini-ITX Computer,,///
SOUND-P2002-UL,Sound P2002 (UL),CV-P2002,Panel/Cincoze Panel/P2000 Series/CV-P2002
SNST-NAv01,Sensitech Core ML250 Fanless Industrial Computer - North America,ML250 (Other),Industrial/Gateway/ML250 Series/ML250 (Other)
SOUND-P2002-UL-8g40,Sound P2002,CV-P2002,Panel/Cincoze Panel/P2000 Series/CV-P2002
SOFT-DA1000-Win7,SOFTSTUF DA-1000 with Windows 7 Pro,DA-1000,Rugged/Entry/DA Series/DA-1000
RT130-UPS-4skk,Ivy Bridge Rugged In-Vehicle PC with UPS,Rugged (Other),Rugged/Legacy Rugged/Legacy Rugged/Rugged (Other)
RT130-wc0c,Rugged Intel Ivy Bridge In-Vehicle Computer,Rugged (Other),Rugged/Legacy Rugged/Legacy Rugged/Rugged (Other)
RXM-MC500,RX Medic LGX MC500 Computer,,///
RUBI-POC-351vtc-Proto-4wgo,Neousys Rugged Compact Intel Apollo Lake In-Vehicle Computer,,///
SCRT-M350-84k8,SecurityMetrics M350,Industrial (Other),Industrial/Legacy Industrial/Legacy Industrial/Industrial (Other)
QPMA-ML350G-10-LNX,Low Profile Fanless Industrial Computer With Apollo Lake,ML350G-10,Industrial/Gateway/ML300 Series/ML350G-10
QAHV-P100-10AS,Mitac 10.1” Apollo Lake Industrial HMI Panel PC,,///
Qtrhorsecore-ml250-0cko,Qtrhorsecore-ml250,ML250 (Other),Industrial/Gateway/ML250 Series/ML250 (Other)
PURO-P2002-v01,Purolator P2002 - Monitor Included,CV-P2002,Panel/Cincoze Panel/P2000 Series/CV-P2002
PURO-P2002-v01-0kwc,Purolator P2002 - Monitor Included,CV-P2002,Panel/Cincoze Panel/P2000 Series/CV-P2002
PURO-P2002-v02,Purolator P2002 - Without Monitor,,///
POC-300-LKTINST-s004,Neousys Rugged Compact Fanless Intel Apollo Lake Computer,,///
PURO-HX500-g2ej,Purolator Helix 500 Intel Comet Lake Industrial Edge Computer,HX500,Industrial/Performance/HX500 Series/HX500
PURO-CV-P2102-NT,"Cincoze Intel Whiskey Lake Core i5 Panel PC with 24"" No Touch Display",CV-P2102,Panel/Cincoze Panel/P2000 Series/CV-P2102
poc-300-okcg-4wcs,Neousys Rugged Compact Fanless Intel Apollo Lake Computer with COGN-CBP132-Co,,///
POC-300-0o0o,Neousys Rugged Compact Fanless Intel Apollo Lake Computer,,///
PCKL-K804-R01,Pickle Robot Karbon 804 High-Performance Computer,K804,Rugged/Performance/K800 Series/K804
NUC5i3MYBE,"Intel NUC5i3MYBE ""Maple Canyon"" Broadwell i3 NUC Motherboard",,Components/Components/Components/
Nuvo-3005LP-gk8s,Neousys Nuvo-3005LP HM76 Core i Fanless Surveillance Computer,,///
NUC-6305E,ASRock NUC-6305E Motherboard,,///
Nuvo-3005LP-sksg,Neousys Nuvo-3005LP HM76 Core i Fanless Surveillance Computer,,///
Nuvo-3100VTC-sswo,Neousys Rugged Intel Ivy Bridge Compact In-Vehicle Computer,,///
Nuvo-3005LP-UNILUX-ks4g,Neousys Rugged Intel Ivy Bridge Fanless Computer with PoE,,///
ML500G-50-k8cs,Industrial Intel 6th Gen Fanless Computer w/optional i7,ML500G-50,Industrial/Performance/ML500 Series/ML500G-50
ML500G-50-kcgc,Industrial Intel 6th Gen Fanless Computer w/optional i7,ML500G-50,Industrial/Performance/ML500 Series/ML500G-50
ML500G-50-Proto-k8wc,"Sick, Inc. - Fanless Industrial Intel 6th Gen Computer w/optional i7 (Prototype)",ML500G-50,Industrial/Performance/ML500 Series/ML500G-50
ML500G-50-s0wo,Fanless Industrial Intel 6th Gen Computer w/optional i7,ML500G-50,Industrial/Performance/ML500 Series/ML500G-50
ML510G-50-4kk4,Compact Fanless Industrial Coffee Lake Computer,ML510G-50,Industrial/Performance/ML500 Series/ML510G-50
ML500G-50-wwk0,Industrial Intel 6th Gen Fanless Computer w/optional i7,ML500G-50,Industrial/Performance/ML500 Series/ML500G-50
ML510G-50-3vts,Compact Fanless Industrial Coffee Lake Computer,,///
ML510G-50-dm1k,Compact Fanless Industrial Coffee Lake Computer,,///
ML350G-10-30ll,Low Profile Fanless Industrial Computer With Apollo Lake,,///
ML350G-10-40wk,Low Profile Fanless Industrial Computer With Apollo Lake,,///
ML340G-51-os80,Low Profile Fanless Industrial Skylake Computer,,///
ML340G-51-g480-os44,Low Profile Fanless Industrial Skylake Computer,ML340G-51,Industrial/Gateway/ML300 Series/ML340G-51
ML350G-10-00co,Industrial Low Profile Fanless Computer With Apollo Lake,ML350G-10,Industrial/Gateway/ML300 Series/ML350G-10
ML350G-10-4gok,Low Profile Fanless Industrial Computer With Apollo Lake,,///
ML340G-50-Loaded-0k0w,Sound ML340G-50 Loaded Config.,ML340G-50,Industrial/Gateway/ML300 Series/ML340G-50
ML340G-50-sck0,Low Profile Fanless Intel Core i3/i5/i7 Industrial Computer,ML340G-50,Industrial/Gateway/ML300 Series/ML340G-50
ML100G-31-w0c8,Fanless Industrial Intel Dawson Canyon NUC Computer,ML100G-31,Industrial/Entry/ML100 Series/ML100G-31
ML100G-31-wc4c,Fanless Industrial Intel Dawson Canyon NUC Computer,ML100G-31,Industrial/Entry/ML100 Series/ML100G-31
ML100G-31-os08,Industrial Intel Dawson Canyon Fanless NUC Computer,ML100G-31,Industrial/Entry/ML100 Series/ML100G-31
Ml100G-31-o880,Industrial Intel Dawson Canyon Fanless NUC Computer,ML100G-31,Industrial/Entry/ML100 Series/ML100G-31
ML100G-31-fkbq,Fanless Industrial Intel Dawson Canyon NUC Computer,,///
ML100G-40-gscw,Compact Fanless AMD Ryzen Mini PC,ML100G-40,Industrial/Entry/ML100 Series/ML100G-40
ML100G-31-8owc,Fanless Industrial Intel Dawson Canyon NUC Computer,ML100G-31,Industrial/Entry/ML100 Series/ML100G-31
MK100B-50,Intel Haswell 1U Rackmount Computer,MK100B-50,Server/1U & 1.5U Rackmount/MK100 Series/MK100B-50
MK100B-51-0g0o,Intel Skylake 1U Rackmount Computer,MK100B-51,Server/1U & 1.5U Rackmount/MK100 Series/MK100B-51
MK100B-51-44s0,MK100B-51,MK100B-51,Server/1U & 1.5U Rackmount/MK100 Series/MK100B-51
MK100B-51-4ckc,Intel Skylake 1U Rackmount Computer,MK100B-51,Server/1U & 1.5U Rackmount/MK100 Series/MK100B-51
mk100b-51-c480,Intel Skylake 1U Rackmount Computer,MK100B-51,Server/1U & 1.5U Rackmount/MK100 Series/MK100B-51
MK100B-51,Intel Skylake 1U Rackmount Computer,MK100B-51,Server/1U & 1.5U Rackmount/MK100 Series/MK100B-51
MK100B-10-4gsk,Intel Bay Trail 1U Rackmount Computer,,///
MK100B-50-k48o,Intel Skylake 1U Rackmount Computer - ACSi Site 1RU,MK100B-50,Server/1U & 1.5U Rackmount/MK100 Series/MK100B-50
MK100B-10-scg4,Intel Bay Trail 1U Rackmount Computer,MK100B-10,Server/1U & 1.5U Rackmount/MK100 Series/MK100B-10
TRIOTECH-AUDIOCARD,TRIOTECH-AUDIOCARD,MC500 (Other),Industrial/Fanned/MC500 Series/MC500 (Other)
Trimark-DI-1000-404c,Cincoze Rugged Intel Skylake Compact Fanless Computer,,///
TNM-C-HX310,OnLogic Helix 310 Intel Elkhart Lake Industrial Edge Computer,HX310,Industrial/Gateway/HX300 Series/HX310
SCRT-CL210-10-US,SecurityMetrics Domestically Assembled CL210 Scanning Device,CL210G-10,Industrial/Small Form Factor/CL200 Series/CL210G-10
Schmitz&Soehne-ML350G-10,SCHMITZ u. Söhne GmbH & Co. KG Low Profile Fanless Industrial Computer With Apollo Lake,ML350G-10,Industrial/Gateway/ML300 Series/ML350G-10
SCHN-FR201-UL,Factor 201 Raspberry Pi Industrial IoT Gateway,FR201,Industrial/Small Form Factor/FR200 Series/FR201
Scion-NC200B-30-scg4,Commercial Intel Core i3 NUC Computer,NC200 (Other),Industrial/Legacy Industrial/NC200 Series/NC200 (Other)
SCRT-DA-1100,Cincoze Rugged Apollo Lake Ultra Compact Fanless Computer,DA-1100,Rugged/Entry/DA Series/DA-1100
PWNE-PWR4-c0cc,Pwnie Express PwnPlug R4,Industrial (Other),Industrial/Legacy Industrial/Legacy Industrial/Industrial (Other)
PictureU-ML600-c0kg,Industrial Fanless Intel Avoton Server Computer,ML600G-10,Industrial/Performance/ML600 Series/ML600G-10
PK-MC510-50,Photon Kinetics Industrial Intel Coffee Lake Mini-ITX Computer,,///
PJS_VAC-Nuvis-3304AF-IGN-88ws,PJS Group Vehicle Analytics Controller,,///
PIC-Nuvo-7160GC,Neousys Rugged Intel Coffee Lake Computer with Optional GPU,,///
OLGC-FR201-V3,Factor 201 Raspberry Pi Industrial IoT Gateway,FR201,Industrial/Small Form Factor/FR200 Series/FR201
OFNT-DA-1000,Outfront Media DA-1000,DA-1000,Rugged/Entry/DA Series/DA-1000
OFNT-NUC7i3DNBE-w8wk,Outfront Media NUC7i3DNBE,,Components/Components/Components/
OldCastle PCI-gso8,OldCastle PCI,Nuvo-3000,Rugged/Legacy Rugged/Nuvo Series/Nuvo-3000
ONC-ML500-gkcg,Oncology Supply ML500,ML500G-30,Industrial/Performance/ML500 Series/ML500G-30
OLMEC-3325-DS1002-sk8o,Cincoze DS-1002 Rugged Intel Haswell Fanless Computer,,///
ONL-CL210G-10,Fanless Industrial USFF Edge Device w/ Dual LAN,CL210G-10,Industrial/Small Form Factor/CL200 Series/CL210G-10
Nuvo-3000E-0gss,Neousys Nuvo-3000 Series HM76 Core i Fanless Computer,,///
Nuvo-3003E-50-cog8,Rugged Intel Core i Fanless Computer,,///
Nuvo-3003TB-4w8c,Custom Nuvo-3003TB,,///
nuvo-3005lp-cgo8,Neousys Rugged Intel Ivy Bridge Fanless Computer with PoE,,///
Nuvo-3005LP-40kk,Neousys Nuvo-3005LP HM76 Core i Fanless Surveillance Computer,,///
nCIE Pilot,Fanless Industrial Intel Braswell Computer with Dual Gb LAN,ML210G-12,Industrial/Gateway/ML200 Series/ML210G-12
NC220_INTEL-sk48-wk80-og0w,Industrial Intel Broadwell Fanless NUC Computer,NC200 (Other),Industrial/Legacy Industrial/NC200 Series/NC200 (Other)
NC210B-50,Commercial Intel Core i5 NUC Computer,NC200 (Other),Industrial/Legacy Industrial/NC200 Series/NC200 (Other)
MOMS-ML400,MOMS-ML400,ML400G-10,Industrial/Performance/ML400 Series/ML400G-10
ml600g-52-4wso,Industrial Fanless Intel Skylake Computer,ML600G-52,Industrial/Performance/ML600 Series/ML600G-52
ML600G-52-52vj,Fanless Industrial Intel Skylake Computer,ML600G-52,Industrial/Performance/ML600 Series/ML600G-52
ML600G-52-29se,Fanless Industrial Intel Skylake Computer,,///
MOM ML400-kssg,Industrial Intel Bay Trail Celeron Mini-ITX Computer,ML400G-10,Industrial/Performance/ML400 Series/ML400G-10
Mother-ML350G-10-4s0w,Industrial Low Profile Fanless Computer With Apollo Lake,ML350G-10,Industrial/Gateway/ML300 Series/ML350G-10
ML600G-51-USCIS-8cww,Industrial Fanless Server with Xeon,ML600G-51,Industrial/Performance/ML600 Series/ML600G-51
MPSA-K700-X2,Karbon 700 Expanded High-Performance Rugged Edge Computer,K700-X2,Rugged/Performance/K700 Series/K700-X2
ML450G-51-ThinFilm-00w4,Industrial Intel Skylake Mini-ITX Computer,ML450G-51,Industrial/Performance/ML400 Series/ML450G-51
ML450G-51-wg4o,Fanless Industrial Intel Skylake Mini-ITX Computer,ML450G-51,Industrial/Performance/ML400 Series/ML450G-51
ML450G-51-PI-8c4w,Industrial Intel Skylake Mini-ITX Computer,ML450G-51,Industrial/Performance/ML400 Series/ML450G-51
ML450G-51-s0s0,Compusoft-ML450G-51,ML450G-51,Industrial/Performance/ML400 Series/ML450G-51
ML450G-51-skgw,Industrial Intel Skylake Mini-ITX Computer,ML450G-51,Industrial/Performance/ML400 Series/ML450G-51
ML450G-51-socw,Industrial Intel Skylake Mini-ITX Computer - ACSi GP Fanless,ML450G-51,Industrial/Performance/ML400 Series/ML450G-51
ML350G-10-d695,Low Profile Fanless Industrial Computer With Apollo Lake,,///
ML350G-10-gcwg,Low Profile Fanless Industrial Computer With Apollo Lake,,///
ML450G-51-wksg,Industrial Intel Skylake Mini-ITX Computer,ML450G-51,Industrial/Performance/ML400 Series/ML450G-51
ML350G-10-gwou,Low Profile Fanless Industrial Computer With Apollo Lake,,///
ML100G-50-0k4c,Industrial Intel Skylake Fanless NUC Computer,ML100G-50,Industrial/Entry/ML100 Series/ML100G-50
ML100G-50-8gkw-gggw,Industrial Intel Skylake Fanless NUC Computer,ML100G-50,Industrial/Entry/ML100 Series/ML100G-50
ML100G-50-gsok-gwgk,Industrial Intel Skylake Fanless NUC Computer,ML100G-50,Industrial/Entry/ML100 Series/ML100G-50
ML100G-41-0fx7,Industrial Fanless AMD Ryzen 4000 Compact Computer,ML100G-41,Industrial/Entry/ML100 Series/ML100G-41
ML100G-41-l85n,Industrial Fanless AMD Ryzen 4000 Compact Computer,ML100G-41,Industrial/Entry/ML100 Series/ML100G-41
MK400-60-CATProto,MK400-60 4U Rackmount AMD EPYC 7002 Server,,///
ML100G-41-bfzu,Industrial Fanless AMD Ryzen 4000 Compact Computer,ML100G-41,Industrial/Entry/ML100 Series/ML100G-41
ML100G-40-wwsc,Industrial Fanless Intel Whiskey Lake NUC With Dual LAN,,///
ML100G-50-MITSU-008s,Industrial Intel Skylake Fanless NUC Computer,ML100G-50,Industrial/Entry/ML100 Series/ML100G-50
MG150,"Industrial Intel Atom Fanless Panel PC - 8.4""",,///
MF-Nuvo-5006-EU-w888,Les Studios Moment Factory Nuvo-5006,Nuvo-5000,Rugged/Performance/Nuvo Series/Nuvo-5000
MG150-84os,MG150 Series Industrial Fanless HMI Panel PC,,///
MFG-CV-100C,Rugged HMI Panel PCs,,///
MFG-ML400G-50-4o0o,High-Performance Fanless Manufacturing Workstation,ML400G-50,Industrial/Performance/ML400 Series/ML400G-50
MC510-50-qg6b,Industrial Intel Coffee Lake Mini-ITX Computer,MC510-10,Industrial/Fanned/MC500 Series/MC510-10
MC510-50-csks,Industrial Intel Coffee Lake Mini-ITX Computer,MC510-50,Industrial/Fanned/MC500 Series/MC510-50
MC510-50-gnoh,Industrial Intel Coffee Lake Mini-ITX Computer,MC510-50,Industrial/Fanned/MC500 Series/MC510-50
MC510-50-ou1x,Industrial Intel Coffee Lake Mini-ITX Computer,MC510-50,Industrial/Fanned/MC500 Series/MC510-50
MC510-50-wgww,Intel Coffee Lake Mini-ITX Computer,MC510-50,Industrial/Fanned/MC500 Series/MC510-50
MC510-50-sb6f,Industrial Intel Coffee Lake Mini-ITX Computer,MC510-50,Industrial/Fanned/MC500 Series/MC510-50
MC510-50-g4cg,Industrial Intel Coffee Lake Mini-ITX Computer,MC510-50,Industrial/Fanned/MC500 Series/MC510-50
MC510-50-h62h,Industrial Intel Coffee Lake Mini-ITX Computer,MC510-50,Industrial/Fanned/MC500 Series/MC510-50
KUZ-ML450G-52,Kuijpers Utiliteit Zuid ML450G-52 with RAID,ML450G-52,Industrial/Performance/ML400 Series/ML450G-52
KYMS-HX500,Kymera - Ignition (IGN700) Intel Comet Lake Industrial Edge Computer,HX500,Industrial/Performance/HX500 Series/HX500
KYMS-HX500-IGN700-PANEL,"Intel 10th Gen Industrial Edge Computer with Ignition - IIoT, Compute, Panel",HX500 (IGN700),Industrial/Performance/HX500 Series/HX500 (IGN700)
KOBR-K700-SE-2,Karbon 700-SE-2 High-Performance Rugged Edge Computer,K700-SE-2,Rugged/Performance/K700 Series/K700-SE-2
KR960,KR960 Wide Temperature Core i Mini-ITX Motherboard,,Components/Components/Components/
KSK-MG150,Touchscreen Kiosk Panel PC,,///
k300-gkss,Karbon 300 Compact Rugged Computer,,///
K700-SE-4sg8,Karbon 700 High-Performance Rugged Edge Computer,K700-SE,Rugged/Performance/K700 Series/K700-SE
K700-SE-4w00,Karbon 700 High-Performance Rugged Edge Computer,K700-SE,Rugged/Performance/K700 Series/K700-SE
K300-4wgg,Amazon LastMileDelivery Karbon 300 Prototype,,///
K300-guo0,Karbon 300 Compact Rugged Computer,,///
K300-k0w0,Karbon 300 Compact Rugged Computer,,///
IMB-195,ASRock IMB-195 Skylake Desktop Industrial Mini-ITX Motherboard,,Components/Components/Components/
IMB-195-AlterG-g48s,AlterG IMB-195 Skylake Desktop Motherboard Kit,,///
IronBow-ML340-V7,Iron Bow ML340 V7 - i5 / Win 10 Pro,ML340G-51,Industrial/Gateway/ML300 Series/ML340G-51
IronBow-ML340-V2,Iron Bow ML340 V2,ML340G-51,Industrial/Gateway/ML300 Series/ML340G-51
Iron Bow ML340 V3-wo48,Iron Bow ML340 V3,ML340G-51,Industrial/Gateway/ML300 Series/ML340G-51
IGSA-NUVO-5006LP-PoE,Ingalsa Neousys Rugged Intel Skylake Low Profile Fanless Computer,Nuvo-5000LP,Rugged/Performance/Nuvo Series/Nuvo-5000LP
IKE-MC610-50,Industrial Intel Coffee Lake Mini-ITX Expandable Computer for IKE,MC610-50,Industrial/Fanned/MC600 Series/MC610-50
i7-MC500-04kw,Commercial Intel Core Mini-ITX Computer,MC500-50,Industrial/Fanned/MC500 Series/MC500-50
HX330-gk5x,OnLogic Helix 330 Intel Elkhart Lake Industrial Edge Computer w/Additional LAN,,///
HX600-4koo,OnLogic Helix 600 Intel Comet Lake Expanded Industrial Edge Computer,HX600,Industrial/Performance/HX600 Series/HX600
HX330-szrn-V2,OnLogic Helix 330 Intel Elkhart Lake Industrial Edge Computer w/Additional LAN,HX330,Industrial/Gateway/HX300 Series/HX330
HX330-htp9,OnLogic Helix 330 Intel Elkhart Lake Industrial Edge Computer w/Additional LAN,HX330,Industrial/Gateway/HX300 Series/HX330
HX310-dos8,OnLogic Helix 310 Intel Elkhart Lake Industrial Edge Computer,HX310,Industrial/Gateway/HX300 Series/HX310
HX600-24ab,OnLogic Helix 600 Intel Comet Lake Expanded Industrial Edge Computer,HX600,Industrial/Performance/HX600 Series/HX600
HX600-8cr9,OnLogic Helix 600 Intel Comet Lake Expanded Industrial Edge Computer,HX600,Industrial/Performance/HX600 Series/HX600
HX310-4fvv,OnLogic Helix 310 Intel Elkhart Lake Industrial Edge Computer,HX310,Industrial/Gateway/HX300 Series/HX310
GOGO-MK150B-FBO,1.5U Rackmount Intel Coffee Lake Computer,MK150B-53,Server/1U & 1.5U Rackmount/MK150 Series/MK150B-53
GOGO-ML500G-30-4L,Industrial Intel 6th Gen Fanless Computer (4 LAN),ML500G-30,Industrial/Performance/ML500 Series/ML500G-30
GOOG-NUVO-7000LP,Google Neousys Rugged Intel® Coffee Lake Low Profile Fanless Computer,,///
GOGO-ML500G-30-4L-o84g,"Industrial Intel 6th Gen Fanless Computer (4 LAN, Unbranded)",ML500G-30,Industrial/Performance/ML500 Series/ML500G-30
FIT-100-WiFi-kbl2,AlterG FIT 100 Ultra Small PC w/ WiFi,,///
DTS-DCCP847DYE,Commercial Digital Media Player,Industrial (Other),Industrial/Legacy Industrial/Legacy Industrial/Industrial (Other)
DutchDom-Xeon-MK150-sg8c,UAS Virtual Server,MK150B-52,Server/1U & 1.5U Rackmount/MK150 Series/MK150B-52
DTS-CT100-LTSC,High Performance Intel Skylake Kiosk Computer,,Components/Components/Components/
DVDA Dual Board MK150-sos8,MK150 Intel Core 1.5U Rackmount Computer,MK150 (Other),Server/1U & 1.5U Rackmount/MK150 Series/MK150 (Other)
DUKE-ML500G-30-TPM,Duke Energy Industrial Intel 6th Gen Fanless Computer with TPM,ML500G-30,Industrial/Performance/ML500 Series/ML500G-30
DVDA-MC600-1TB,Dividia Technologies MC600 1TB,MC600 (Other),Industrial/Fanned/MC600 Series/MC600 (Other)
DS-1001,Cincoze Rugged Intel Haswell Fanless Computer with Expansion,DS-1001,Rugged/Mid Tier/DS Series/DS-1001
DS-1100,Cincoze Rugged Intel Skylake Fanless Computer,DS-1100,Rugged/Mid Tier/DS Series/DS-1100
DS-1100-5080,Cincoze Rugged Intel Skylake Fanless Computer,DS-1100,Rugged/Mid Tier/DS Series/DS-1100
DS-1100-GTBRCK-osk0-s84g,Cincoze Rugged Intel Skylake Fanless Computer,,///
DS-1001-30-g44w,Cincoze Rugged Intel Haswell Fanless Computer with Expansion,,///
DS-1100-5f54,Cincoze Rugged Intel Skylake Fanless Computer,,///
DS-1002-50-ooww,Cincoze Rugged Intel Haswell Computer with Dual Expansion,,///
DS-1100-GTBRCK-osk0,Cincoze Rugged Intel Skylake Fanless Computer,,///
DEDR-K804-i9,OnLogic Karbon 804 High-Performance Rugged Computer w/ModBay & PCIe,K804,Rugged/Performance/K800 Series/K804
DECO-CL210G-11,Ultra Small Quad Core Fanless Industrial Edge Computer,CL210G-11,Industrial/Small Form Factor/CL200 Series/CL210G-11
DECO-CL250-697058,CL250 Ultra Small Fanless Industrial Edge Gateway,CL250,Industrial/Small Form Factor/CL200 Series/CL250
CV-P2102-abc,Cincoze Rugged Intel 8th Gen Core i3/i5 Panel PC for OnLogic,CV-P2102,Panel/Cincoze Panel/P2000 Series/CV-P2102
CV-P2102-qyt9,Cincoze Rugged Intel 8th Gen Core i3/i5 Panel PC,CV-P2102,Panel/Cincoze Panel/P2000 Series/CV-P2102
CXconnect-MK100B-53,1U Rackmount Intel Coffee Lake Computer,,///
CY-177250_r1,Cymer Onpulse Extended Temperature Core i5/i7 System,Rugged (Other),Rugged/Legacy Rugged/Legacy Rugged/Rugged (Other)
Cymer iBox-c0sc,Cymer iBox 210,Industrial (Other),Industrial/Legacy Industrial/Legacy Industrial/Industrial (Other)
CYNO-P1101-wgsw,CYNO-P1101,,///
CY-177695_r1,Cymer Smartpulse Extended Temperature Core i5/i7 System,Rugged (Other),Rugged/Legacy Rugged/Legacy Rugged/Rugged (Other)
Core-ML300,Industrial Fanless Intel Core NUC Computer,ML300 (Other),Industrial/Gateway/ML300 Series/ML300 (Other)
Core-ML300-4g0k,LGX ML300 Fanless NUC Industrial Computer,ML300 (Other),Industrial/Gateway/ML300 Series/ML300 (Other)
Core-ML320-o4wo,Consigned Core-ML320,ML300 (Other),Industrial/Gateway/ML300 Series/ML300 (Other)
Core-ML300-RV-k80g,ML300 Fanless Ivy Bridge NUC Industrial Computer,ML300 (Other),Industrial/Gateway/ML300 Series/ML300 (Other)
Core-ML320-4c48,Industrial Intel Core NUC Computer with Haswell,ML300 (Other),Industrial/Gateway/ML300 Series/ML300 (Other)
Core-ML330-sgg8,Core-ML330,ML300 (Other),Industrial/Gateway/ML300 Series/ML300 (Other)
Core-ML320Canusa-250/16-48wk,Core-ML320Canusa-250/16,ML300 (Other),Industrial/Gateway/ML300 Series/ML300 (Other)
CNX-K300-sk8s,Cognex Karbon 300 Compact Rugged Computer,,///
CNX-K300-WIbu,Cognex Karbon 300 Compact Rugged Computer,,///
CNX-K300-7mff,Cognex Karbon 300 Compact Rugged Computer,,///
CNX-WIN-CL210G-11,Cognex CL210G-11 with Windows 10 IoT Enterprise 2016,CL210G-11,Industrial/Small Form Factor/CL200 Series/CL210G-11
TERA-MK100-40-Proto,Industrial 1U AMD Ryzen Rackmount Server with Integrated Power Supply,MK100 (Other),Server/1U & 1.5U Rackmount/MK100 Series/MK100 (Other)
tera-mk100-40-proto-c4s0,Industrial 1U AMD Ryzen Rackmount Server with Integrated Power Supply,MK100B-40,Server/1U & 1.5U Rackmount/MK100 Series/MK100B-40
TECHNO-K804,OnLogic Karbon 804 High-Performance Rugged Computer w/ModBay & PCIe,K804,Rugged/Performance/K800 Series/K804
TAS-CV-P2102,Cincoze Rugged Intel 8th Gen Core i3/i5 Panel PC,CV-P2102,Panel/Cincoze Panel/P2000 Series/CV-P2102
SKOUT-ML450G-52-CO,Skout Fanless Industrial Intel Skylake Mini-ITX Computer (Consigned),,///
SparkMeter-DA-1000,SparkMeter Remote Management System,DA-1000,Rugged/Entry/DA Series/DA-1000
SKYW-ML510G-50,Skyworks Compact Fanless Industrial Coffee Lake Computer,,///
SPTM-ML450G-51,SPT Microtechnologies ML450G-51,ML450G-51,Industrial/Performance/ML400 Series/ML450G-51
ROBOTICS-3U-SERVER-PROTO,Amazon Robotics 3U Server Prototype,,///
ROMED8-2T,ASRock Rack ROMED8-2T ATX Motherboard,,///
RigNet-MK100B-32GB-v2,RigNet MK100B with 32 GB RAM (No Custom BIOS),MK100 (Other),Server/1U & 1.5U Rackmount/MK100 Series/MK100 (Other)
RR-P2102-UL,Cincoze Rugged Intel 8th Gen Core i3/i5 Panel PC,CV-P2102,Panel/Cincoze Panel/P2000 Series/CV-P2102
RigNet-MK100B-32GB,RigNet MK100B with 32 GB RAM,MK100B-51,Server/1U & 1.5U Rackmount/MK100 Series/MK100B-51
Pro-ML210G-10v2,Provision ML210G-10 v2,ML210G-10,Industrial/Gateway/ML200 Series/ML210G-10
PRE100B-50-w0cs,Intel Haswell 1U Rackmount Computer,MK100B-50,Server/1U & 1.5U Rackmount/MK100 Series/MK100B-50
PENA-HX500-Ubuntu,Helix 500 Intel Comet Lake Industrial Edge Computer w/ Ubuntu - Panasonic Energy of North America,HX500,Industrial/Performance/HX500 Series/HX500
PEAKCSP00308,OnLogic Helix 600 Intel Comet Lake Expanded Industrial Edge Computer,HX600,Industrial/Performance/HX600 Series/HX600
PERC-NC100-50,Perch NC100-50,NC100-50,Industrial/Legacy Industrial/NC100 Series/NC100-50
Pepsi-HX500-R01,PepsiCo Helix 500 Intel Comet Lake Industrial Edge Computer,HX500,Industrial/Performance/HX500 Series/HX500
PECO-K700,Karbon 700 High-Performance Rugged Edge Computer,K700-SE,Rugged/Performance/K700 Series/K700-SE
Nuvo-7100VTC-48kg,Nuvo-7100VTC,Nuvo-7100VTC,Rugged/Legacy Rugged/Nuvo Series/Nuvo-7100VTC
Nuvo-7160GC-3hzk,Neousys Rugged Intel Coffee Lake Computer with Optional GPU,,///
Nuvo-7100VTC-48kg-qsoe,Nuvo-7100VTC,,///
Nuvo-7000E-jmyk,Neousys Rugged Intel Coffee Lake Fanless Computer,,///
Nuvo-7000LP-7az2-a3na-1,Neousys Rugged Intel® Coffee Lake Low Profile Fanless Computer,,///
Nuvo-7000LP-8aah,Neousys Rugged Intel® Coffee Lake Low Profile Fanless Computer,,///
NEXA-ML100G-53,Industrial Fanless Intel 11th Gen Tiger Lake NUC,ML100G-53,Industrial/Entry/ML100 Series/ML100G-53
NEXA-ML100G-53-otfw,Industrial Fanless Intel 11th Gen Tiger Lake NUC,ML100G-53,Industrial/Entry/ML100 Series/ML100G-53
NUC-1115G4,ASRock NUC-1115G4 Motherboard,,///
NEWBLACK-V2-CL210G-11,Ultra Small Quad Core Fanless Industrial Edge Computer,,///
NUC-6100U,ASrock Skylake i3-6100U Skylake NUC Motherboard,,Components/Components/Components/
NSSN-NUVO-7000DE,Neousys Rugged Intel Coffee Lake Fanless Computer w/Dual PCIe Slots,,///
MTA-4scw,Cincoze Rugged Intel 6th/7th Gen Compact Fanless Computer,,///
MSCN-ATOM-LCD-4www,MSCN Atom Rackmount System with LCD,MK100 (Other),Server/1U & 1.5U Rackmount/MK100 Series/MK100 (Other)
MTA-DS-1100-w8oo-00sk,Cincoze Rugged Intel Skylake Fanless Computer,,///
MTA-DS-1100-w8oo-84os,Cincoze Rugged Intel Skylake Fanless Computer,,///
MTA-DS-1100-w8oo-gcgg,Cincoze Rugged Intel Skylake Fanless Computer,,///
MS-Atom557-v2-ow4c,MicroSigns Atom 557B Mini-iTX System v2,Industrial (Other),Industrial/Legacy Industrial/Legacy Industrial/Industrial (Other)
ML450G-gogo-firewall-kgkg,Industrial Intel Bay Trail Celeron Computer with 5 LAN,ML400 (Other),Industrial/Performance/ML400 Series/ML400 (Other)
ML450PI-10-ksko,Industrial Intel Braswell Celeron Mini-ITX Computer,ML450G-10,Industrial/Performance/ML400 Series/ML450G-10
ML450G-52-8c8o,Industrial Intel Skylake Mini-ITX Customizable Computer,ML450G-52,Industrial/Performance/ML400 Series/ML450G-52
ML450G-52-cwg4,Industrial Intel Skylake Mini-ITX Customizable Computer,ML450G-52,Industrial/Performance/ML400 Series/ML450G-52
ML450G-52-4w8k,Industrial Intel Skylake Mini-ITX Customizable Computer,ML450G-52,Industrial/Performance/ML400 Series/ML450G-52
ML450G-52-19V-kk0w,Fanless Industrial Intel Skylake Mini-ITX Customizable Computer,,///
ML450G-51_Smartrac-ccsg-ok0s,Industrial Intel Skylake Mini-ITX Computer,ML450G-51,Industrial/Performance/ML400 Series/ML450G-51
ML500G-30-88s4,Industrial Intel 6th Gen Fanless Computer w/optional i7 and 4 COM,ML500G-30,Industrial/Performance/ML500 Series/ML500G-30
ML210ARC-w4g8,Industrial Intel Bay Trail Fanless Computer,ML210G-10,Industrial/Gateway/ML200 Series/ML210G-10
ML210-IMB151-w8s0,Intellicyt ML210,ML200 (Other),Industrial/Gateway/ML200 Series/ML200 (Other)
ML100G-53-enj8,Industrial Fanless Intel 11th Gen Tiger Lake NUC,ML100G-53,Industrial/Entry/ML100 Series/ML100G-53
ML100G-53-hu6q,Industrial Fanless Intel 11th Gen Tiger Lake NUC,ML100G-53,Industrial/Entry/ML100 Series/ML100G-53
ml210g-10-8gog,Industrial Intel Bay Trail Celeron Thin Mini-ITX Computer,ML210G-10,Industrial/Gateway/ML200 Series/ML210G-10
ML210G-10-8s00,Industrial Intel Bay Trail Fanless Computer,ML210G-10,Industrial/Gateway/ML200 Series/ML210G-10
ML100G-53-ghfy,Industrial Fanless Intel 11th Gen Tiger Lake NUC,,///
ML100G-53-q0ey,Industrial Fanless Intel 11th Gen Tiger Lake NUC,ML100G-53,Industrial/Entry/ML100 Series/ML100G-53
ML210G-10-040g,Fanless Industrial Intel Bay Trail Computer,ML210G-10,Industrial/Gateway/ML200 Series/ML210G-10
ml210g-10-00cw,Industrial Intel Bay Trail Fanless Computer,ML210G-10,Industrial/Gateway/ML200 Series/ML210G-10
ML210G-10-k4kc,Industrial Intel Bay Trail Fanless Computer,ML210G-10,Industrial/Gateway/ML200 Series/ML210G-10
MK100-EMTS-s4kc,MK100-EMTS,MK100 (Other),Server/1U & 1.5U Rackmount/MK100 Series/MK100 (Other)
MK150-Wach1.5UServer-PROTO,Intel Skylake 1.5U Rackmount Computer,,///
MK-FCCTV-kw00,Intel Core i7 Rackmount Computer,MK100 (Other),Server/1U & 1.5U Rackmount/MK100 Series/MK100 (Other)
MC510-10,Industrial Intel Apollo Lake Mini-ITX Computer,MC510-10,Industrial/Fanned/MC500 Series/MC510-10
MC510-10-oo44,Industrial Intel Apollo Lake Mini-ITX Computer with Verizon SIM,,///
MC610-50-ymrm,Industrial Intel Coffee Lake Mini-ITX Expandable Computer,MC610-50,Industrial/Fanned/MC600 Series/MC610-50
MC510-50-8kcw,Industrial Intel Coffee Lake Mini-ITX Computer with Intel Celeron G4900T,MC510-50,Industrial/Fanned/MC500 Series/MC510-50
MC610-50-e3ya,Industrial Intel Coffee Lake Mini-ITX Expandable Computer,MC610-50,Industrial/Fanned/MC600 Series/MC610-50
MC610-50-v8sz,Industrial Intel Coffee Lake Mini-ITX Expandable Computer,,///
MC610-50-ss80,Industrial Intel Coffee Lake Mini-ITX Expandable Computer,MC610-50,Industrial/Fanned/MC600 Series/MC610-50
LineView-RV-ML350G-10-sog8,Low Profile Fanless Industrial Computer With Apollo Lake,ML350G-10,Industrial/Gateway/ML300 Series/ML350G-10
LMCO-ML340G-50,Lockheed Martin ML340G-50,ML340G-50,Industrial/Gateway/ML300 Series/ML340G-50
LNA-EXM162-4so4,LNA-EXM162,,///
CLVS-MC500,Clevisa MC500,MC500 (Other),Industrial/Fanned/MC500 Series/MC500 (Other)
LAP-CL210G-10,Industrial USFF Edge Device w/ Dual LAN,CL210G-10,Industrial/Small Form Factor/CL200 Series/CL210G-10
LC-DE35-HD,Lindsay Corporation AOpen DE35-HD Digital Engine,,Industrial/Fanned/Other/
L3AV-MC510-50,Industrial Intel Coffee Lake Mini-ITX Computer,,///
KR900-4w04,Tactical Micro Custom KR900,,Components/Components/Components/
KEYM-ML100,Key Mechanical ML100,ML100G-10,Industrial/Entry/ML100 Series/ML100G-10
KMN-ORD-OA-K410,Karbon 410 Intel Elkhart Lake Compact Rugged Computer,K410,Rugged/Entry/K400 Series/K410
Knodel-Corei5-ML250-88ok,ML250 Intel Core i3/i5/Celeron Fanless Industrial Computer,ML250 (Other),Industrial/Gateway/ML250 Series/ML250 (Other)
K700-SE-0s04,Karbon 700 High-Performance Rugged Edge Computer,K700-SE,Rugged/Performance/K700 Series/K700-SE
K700-SE-3mms,Karbon 700 High-Performance Rugged Edge Computer,K700-SE,Rugged/Performance/K700 Series/K700-SE
K700-SE-2-jjwt,Karbon 700-SE-2 High-Performance Rugged Edge Computer,K700-SE-2,Rugged/Performance/K700 Series/K700-SE-2
K700-SE-0css,Karbon 700 High-Performance Rugged Edge Computer,K700-SE,Rugged/Performance/K700 Series/K700-SE
K700-SE-0v93,Karbon 700 High-Performance Rugged Edge Computer,K700-SE,Rugged/Performance/K700 Series/K700-SE
INT-ML210,Intuitive Surgical ML210,ML200 (Other),Industrial/Gateway/ML200 Series/ML200 (Other)
INVA-FR201,Factor 201 Raspberry Pi Industrial IoT Gateway,FR201,Industrial/Small Form Factor/FR200 Series/FR201
INT-NC220-R02-g804,Intersection Mini i5 Compute,NC200 (Other),Industrial/Legacy Industrial/NC200 Series/NC200 (Other)
IGN800,IGN800 Industrial Raspberry Pi IoT Gateway with Ignition,FR201 (IGN800),Industrial/Small Form Factor/FR200 Series/FR201 (IGN800)
IGN700-xwzk,Intel 10th Gen Industrial Edge Computer with Ignition,HX500 (IGN700),Industrial/Performance/HX500 Series/HX500 (IGN700)
IGL500,Rugged IGEL Ready Touch Screen Thin Client Terminal,P1101 (IGL500),Rugged/Entry/P1000 Series/P1101 (IGL500)
IGL300-9cs7,Compact Rugged IGEL Ready Thin Client,,///
IGN100-z1el,Industrial Edge Computer with Ignition Software,ML350G-10 (IGN100),Industrial/Gateway/ML300 Series/ML350G-10 (IGN100)
IGN400-8fcc,Rugged Wide-Temp MQTT Gateway with Ignition,,///
IGN300-00ss,Rugged HMI with Ignition Software,,///
HX500-7y7u,OnLogic Helix 500 Intel Comet Lake Industrial Edge Computer,HX500,Industrial/Performance/HX500 Series/HX500
HX500-848s,OnLogic Helix 500 Intel Comet Lake Industrial Edge Computer,HX500,Industrial/Performance/HX500 Series/HX500
HX500-63to,OnLogic Helix 500 Intel Comet Lake Industrial Edge Computer,HX500,Industrial/Performance/HX500 Series/HX500
HX500-0so4,OnLogic Helix 500 Intel Comet Lake Industrial Edge Computer w/ Windows Server 2019,HX500,Industrial/Performance/HX500 Series/HX500
HX500-8fzf,OnLogic Helix 500 Intel Comet Lake Industrial Edge Computer,HX500,Industrial/Performance/HX500 Series/HX500
HX500-3pmu,OnLogic Helix 500 Intel Comet Lake Industrial Edge Computer,HX500,Industrial/Performance/HX500 Series/HX500
HILLAF-DA-1000,Hill Air Force Base DA-1000,DA-1000,Rugged/Entry/DA Series/DA-1000
Fal-Con-ML450G-10-wwo4,Industrial Intel Braswell Celeron Mini-ITX Computer,ML450G-10,Industrial/Performance/ML400 Series/ML450G-10
ERVS1/1TB-i7,ERVS1/1TB-i7,DS-1100,Rugged/Mid Tier/DS Series/DS-1100
ESE-ML340G-PC,ESE-ML340G-PC,ML340G-10,Industrial/Gateway/ML300 Series/ML340G-10
ESE3-ML350-TM250,Low Profile Apollo Lake Industrial Thin Client with ThinManager,ML350G-10 (TM250),Industrial/Gateway/ML300 Series/ML350G-10 (TM250)
EPMS-P2102-P2-CW215-EU-R1,Industrial EPMS Controls HMI Core i5,,///
ESC-DS-1201,Cincoze Rugged Intel Coffee Lake Fanless Computer with Expansion,DS-1201,Rugged/Mid Tier/DS Series/DS-1201
DS-1302,Cincoze Rugged Intel 10th Gen Comet Lake Fanless Computer with 2 PCI/PCIe,DS-1302,Rugged/Mid Tier/DS Series/DS-1302
DS-1202-bphh,Cincoze Rugged Intel Coffee Lake Fanless Computer with Dual Expansion or GPU,DS-1202,Rugged/Mid Tier/DS Series/DS-1202
DS-1200-c1ip,Cincoze Rugged Intel Coffee Lake Fanless Computer,,///
DS-1200-sgkg,Cincoze Rugged Intel Coffee Lake Fanless Computer (2x 2TB),,///
DS-1200-wc80,Cincoze Rugged Intel Coffee Lake Fanless Computer,,///
DS-1201-oo40,Cincoze Rugged Intel Coffee Lake Fanless Computer with Expansion,,///
DS-1202-wkog,Cincoze Rugged Intel Coffee Lake Fanless Computer with Dual Expansion or GPU,,///
DS-1102-o48g,Cincoze Rugged Intel Skylake Computer with Dual Expansion,,///
DS-1200-S-owc4-kkw8,Cincoze Rugged Intel Coffee Lake Fanless Computer,,///
DRGR-P2102,Cincoze Rugged Intel 8th Gen Core i3/i5 Panel PC,CV-P2102,Panel/Cincoze Panel/P2000 Series/CV-P2102
DLTK-ML210G,Dealertrack Technologies ML210G,ML210G-10,Industrial/Gateway/ML200 Series/ML210G-10
DRB-MC510-client-k8os,Industrial Intel Coffee Lake Mini-ITX Computer,MC510-50,Industrial/Fanned/MC500 Series/MC510-50
DA-1000-scgw,Cincoze Rugged Ultra Compact Fanless Computer,,///
DA-1100-g4gk,Cincoze Rugged Apollo Lake Ultra Compact Fanless Computer,,///
DC-1100-EOG-WIN8pro-sw0g,Cincoze Rugged Intel Bay Trail Compact Fanless Computer,,///
DC-1100-w40o,Cincoze Rugged Intel Bay Trail Compact Fanless Computer,,///
DA-1100-ksck,Cincoze Rugged Apollo Lake Ultra Compact Fanless Computer,,///
CV-112HC-R11_P2102-i5-R10-D1,Cincoze Rugged Intel 8th Gen Core i3/i5 Panel PC,CV-P2102,Panel/Cincoze Panel/P2000 Series/CV-P2102
cv-112r-8ksc,"Cincoze Crystal 12.1"" Resistive Touchscreen",,///
CV-112-P1001-84kc,"Cincoze Crystal 12.1"" Industrial Panel PC",,///
CV-112-P2002,"Cincoze Crystal 12.1"" Industrial Panel PC",,///
CV-112C-P1001-okss,"Cincoze Crystal 12.1"" Intel Bay Trail Industrial Panel PC",,///
CV-108-P1001-s8s4,"Cincoze Crystal 8.4"" Intel Bay Trail Industrial Panel PC",,///
Core-MC500-s0c0,Commercial Intel Core Mini-ITX Computer,MC500 (Other),Industrial/Fanned/MC500 Series/MC500 (Other)
Core-MC500-oook,Commercial Intel Core Mini-ITX Computer,,///
Core-C292-kgo4,Commercial Intel Core Computer with Single Expansion,Industrial (Other),Industrial/Legacy Industrial/Legacy Industrial/Industrial (Other)
Core-MC600-cc88,Commercial Intel Core Computer with Expansion,MC600 (Other),Industrial/Fanned/MC600 Series/MC600 (Other)
core-mc500-w0og,Commercial Intel Core Mini-ITX Computer,,///
Core-MC600-8kk8,Commercial Intel Core Computer with Expansion,MC600 (Other),Industrial/Fanned/MC600 Series/MC600 (Other)
Core-JC111-4csg,Custom Tykma Core 2 Duo Expandable Mini-ITX Computer,Industrial (Other),Industrial/Legacy Industrial/Legacy Industrial/Industrial (Other)
Core-MC500-0osg,Commercial Intel Core Mini-ITX Computer,,///
Core-C292-0wok,Commercial Intel Core Computer with Single Expansion,Industrial (Other),Industrial/Legacy Industrial/Legacy Industrial/Industrial (Other)
Core-MC500-ccok,Commercial Intel Core Mini-ITX Computer,MC500 (Other),Industrial/Fanned/MC500 Series/MC500 (Other)
KYMS-P2102-i5-IGN320-UL,Kymera Rugged Panel PC with Intel Core i3/i5 CPU and Ignition Software - UL Listed,CV-P2102,Panel/Cincoze Panel/P2000 Series/CV-P2102
LNX-MC500,Commercial Intel Celeron Mini-ITX Computer with Ubuntu Linux,MC500-10,Industrial/Fanned/MC500 Series/MC500-10
K700-SE-wwwk,Karbon 700 High-Performance Rugged Edge Computer,K700-SE,Rugged/Performance/K700 Series/K700-SE
K700-SE-zbpr,Karbon 700 High-Performance Rugged Edge Computer,K700-SE,Rugged/Performance/K700 Series/K700-SE
K430-g31c,Karbon 430 Intel Elkhart Lake Compact Rugged Computer with Expansion,,///
K700-SE-wcj7,Karbon 700 High-Performance Rugged Edge Computer,K700-SE,Rugged/Performance/K700 Series/K700-SE
K300-nmxp,Karbon 300 Compact Rugged Computer,,///
K410-tnkt,Karbon 410 Intel Elkhart Lake Compact Rugged Computer,K410,Rugged/Entry/K400 Series/K410
K300-ww8c,Karbon 300 Compact Rugged Computer,K300,Rugged/Entry/K300 Series/K300
K410-6hxe,Karbon 410 Intel Elkhart Lake Compact Rugged Computer,K410,Rugged/Entry/K400 Series/K410
K300-Proto-o0c4,Verifyii - Karbon 300 Compact Rugged Computer (Prototype),,///
K300-wckw,Karbon 300 Compact Rugged Computer,,///
ILPR-K802,OnLogic Karbon 802 High-Performance Rugged Computer w/ModBay,,///
ImageStream-ksc0,Industrial Fanless Intel Haswell Computer with Hot Swap,ML600G-30,Industrial/Performance/ML600 Series/ML600G-30
IMAX-ML100G-52-newETL,IMAX ETL Listed - Industrial Fanless Intel Whiskey Lake Embedded NUC With Dual LAN,,///
IMAX-ML100G-52,Industrial Fanless Intel Whiskey Lake Embedded NUC With Dual LAN,ML100G-52,Industrial/Entry/ML100 Series/ML100G-52
HX600-tg9x,OnLogic Helix 600 Intel Comet Lake Expanded Industrial Edge Computer,HX600,Industrial/Performance/HX600 Series/HX600
HX600-kksc,OnLogic Helix 600 Intel Comet Lake Expanded Industrial Edge Computer,HX600,Industrial/Performance/HX600 Series/HX600
HX600-8tzf,OnLogic Helix 600 Intel Comet Lake Expanded Industrial Edge Computer,HX600,Industrial/Performance/HX600 Series/HX600
HX600-96f3,OnLogic Helix 600 Intel Comet Lake Expanded Industrial Edge Computer,HX600,Industrial/Performance/HX600 Series/HX600
HX600-n4r3-qkx6,OnLogic Helix 600 Intel Comet Lake Expanded Industrial Edge Computer,HX600,Industrial/Performance/HX600 Series/HX600
HX600-Proto-cw8o,"Sick - OnLogic Helix 600 Intel Comet Lake Expanded Industrial Edge Computer (Prototype, non-UL)",HX600,Industrial/Performance/HX600 Series/HX600
GTL-ML600G-52,Gettle Fanless Industrial Intel Skylake Computer w/ RAID,ML600G-52,Industrial/Performance/ML600 Series/ML600G-52
GTL-ML600G-52-j019,Gettle Fanless Industrial Intel Skylake Computer w/ RAID,,///
GTRI-3610-cc4s,Rugged Intel Broadwell In-Vehicle Computer,Rugged (Other),Rugged/Legacy Rugged/Legacy Rugged/Rugged (Other)
FR201-10oh,Factor 201 Raspberry Pi Industrial IoT Gateway,FR201,Industrial/Small Form Factor/FR200 Series/FR201
FR201-57li,Factor 201 Raspberry Pi Industrial IoT Gateway,FR201,Industrial/Small Form Factor/FR200 Series/FR201
FR201-5c5u,Factor 201 Raspberry Pi Industrial IoT Gateway,FR201,Industrial/Small Form Factor/FR200 Series/FR201
FR201-h6fh,Factor 201 Raspberry Pi Industrial IoT Gateway,FR201,Industrial/Small Form Factor/FR200 Series/FR201
EMP-ML450G-50-8swk,Industriële Intel Haswell Core i3/i5 Mini-ITX Computer,ML450G-50,Industrial/Performance/ML400 Series/ML450G-50
Engie-ML100G-40-4G,Compact Fanless AMD Ryzen Mini PC,ML100G-40,Industrial/Entry/ML100 Series/ML100G-40
ELM-K300-V,Karbon 300 Compact Rugged Computer,K300,Rugged/Entry/K300 Series/K300
EMT ML340-wo8k,Element Machine Tools ML340,ML300 (Other),Industrial/Gateway/ML300 Series/ML300 (Other)
DS-1100-S-8csg,Cincoze Rugged Intel Skylake Fanless Computer,,///
DS-1100-S-048k,Cincoze Rugged Intel Skylake Fanless Computer,,///
DS-1100-S-8cgs,Cincoze Rugged Intel Skylake Fanless Computer,,///
DS-1100-Quanergy-ksog,Cincoze Rugged Intel Skylake Fanless Computer,DS-1100,Rugged/Mid Tier/DS Series/DS-1100
DTS-CT100-12-sggs,Custom Open Mount Atom CT100 System,,Components/Components/Components/
DS-1100-S-84kw,Cincoze Rugged Intel Skylake Fanless Computer,,///
DTS-CT100-50-c4c8,High Performance Intel Skylake Kiosk Computer,,Components/Components/Components/
DS-1100-S-c48o-kck8,Cincoze Rugged Intel Skylake Fanless Computer,,///
DS-1302-b4s0,Cincoze DS-1302 Comet Lake Rugged Platform with Dual PCI/PCIe Expansion,,///
DS-1100-S-cg08,Cincoze Rugged Intel Skylake Fanless Computer,,///
DEMA-ML350G-10,Low Profile Fanless Industrial Computer With Apollo Lake,,///
DA-1000-k8ss,Cincoze Rugged Ultra Compact Fanless Computer,,///
DA-1000-k4ck,Cincoze Rugged Ultra Compact Fanless Computer,DA-1000,Rugged/Entry/DA Series/DA-1000
CV-P2002-c32n,Cincoze Rugged Intel 6th Gen Core i3/i5 Panel PC,CV-P2002,Panel/Cincoze Panel/P2000 Series/CV-P2002
CV-P2002-wvpy,Cincoze Rugged Intel 6th Gen Core i3/i5 Panel PC,CV-P2002,Panel/Cincoze Panel/P2000 Series/CV-P2002
DA-1000-JUNI-csog,Cincoze Rugged Ultra Compact Fanless Computer,,///
DA-1000-ks8s,Cincoze Rugged Ultra Compact Fanless Computer,,///
CV-119-P1001,"Cincoze Crystal 19"" Industrial Panel PC",P1001,Rugged/Entry/P1000 Series/P1001
cv-119-p1001-o00w,"Cincoze Crystal 19"" Industrial Panel PC",,///
CV-115C-P1001-ksss,"Cincoze Crystal 15"" Intel Bay Trail Industrial Panel PC",,///
CV-115R-P1001-8440,"Cincoze Crystal 15"" Industrial Panel PC",,///
CV-119-P2002,"Cincoze Crystal 19"" Industrial Panel PC",,///
CV-P2002-48cc,Cincoze Rugged Intel Skylake Core i3/i5 Panel PC,CV-P2002,Panel/Cincoze Panel/P2000 Series/CV-P2002
COPR-CL200G-10-VZW,CopperTree Analytics branded CL200G-10 with Verizon 4G,CL200G-10,Industrial/Small Form Factor/CL200 Series/CL200G-10
Core-5689-swow,Custom SolidLogic Intel Core Compact Industrial Computer,Industrial (Other),Industrial/Legacy Industrial/Legacy Industrial/Industrial (Other)
COPOS-MC500,Industrial Intel Core Mini-ITX Computer,MC500 (Other),Industrial/Fanned/MC500 Series/MC500 (Other)
COPR-CL210G-32gb,Fanless Industrial USFF Edge Device w/ Dual LAN,,///
COPR-CL250,CL250 Ultra Small Fanless Industrial Edge Gateway,CL250,Industrial/Small Form Factor/CL200 Series/CL250
CML-ML100G-51,CML Security - Industrial Fanless Intel Whiskey Lake NUC With Dual LAN,ML100G-51,Industrial/Entry/ML100 Series/ML100G-51
COPR-CL210G-Regular,Fanless Industrial USFF Edge Device w/ Dual LAN,CL210G-10,Industrial/Small Form Factor/CL200 Series/CL210G-10
CMSClientCPU,CMS Mechanical LGX AG150 Fanless Industrial Computer,ML200 (Other),Industrial/Gateway/ML200 Series/ML200 (Other)
KAER-Nuvo-7000LP,Kärcher Neousys Rugged Intel® Coffee Lake Low Profile Fanless Computer,Nuvo-7000LP,Rugged/Performance/Nuvo Series/Nuvo-7000LP
KARC-K700-X2,Karbon 700 Expanded High-Performance Rugged Edge Computer for Kärcher,K700-X2,Rugged/Performance/K700 Series/K700-X2
K700-X2-90og,Karbon 700 Expanded High-Performance Rugged Edge Computer,K700-X2,Rugged/Performance/K700 Series/K700-X2
K700-X2-9idu,Karbon 700 Expanded High-Performance Rugged Edge Computer,K700-X2,Rugged/Performance/K700 Series/K700-X2
K804-yeyy,OnLogic Karbon 804 High-Performance Rugged Computer w/ModBay & PCIe,K804,Rugged/Performance/K800 Series/K804
K700-X2-0z87,Karbon 700 Expanded High-Performance Rugged Edge Computer,K700-X2,Rugged/Performance/K700 Series/K700-X2
K700-X2-177w,Karbon 700 Expanded High-Performance Rugged Edge Computer,K700-X2,Rugged/Performance/K700 Series/K700-X2
K700-X2-0bax,Karbon 700 Expanded High-Performance Rugged Edge Computer,K700-X2,Rugged/Performance/K700 Series/K700-X2
K700-X2-08y2-wtry-eq1y,Karbon 700 Expanded High-Performance Rugged Edge Computer,K700-X2,Rugged/Performance/K700 Series/K700-X2
K700-X2-gcks,Karbon 700 Expanded High-Performance Rugged Edge Computer,K700-X2,Rugged/Performance/K700 Series/K700-X2
K700-X2-go8c,Karbon 700 Expanded High-Performance Rugged Edge Computer,K700-X2,Rugged/Performance/K700 Series/K700-X2
K804-fzsb,OnLogic Karbon 804 High-Performance Rugged Computer w/ModBay & PCIe,K804,Rugged/Performance/K800 Series/K804
Iteros-ML350G-10-CANB,Iteros ML350G-10 (with CANbus),ML350G-10,Industrial/Gateway/ML300 Series/ML350G-10
ITFG-MC800-F J65865-300,Intel Fog MC800 F J65865-300,MC800 (Other),Server/Standalone/MC800 Series/MC800 (Other)
ITFG-MC800-Z,Intel Fog MC800 Z (Kit),,Components/Components/Components/
ITEC-HX511-UL,OnLogic Helix 511 Fanless Intel 12th Gen Edge Computer,HX511,Industrial/Performance/HX500 Series/HX511
IMB-154-PRO-500,AlterG IMB-154 Board Kit for Pro 500,,Components/Components/Components/
IMB-190-0kg8,Open Board Solution for Ready Robotics,,Components/Components/Components/
IMB-150-co4c,ASRock IMB-150 Intel Bay Trail Celeron J1900 Mini-ITX Motherboard,,///
HX500-jjfk,OnLogic Helix 500 Intel Comet Lake Industrial Edge Computer,HX500,Industrial/Performance/HX500 Series/HX500
HX500-jv2c,OnLogic Helix 500 Intel Comet Lake Industrial Edge Computer,HX500,Industrial/Performance/HX500 Series/HX500
HX610-p9mg,Onlogic Helix 610 Intel Comet Lake Industrial Edge Computer With Optional Hot Swap Storage,HX610,Industrial/Performance/HX600 Series/HX610
HX610-uwtv,Onlogic Helix 610 Intel Comet Lake Industrial Edge Computer With Optional Hot Swap Storage,HX610,Industrial/Performance/HX600 Series/HX610
HX610-6gy8,Onlogic Helix 610 Intel Comet Lake Industrial Edge Computer With Optional Hot Swap Storage,HX610,Industrial/Performance/HX600 Series/HX610
HX600-xw2n,OnLogic Helix 600 Intel Comet Lake Expanded Industrial Edge Computer,HX600,Industrial/Performance/HX600 Series/HX600
HX500-i4h4,OnLogic Helix 500 Intel Comet Lake Industrial Edge Computer,HX500,Industrial/Performance/HX500 Series/HX500
HVP-DS-1200C4,Hitachi Gateway - HVP-400 - Cincoze Rugged Intel Coffee Lake Fanless Computer,DS-1200,Rugged/Mid Tier/DS Series/DS-1200
HUB-ML210G-50-g484,Industrial Intel Haswell i5 Thin Mini-ITX Computer,ML210G-50,Industrial/Gateway/ML200 Series/ML210G-50
HTS-MC600-wcg4,Commercial Intel Skylake Computer with Expansion,MC600-52,Industrial/Fanned/MC600 Series/MC600-52
HVP-K300,Hitachi Gateway - HVP 250,,///
EXTRL-HX310,OnLogic Helix 310 Intel Elkhart Lake Industrial Edge Computer,HX310,Industrial/Gateway/HX300 Series/HX310
EC-DS-1002_r02,Environment Canada DS-1002 r02,,///
ECL1-HX500,EcoLab - Helix 500 Intel Comet Lake Industrial Edge Computer,HX500,Industrial/Performance/HX500 Series/HX500
EAGLE-ML600-RAID5-o4oo,Industrial Fanless Server with Xeon,ML600G-51,Industrial/Performance/ML600 Series/ML600G-51
DS-1001-g8gc,Cincoze Rugged Intel Haswell Fanless Computer with Expansion,,///
DS-1001-30MXAuto-04kg,Cincoze Rugged Intel Haswell Fanless Computer with Expansion,,///
DS-1102-NO,Cincoze Rugged Intel Skylake Computer with Dual Expansion,,///
DS-1102-Bastian-oww8,Cincoze Rugged Intel Skylake Fanless Computer,,///
DS-1101-og0g,Cincoze Rugged Intel Skylake Fanless Computer with Expansion,,///
DS-1101-owg0,Cincoze Rugged Intel Skylake Fanless Computer with Expansion,,///
DRTI-DI-1000,Cincoze Rugged Intel Skylake Compact Fanless Computer,DI-1000,Rugged/Mid Tier/DI Series/DI-1000
DS-1000-10-CDSA-8c4w,Cincoze Rugged Intel Haswell Fanless Computer,,///
DI-1000-MSC-ok4c,Cincoze Rugged Intel Skylake Compact Fanless Computer,,///
DI-1000-i7Bast-o8oo,Cincoze Rugged Intel Skylake Compact Fanless Computer,,///
DeL-ML500G-30-c88w,Fanless Industrial Intel 6th Gen Computer w/optional i7,ML500G-30,Industrial/Performance/ML500 Series/ML500G-30
DELETE,Fanless Industrial USFF Edge Device w/ Dual LAN,,///
DefSec-DS-1201,Cincoze Rugged Intel Coffee Lake Fanless Computer with Expansion,DS-1201,Rugged/Mid Tier/DS Series/DS-1201
D210-11KS-tjyy,Mitac 21.5” Thin Industrial Panel PC,,///
D210-11ks-ss0s,"Mitac 21.5"" IP65 Thin Industrial Panel PC with i3-7100U Processor",D210-11KS,Panel/Mitac Panel/D Series/D210-11KS
D210-11KS,Mitac 21.5” Thin Industrial Panel PC,D210-11KS,Panel/Mitac Panel/D Series/D210-11KS
DATA-P2102-P2-CH112-R02,"ACS 12"" Whiskey Lake Core i5 Panel PC with SecureBoot",CV-P2102,Panel/Cincoze Panel/P2000 Series/CV-P2102
DATA-P2102-P2-CH112,"DC Industrial HMI - 12.1""",CV-P2102,Panel/Cincoze Panel/P2000 Series/CV-P2102
DATA-HX500-3nu2,OnLogic Helix 500 Intel Comet Lake Industrial Edge Computer,HX500,Industrial/Performance/HX500 Series/HX500
CS-P2102,Cincoze Rugged Intel 8th Gen Core i3/i5 High-Brightness Panel PC,CS-P2102,Panel/Cincoze Panel/P2000 Series/CS-P2102
CS-P1001,Cincoze Rugged Intel Bay Trail High-Brightness Panel PC,CS-P1001,Panel/Cincoze Panel/P1000 Series/CS-P1001
CPU1-HX500-01,OnLogic Helix 500 Intel Comet Lake Industrial Edge Computer,HX500,Industrial/Performance/HX500 Series/HX500
CS-P2102-43sh,Cincoze Rugged Intel 8th Gen Core i3/i5 High-Brightness Panel PC,CS-P2102,Panel/Cincoze Panel/P2000 Series/CS-P2102
CS-115C-M1001-c00g,"Cincoze 15"" High-Brightness Capacitive Touchscreen Display",,Components/Components/Components/
Core-MK100-gscg-80co,Intel Core 1U Rackmount Computer,MK100 (Other),Server/1U & 1.5U Rackmount/MK100 Series/MK100 (Other)
CNX-K700-VA,Vision Accelerator,K700-SE,Rugged/Performance/K700 Series/K700-SE
CNX-K300,Cognex Karbon 300 Compact Rugged Computer,K300,Rugged/Entry/K300 Series/K300
CNP-MK100-C680-Win10,MK100 – CPX Concession Menu Board Signage PC,MK100 (Other),Server/1U & 1.5U Rackmount/MK100 Series/MK100 (Other)
CNX-K700-i7-cwgc,Karbon 700 High-Performance Rugged Edge Computer,,///
CNBN-H19-5000_r02-kg4s,Canadian Bank Note Custom-Engineered ML250/IMB-151 & PD10BI BOM,ML250 (Other),Industrial/Gateway/ML250 Series/ML250 (Other)
CNBN-SVR-kkk8,Canadian Bank Note 2U Server with High-End CPU,,///
CNP-C210-8oo8,Cineplex Core i5 Mini-ITX System w/ GPU,Industrial (Other),Industrial/Legacy Industrial/Legacy Industrial/Industrial (Other)
labsphere_CL100-wscg,Ultra Compact Intel Braswell Fanless Computer,CL100,Industrial/Small Form Factor/CL100 Series/CL100
LAGO-K300-PVT-0cg0,Karbon 300 PVT System with Intel Atom E3950,K300,Rugged/Entry/K300 Series/K300
LRPC-LS1060-500-oogo,Commercial Intel 6th Gen GPU Capable Computer,MC850-50,Server/Standalone/MC850 Series/MC850-50
LANCO-MK150B-52,Intel Skylake 1.5U Rackmount Computer,MK150B-52,Server/1U & 1.5U Rackmount/MK150 Series/MK150B-52
L3H-MK200-70-0302,2U Rackmount Intel Cascade Lake Xeon Scalable Edge Server,,///
L3AV-MK100B-53,1U Rackmount Intel Coffee Lake Computer,,///
K700-SE-ic8q,Karbon 700 High-Performance Rugged Edge Computer,K700-SE,Rugged/Performance/K700 Series/K700-SE
K700-SE-nb1x,Karbon 700 High-Performance Rugged Edge Computer,K700-SE,Rugged/Performance/K700 Series/K700-SE
k700-se-kcuu,Karbon 700 High-Performance Rugged Edge Computer for Ford-Werke,K700-SE,Rugged/Performance/K700 Series/K700-SE
K700-SE-g6ow,Karbon 700 High-Performance Rugged Edge Computer with 2x 256GB SSD,K700-SE,Rugged/Performance/K700 Series/K700-SE
k700-se-fxox,Karbon 700 High-Performance Rugged Edge Computer,K700-SE,Rugged/Performance/K700 Series/K700-SE
K700-SE-cscc,Karbon 700 High-Performance Rugged Edge Computer,K700-SE,Rugged/Performance/K700 Series/K700-SE
K700-SE-box3,Karbon 700 High-Performance Rugged Edge Computer,K700-SE,Rugged/Performance/K700 Series/K700-SE
K700-SE-c08w,Karbon 700 High-Performance Rugged Edge Computer,K700-SE,Rugged/Performance/K700 Series/K700-SE
K700-SE-jadm,Karbon 700 High-Performance Rugged Edge Computer,K700-SE-2,Rugged/Performance/K700 Series/K700-SE-2
k700-se-e5na,Karbon 700 High-Performance Rugged Edge Computer,K700-SE,Rugged/Performance/K700 Series/K700-SE
JBC372F36W-kkc8,JBC372F36W,Industrial (Other),Industrial/Legacy Industrial/Legacy Industrial/Industrial (Other)
JBC372F36W-S-4goo,SDD Jetway Barebones,Industrial (Other),Industrial/Legacy Industrial/Legacy Industrial/Industrial (Other)
IGL100-2iol,Low Profile Industrial IGEL Thin Client,,///
IGL130,Compact Fanless AMD Ryzen IGEL Ready Thin Client,ML350G-10 (IGL100),Industrial/Gateway/ML300 Series/ML350G-10 (IGL100)
IGL200-6jmi,Ultra-small Fanless IGEL Ready Thin Client,CL210G-10 (IGL200),Industrial/Small Form Factor/CL200 Series/CL210G-10 (IGL200)
HX500-v7pp,OnLogic Helix 500 Intel Comet Lake Industrial Edge Computer,HX500,Industrial/Performance/HX500 Series/HX500
HX500-vgbo,OnLogic Helix 500 Intel Comet Lake Industrial Edge Computer,HX500,Industrial/Performance/HX500 Series/HX500
HX500-prpx,OnLogic Helix 500 Intel Comet Lake Industrial Edge Computer,HX500,Industrial/Performance/HX500 Series/HX500
HX500-pa6p,OnLogic Helix 500 Intel Comet Lake Industrial Edge Computer,HX500,Industrial/Performance/HX500 Series/HX500
HX500-mtzx,OnLogic Helix 500 Intel Comet Lake Industrial Edge Computer,HX500,Industrial/Performance/HX500 Series/HX500
HX500-KAYE,OnLogic Helix 500 Intel Comet Lake Industrial Edge Computer,HX500,Industrial/Performance/HX500 Series/HX500
HX500-w2wv,OnLogic Helix 500 Intel Comet Lake Industrial Edge Computer,HX500,Industrial/Performance/HX500 Series/HX500
HX500-l646,OnLogic Helix 500 Intel Comet Lake Industrial Edge Computer,HX500,Industrial/Performance/HX500 Series/HX500
HX500-qlnj,OnLogic Helix 500 Intel Comet Lake Industrial Edge Computer for Dentsu Tracking,HX500,Industrial/Performance/HX500 Series/HX500
GSI-K700-SE,Karbon 700 High-Performance Rugged Edge Computer,K700-SE,Rugged/Performance/K700 Series/K700-SE
GSI-TM100-wwkk,Industrial Compact Thin Client with ThinManager,ML100G-10 (TM100),Industrial/Entry/ML100 Series/ML100G-10 (TM100)
GE-MC500,GE MC500 Industrial Computer,MC500 (Other),Industrial/Fanned/MC500 Series/MC500 (Other)
Greener-FR201,Factor 201 Raspberry Pi Industrial IoT Gateway,FR201,Industrial/Small Form Factor/FR200 Series/FR201
GRS-PL15-IPCR,Grupo Riba Smith PL15-IPCR Intel Core i5,,///
GE-MC500-V3,GE-MC500-V3,,///
FRES-ML210G-12,FreshRealm ML210G-12,ML210G-12,Industrial/Gateway/ML200 Series/ML210G-12
FR202-12s9,Factor 202 Raspberry Pi Industrial Controller,FR202,Industrial/Small Form Factor/FR200 Series/FR202
FR201-td0r,Factor 201 Raspberry Pi Industrial IoT Gateway,FR201,Industrial/Small Form Factor/FR200 Series/FR201
FR201-whzt,Factor 201 Raspberry Pi Industrial IoT Gateway,FR201,Industrial/Small Form Factor/FR200 Series/FR201
FRAC-K802,OnLogic Karbon 802 High-Performance Rugged Computer w/ModBay,,///
FRAN-UNI-ML350G-10-ggs0,Industrial Low Profile Fanless Computer With Apollo Lake,ML350G-10,Industrial/Gateway/ML300 Series/ML350G-10
FR201-ps26,Factor 201 Raspberry Pi Industrial IoT Gateway,FR201,Industrial/Small Form Factor/FR200 Series/FR201
DX-1200,Cincoze Rugged 12th Gen Intel Core High-Performance Compact Computer,DX-1200,Rugged/Mid Tier/DX Series/DX-1200
DX-1100-ww0c,8th Generation Intel® Core™ High-Performance Compact Rugged Computer,,///
DTS-ML340,Fanless Haswell High Performance Digital Media Player,ML340G-50,Industrial/Gateway/ML300 Series/ML340G-50
DTS-ML300,Fanless Digital Media Player,ML300 (Other),Industrial/Gateway/ML300 Series/ML300 (Other)
E.ON POC-4ow4,Neousys POC-210 Fanless Intel Atom E3845 Computer,,///
dx-1100-kksg-rev01-0gcg-gwos,8th Generation Intel® Core™ High-Performance Compact Rugged Computer,,///
dx-1100-ks40,8th Generation Intel® Core™ High-Performance Compact Rugged Computer (2x 128 GB SSD),DX-1100,Rugged/Mid Tier/DX Series/DX-1100
DX-1100-5azq,8th Generation Intel Core High-Performance Compact Rugged Computer,,///
DTS-MC600-g040-0ow8,Industrial Video Wall Digital Media Player,MC600-50,Industrial/Fanned/MC600 Series/MC600-50
DX-1100-kkg8,8th Generation Intel® Core™ High-Performance Compact Rugged Computer,DX-1100,Rugged/Mid Tier/DX Series/DX-1100
DS-1002-EC-4gsk,Cincoze Rugged Intel Haswell Computer with Dual Expansion,,///
DS-1002-50-RADIX-w40k,Cincoze Rugged Intel Haswell Computer with Dual Expansion,,///
DS-1100-S-4goo,Cincoze Rugged Intel Skylake Fanless Computer,,///
DS-1100-S-4s8o,Cincoze Rugged Intel Skylake Fanless Computer,,///
DS-1100-S-4ook,Cincoze Rugged Intel Skylake Fanless Computer,DS-1100,Rugged/Mid Tier/DS Series/DS-1100
DI-1000-os0g,Cincoze Rugged Intel Skylake Compact Fanless Computer,,///
DS-1100-MCDN-cog8,Cincoze Rugged Intel Skylake Fanless Computer,,///
DAQ-ML200,Fanless Data Acquisition Gateway,ML200 (Other),Industrial/Gateway/ML200 Series/ML200 (Other)
DAQ-MK100,1U Rackmount Data Acquisition Gateway,MK100 (Other),Server/1U & 1.5U Rackmount/MK100 Series/MK100 (Other)
DAQ-POC210,Mini Rugged Data Acquistion Gateway,,///
DA-1100-mjy5,Cincoze Rugged Apollo Lake Ultra Compact Fanless Computer,,///
DANAT2-CL210G-11,Dentsu Aegis Industrial USFF Edge Device w/ Dual LAN,CL210G-11,Industrial/Small Form Factor/CL200 Series/CL210G-11
DA-1100-lg75,Cincoze Rugged Apollo Lake Ultra Compact Fanless Computer,,///
CUST1-ML100,New SKU - Customer 1 - ML100,,///
Custom LGX MC500 Intel Atom Mini Industrial Computer-cko0,Atom-MC500,MC500 (Other),Industrial/Fanned/MC500 Series/MC500 (Other)
CTL20860,CTL20860 Nextracker ML340G-50,ML340G-50,Industrial/Gateway/ML300 Series/ML340G-50
CT100-IMB 184 PY Excellims-owws,CT100-IMB 184 PY Excellims,,Components/Components/Components/
CST-C2D-C137-kw4k,Custom EEC Core 2 Duo C137 Mini-ITX Computer,Industrial (Other),Industrial/Legacy Industrial/Legacy Industrial/Industrial (Other)
CUDD-DS1000-w0wg,Cincoze Rugged Intel Haswell Fanless Computer,,///
CUSTOM-oggg,Custom: LGX ML300 Fanless NUC Industrial Computer,ML300 (Other),Industrial/Gateway/ML300 Series/ML300 (Other)
Custom: Core-ML250-0c0o,Custom: Systems Equipment ML250,ML250 (Other),Industrial/Gateway/ML250 Series/ML250 (Other)
Cook Security i5-8k84,Cook Security MC600 Computer System,MC600 (Other),Industrial/Fanned/MC600 Series/MC600 (Other)
CONTROL-ML350G-10,Industrial Low Profile Fanless Computer With Apollo Lake,ML350G-10,Industrial/Gateway/ML300 Series/ML350G-10
COPOS-MC500-50-c0k8,Industrial Intel Core Mini-ITX Computer,MC500-50,Industrial/Fanned/MC500 Series/MC500-50
COPR-CL200G-10,CopperTree Analytics branded CL200G-10,CL200G-10,Industrial/Small Form Factor/CL200 Series/CL200G-10
KEYE-ML350G-10-02,Low Profile Fanless Industrial Computer With Apollo Lake,ML350G-10,Industrial/Gateway/ML300 Series/ML350G-10
KEYE-ML350G-10-01,Low Profile Fanless Industrial Computer With Apollo Lake,,///
K801-d5pn,OnLogic Karbon 801 Low-Profile High-Performance Rugged Computer,K801,Rugged/Performance/K800 Series/K801
K801-v02r,OnLogic Karbon 801 Low-Profile High-Performance Rugged Computer,K801,Rugged/Performance/K800 Series/K801
K802-90kz,OnLogic Karbon 802 High-Performance Rugged Computer w/ModBay,K802,Rugged/Performance/K800 Series/K802
K802-n7fh,OnLogic Karbon 802 High-Performance Rugged Computer w/ModBay w/ RAID1,,///
K801-5phi,OnLogic Karbon 801 Low-Profile High-Performance Rugged Computer,K801,Rugged/Performance/K800 Series/K801
K300-04ss,Karbon 300 Compact Rugged Computer,,///
JETNANO-F,Aetina NVIDIA Jetson Orin Nano AI Computer,,///
JETNX-F,Aetina NVIDIA Jetson Orin NX AI Computer,JETNX8-F,Rugged/Jetson/NX Series/JETNX8-F
K&L-CV-P1001-China,Cincoze Rugged Intel Bay Trail Panel PC,,///
ISSL-ML350G-10-084o,Low Profile Fanless Industrial Computer With Apollo Lake,ML350G-10,Industrial/Gateway/ML300 Series/ML350G-10
JOSA-ML100G-52,Industrial Fanless Intel Whiskey Lake Embedded NUC With Dual LAN,ML100G-52,Industrial/Entry/ML100 Series/ML100G-52
iBOX-210D-w0o8,Panasonic iBOX-210D,Industrial (Other),Industrial/Legacy Industrial/Legacy Industrial/Industrial (Other)
IDEA-MK100B-51-g0gc,Intel Skylake 1U Rackmount Computer,MK100B-51,Server/1U & 1.5U Rackmount/MK100 Series/MK100B-51
IFM-Nuvo-5006E-UQ0002,IFM-Nuvo-5006E-UQ0002,,///
ICON-ML300-WIFI,I-CON Systems ML300 WiFi,ML300 (Other),Industrial/Gateway/ML300 Series/ML300 (Other)
HX511-7g9r,OnLogic HX511,HX511,Industrial/Performance/HX500 Series/HX511
HX500-wytj,OnLogic Helix 500 Intel Comet Lake Industrial Edge Computer,HX500,Industrial/Performance/HX500 Series/HX500
HX500-x0sq,OnLogic Helix 500 Intel Comet Lake Industrial Edge Computer,HX500,Industrial/Performance/HX500 Series/HX500
HX600-0x7q,OnLogic Helix 600 Intel Comet Lake Expanded Industrial Edge Computer,HX600,Industrial/Performance/HX600 Series/HX600
HAN-ML350G-10,Hanley Energy ML350G-10,ML350G-10,Industrial/Gateway/ML300 Series/ML350G-10
HAN-ML350G-10EU,Hanley Energy ML350G-10 EU,ML350G-10,Industrial/Gateway/ML300 Series/ML350G-10
HAVA-HX600,OnLogic Helix 600 Intel Comet Lake Expanded Industrial Edge Computer,HX600,Industrial/Performance/HX600 Series/HX600
Hecla-ML100G-53-WideTemp,Industrial Fanless Intel 11th Gen Tiger Lake NUC,,///
HFMT-DX-1100-v4,Honeywell - 8th Generation Intel Core High-Performance Compact Rugged Computer (8 x RJ45 ports),DX-1100,Rugged/Mid Tier/DX Series/DX-1100
HIG-CL210G-11,Ultra Small Quad Core Fanless Industrial Edge Computer,CL210G-11,Industrial/Small Form Factor/CL200 Series/CL210G-11
HALTER-128GB-HX310,OnLogic Helix 310 Intel Elkhart Lake Industrial Edge Computer,HX310,Industrial/Gateway/HX300 Series/HX310
HDTMN-ML350G,Heidtman Steel ML350G,ML350G-10,Industrial/Gateway/ML300 Series/ML350G-10
Hansael_ML210G-10-0s4o,Industrial Intel Bay Trail Fanless Computer,ML210G-10,Industrial/Gateway/ML200 Series/ML210G-10
Gallery-NG100F-4oow,Fanless Intel Atom Network Gateway with Untangle,ML250 (Other),Industrial/Gateway/ML250 Series/ML250 (Other)
GDLE-NUVO-3000,GDL Electronic Supply Nuvo-3000,Nuvo-3000,Rugged/Legacy Rugged/Nuvo Series/Nuvo-3000
Gamma_CT100-0k0o,Gamma Two Robotics Atom CT100,,Components/Components/Components/
GD-5000-84g0,General Dynamics Nuvo-5000,,///
FF-CL100,Flowers Foods Fanless Industrial Mini PC,CL100,Industrial/Small Form Factor/CL100 Series/CL100
FIN-L-CL210G-10,Fanless Industrial USFF Edge Device w/ Dual LAN,CL210G-10,Industrial/Small Form Factor/CL200 Series/CL210G-10
EET-K300-E3950-8-P-gsko,EET Karbon 300 Compact Rugged Computer,K300,Rugged/Entry/K300 Series/K300
ESEN-MC850-51-o0go,Commercial Intel 5th Gen Xeon Microserver,MC850-51,Server/Standalone/MC850 Series/MC850-51
DX-1000-FCA-0kgk,Cincoze Rugged Intel 6th/7th Gen Compact Fanless Computer,,///
DX-1000-g0gk,Cincoze Rugged Intel 6th/7th Gen Compact Fanless Computer,,///
DWL-AU140,Dwelling Live DWL-AU140,Rugged (Other),Rugged/Legacy Rugged/Legacy Rugged/Rugged (Other)
DWL-MC500-51,Dwelling Live Industrial Intel Skylake Mini-ITX Computer,MC500-51,Industrial/Fanned/MC500 Series/MC500-51
DX-1000-40k4,Cincoze Rugged Intel 6th/7th Gen Compact Fanless Computer,,///
DX-1000-gw0s,Cincoze Rugged Intel 6th/7th Gen Compact Fanless Computer,,///
DVDAv3-MC600-3TB,Dividia Technologies v3 MC600 3TB,MC610-50,Industrial/Fanned/MC600 Series/MC610-50
DLTK-ML210G_r01,Dealertrack Technologies ML210G r01,ML210G-10,Industrial/Gateway/ML200 Series/ML210G-10
DLPH-1101-A,Delphi DS-1101 (A),DS-1101,Rugged/Mid Tier/DS Series/DS-1101
DN2820FYKH0-S,Commercial Intel NUC Computer with Celeron,Industrial (Other),Industrial/Legacy Industrial/Legacy Industrial/Industrial (Other)
DLPH-1102-Q,Delphi DS-1102 with Quadro,,///
DC-JC310U91W-48cg,Jetway Fanless Bay Trail NUC,Industrial (Other),Industrial/Legacy Industrial/Legacy Industrial/Industrial (Other)
DC-JC310U91W-48cg-4ksk,Jetway Fanless Bay Trail NUC,Industrial (Other),Industrial/Legacy Industrial/Legacy Industrial/Industrial (Other)
de-1000-c44g,Cincoze Rugged Intel Atom Fanless Computer,,///
DCCP847DYE-8gws,Custom: Intel DCCP847DYE Next Unit of Computing (NUC) Barebone,Industrial (Other),Industrial/Legacy Industrial/Legacy Industrial/Industrial (Other)
D700615-IClean-21.5-CV-P1101,Cincoze Rugged Panel PC,CV-P1101,Panel/Cincoze Panel/P1000 Series/CV-P1101
DA-1000-88gs,Cincoze Rugged Ultra Compact Fanless Computer,,///
DA-1000-849d,Cincoze Rugged Ultra Compact Fanless Computer,,///
CP-P2102-IGN320-M1001-8.4-p900,ConocoPhillips Rugged 8 Inch Panel and PC with Intel Core i3/i5 CPU and Ignition Software,,///
CoSy-CL100,ConSys CL100 Fanless Industrial Mini PC,CL100,Industrial/Small Form Factor/CL100 Series/CL100
Covix-Nuvo5000HDD-2-sw08,Neousys Rugged Intel Skylake Low Profile Fanless Computer,,///
CPRi3-IMB-1232-WV,CPRi3-IMB-1232-WV,MC510-55,Industrial/Fanned/MC500 Series/MC510-55
CPCO-HX500-POS-01,Chapco - Helix 500 Intel Comet Lake Industrial Edge Computer POS,HX500,Industrial/Performance/HX500 Series/HX500
CPE-CV-110HR-P1101,Rugged Cincoze Panel PC,,///
Core-SL1UR-s4gk,Custom SL1UR,,Server/Other//
CPC-EXM161-Mobo-Kit,CPC MOBO Kit for EXM161,,Components/Components/Components/
Custom: AU970-s0gg,LGX AU970,Rugged (Other),Rugged/Legacy Rugged/Legacy Rugged/Rugged (Other)
CNX-POC-300-V2,Neousys Rugged Compact Fanless Intel Apollo Lake Computer,,///
Coates NC220-g4g8,Coates Skylake NC220,NC200 (Other),Industrial/Legacy Industrial/NC200 Series/NC200 (Other)
Coates ML210-4w0c,Coates Skylake ML210,ML200 (Other),Industrial/Gateway/ML200 Series/ML200 (Other)
CNX-K700-VSW-003,K700-X2 i5-9500 Win10 VPro Custom01,K700-X2,Rugged/Performance/K700 Series/K700-X2
Core-MC600-owgc,Commercial Intel Core Computer with Expansion,MC600 (Other),Industrial/Fanned/MC600 Series/MC600 (Other)
Core-MC600-go48,Commercial Intel Core Computer with Expansion,MC600 (Other),Industrial/Fanned/MC600 Series/MC600 (Other)
Core-MC600RAID5-ggks,OnLogic Compact Intel Core i Computer with Expansion,MC600-50,Industrial/Fanned/MC600 Series/MC600-50
Core-MK100-co48,Intel Core 1U Rackmount Computer,MK100 (Other),Server/1U & 1.5U Rackmount/MK100 Series/MK100 (Other)
Core-MK100-0ws4,Intel Core 1U Rackmount Computer,MK100 (Other),Server/1U & 1.5U Rackmount/MK100 Series/MK100 (Other)
Core-MC600 AD-1-ss00,Adflow Core i MC-600-1,MC600 (Other),Industrial/Fanned/MC600 Series/MC600 (Other)
CL210G-11-d9s3,Ultra Small Quad Core Fanless Industrial Edge Computer,,///
LELY-CV-P1101,Cincoze Rugged Intel Apollo Lake Panel PC,CV-P1101,Panel/Cincoze Panel/P1000 Series/CV-P1101
LD-DS-1001-cskg,Cincoze Rugged Intel Haswell Fanless Computer,,///
LDRS-K300,Karbon 300 Compact Rugged Computer,,///
K700-SE-5dfd,Karbon 700 High-Performance Rugged Edge Computer,K700-SE,Rugged/Performance/K700 Series/K700-SE
K700-SE-5hwi,Karbon 700 High-Performance Rugged Edge Computer,K700-SE,Rugged/Performance/K700 Series/K700-SE
k700-x2-xb6b,Karbon 700 Expanded High-Performance Rugged Edge Computer,K700-X2,Rugged/Performance/K700 Series/K700-X2
K700-X2-wujf,Karbon 700 Expanded High-Performance Rugged Edge Computer,K700-X2,Rugged/Performance/K700 Series/K700-X2
K700-SE-8k48,Karbon 700 High-Performance Rugged Edge Computer,K700-SE,Rugged/Performance/K700 Series/K700-SE
K700-SE-997f,Karbon 700 High-Performance Rugged Edge Computer,K700-SE,Rugged/Performance/K700 Series/K700-SE
K700-X2-u1dn,Karbon 700 Expanded High-Performance Rugged Edge Computer,K700-X2,Rugged/Performance/K700 Series/K700-X2
K700-X2-wogw-sw4k,Karbon 700 Expanded High-Performance Rugged Edge Computer,K700-X2,Rugged/Performance/K700 Series/K700-X2
K700-X2-soo8,Karbon 700 Expanded High-Performance Rugged Edge Computer,K700-X2,Rugged/Performance/K700 Series/K700-X2
K700-X2-Proto1-k04w,Karbon 700 Expanded High-Performance Rugged Edge Computer,K700-X2,Rugged/Performance/K700 Series/K700-X2
JERNBRO-ML450,Jernbro ML450G-50,ML450G-50,Industrial/Performance/ML400 Series/ML450G-50
JC111-Westfield-ok04,Commercial Intel Haswell Computer with Expansion,Industrial (Other),Industrial/Legacy Industrial/Legacy Industrial/Industrial (Other)
JBTC-ML350G-10-iOPS,Low Profile Fanless Industrial Computer With Apollo Lake,,///
IMS-Nuvo-5104VTC-00g8,Neousys Rugged Intel Skylake In-Vehicle Computer with PoE,,///
IMS-Nuvo-5104VTC-cso0,Neousys Rugged Intel Skylake In-Vehicle Computer with PoE,,///
IMC ML300 UPS RL-44s0,IMC ML300 UPS Rend Lake,ML300 (Other),Industrial/Gateway/ML300 Series/ML300 (Other)
IMC 300 UPS-0cg4,IMC ML300 UPS System,ML300 (Other),Industrial/Gateway/ML300 Series/ML300 (Other)
IND-CL210G-10-cgk8,Fanless Industrial USFF Edge Device w/ Dual LAN,CL210G-10,Industrial/Small Form Factor/CL200 Series/CL210G-10
IMS-CL210G-11-RS,Quad Core Fanless Industrial Edge Device w/ Dual LAN,CL210G-11,Industrial/Small Form Factor/CL200 Series/CL210G-11
IMS-Nuvo-5104VTC-wwso,Neousys Rugged Intel Skylake In-Vehicle Computer with PoE,,///
HX500-dwp3,OnLogic Helix 500 Intel Comet Lake Industrial Edge Computer,HX500,Industrial/Performance/HX500 Series/HX500
HX500-bj7p,OnLogic Helix 500 Intel Comet Lake Industrial Edge Computer,HX500,Industrial/Performance/HX500 Series/HX500
HVP-K802-Small,OnLogic Karbon 802 High-Performance Rugged Computer w/ModBay,,///
GEWP-DA-1000-og0o,Cincoze Rugged Ultra Compact Fanless Computer,,///
GF-CL210G-11,GlobalFoundries Ultra Small Quad Core Fanless Industrial Edge Computer,CL210G-11,Industrial/Small Form Factor/CL200 Series/CL210G-11
FW200B-10-s80o,Industrial Compact Quad-Core Firewall with pfSense&reg; Software,MC500 (Other),Industrial/Fanned/MC500 Series/MC500 (Other)
FW200W-10,Industrial Quad-Core Wireless Firewall with pfSense&reg; Software,ML100G-10,Industrial/Entry/ML100 Series/ML100G-10
FW200W-10VTech-sggs,Industrial Quad-Core Wireless Firewall with pfSense&reg; Software,ML100G-10,Industrial/Entry/ML100 Series/ML100G-10
FW100K,1U Rackmount Intel Quad-Core Firewall with pfSense&reg; Software,MK100 (Other),Server/1U & 1.5U Rackmount/MK100 Series/MK100 (Other)
FRST-Corei5-VTL-cc4s,Vitelnet Custom Mini-ITX System,Industrial (Other),Industrial/Legacy Industrial/Legacy Industrial/Industrial (Other)
FW100C,Industrial Compact Firewall with pfSense&reg; Software,,///
FutureWare-ML450-8wgk,Industrial Intel Haswell Core i3/i5 Mini-ITX Computer,ML450G-50,Industrial/Performance/ML400 Series/ML450G-50
EDMIJ-ML450G-50,EDMIJ-ML450G-50 with UPS,ML450G-50,Industrial/Performance/ML400 Series/ML450G-50
EE-HX610-i9,Enbridge Onlogic Helix 610 Intel Comet Lake Industrial Edge Computer With Optional Hot Swap Storage,HX610,Industrial/Performance/HX600 Series/HX610
DX-1000-LIEBHERR-g844,DX-1000 for Liebherr,,///
EE-HX610-i5,Enbridge Onlogic Helix 610 Intel Comet Lake Industrial Edge Computer With Optional Hot Swap Storage,HX610,Industrial/Performance/HX600 Series/HX610
DX-1000-MTA,Cincoze Rugged Intel 6th/7th Gen Compact Fanless Computer,DX-1000,Rugged/Mid Tier/DX Series/DX-1000
DX-1100-g0oc,8th Generation Intel® Core™ High-Performance Compact Rugged Computer,,///
DS-1100-S-Memain-ooko,Cincoze Rugged Intel Skylake Fanless Computer,,///
DS-1100-S-o84k,Cincoze Rugged Intel Skylake Fanless Computer,,///
DS-1100-S-kw8k,Cincoze Rugged Intel Skylake Fanless Computer,,///
DS-1100-S-oggw,Cincoze Rugged Intel Skylake Fanless Computer,,///
DS-1101,Cincoze Rugged Intel Skylake Fanless Computer with Expansion,DS-1101,Rugged/Mid Tier/DS Series/DS-1101
DS-1102- Graftek-88w0,Cincoze Rugged Intel Skylake Computer with Dual Expansion,,///
DS-1100-S-wcok,Cincoze Rugged Intel Skylake Fanless Computer,DS-1100,Rugged/Mid Tier/DS Series/DS-1100
DS-1100-S-wggw,Cincoze Rugged Intel Skylake Fanless Computer,DS-1100,Rugged/Mid Tier/DS Series/DS-1100
DS-1102-2jx7,Cincoze Rugged Intel Skylake Fanless Computer with Dual Expansion,,///
DS-1100-S-oows,Cincoze Rugged Intel Skylake Fanless Computer,,///
DS-1101-4s4s,Cincoze Rugged Intel Skylake Fanless Computer with Expansion,DS-1101,Rugged/Mid Tier/DS Series/DS-1101
DS-1100-S-wksc,Cincoze Rugged Intel Skylake Fanless Computer,,///
DC-1100-0okk,Cincoze Rugged Intel Bay Trail Compact Fanless Computer,,///
DC-1100-10-woco,Cincoze Rugged Intel Bay Trail Compact Fanless Computer,,///
DBOX-ML210,D-Box ML210,ML210G-10,Industrial/Gateway/ML200 Series/ML210G-10
DBSI-MK150,Intel Skylake 1.5U Rackmount Computer,MK150B-52,Server/1U & 1.5U Rackmount/MK150 Series/MK150B-52
DATA-P2102-P2-CH115-R02,"ACS Gen 2 Core i5 HMI - 15""",CV-P2102,Panel/Cincoze Panel/P2000 Series/CV-P2102
DBOX-ML210_r02,D-Box ML210 r02,ML210G-10,Industrial/Gateway/ML200 Series/ML210G-10
CV-100C-g448,Cincoze Crystal Industrial Panel PC,,///
CV-100R,Cincoze Crystal Intel Bay Trail Industrial Panel PC,P1001,Rugged/Entry/P1000 Series/P1001
CV-100R-M1001-0g0w,Cincoze Crystal Industrial Resisitve Touchscreen Monitor,,///
CV-100R-M1001-oo84,Cincoze Resistive Industrial Touchscreen Display,,Components/Components/Components/
Core-ML250,Industrial Intel Core Mini-ITX Computer,ML250 (Other),Industrial/Gateway/ML250 Series/ML250 (Other)
Core-MK150-w844,Intel Core 1.5U Rackmount Computer,MK150 (Other),Server/1U & 1.5U Rackmount/MK150 Series/MK150 (Other)
Core-MK150-wwkk,MK150 Intel Core 1.5U Rackmount Computer,MK150 (Other),Server/1U & 1.5U Rackmount/MK150 Series/MK150 (Other)
Core-MK103-oc8c,SpringFD MK103,MK100 (Other),Server/1U & 1.5U Rackmount/MK100 Series/MK100 (Other)
Core-ML300-k84s,LGX ML300 Fanless NUC Industrial Computer,ML300 (Other),Industrial/Gateway/ML300 Series/ML300 (Other)
Core-ML250-cogs,ML250 Intel Core i3/i5/Celeron Fanless Industrial Computer,ML250 (Other),Industrial/Gateway/ML250 Series/ML250 (Other)
Core-ML250ContractGlaz-44w4,Core-ML250ContractGlaz,ML250 (Other),Industrial/Gateway/ML250 Series/ML250 (Other)
Core-MK103-os8g,SpringFD DVR,MK100 (Other),Server/1U & 1.5U Rackmount/MK100 Series/MK100 (Other)
Core-ML250-4gks,TON Core i5 ML250,ML250 (Other),Industrial/Gateway/ML250 Series/ML250 (Other)
CL220-ANTY-cggw,Industrial USFF Edge Device,CL210G-11,Industrial/Small Form Factor/CL200 Series/CL210G-11
CL250-0h5x,CL250 Ultra Small Fanless Industrial Edge Gateway,CL250,Industrial/Small Form Factor/CL200 Series/CL250
CL250-2za9,CL250 Ultra Small Fanless Industrial Edge Gateway,CL250,Industrial/Small Form Factor/CL200 Series/CL250
CL250-a84q,CL250 Ultra Small Fanless Industrial Edge Gateway,CL250,Industrial/Small Form Factor/CL200 Series/CL250
CL250-ecr5,CL250 Ultra Small Fanless Industrial Edge Gateway,CL250,Industrial/Small Form Factor/CL200 Series/CL250
CLBR-CL200G-10-B-s04c,Fanless Industrial USFF Edge Device,CL200G-10,Industrial/Small Form Factor/CL200 Series/CL200G-10
CL250-e80c,CL250 Ultra Small Fanless Industrial Edge Gateway,CL250,Industrial/Small Form Factor/CL200 Series/CL250
CL250-ljjv,CL250 Ultra Small Fanless Industrial Edge Gateway,CL250,Industrial/Small Form Factor/CL200 Series/CL250
CL210G-11-tbky,Ultra Small Quad Core Fanless Industrial Edge Computer,CL210G-11,Industrial/Small Form Factor/CL200 Series/CL210G-11
CL210G-10-0o8c,Industrial USFF Edge Device w/ Dual LAN,CL210G-10,Industrial/Small Form Factor/CL200 Series/CL210G-10
CL210G-10-4kss,Industrial USFF Edge Device w/ Dual LAN,CL210G-10,Industrial/Small Form Factor/CL200 Series/CL210G-10
CL210G-10-3u9d,Fanless Industrial USFF Edge Device w/ Dual LAN,CL210G-10,Industrial/Small Form Factor/CL200 Series/CL210G-10
CL210G-10-40cs,Industrial USFF Edge Device w/ Dual LAN for Cactus Club Cafe,CL210G-10,Industrial/Small Form Factor/CL200 Series/CL210G-10
CL210G-10-0oow,Fanless Industrial USFF Edge Device w/ Dual LAN,CL210G-10,Industrial/Small Form Factor/CL200 Series/CL210G-10
CL100,Fanless Industrial Mini PC,CL100,Industrial/Small Form Factor/CL100 Series/CL100
CiM-ML251-8w4k,LGX ML251 Intel Core i Fanless Mini Industrial Computer with LCD,ML250 (Other),Industrial/Gateway/ML250 Series/ML250 (Other)
Citadel-MK150B-51-00s0,Citadel Securities MK150B-51 (with IMB-194),MK150B-51,Server/1U & 1.5U Rackmount/MK150 Series/MK150B-51
CL100-844o,Industrial Fanless Mini PC,CL100,Industrial/Small Form Factor/CL100 Series/CL100
CL100-kcsc,Industrial Fanless Mini PC,CL100,Industrial/Small Form Factor/CL100 Series/CL100
CL100-L1,CL100 w/ Safety and EMC Certificates,CL100,Industrial/Small Form Factor/CL100 Series/CL100
cl100-nh1m,Fanless Industrial Mini PC,,///
CL100-o44c,Industrial Fanless Mini PC,CL100,Industrial/Small Form Factor/CL100 Series/CL100
CiM-MK100-oww0,Custom: LGX MK100 Intel Core i Mobile Industrial 1U Rackmount Co,MK100 (Other),Server/1U & 1.5U Rackmount/MK100 Series/MK100 (Other)
CiM-ML250-V-owko,Limbic Auto ML250 with P2 setting,ML250 (Other),Industrial/Gateway/ML250 Series/ML250 (Other)
CL100-s44s,Industrial Fanless Mini PC,CL100,Industrial/Small Form Factor/CL100 Series/CL100
C292-50-sskc,Industrial Intel Coffee Lake Mini-ITX Expandable Computer,Industrial (Other),Industrial/Legacy Industrial/Legacy Industrial/Industrial (Other)
CBNC-MC500-cocg,Canadian Bank Note Company MC500,,///
CAPT-ML340G-50,Captivate Low Profile Fanless Core i5 Industrial Server,ML340G-50,Industrial/Gateway/ML300 Series/ML340G-50
CAE-ML100-008w,Industrial Intel Bay Trail Fanless NUC Computer,ML100G-10,Industrial/Entry/ML100 Series/ML100G-10
BHT-MC600-V2-wgs8,Baobab Health Trust MC600 - Version 2,MC600 (Other),Industrial/Fanned/MC600 Series/MC600 (Other)
BL-ML210_v1-500,Building Logix ML210 v1-500,ML210G-11,Industrial/Gateway/ML200 Series/ML210G-11
BIOGEN-TM100,BIOGEN-TM100,ML100G-10 (TM100),Industrial/Entry/ML100 Series/ML100G-10 (TM100)
Atom-MC600-08ww,Commercial Intel Atom Computer with Expansion,MC600 (Other),Industrial/Fanned/MC600 Series/MC600 (Other)
Atom-MK100,Intel Atom 1U Rackmount Computer,MK100 (Other),Server/1U & 1.5U Rackmount/MK100 Series/MK100 (Other)
Atom-MK150-ock0,Coastal IT MK150,MK150 (Other),Server/1U & 1.5U Rackmount/MK150 Series/MK150 (Other)
Atom-ML250-sow4,Team One Atom-ML250,ML250 (Other),Industrial/Gateway/ML250 Series/ML250 (Other)
AU115,AU115 Intel Atom Fanless Rugged Computer,Rugged (Other),Rugged/Legacy Rugged/Legacy Rugged/Rugged (Other)
AU140,Rugged Compact Intel Atom Computer,Rugged (Other),Rugged/Legacy Rugged/Legacy Rugged/Rugged (Other)
AU110Kerberos-40ww,LGXAU110,Rugged (Other),Rugged/Legacy Rugged/Legacy Rugged/Rugged (Other)
AMC-MC500,Advanced Motion Controls MC500,,Industrial/Fanned/Other/
AMD MC500-8408,UO MC500,MC500 (Other),Industrial/Fanned/MC500 Series/MC500 (Other)
AMD MC500-0804,MC500 Atom Mini-ITX Computer,MC500 (Other),Industrial/Fanned/MC500 Series/MC500 (Other)
Amazon_DEV-ML450G-50_LCD-cwsw,Amazon Development System - Industrial Intel Haswell Core i5 with LCD Kit,ML450G-50,Industrial/Performance/ML400 Series/ML450G-50
AMD-MK150,MK150 AMD Expandable 1.5U Rackmount Computer,MK150 (Other),Server/1U & 1.5U Rackmount/MK150 Series/MK150 (Other)
AMAROBO-MC500,Amazon Robotics MC500,MC500 (Other),Industrial/Fanned/MC500 Series/MC500 (Other)
ALTERG-MC500,AlterG MC500,MC500-51,Industrial/Fanned/MC500 Series/MC500-51
AMAZON-ML450G-50-DEV,AMAZON-ML450G-50-DEV,ML450G-50,Industrial/Performance/ML400 Series/ML450G-50
ALTS-DX-1000-sgc8,Cincoze Rugged Intel 6th/7th Gen Compact Fanless Computer,,///
300061-01 / 1-dxub,Avidbots MC510,,///
300061-01 / 2,Industrial Intel Coffee Lake Mini-ITX Computer,MC510-50,Industrial/Fanned/MC500 Series/MC510-50
Abstract-Nuvo-3100VTC-0ows,Neousys Rugged Intel Ivy Bridge Compact In-Vehicle Computer,,///
008-8-0283,MiTek USA Win10 ML600G-52,ML600G-52,Industrial/Performance/ML600 Series/ML600G-52
CL210G-11-q6lh,Ultra Small Quad Core Fanless Industrial Edge Computer,CL210G-11,Industrial/Small Form Factor/CL200 Series/CL210G-11
CL210G-10-btrh,Fanless Industrial USFF Edge Device w/ Dual LAN,CL210G-10,Industrial/Small Form Factor/CL200 Series/CL210G-10
CL210G-11-ksks,Ultra Small Quad Core Fanless Industrial Edge Computer,CL210G-11,Industrial/Small Form Factor/CL200 Series/CL210G-11
CL210G-11-b901,Ultra Small Quad Core Fanless Industrial Edge Computer,,///
CL210G-11-mxen,Ultra Small Quad Core Fanless Industrial Edge Computer,CL210G-11,Industrial/Small Form Factor/CL200 Series/CL210G-11
CL210G-11-baro,Ultra Small Quad Core Fanless Industrial Edge Computer,CL210G-11,Industrial/Small Form Factor/CL200 Series/CL210G-11
CL210G-11-8w80,Ultra Small Quad Core Fanless Industrial Edge Computer,CL210G-11,Industrial/Small Form Factor/CL200 Series/CL210G-11
CL210G-11-cr1b,Ultra Small Quad Core Fanless Industrial Edge Computer,CL210G-11,Industrial/Small Form Factor/CL200 Series/CL210G-11
CL210G-11-kgkf,Ultra Small Quad Core Fanless Industrial Edge Computer,,///
CDR-DE-1000-gcc0,Cincoze Rugged Intel Atom Fanless Computer,,///
CL100-SnglWr-4kck,Industrial Fanless Mini PC,CL100,Industrial/Small Form Factor/CL100 Series/CL100
BRHE-K300-IGN200-LTE,Rugged Edge Computer with Ignition Software and LTE,K300 (IGN200),Rugged/Entry/K300 Series/K300 (IGN200)
Bridgestone ML400-0os4,Industrial Intel Bay Trail Celeron Mini-ITX Computer,ML400G-10,Industrial/Performance/ML400 Series/ML400G-10
BODY-ML100G-52,Boston Dynamics - Spot CORE Embedded NUC,ML100G-52,Industrial/Entry/ML100 Series/ML100G-52
AWS-MK100B-12-ENG-gcwk,AWS Apollo Lake 1U Rackmount Computer w/ Ignition,,///
AUTAM-MC500-LCD,Automatic Amusements MC500 - with LCD,MC500 (Other),Industrial/Fanned/MC500 Series/MC500 (Other)
AWL-AMZ000165-HX500,OnLogic Helix 500 Intel Comet Lake Industrial Edge Computer,HX500,Industrial/Performance/HX500 Series/HX500
Appl-HX500-01,OnLogic Helix 500 Intel Comet Lake Industrial Edge Computer,HX500,Industrial/Performance/HX500 Series/HX500
Aptiv-DS-1201,Cincoze Rugged Intel Coffee Lake Fanless Computer with Expansion,DS-1201,Rugged/Mid Tier/DS Series/DS-1201
Aptiv-DS-1300,Cincoze Rugged Intel 10th Gen Comet Lake Fanless Computer,DS-1300,Rugged/Mid Tier/DS Series/DS-1300
APM-CV-112,APM Terminals CV-112,P1001,Rugged/Entry/P1000 Series/P1001
AG960,Commercial Intel Core i3 NUC Computer,NC200 (Other),Industrial/Legacy Industrial/NC200 Series/NC200 (Other)
AHS-CL250,CL250 Ultra Small Fanless Industrial Edge Gateway,CL250,Industrial/Small Form Factor/CL200 Series/CL250
AITH-FR201-TMSIM,Factor 201 Raspberry Pi Industrial IoT Gateway,FR201,Industrial/Small Form Factor/FR200 Series/FR201
ajm123-o844,AG150 Intel Atom Fanless Mini Industrial Computer,ML200 (Other),Industrial/Gateway/ML200 Series/ML200 (Other)
AG150-Nextbus-swg4,AG150- Nextbus,ML200 (Other),Industrial/Gateway/ML200 Series/ML200 (Other)
AC101,OnLogic Axial AC101 Rackmount Edge Server,AC101,Server/1U & 1.5U Rackmount/Axial Series/AC101
ACSI-K801-UL,OnLogic Karbon 801 Low-Profile High-Performance Rugged Computer,K801,Rugged/Performance/K800 Series/K801
AD-Celeron-210,Aerodyne CW Mini Computer v2,Industrial (Other),Industrial/Legacy Industrial/Legacy Industrial/Industrial (Other)
AD-Celeron-210-ccog,Aerodyne CW Mini Computer v2,Industrial (Other),Industrial/Legacy Industrial/Legacy Industrial/Industrial (Other)
CL210G-10-hguu,Fanless Industrial USFF Edge Device w/ Dual LAN,,///
CL210G-10-izox,Fanless Industrial USFF Edge Device w/ Dual LAN,CL210G-10,Industrial/Small Form Factor/CL200 Series/CL210G-10
CL210G-10-k4sc,Industrial USFF Edge Device w/ Dual LAN,CL210G-10,Industrial/Small Form Factor/CL200 Series/CL210G-10
CL200G-11-n6uw,Industrial Edge Device with Dual-Core Intel Celeron N3350,CL200G-11,Industrial/Small Form Factor/CL200 Series/CL200G-11
Ci57-C159-00gs,SolidLogic Core i Mobile C159-ATX Rackmount Mini-ITX Computer,MK100 (Other),Server/1U & 1.5U Rackmount/MK100 Series/MK100 (Other)
BT67,"Bright Alliance 7"" Rugged Android Tablet",,///
BWDG-ML210G-12-V2,Industrial Intel Braswell Fanless Computer with Dual Gb LAN,ML210G-12,Industrial/Gateway/ML200 Series/ML210G-12
BRYX2-MK150B-52,BRYX2-MK150B-52,MK150B-52,Server/1U & 1.5U Rackmount/MK150 Series/MK150B-52
BRYX2-MK150B-52-4G,BRYX2-MK150B-52-4G,MK150B-52,Server/1U & 1.5U Rackmount/MK150 Series/MK150B-52
BROOK-ML500G-50,Fanless Industrial Intel 6th Gen Computer w/optional i7,,///
Baker ML250-s0k8,Baker Group ML250 w Samsung 128GB SSD,ML250 (Other),Industrial/Gateway/ML250 Series/ML250 (Other)
BAM-ML210G-12-LTE-8GB-kog4,Industrial Intel Braswell Fanless Computer with Dual Gb LAN,ML210G-12,Industrial/Gateway/ML200 Series/ML210G-12
BAL-HX401,OnLogic Helix 401 Fanless Hybrid-Core Computer,HX401,Industrial/Entry/HX400 Series/HX401
BACA-HX500,OnLogic Helix 500 Intel Comet Lake Industrial Edge Computer,HX500,Industrial/Performance/HX500 Series/HX500
BAST-K804,OnLogic Karbon 804 High-Performance Rugged Computer w/ModBay & PCIe,K804,Rugged/Performance/K800 Series/K804
APGprodPCIe-No DIO,Oldcastle Nuvo-3003 PCIe no DIO,Nuvo-3000,Rugged/Legacy Rugged/Nuvo Series/Nuvo-3000
AOA-DS-1102v02-ssko,Cincoze Rugged Intel Skylake Computer with Dual Expansion,,///
APM ML600G-51-wk4c,APM Fanless ML600,ML600G-51,Industrial/Performance/ML600 Series/ML600G-51
AMZN-HX600-MOST-AFEX3-01,OnLogic Helix 600 Intel Comet Lake Expanded Industrial Edge Computer,HX600,Industrial/Performance/HX600 Series/HX600
AMZN-ML320-UPS-skc8,Amazon ML320 Fanless i3 NUC with UPS,ML300 (Other),Industrial/Gateway/ML300 Series/ML300 (Other)
AETH-CL250,CL250 Ultra Small Fanless Industrial Edge Gateway,CL250,Industrial/Small Form Factor/CL200 Series/CL250
ADC-CtrlPC-W,Automated Design MC500 Industrial Windows Computer,,///
AAM-k300-PoE-01,AAM Karbon 300 Building Automation Computer With PoE 1S9NT911,K300,Rugged/Entry/K300 Series/K300
ABB-HV-K300,Hitachi ABB Compact Rugged Gateway – Wifi Only - HVP-250,,///
AAC-ML500G-30,American Autoclave ML500G-30 with Kaby Lake Processing,ML500G-30,Industrial/Performance/ML500 Series/ML500G-30
ABB-K300-HVP-250,Hitachi ABB Compact Rugged Gateway – Wifi Only - HVP-250,K300,Rugged/Entry/K300 Series/K300
911Inform-CL210G-11-LTE,Ultra Small Quad Core Fanless Industrial Edge Computer,,///
CL210G-10-gww0,Industrial USFF Edge Device w/ Dual LAN,CL210G-10,Industrial/Small Form Factor/CL200 Series/CL210G-10
CL210G-10-RS-mx41,Fanless Industrial USFF Edge Device w/ Dual LAN (Pre-configured),CL210G-10,Industrial/Small Form Factor/CL200 Series/CL210G-10
CL210G-10-vzsx,Fanless Industrial USFF Edge Device w/ Dual LAN,CL210G-10,Industrial/Small Form Factor/CL200 Series/CL210G-10
CL210G-11-0804,Ultra Small Quad Core Fanless Edge Computer,CL210G-11,Industrial/Small Form Factor/CL200 Series/CL210G-11
CL210G-10-x4ad,Fanless Industrial USFF Edge Device w/ Dual LAN,,///
cl210g-10-raaq,Fanless Industrial USFF Edge Device w/ Dual LAN,,///
CL210G-10-rlfr,Fanless Industrial USFF Edge Device w/ Dual LAN,CL210G-10,Industrial/Small Form Factor/CL200 Series/CL210G-10
CL210G-10-sl2u,Fanless Industrial USFF Edge Device w/ Dual LAN,,///
CL210G-11-57lq,Ultra Small Quad Core Fanless Industrial Edge Computer,CL210G-11,Industrial/Small Form Factor/CL200 Series/CL210G-11
CBNC-MC510-W10-128GB-rscm,CBN Next Gen Prototype- Industrial Intel Core Mini-ITX Computer,,///
CBNC-MC510-55-W11-lffn,CBN Next Gen Prototype- Industrial Intel Core Mini-ITX Computer,MC510-55,Industrial/Fanned/MC500 Series/MC510-55
CBNC-MC510-55-W11-4fbk,CBN Next Gen Prototype- Industrial Intel Core Mini-ITX Computer,MC510-55,Industrial/Fanned/MC500 Series/MC510-55
BACA-ML500G-31-sc0w,BACA Systems ML500G-30 plus 2 LAN,ML500G-30,Industrial/Performance/ML500 Series/ML500G-30
AU140DWL-8kk8,Rugged Compact Intel Atom Computer,Rugged (Other),Rugged/Legacy Rugged/Legacy Rugged/Rugged (Other)
AU145,AU145 Intel Atom Fanless Rugged Computer,Rugged (Other),Rugged/Legacy Rugged/Legacy Rugged/Rugged (Other)
AUDIVO_IMB-181-oog8-o044,AUDIVO_IMB-180,,Components/Components/Components/
AU970-cc4k,AU970 Series Intel Core i Fanless Rugged Computer,Rugged (Other),Rugged/Legacy Rugged/Legacy Rugged/Rugged (Other)
AU970-go8w,Rugged Intel Ivy Bridge Fanless Computer,Rugged (Other),Rugged/Legacy Rugged/Legacy Rugged/Rugged (Other)
ARK-ML100G-53,Industrial Fanless Intel 11th Gen Tiger Lake NUC,ML100G-53,Industrial/Entry/ML100 Series/ML100G-53
AUT-DS-1102-w4c4,Cincoze Rugged Intel Skylake Fanless Computer with Dual Expansion,,///
ALC-292,Autolog Atom C292 Mini-ITX System,Industrial (Other),Industrial/Legacy Industrial/Legacy Industrial/Industrial (Other)
ALPINE-DS-1001-1v7d,Alpine DS-1001,,///
CL210G-11-wfy2,Ultra Small Quad Core Fanless Industrial Edge Computer,CL210G-11,Industrial/Small Form Factor/CL200 Series/CL210G-11
CL210G-11-wio6,Ultra Small Quad Core Fanless Industrial Edge Computer,CL210G-11,Industrial/Small Form Factor/CL200 Series/CL210G-11
CL210G-10-ccgc,Industrial USFF Edge Device w/ Dual LAN,CL210G-10,Industrial/Small Form Factor/CL200 Series/CL210G-10
CL210G-10-gcgo,Fanless Industrial USFF Edge Device w/ Dual LAN,CL210G-10,Industrial/Small Form Factor/CL200 Series/CL210G-10
CL210G-10-ccso,Fanless Industrial USFF Edge Device w/ Dual LAN,CL210G-10,Industrial/Small Form Factor/CL200 Series/CL210G-10
CL210G-10-n2zg,Fanless Industrial USFF Edge Device w/ Dual LAN,CL210G-10,Industrial/Small Form Factor/CL200 Series/CL210G-10
CL210G-10-ctml,Fanless Industrial USFF Edge Device w/ Dual LAN,CL210G-10,Industrial/Small Form Factor/CL200 Series/CL210G-10
CL210G-10-em70,Fanless Industrial USFF Edge Device w/ Dual LAN,CL210G-10,Industrial/Small Form Factor/CL200 Series/CL210G-10
CL210G-10-c8w0,Fanless Industrial USFF Edge Device w/ Dual LAN,CL210G-10,Industrial/Small Form Factor/CL200 Series/CL210G-10
CDSA-DS1000_r01,CDSA-DS1000_r01,,///
Ceragon_EN-0363-0_-w0gk,Optional rack mount shelf for Controller EN-0363-0,,Components///
CAPTIVATE_ML340_Server-kwww,Captivate Low Profile Fanless Industrial Server with Braswell,ML340G-50,Industrial/Gateway/ML300 Series/ML340G-50
CB-CL246G-LTE,Cleaver Brooks Prometha Gateway,CL210G-10,Industrial/Small Form Factor/CL200 Series/CL210G-10
CAPT-ML340G-50v03,Captivate Low Profile Fanless Core i5 Industrial Embedded Server - No Rackmount Adapter,ML340G-50,Industrial/Gateway/ML300 Series/ML340G-50
CARG-CL217-TM710,Ultra Compact Industrial Thin Client with ThinManager,CL250 (TM710),Industrial/Small Form Factor/CL200 Series/CL250 (TM710)
CB-ML350G-10-0wck,Cleaver Brooks Industrial Low Profile Fanless Gateway Prototype,ML350G-10,Industrial/Gateway/ML300 Series/ML350G-10
BCH-HX500,OnLogic Helix 500 Intel Comet Lake Industrial Edge Computer,HX500,Industrial/Performance/HX500 Series/HX500
bb100-g4gc,bb100 Beaglebone Kit,,Components/Components/Components/
BESY-ML450G-11,Fanless Industrial Intel Apollo Lake Mini-ITX Computer,ML450G-11,Industrial/Performance/ML400 Series/ML450G-11
BETFRED-MC610-10,Industrial Intel Apollo Lake Mini-ITX Expandable Computer,MC610-10,Industrial/Fanned/MC600 Series/MC610-10
BHET-FR201-CHINA,Factor 201 Raspberry Pi Industrial IoT Gateway,FR201,Industrial/Small Form Factor/FR200 Series/FR201
Atom-5677,Commercial Intel Atom Computer with Built-In Mounting,Industrial (Other),Industrial/Legacy Industrial/Legacy Industrial/Industrial (Other)
Atom-5677-400o,SolidLogic Intel Atom 5677 Mini Industrial Computer,Industrial (Other),Industrial/Legacy Industrial/Legacy Industrial/Industrial (Other)
Atom-5677-owwc,Custom SolidLogic Intel Atom 5677 Mini Industrial Computer,Industrial (Other),Industrial/Legacy Industrial/Legacy Industrial/Industrial (Other)
ARTiGO A1150-csgo,VIA ARTiGO A1150 Pico-ITX Nettop,Industrial (Other),Industrial/Legacy Industrial/Legacy Industrial/Industrial (Other)
ATLV-MK100-8sc4,Autoliv MK100,MK100 (Other),Server/1U & 1.5U Rackmount/MK100 Series/MK100 (Other)
Atom-5677TDK-808s,TDK Intel Atom 5677 Mini Industrial Computer,Industrial (Other),Industrial/Legacy Industrial/Legacy Industrial/Industrial (Other)
ASE-K700-SE,Karbon 700 High-Performance Rugged Edge Computer,K700-SE,Rugged/Performance/K700 Series/K700-SE
Atom-557-s84g,Commercial Intel Atom Computer,Industrial (Other),Industrial/Legacy Industrial/Legacy Industrial/Industrial (Other)
Atom-557,Commercial Intel Atom Computer,Industrial (Other),Industrial/Legacy Industrial/Legacy Industrial/Industrial (Other)
ArtisticLicence-MK100B-50-8csg,Intel Haswell 1U Rackmount Computer,MK100B-50,Server/1U & 1.5U Rackmount/MK100 Series/MK100B-50
AEDI-CL210G-11,AEDI-CL210G-11,CL210G-11,Industrial/Small Form Factor/CL200 Series/CL210G-11
AEI-DA-1100-Desktop,AEI DA-1100 Desktop configuration,DA-1100,Rugged/Entry/DA Series/DA-1100
AEI-POC200v1-EMBEDDED,AEI-POC200v1-EMBEDDED,POC-200,Rugged/Legacy Rugged/POC Series/POC-200
ADT-K700-SE-IMG-EU,Adient - Karbon 700 FAM Tester with Custom Software Image,K700-SE,Rugged/Performance/K700 Series/K700-SE
ADT-CL250-EU-WIFI,CL250 Ultra Small Fanless Industrial Edge Gateway,CL250,Industrial/Small Form Factor/CL200 Series/CL250
4x4-4800U,AMD 4x4 Form Factor Motherboard with AMD Ryzen 7 4800U,,///
cl210g-10-cgcs,Industrial USFF Edge Device w/ Dual LAN,CL210G-10,Industrial/Small Form Factor/CL200 Series/CL210G-10
CL100-ziw3,Fanless Industrial Mini PC,,///
CL100-V2,Fanless Industrial Mini PC,,///
CL200G-11-2ai8,Industrial Edge Device with Dual-Core Intel Celeron N3350,,///
CL210G-11-5lan,Ultra Small Quad Core Fanless Industrial Edge Computer,,///
CL200G-10-t0yg,Fanless Industrial USFF Edge Device,CL200G-10,Industrial/Small Form Factor/CL200 Series/CL200G-10
CL200G-10-88cg,Industrial USFF Edge Device,CL200G-10,Industrial/Small Form Factor/CL200 Series/CL200G-10
BLAST-CL210G-10-4G,BlastShield® Gateway 4G Fanless Industrial USFF Edge Device w/ Dual LAN,,///
BOUL-HX401,OnLogic Helix 401 Fanless Hybrid-Core Computer,HX401,Industrial/Entry/HX400 Series/HX401
BMBR-ML250,Bombardier ML250 Intel Core i5 Fanless Industrial Computer,ML250 (Other),Industrial/Gateway/ML250 Series/ML250 (Other)
BLRX-MC510-RAID,Industrial Intel Coffee Lake Mini-ITX Computer,,///
Blue-MK100B-51-wgos,Intel Skylake 1U Rackmount Computer,,///
BMBR-MC500,Bombardier MC500,,///
Ax-M-Wifi-US-CL210G-11,Ax-M Wifi US Ultra Small Quad Core Fanless Industrial Edge Computer,,///
Ax-M_v6.0.3-US,Fanless Industrial USFF Edge Device w/ Dual LAN,,///
Ax.M_v6.2.7,CL250 Ultra Small Fanless Industrial Edge Gateway,,///
Ax-M_v5.4.1,Fanless Industrial USFF Edge Device w/ Dual LAN,,///
Atom-JC111-wcgw,SolidLogic Intel Atom JC-111 Mini Embedded Computer,Industrial (Other),Industrial/Legacy Industrial/Legacy Industrial/Industrial (Other)
ANDERS_ML600G-50-o880,Industrial Fanless Intel Haswell Computer with RAID,ML600G-50,Industrial/Performance/ML600 Series/ML600G-50
Atom-M350JPL-w0k0,SolidLogic Intel Atom M350 Computer - JPL,Industrial (Other),Industrial/Legacy Industrial/Legacy Industrial/Industrial (Other)
Atom-MC500-ogko,Commercial Intel Atom Mini-ITX Computer,,///
Atom-MC500-4gkc,MC500 Atom Mini-ITX Computer,MC500 (Other),Industrial/Fanned/MC500 Series/MC500 (Other)
Atom-MC500-8k8g,MC500 Atom Mini-ITX Computer,MC500 (Other),Industrial/Fanned/MC500 Series/MC500 (Other)
AMV-P2002E-I5,All Mobile Video P2002e-i5,CV-P2002,Panel/Cincoze Panel/P2000 Series/CV-P2002
AMV-P2002E-i5-8os0,All Mobile Video Temporary P2002e-i5 (Kitted),CV-P2002,Panel/Cincoze Panel/P2000 Series/CV-P2002
AMD-ML251,ML251 AMD Fusion Fanless Mini Industrial Computer,ML250 (Other),Industrial/Gateway/ML250 Series/ML250 (Other)
AMW-ML500-Proto-s8cg,American Woodmark ML500 Prototype,ML500 (Other),Industrial/Performance/ML500 Series/ML500 (Other)
AMW-ML500-WiFi,American Woodmark ML500 WiFi,ML500 (Other),Industrial/Performance/ML500 Series/ML500 (Other)
AMW-ML400 No SP-o8s0,American Woodmark ML400 w/ no SP,ML400 (Other),Industrial/Performance/ML400 Series/ML400 (Other)
AMW-no SP1-w0kc,AMW-no SP1,ML250 (Other),Industrial/Gateway/ML250 Series/ML250 (Other)
AG-150-gkos,Custom ASRock AG150,ML200 (Other),Industrial/Gateway/ML200 Series/ML200 (Other)
AMOS-3001,VIA AMOS-3001 Fanless Rugged Pico-ITX Computer,,Industrial/Legacy Industrial/Legacy Industrial/
AMZL-CL210G-11,Amazon Logistics - Ultra Small Quad Core Fanless Industrial Edge Computer with Sprocket BIOS Settings,,///
RWE-HX310,OnLogic Helix 310 Intel Elkhart Lake Industrial Edge Computer,HX310,Industrial/Gateway/HX300 Series/HX310
MWI-NUVO-7000LP,Neousys Rugged Intel® Coffee Lake Low Profile Fanless Computer,Nuvo-7000LP,Rugged/Performance/Nuvo Series/Nuvo-7000LP
PLB-MC610-55-UL,PLB - OnLogic MC610-55 Intel® 13th Gen GPU Computer,MC610-55,Industrial/Fanned/MC600 Series/MC610-55
AMZN-HX600-MOST-OMNI,Amazon MOST OMNI OnLogic Helix 600 Intel Comet Lake Expanded Industrial Edge Computer,HX600,Industrial/Performance/HX600 Series/HX600
LDS-AC101,OnLogic Axial AC101 Rackmount Edge Server,AC101,Server/1U & 1.5U Rackmount/Axial Series/AC101
Prelect-FR201,Factor 201 Raspberry Pi Industrial IoT Gateway,FR201,Industrial/Small Form Factor/FR200 Series/FR201
DX-1100-0b4c,Cincoze Rugged 9th/8th Gen Intel Core High-Performance Compact Computer,DX-1100,Rugged/Mid Tier/DX Series/DX-1100
RGS-8805GC-UL-OLG-ULTEST,RGS-8805GC - Neousys Rugged High Performance Server,RGS-8805GC,Rugged/High Performance/Nuvo Series/RGS-8805GC
WRA-AU140,Warren Rogers Associates AU140 Intel Atom Industrial Control Computer,Rugged (Other),Rugged/Legacy Rugged/Legacy Rugged/Rugged (Other)
Z-tech-ML350G-10-osw0,Compacte fanless pc met Apollo Lake,ML350G-10,Industrial/Gateway/ML300 Series/ML350G-10
ZIMR-ML350G-10-V2,Zimmer Biomet ML350G-10-V2 MPL164026-02 (MPL500028-02 + MPL147063-01),ML350G-10,Industrial/Gateway/ML300 Series/ML350G-10
FR201-EMS-01,Factor 201 Raspberry Pi Industrial IoT Gateway,FR201,Industrial/Small Form Factor/FR200 Series/FR201
PVH-K410,[DON'T USE] Karbon 410 Intel Elkhart Lake Compact Rugged Computer,K410,Rugged/Entry/K400 Series/K410
SE-HX511-BR,"Siemens Energy, Inc OnLogic Helix 511 Fanless Intel 12th Gen Edge Computer",HX511,Industrial/Performance/HX500 Series/HX511
DS-1302-014e,Cincoze Rugged Intel 10th Gen Comet Lake Fanless Computer with 2 PCI/PCIe,DS-1302,Rugged/Mid Tier/DS Series/DS-1302
ALmix-HX511-RAID,ALmix - OnLogic Helix 511 Fanless Intel 12th Gen Edge Computer,HX511,Industrial/Performance/HX500 Series/HX511
REPL-ML100G-52-US,Industrial Fanless Intel Whiskey Lake Embedded NUC With Dual LAN,ML100G-52,Industrial/Entry/ML100 Series/ML100G-52
NBCU-HX600-2000,NBCUniversal - OnLogic Helix 600 Intel Comet Lake Expanded Industrial Edge Computer,HX600,Industrial/Performance/HX600 Series/HX600
DMC-CL250,CL250 Ultra Small Fanless Industrial Edge Gateway,CL250,Industrial/Small Form Factor/CL200 Series/CL250
VMED-MK150-g8w8-8gog,VMED-MK150,MK150 (Other),Server/1U & 1.5U Rackmount/MK150 Series/MK150 (Other)
VMED-MK150-SYS-0290,VMED-MK150,MK150 (Other),Server/1U & 1.5U Rackmount/MK150 Series/MK150 (Other)
Visicon-K700-X2,Karbon 700 Expanded High-Performance Rugged Edge Computer,K700-X2,Rugged/Performance/K700 Series/K700-X2
Videotel-MC600-52-8c40,Commercial Intel Skylake Computer with Expansion,MC600-52,Industrial/Fanned/MC600 Series/MC600-52
VideoNEXT-MC500-4owk,Commercial Intel Haswell Desktop Mini-ITX Computer,,///
VMED-HX600-4wko,Veran Medical OnLogic Helix 600 Intel Comet Lake Expanded Industrial Edge Computer,HX600,Industrial/Performance/HX600 Series/HX600
VIDYO-NC220-4k8w,Vidyo NUC Platform,NC200 (Other),Industrial/Legacy Industrial/NC200 Series/NC200 (Other)
TURN-K410-UL,Karbon 410 Intel Elkhart Lake Compact Rugged Computer,K410,Rugged/Entry/K400 Series/K410
Tabify-HX500,Tabify - OnLogic Helix 500 Intel Comet Lake Industrial Edge Computer,HX500,Industrial/Performance/HX500 Series/HX500
SEC-K700-1TBRAID1,SEC ACCS - 1TB Karbon 700-SE-2 High-Performance Rugged Edge Computer,K700-SE-2,Rugged/Performance/K700 Series/K700-SE-2
Dedrone-AX301-PROTO,Dedrone Engineering Prototype,AX300,Server/3U Rackmount/Axial Series/AX300
TZTO-FR201,BikeHub Factor 201 Raspberry Pi Industrial IoT Gateway,FR201,Industrial/Small Form Factor/FR200 Series/FR201
RODI-K801-UL,RODIO Soluciones a tu alcance OnLogic Karbon 801 Low-Profile High-Performance Rugged Computer,K801,Rugged/Performance/K800 Series/K801
IND-K803-UL,OnLogic Karbon 803 High-Performance Rugged Computer w/PCIe,K803,Rugged/Performance/K800 Series/K803
HX600-081d,Copy of Onlogic Helix 610 Intel Comet Lake Industrial Edge Computer With Optional Hot Swap Storage,HX610,Industrial/Performance/HX600 Series/HX610
INW-HX310-128,OnLogic Helix 310 Intel Elkhart Lake Industrial Edge Computer,HX310,Industrial/Gateway/HX300 Series/HX310
BLAST-CL210G-11,BlastShield® Gateway Fanless Industrial USFF Edge Device w/ Dual LAN,CL210G-11,Industrial/Small Form Factor/CL200 Series/CL210G-11
Weeks-HX600,OnLogic Helix 600 Intel Comet Lake Expanded Industrial Edge Computer,HX600,Industrial/Performance/HX600 Series/HX600
WEGL-ML400G-10-sgow,Industrial Intel Bay Trail Celeron Mini-ITX Computer,ML400G-10,Industrial/Performance/ML400 Series/ML400G-10
VORTEX_POC-100ST-g8w4,Neousys Rugged Compact Fanless Intel Atom Computer for Vortex Aquatic Structures,,///
Ubi-ML450G-11,Ubi Fanless Industrial Intel Apollo Lake Mini-ITX Computer,ML450G-11,Industrial/Performance/ML400 Series/ML450G-11
CLR-HX511,Clarios - OnLogic Helix 511 Fanless Intel 12th Gen Edge Computer,HX511,Industrial/Performance/HX500 Series/HX511
CYAN-K801,OnLogic Karbon 801 Low-Profile High-Performance Rugged Computer,K801,Rugged/Performance/K800 Series/K801
AEA-FR201-2025,AEA - Factor 201 Raspberry Pi Industrial IoT Gateway,FR201,Industrial/Small Form Factor/FR200 Series/FR201
1VLT-HX310-V2,1Valet v2 OnLogic Helix 310 Intel Elkhart Lake Industrial Edge Computer,HX310,Industrial/Gateway/HX300 Series/HX310
TOMRA-K801-LOW,OnLogic Karbon 801 Low-Profile High-Performance Rugged Computer,K801,Rugged/Performance/K800 Series/K801
CL100-179d,Hologic Fanless Industrial Mini PC,CL100,Industrial/Small Form Factor/CL100 Series/CL100
OC-HX401-VESA-EU,Owens Corning OnLogic Helix 401 Fanless Hybrid-Core Computer with VESA,HX401,Industrial/Entry/HX400 Series/HX401
SE-HX511-US,OnLogic Helix 511 Fanless Intel 12th Gen Edge Computer,HX511,Industrial/Performance/HX500 Series/HX511
VDP-ML600G-50,VDP-ML600G-50,ML600G-50,Industrial/Performance/ML600 Series/ML600G-50
TVU-MKKIT-so4o-4cs8,TVU MK103 Rackmount Kit,,Components/Components/Components/
TYSTAR-CV-P1101,Cincoze Rugged Panel PC,CV-P1101,Panel/Cincoze Panel/P1000 Series/CV-P1101
TWA-Nuvo-8108GC-Brain,Neousys Rugged Edge AI Computer,Nuvo-8108GC,Rugged/High Performance/Nuvo Series/Nuvo-8108GC
TYT-CT100v02-GER,Tykma Technologies Baytrail CT100 Computer w/ German Windows,,Components/Components/Components/
HX511-KAYE,Crossnokaye - OnLogic Helix 511 Fanless Intel 12th Gen Edge Computer,HX511,Industrial/Performance/HX500 Series/HX511
BRCK-ML100G-54-w5v01,Fanless Intel® N97 Industrial NUC,ML100G-54,Industrial/Entry/ML100 Series/ML100G-54
K700-SPSS,Airport Baggage and Handling (ABH),K700-SE,Rugged/Performance/K700 Series/K700-SE
CNX-K700-SPSS-NOS,Airport Baggage and Handling (SPSS) (No Image),K700-SE,Rugged/Performance/K700 Series/K700-SE
RHS-HX310-16GB,OnLogic Helix 310 Intel Elkhart Lake Industrial Edge Computer,HX310,Industrial/Gateway/HX300 Series/HX310
TFT-HX610,Town Fair Tire - Onlogic Helix 610 Intel Comet Lake Industrial Edge Computer With Optional Hot Swap Storage,HX610,Industrial/Performance/HX600 Series/HX610
HX310-b20b,OnLogic Helix 310 Intel Elkhart Lake Industrial Edge Computer,HX310,Industrial/Gateway/HX300 Series/HX310
HX330-b20c,OnLogic Helix 330 Intel Elkhart Lake Industrial Edge Computer w/Additional LAN,HX330,Industrial/Gateway/HX300 Series/HX330
KWIK-CV-P1101-P10-00297,KWIK-CV-P1101-P10-00297 : Cincoze Rugged Intel Apollo Lake Panel PC,CV-P1101,Panel/Cincoze Panel/P1000 Series/CV-P1101
Xerox-5000LP-cwwo,Neousys Rugged Intel Skylake Low Profile Fanless Computer,,///
XD-PRO5,XD-PRO5,CL100,Industrial/Small Form Factor/CL100 Series/CL100
XTRN-MC500-IoT,XTRN-MC500-IoT,MC500 (Other),Industrial/Fanned/MC500 Series/MC500 (Other)
XTRN-proto-4sc0,Commercial Intel Atom Mini-ITX Computer,MC500 (Other),Industrial/Fanned/MC500 Series/MC500 (Other)
VRS-NUC5i5MYBE-4gks,"Intel NUC5i5MYBE ""Maple Canyon"" Broadwell i5 NUC Motherboard",,Components/Components/Components/
VSR-ML500G-50,VSR Technologies ML500G-50,ML500G-50,Industrial/Performance/ML500 Series/ML500G-50
VPND-CL100-ckc4,Industrial Fanless Mini PC,CL100,Industrial/Small Form Factor/CL100 Series/CL100
VPND-ML210G-12,Vipond ML210G-12,ML210G-12,Industrial/Gateway/ML200 Series/ML210G-12
VRN-MK150-kk8k,Veran Medical MK150,MK150 (Other),Server/1U & 1.5U Rackmount/MK150 Series/MK150 (Other)
SCTR-AC101-c848-PROTO,OMNI - OnLogic Axial AC101 Rackmount Edge Server,AC101,Server/1U & 1.5U Rackmount/Axial Series/AC101
HX610-12be,Re:Build Optimation Technology T1 Onlogic Helix 610 Intel Comet Lake Industrial Edge Computer With Optional Hot Swap Storage,HX610,Industrial/Performance/HX600 Series/HX610
CELL-HX600-UL,OnLogic Helix 600 Intel Comet Lake Expanded Industrial Edge Computer,HX600,Industrial/Performance/HX600 Series/HX600
EL-CL250,SDI Element - CL250 Ultra Small Fanless Industrial Edge Gateway,CL250,Industrial/Small Form Factor/CL200 Series/CL250
NOK-K804,OnLogic Karbon 804 NOKIA VPOD (WiFi) - Global version,K804,Rugged/Performance/K800 Series/K804
OC-HX401-DIN-IN,OnLogic Helix 401 Fanless Hybrid-Core Computer,HX401,Industrial/Entry/HX400 Series/HX401
MC610-55-af39,Blue Origin - MC610-55 Intel® 13th Gen GPU Computer,MC610-55,Industrial/Fanned/MC600 Series/MC610-55
AMZN-HX600-METIS-PROTO,OnLogic Helix 600 Intel Comet Lake Expanded Industrial Edge Computer,HX600,Industrial/Performance/HX600 Series/HX600
SICK-K700-SE-NSSD-NOS-EB,Karbon 700 High-Performance Rugged Edge Computer,K700-SE,Rugged/Performance/K700 Series/K700-SE
ULTR-MK100B-Proto-jk2r,1U Rackmount Intel Coffee Lake Computer,,///
UE-MV101v2,Unitec Electronics UE-MV101v2,,Industrial/Fanned/Other/
UNSW-DX-1000-4o8c,Rugged Compact Fanless Embedded Interface Unit,,///
MK022-RACKMOUNT,MK022 Fanless Rackmount Adapter,Mounting Brackets,Components/Components/Components/Mounting Brackets
Quuppa-HX511,OnLogic Helix 511 Fanless Intel 12th Gen Edge Computer,HX511,Industrial/Performance/HX500 Series/HX511
SCNK-HX310,SCNK-HX310 OnLogic Helix 310 Intel Elkhart Lake Industrial Edge Computer,HX310,Industrial/Gateway/HX300 Series/HX310
SI-FR201-BR,Factor 201 Raspberry Pi Industrial IoT Gateway,FR201,Industrial/Small Form Factor/FR200 Series/FR201
FR201-CIP-MGMT,Corning - Factor 201 Raspberry Pi Industrial IoT Gateway,FR201,Industrial/Small Form Factor/FR200 Series/FR201
HX600-c649,OnLogic Helix 600 Intel Comet Lake Expanded Industrial Edge Computer,HX600,Industrial/Performance/HX600 Series/HX600
WC-MC500-0skg,World Cinema MC500,,///
WC MK100 -ocwk,World Cinema MK100 Rackmount,MK100 (Other),Server/1U & 1.5U Rackmount/MK100 Series/MK100 (Other)
WM-TN101R-21,Waste Mgmt - OnLogic Tacton TN101 Industrial Display,,///
UPTI-K410,Karbon 410 Intel Elkhart Lake Compact Rugged Computer,K410,Rugged/Entry/K400 Series/K410
UPTI-K410-V2,Karbon 410 Intel Elkhart Lake Compact Rugged Computer,K410,Rugged/Entry/K400 Series/K410
UPTIME-K700-SE,Uptime Karbon 700 High-Performance Rugged Edge Computer,K700-SE,Rugged/Performance/K700 Series/K700-SE
UOI-MC500v3-Dominos,Unified Office Dominos TCN,MC500 (Other),Industrial/Fanned/MC500 Series/MC500 (Other)
UOI MC600-gkg4,UOI MC600,MC600 (Other),Industrial/Fanned/MC600 Series/MC600 (Other)
USPS- Nuvo- Hotswap-kc88,USPS- Nuvo- Hotswap,,///
HX511-CTO,OnLogic Helix 511 Fanless Intel 12th Gen Edge Computer - Configure To Order,HX511,Industrial/Fanless/HX500 Series/HX511
SYTECH-MC510-55,Systems Technologies OnLogic MC510-55 Intel® 13th Gen Edge Computer,MC510-55,Industrial/Fanned/MC500 Series/MC510-55
HX610-0c72,Evolugen w/ i9 - Onlogic Helix 610 Intel Comet Lake Industrial Edge Computer With Optional Hot Swap Storage,HX610,Industrial/Performance/HX600 Series/HX610
MK150-Wach1.5UServer-MP-F-DRAFT-2,Intel Skylake 1.5U Rackmount Computer,MK150 (Other),Server/1U & 1.5U Rackmount/MK150 Series/MK150 (Other)
WTS-MC510-50,Industrial Intel Coffee Lake Mini-ITX Computer,,///
WRA-FR201-V2,Factor 201 Raspberry Pi Industrial IoT Gateway,FR201,Industrial/Small Form Factor/FR200 Series/FR201
WYNR-CL210G-11,Ultra Small Quad Core Fanless Industrial Edge Computer,CL210G-11,Industrial/Small Form Factor/CL200 Series/CL210G-11
VAF-ML450G-51-kkw4,Lüfterloser Industrie-Mini-ITX-PC mit Intel Skylake und 3 HDMI-Ports,ML450G-51,Industrial/Performance/ML400 Series/ML450G-51
VANT-DS-1101-R20,Vantage Rugged Intel Skylake Fanless Computer with Expansion,,///
PK-MC510-55,Photon Kinetics - OnLogic MC510-55 Intel® 13th Gen Edge Computer,MC510-55,Industrial/Fanned/MC500 Series/MC510-55
UOI-CL250,CL250 Ultra Small Fanless Industrial Edge Gateway,CL250,Industrial/Small Form Factor/CL200 Series/CL250
RaaLabs-DC-K801,OnLogic Karbon 801 Low-Profile High-Performance Rugged Computer,K801,Rugged/Performance/K800 Series/K801
ADT-HX511-WIFI,OnLogic Helix 511 Fanless Intel 12th Gen Edge Computer,HX511,Industrial/Performance/HX500 Series/HX511
67c062159a1d9822e9ccb79d,Copy of Karbon 410 Intel Elkhart Lake Compact Rugged Computer,K410,Rugged/Entry/K400 Series/K410
HELIN-HX500,OnLogic Helix 500 Intel Comet Lake Industrial Edge Computer,HX500,Industrial/Performance/HX500 Series/HX500
FPS-K801-UL,OnLogic Karbon 801 Low-Profile High-Performance Rugged Computer,K801,Rugged/Performance/K800 Series/K801
OBS-K410,Karbon 410 Intel Elkhart Lake Compact Rugged Computer,K410,Rugged/Entry/K400 Series/K410
PEP-HX500r2-AVEVAr2,PepsiCo Helix500 Industrial Edge Computer with Aveva InTouch,HX500,Industrial/Performance/HX500 Series/HX500
WM-HX500-5b6w,OnLogic Helix 500 Intel Comet Lake Industrial Edge Computer,HX500,Industrial/Performance/HX500 Series/HX500
USSeafoodAU912-k8gc,LGX AU912 Intel Core i Mobile Fanless Rugged Computer,Rugged (Other),Rugged/Legacy Rugged/Legacy Rugged/Rugged (Other)
KHLR-TC401R,Kohler- OnLogic Tacton TC401 Intel 12th Gen All-in-one Panel PC,TC401,Panel/OnLogic Panel/Tacton Series/TC401
E77905-HMI-CONFIG,E77905-HMI-CONFIG,TC401,Panel/OnLogic Panel/Tacton Series/TC401
KNTK-TC401-12IN,Kinetik - OnLogic Tacton TC401 Intel 12th Gen All-in-one Panel PC,TC401,Panel/OnLogic Panel/Tacton Series/TC401
BAST-TC401R-PCAP,Bastian Solutions OnLogic Tacton TC401 Intel 12th Gen All-in-one Panel PC,TC401,Panel/OnLogic Panel/Tacton Series/TC401
8AVE-TC401R-215,OnLogic Tacton TC401 Intel 12th Gen All-in-one Panel PC,TC401,Panel/OnLogic Panel/Tacton Series/TC401
ALPI-DS-1302,Alpine - Cincoze Rugged Intel 10th Gen Comet Lake Fanless Computer with 2 PCI/PCIe,DS-1302,Rugged/Mid Tier/DS Series/DS-1302
Midgaard-HX310-512Nvme-16GB,OnLogic Helix 310 Intel Elkhart Lake Industrial Edge Computer,HX310,Industrial/Gateway/HX300 Series/HX310
BAUW-K430,BauWatch Karbon 430 Intel Elkhart Lake Compact Rugged Computer with Expansion,K430,Rugged/Entry/K400 Series/K430
MK150-Wach1.5UServer-MP,Intel Skylake 1.5U Rackmount Computer,MK150 (Other),///MK150 (Other)
MK150-Wach1.5UServer-MP-2,Intel Skylake 1.5U Rackmount Computer,MK150 (Other),///MK150 (Other)
AMZL-MOST-HX524-Proto,Helix 521 Meteor Lake Fanless Computer,HX524,Industrial/Performance/HX500 Series/HX524
MCMC-TN101R-21,OnLogic Tacton TN101 Industrial Display,TN101,Panel/OnLogic Panel/Tacton Series/TN101
CL250,CL250 Ultra Small Fanless Industrial Edge Gateway,CL250,Industrial/Small Form Factor/CL200 Series/CL250
WRA-FR201-TEST,WRA Factor 201 Raspberry Pi Industrial IoT Gateway Regulatory Test Unit,FR201,Industrial/Small Form Factor/FR200 Series/FR201
MK100B-54-25eb,1U Rackmount Intel Xeon E Edge Server,MK100B-54,Server/1U & 1.5U Rackmount/MK100 Series/MK100B-54
T&L-FTClient-veldkast-HX401,OnLogic Helix 401 Fanless Hybrid-Core Computer,HX401,Industrial/Entry/HX400 Series/HX401
SISP-HX401,OnLogic Helix 401 Fanless Hybrid-Core Computer,HX401,Industrial/Entry/HX400 Series/HX401
CARG-HX401,Cargill Inc OnLogic Helix 401 Fanless Hybrid-Core Computer,HX401,Industrial/Entry/HX400 Series/HX401
K804,OnLogic Karbon 804 High-Performance Rugged Computer w/ModBay & PCIe,K804,Rugged/Performance/K800 Series/K804
K804-5384,OnLogic Karbon 804 High-Performance Rugged Computer w/ModBay & PCIe,K804,Rugged/Performance/K800 Series/K804
K804-ab25,OnLogic Karbon 804 High-Performance Rugged Computer w/ModBay & PCIe,K804,Rugged/Performance/K800 Series/K804
NOK-K804-EU-4G,OnLogic Karbon 804 High-Performance Rugged Computer w/ModBay & PCIe,K804,Rugged/Performance/K800 Series/K804
LTRM-K804-HSI,Laitram Machinery - OnLogic Karbon 804 High-Performance Rugged Computer w/ModBay & PCIe,K804,Rugged/Performance/K800 Series/K804
EIGN-K802-02,OnLogic Karbon 802 High-Performance Rugged Computer w/ModBay,K802,Rugged/Performance/K800 Series/K802
AutoStore-K802,OnLogic Karbon 802 High-Performance Rugged Computer w/ModBay,K802,Rugged/Performance/K800 Series/K802
HVP-K802-401,Hitachi Vantara - OnLogic Karbon 802 High-Performance Rugged Computer w/ModBay,K802,Rugged/Performance/K800 Series/K802
MWI-K802,Micro Technologies Karbon 802 High-Performance Rugged Computer w/ModBay,K802,Rugged/Performance/K800 Series/K802
SOLV-K802-HE-UL,SOLV - OnLogic Karbon 802 High-Performance Rugged Computer w/ModBay,K802,Rugged/Performance/K800 Series/K802
K804-ZebraProto-1574,OnLogic Karbon 804 High-Performance Rugged Computer w/ModBay & PCIe,K804,Rugged/Performance/K800 Series/K804
K804-0ca3,OnLogic Karbon 804 High-Performance Rugged Computer w/ModBay & PCIe,K804,Rugged/Performance/K800 Series/K804
VEST-K802,OnLogic Karbon 802 High-Performance Rugged Computer w/ModBay,K802,Rugged/Performance/K800 Series/K802
DF-PHNX-X-K802,OnLogic Karbon 802 High-Performance Rugged Computer w/ModBay,K802,Rugged/Performance/K800 Series/K802
BOSI-K804-BASIC,BOS Innovations - OnLogic Karbon 804 High-Performance Rugged Computer w/ModBay & PCIe,K804,Rugged/Performance/K800 Series/K804
BOSI-K804-AIVSSM,BOS Innovations - OnLogic Karbon 804 High-Performance Rugged Computer w/ModBay & PCIe,K804,Rugged/Performance/K800 Series/K804
SECO-K845-PALLADIO400RPL,OnLogic Karbon 802 High-Performance Rugged Computer w/ModBay,K802,Rugged/Performance/K800 Series/K802
NOK-K804-US,OnLogic Karbon 804 High-Performance Rugged Computer w/ModBay & PCIe,K804,Rugged/Performance/K800 Series/K804
ML100G-56,Fanless Intel Core Ultra Industrial NUC,ML100G-56,Industrial/Entry/ML100 Series/ML100G-56
GEAD-K804-IPC-r01,OnLogic Karbon 804 High-Performance Rugged Computer w/ModBay & PCIe,K804,Rugged/Performance/K800 Series/K804
DAI2-HX500,OnLogic Helix 500 Intel Comet Lake Industrial Edge Computer,HX500,Industrial/Performance/HX500 Series/HX500
HX500,OnLogic Helix 500 Intel Comet Lake Industrial Edge Computer,HX500,Industrial/Performance/HX500 Series/HX500
SPACEX-MC600-GFX,SpaceX-MC600-GFX,MC600-50,Industrial/Fanned/MC600 Series/MC600-50
SPACEX-MC600,SpaceX-MC600,MC600-50,Industrial/Fanned/MC600 Series/MC600-50
SKOUT-EU-ML450G-52,Skout Secure Intelligence EMEA Industrial Intel Skylake Mini-ITX Customizable Computer,ML450G-52,Industrial/Performance/ML400 Series/ML450G-52
Shire-Pro-Plus,Pwnie Express Shire Pro Plus,ML340G-51,Industrial/Gateway/ML300 Series/ML340G-51
SFLY-HX600-ETL,OnLogic Helix 600 Intel Comet Lake Expanded Industrial Edge Computer,HX600,Industrial/Performance/HX600 Series/HX600
SFLY-HX600-PILOT,SafelyYou Helix 600 Intel Comet Lake Expanded Industrial Edge Computer,HX600,Industrial/Performance/HX600 Series/HX600
SI-DS-1000-080c,Cincoze DS-1000 Rugged Haswell Desktop,,///
RAMLAB-HX500,OnLogic Helix 500 Intel Comet Lake Industrial Edge Computer,HX500,Industrial/Performance/HX500 Series/HX500
RBCN-POC-351VTC-ATT,Rubicon Neousys Rugged Compact Intel Apollo Lake In-Vehicle Computer,POC-351VTC,Rugged/Entry/POC Series/POC-351VTC
RAAL-ML100G-53,Industrial Fanless Intel 11th Gen Tiger Lake NUC,,///
RT130-NCTD-40gs,Rugged Intel Ivy Bridge In-Vehicle Computer,Rugged (Other),Rugged/Legacy Rugged/Legacy Rugged/Rugged (Other)
PVGL-HX600,OnLogic Helix 600 Intel Comet Lake Expanded Industrial Edge Computer,HX600,Industrial/Performance/HX600 Series/HX600
PVH-2-K700-SE-2,Karbon 700-SE-2 High-Performance Rugged Edge Computer,K700-SE-2,Rugged/Performance/K700 Series/K700-SE-2
POC-351VTC-o044-4owo,Neousys Rugged Compact Intel Apollo Lake In-Vehicle Computer,,///
POC-351VTC-scsw,Rugged Compact Intel Apollo Lake In-Vehicle Computer,,///
POWN-D210,Mitac 21.5” Thin Industrial Panel PC,D210-11KS,Panel/Mitac Panel/D Series/D210-11KS
POC-351VTC-8c8o,Neousys Rugged Compact Intel Apollo Lake In-Vehicle Computer,,///
POC-500-88kc,Inogec POC-500 SKU,,///
P2002-kskc,Cincoze Intel Skylake Core i Panel PC,,///
P2002-84gk,Cincoze Intel Skylake Core i Panel PC,,///
P2002-gmdz,Cincoze Intel Skylake Core i5 Panel PC,P2002,Rugged/Entry/P2000 Series/P2002
p2002-wkg8,Cincoze Intel Skylake Core i Panel PC,,///
NW-C292-4kcc,Industrial Intel Bay Trail Celeron Mini-ITX Computer,Industrial (Other),Industrial/Legacy Industrial/Legacy Industrial/Industrial (Other)
Nuvo-3100VTC-ggc0-4o0w,Neousys Rugged Intel Ivy Bridge Compact In-Vehicle Computer,,///
Nuvo-3100VTC-k04g,Neousys Rugged Intel Ivy Bridge Compact In-Vehicle Computer,,///
Nuvo-3100VTC,Neousys Rugged Intel Ivy Bridge Compact In-Vehicle Computer,Nuvo-3100VTC,Rugged/Legacy Rugged/Nuvo Series/Nuvo-3100VTC
Nuvo-3003E-50-8wwk,Neousys Rugged Intel Core Fanless Computer,,///
Nuvo-3100VTC-4sco,Nuvo-3100VTC Fanless In-Vehicle Computer,,///
Nuvo-3100VTC-4ow0,Neousys Rugged Intel Ivy Bridge Compact In-Vehicle Computer,,///
Nuvo-2510VTC-sg48,Neousys Rugged Efficient In-Vehicle Computer with PoE,,///
MX-AtomML250,Medvantx MX-AtomML250,ML250 (Other),Industrial/Gateway/ML250 Series/ML250 (Other)
MX-AtomM350,Medvantx Atom M350 Mini-ITX System,,Industrial/Fanned/Other/
MVXMC600D-wwcw,MedVantx Core I System w/ Custom OS Image,MC600 (Other),Industrial/Fanned/MC600 Series/MC600 (Other)
MVXMC500-go4w,Core i MC500 System,MC500 (Other),Industrial/Fanned/MC500 Series/MC500 (Other)
ML600G-52-7vlj,Fanless Industrial Intel Skylake Computer,ML600G-52,Industrial/Performance/ML600 Series/ML600G-52
ML600G-52-8c8w,Industrial Fanless Intel Skylake Computer,ML600G-52,Industrial/Performance/ML600 Series/ML600G-52
ML600G-51-gcg4,Industrial Fanless Intel Xeon Server Computer,ML600G-51,Industrial/Performance/ML600 Series/ML600G-51
ML600G-52-40k4,Industrial Fanless Intel Skylake Computer,ML600G-52,Industrial/Performance/ML600 Series/ML600G-52
ML600G-52-1a7f,Fanless Industrial Intel Skylake Computer,ML600G-52,Industrial/Performance/ML600 Series/ML600G-52
ML600G-52-99as,Fanless Industrial Intel Skylake Computer,ML600G-52,Industrial/Performance/ML600 Series/ML600G-52
ML600G-51-swsc,Industrial Fanless Intel Xeon Server Computer,ML600G-51,Industrial/Performance/ML600 Series/ML600G-51
ML500G-30,Fanless Industrial Intel 6th Gen Computer,ML500G-30,Industrial/Performance/ML500 Series/ML500G-30
ML500G-30-8g0o,Industrial Intel 6th Gen Fanless Computer w/optional i7 and 4 COM,ML500G-30,Industrial/Performance/ML500 Series/ML500G-30
ML500G-30-0sws,Industrial Intel 6th Gen Fanless Computer w/optional i7 and 4 COM,ML500G-30,Industrial/Performance/ML500 Series/ML500G-30
ML500G-30-44oo,Fanless Industrial Intel 6th Gen Computer w/optional i7 and 4 COM,ML500G-30,Industrial/Performance/ML500 Series/ML500G-30
ML500G-30-8o0o,Industrial Intel 6th Gen Fanless Computer w/optional i7 and 4 COM,ML500G-30,Industrial/Performance/ML500 Series/ML500G-30
ML450PI-51-sggc,Industrial Intel Skylake Mini-ITX Computer,ML450G-51,Industrial/Performance/ML400 Series/ML450G-51
ML450G-52-os0k,Industrial Intel Kaby Lake Mini-ITX Customizable Computer,ML450G-52,Industrial/Performance/ML400 Series/ML450G-52
ML450G-55-owg0,Scanmeg Fanless Industrial Computer,ML400 (Other),Industrial/Performance/ML400 Series/ML400 (Other)
ml500g-30-2hgp,Fanless Industrial Intel 6th Gen Computer w/optional i7 and 4 COM iView,,///
ML100G-40-i42c,Compact Fanless AMD Ryzen Mini PC,,///
ML100G-40-drwt,Compact Fanless AMD Ryzen Mini PC,ML100G-40,Industrial/Entry/ML100 Series/ML100G-40
ML100G-31-ggws,Industrial Intel Dawson Canyon Fanless NUC Computer,ML100G-31,Industrial/Entry/ML100 Series/ML100G-31
ML100G-31-k4wc,Industrial Intel Dawson Canyon Fanless NUC Computer,ML100G-31,Industrial/Entry/ML100 Series/ML100G-31
ML100G-41-4220,Industrial Fanless AMD Ryzen 4000 Compact Computer,ML100G-41,Industrial/Entry/ML100 Series/ML100G-41
ML100G-40-iuel,Compact Fanless AMD Ryzen Mini PC,,///
ML100G-31-w4kw,Fanless Industrial Intel Dawson Canyon NUC Computer,ML100G-31,Industrial/Entry/ML100 Series/ML100G-31
ML100G-31-kk4o,Industrial Intel Dawson Canyon Fanless NUC Computer,ML100G-31,Industrial/Entry/ML100 Series/ML100G-31
ML100G-31-c484,Fanless Industrial Intel Dawson Canyon NUC Computer,ML100G-31,Industrial/Entry/ML100 Series/ML100G-31
ML100G-30-osw8,Industrial Intel Broadwell Fanless NUC Computer,ML100G-30,Industrial/Entry/ML100 Series/ML100G-30
ML100G-30-k8s0,Industrial Intel Broadwell Fanless NUC Computer,ML100G-30,Industrial/Entry/ML100 Series/ML100G-30
ML100G-30-c0gs,Industrial Intel Broadwell Fanless NUC Computer,ML100G-30,Industrial/Entry/ML100 Series/ML100G-30
ML100G-30-cwo8,Industrial Intel Broadwell Fanless NUC Computer,ML100G-30,Industrial/Entry/ML100 Series/ML100G-30
MK150B-51-o004,Commercial Intel Xeon 1.5U Rackmount Server,MK150B-51,Server/1U & 1.5U Rackmount/MK150 Series/MK150B-51
ML100G-30-sg44,Industrial Intel Broadwell Fanless NUC Computer,ML100G-30,Industrial/Entry/ML100 Series/ML100G-30
ML100G-30-gccs,Industrial Intel Broadwell Fanless NUC Computer,ML100G-30,Industrial/Entry/ML100 Series/ML100G-30
ML100G-30-Trussmaster-4wwc,Industrial Intel Broadwell Fanless NUC Computer,ML100G-30,Industrial/Entry/ML100 Series/ML100G-30
ML100G-30_skylake-gks8-8kc4,Industrial Intel Broadwell Fanless NUC Computer,ML100G-30,Industrial/Entry/ML100 Series/ML100G-30
ML100G-30-gk8k,Industrial Intel Broadwell Fanless NUC Computer,ML100G-30,Industrial/Entry/ML100 Series/ML100G-30
MK100B-10-woc8,Intel Bay Trail 1U Rackmount Computer,MK100B-10,Server/1U & 1.5U Rackmount/MK100 Series/MK100B-10
MK100B-10-wco0,Intel Bay Trail 1U Rackmount Computer,MK100B-10,Server/1U & 1.5U Rackmount/MK100 Series/MK100B-10
MITS-ML100G-52,Industrial Fanless Intel Whiskey Lake Embedded NUC With Dual LAN,ML100G-52,Industrial/Entry/ML100 Series/ML100G-52
MK100B-40-4c38,1U Rackmount AMD Ryzen Server,MK100B-40,Server/1U & 1.5U Rackmount/MK100 Series/MK100B-40
MK100-Ciholas-8ow4,Intel Core 1U Rackmount Computer,MK100 (Other),Server/1U & 1.5U Rackmount/MK100 Series/MK100 (Other)
MC510-11-g4g4,Industrial Intel Apollo Lake Mini-ITX Computer with Celeron J3455,MC500 (Other),Industrial/Fanned/MC500 Series/MC500 (Other)
MC510-40,Industrial AMD Ryzen Mini-ITX Computer,MC510-40,Industrial/Fanned/MC500 Series/MC510-40
MC510-50-0gk0,Intel Kaby Lake Mini-ITX Computer,MC510-50,Industrial/Fanned/MC500 Series/MC510-50
MC510-50-0wcc,Intel Coffee Lake Mini-ITX Computer,MC510-50,Industrial/Fanned/MC500 Series/MC510-50
MC510-50-cg40,Industrial Intel Coffee Lake Mini-ITX Computer,MC510-50,Industrial/Fanned/MC500 Series/MC510-50
MC510-50-4ksk,Industrial Intel Coffee Lake Mini-ITX Computer,,///
MC510-50-gcow,Industrial Intel Coffee Lake Mini-ITX Computer,,///
MC510-40-kko8,AMD Mini-ITX Computer,MC510-40,Industrial/Fanned/MC500 Series/MC510-40
MC510-50-294d,Industrial Intel Coffee Lake Mini-ITX Computer,,///
K803-s6du,OnLogic Karbon 803 High-Performance Rugged Computer w/PCIe,K803,Rugged/Performance/K800 Series/K803
K803-xc7s,OnLogic Karbon 803 High-Performance Rugged Computer w/PCIe,K803,Rugged/Performance/K800 Series/K803
K803-q6at,OnLogic Karbon 803 High-Performance Rugged Computer w/PCIe,K803,Rugged/Performance/K800 Series/K803
K802-m6ds,OnLogic Karbon 802 High-Performance Rugged Computer w/ModBay,,///
K804-5l9f,OnLogic Karbon 804 High-Performance Rugged Computer w/ModBay & PCIe,K804,Rugged/Performance/K800 Series/K804
K802-vp83,OnLogic Karbon 802 High-Performance Rugged Computer w/ModBay,,///
k804-1ci1,OnLogic Karbon 804 High-Performance Rugged Computer w/ModBay & PCIe,K801,Rugged/Performance/K800 Series/K801
SNST-EUv01,Sensitech Core ML250 Fanless Industrial Computer - Europe,ML250 (Other),Industrial/Gateway/ML250 Series/ML250 (Other)
SOUND-P2002-UL-V02,Sound P2002 (UL),CV-P2002,Panel/Cincoze Panel/P2000 Series/CV-P2002
SB-MK0100-001W,Bihrle Applied Research MK100 WiFi,MK100B-50,Server/1U & 1.5U Rackmount/MK100 Series/MK100B-50
SCH-WR-ML340G-51,Schuberg Philis Low Profile Fanless Industrial Skylake Computer With Rackmount Adapter,ML340G-51,Industrial/Gateway/ML300 Series/ML340G-51
Schenck-Atom-5677-ccoo,Commercial Intel Atom Computer with Built-In Mounting,Industrial (Other),Industrial/Legacy Industrial/Legacy Industrial/Industrial (Other)
SB-MK0100-001,Bihrle Applied Research MK100,MK100B-50,Server/1U & 1.5U Rackmount/MK100 Series/MK100B-50
SBC-310-K,"ASRock SBC-310 Series Intel Haswell Industrial 3.5"" Motherboard",,Components/Components/Components/
Scotch-Core-ML250-sos8,Industrial Intel Core Mini-ITX Computer,ML250 (Other),Industrial/Gateway/ML250 Series/ML250 (Other)
SCHENCK-ML210-cc4g,Schenck Trebel Industrial Intel Braswell Fanless Computer with Dual Gb LAN,ML210G-12,Industrial/Gateway/ML200 Series/ML210G-12
PWPS-K700-SE,Karbon 700 High-Performance Rugged Edge Computer with UL Marking,K700-SE,Rugged/Performance/K700 Series/K700-SE
PWNIE-M350-o8k4,Pwnie Express Core i5 M350,Industrial (Other),Industrial/Legacy Industrial/Legacy Industrial/Industrial (Other)
PWNE-PWR4-gcg4,Pwnie Express PwnPlug R4,Industrial (Other),Industrial/Legacy Industrial/Legacy Industrial/Industrial (Other)
PWNE-DCCP847DYE,Pwnie Express Custom DCCP847DYE Barebone System,,Industrial/Fanned/Other/
PWNE-PWR4-V2,Pwnie Express PwnPlug R4 V2 (Consigned SSD),,Industrial/Legacy Industrial/Legacy Industrial/
PICA-CL210G-10,Picanol Fanless Industrial USFF Edge Device w/ Dual LAN,CL210G-10,Industrial/Small Form Factor/CL200 Series/CL210G-10
Pillar-C292-wswk,Commercial Intel Atom Computer with Single Expansion,Industrial (Other),Industrial/Legacy Industrial/Legacy Industrial/Industrial (Other)
Pilgrim-MC500Untangle-o4go,Industrial Intel Atom Network Gateway with Untangle,MC500 (Other),Industrial/Fanned/MC500 Series/MC500 (Other)
Photobooth Proto-4wkw,Motherboard Bundle,,Components/Components/Components/
POC-200-skck,Neousys Rugged Compact Fanless Intel Bay Trail Computer,,///
PHX-Nuvo-5000-44so,Neousys Rugged Intel Skylake Fanless Computer,,///
Nxegen ML210-s04s,Nxegen ML210,ML210G-11,Industrial/Gateway/ML200 Series/ML210G-11
NXRS-CL210G-11-ucxn,Nexceris - Ultra Small Quad Core Fanless Industrial Edge Computer. No Image/BIOS/Label,CL210G-10,Industrial/Small Form Factor/CL200 Series/CL210G-10
NXEA-CL210G-11-WIFI,NextEra - Fanless Industrial USFF Edge Device w/ Dual SIM,CL210G-11,Industrial/Small Form Factor/CL200 Series/CL210G-11
OC-HX401-DIN,OnLogic Helix 401 Fanless Hybrid-Core Computer,HX401,Industrial/Entry/HX400 Series/HX401
OHS-NG250R-kk00,1U Rackmount Network Gateway with Untangle,MK100 (Other),Server/1U & 1.5U Rackmount/MK100 Series/MK100 (Other)
Nuvo-7000E-s177,Neousys Rugged Intel Coffee Lake Fanless Computer,,///
Nuvo-7000LP,Neousys Rugged Intel® Coffee Lake Low Profile Fanless Computer,Nuvo-7000LP,Rugged/Performance/Nuvo Series/Nuvo-7000LP
Nuvo-7000LP-8wow,Neousys Rugged Intel® Coffee Lake Low Profile Fanless Computer,,///
Nuvo-5006LP-s8o0,Neousys Rugged Intel Skylake Low Profile Fanless Computer,,///
Nuvo-5095GC-844g,Neousys Rugged Intel Skylake Computer with Optional GPU,,///
NIX18-ML100G-53,Industrial Fanless Intel 11th Gen Tiger Lake NUC,ML100G-53,Industrial/Entry/ML100 Series/ML100G-53
Nissan-5000-040k,Neousys Rugged Intel Skylake Fanless Computer,,///
NC220_INTEL-sk48-wk80-sw4g,Industrial Intel Broadwell Fanless NUC Computer,NC200 (Other),Industrial/Legacy Industrial/NC200 Series/NC200 (Other)
NC220_INTEL-sk48-wk80-k8g4,Industrial Intel Broadwell Fanless NUC Computer,NC200 (Other),Industrial/Legacy Industrial/NC200 Series/NC200 (Other)
NC220-50-4ckw,Commercial Intel Skylake NUC Computer,NC200 (Other),Industrial/Legacy Industrial/NC200 Series/NC200 (Other)
MOTH-ML350G-10,Mother ML350G-10,ML350G-10,Industrial/Gateway/ML300 Series/ML350G-10
MonroeMK103-084k,MonroeMK103,MK100 (Other),Server/1U & 1.5U Rackmount/MK100 Series/MK100 (Other)
ML500G-30-kocg-sokc,Industrial Intel 6th Gen Fanless Computer w/optional i7 and 4 COM,ML500G-30,Industrial/Performance/ML500 Series/ML500G-30
ML500G-50-0cgo,Industrial Intel 6th Gen Fanless Computer w/optional i7,ML500G-50,Industrial/Performance/ML500 Series/ML500G-50
ML500G-30-sggk,Fanless Industrial Intel 6th Gen Computer w/optional i7 and 4 COM,ML500G-30,Industrial/Performance/ML500 Series/ML500G-30
ML440-Black-k484,Intel Haswell Fanless Industrial Computer (Black),ML400 (Other),Industrial/Performance/ML400 Series/ML400 (Other)
ML500G-30-ggo8,Industrial Intel 6th Gen Fanless Computer w/optional i7 and 4 COM,ML500G-30,Industrial/Performance/ML500 Series/ML500G-30
ML500G-30-g08c,Industrial Intel 7th Gen Fanless Computer w/optional i7 and 4 COM,ML500G-30,Industrial/Performance/ML500 Series/ML500G-30
ML500G-30-owww-4o0w,Industrial Intel 6th Gen Fanless Computer w/optional i7 and 4 COM,ML500G-30,Industrial/Performance/ML500 Series/ML500G-30
ML500G-30-8okk,Fanless Industrial Intel 6th Gen Computer w/optional i7 and 4 COM,ML500G-30,Industrial/Performance/ML500 Series/ML500G-30
ML500G-30-o408,Fanless Industrial Intel 7th Gen Computer,ML500G-30,Industrial/Performance/ML500 Series/ML500G-30
ML210G-50-44wk,Industrial Intel Haswell i5 Thin Mini-ITX Computer,ML210G-50,Industrial/Gateway/ML200 Series/ML210G-50
ML210G-50,Fanless Industrial Intel Haswell i5 Thin Mini-ITX Computer,ML210G-50,Industrial/Gateway/ML200 Series/ML210G-50
ML210G-50-440g,Industrial Intel Haswell i5 Thin Mini-ITX Computer,ML210G-50,Industrial/Gateway/ML200 Series/ML210G-50
ml210g-12-ocgo,Industrial Intel Braswell Fanless Computer with Dual Gb LAN,ML210G-12,Industrial/Gateway/ML200 Series/ML210G-12
ML210G-50-Buzz-cc04,Industrial Intel Haswell i5 Thin Mini-ITX Computer,ML210G-50,Industrial/Gateway/ML200 Series/ML210G-50
ML210G-10-kswo,Industrial Fanless Intel Bay Trail Computer,ML210G-10,Industrial/Gateway/ML200 Series/ML210G-10
ML210G-10-l5lz,Fanless Industrial Intel Bay Trail Computer,ML210G-10,Industrial/Gateway/ML200 Series/ML210G-10
ML210G-12-gwoc,Industrial Intel Braswell Fanless Computer with Dual Gb LAN,ML210G-12,Industrial/Gateway/ML200 Series/ML210G-12
ML210G-10carlisle-0kc0,Industrial Intel Bay Trail Fanless Computer,ML210G-10,Industrial/Gateway/ML200 Series/ML210G-10
MK100B-51-s8gw,Intel Skylake 1U Rackmount Computer,MK100B-51,Server/1U & 1.5U Rackmount/MK100 Series/MK100B-51
MK100B-51-skk0,Intel Skylake 1U Rackmount Computer,MK100B-51,Server/1U & 1.5U Rackmount/MK100 Series/MK100B-51
MK100B-51-wo84,Intel Skylake 1U Rackmount Computer,MK100B-51,Server/1U & 1.5U Rackmount/MK100 Series/MK100B-51
MK100B-51-wwgo,Intel Skylake 1U Rackmount Computer,MK100B-51,Server/1U & 1.5U Rackmount/MK100 Series/MK100B-51
MK100B-53-5uxy,1U Rackmount Intel Coffee Lake Computer,,///
MK100B-53-2jnh,1U Rackmount Intel Coffee Lake Computer,MK100B-53,Server/1U & 1.5U Rackmount/MK100 Series/MK100B-53
MK100B-53-5axd,1U Rackmount Intel Coffee Lake Computer,,///
MGN-ML450G-50-c84o,Industrial Intel Haswell Core i3/i5 Mini-ITX Computer,ML450G-50,Industrial/Performance/ML400 Series/ML450G-50
MFG-ML400G-11,Fanless Manufacturing Workstation,ML400 (Other),Industrial/Performance/ML400 Series/ML400 (Other)
Mi400-10,"Mi400-10 10.4"" AMD Fusion Industrial Tablet",,///
MC610-50-9jhj,Industrial Intel Coffee Lake Mini-ITX Expandable Computer,,///
MC610-50-a732,Industrial Intel Coffee Lake Mini-ITX Expandable Computer,,///
MC610-50-ws0g,Industrial Intel Coffee Lake Mini-ITX Expandable Computer,,///
MC500DWL-gow8,MC500 Intel Atom Mini Expandable Industrial Computer,,///
MC610-55-PROTO-zlsg,MC610-55 Motherboard Only Build,MC510-55,Industrial/Fanned/MC500 Series/MC510-55
mc500xTan-kkcs,Custom MC500X,,///
MC610-50-c97v-owee,Industrial Intel Coffee Lake Mini-ITX Expandable Computer,,///
MC610-50-c97v,Industrial Intel Coffee Lake Mini-ITX Expandable Computer,,///
MC610-50-glek,Industrial Intel Coffee Lake Mini-ITX Expandable Computer,MC610-50,Industrial/Fanned/MC600 Series/MC610-50
LH-IGN300,Rugged HMI with Ignition Software,,///
LIDI-CL210G-11,Ultra Small Quad Core Fanless Industrial Edge Computer,CL210G-10,Industrial/Small Form Factor/CL200 Series/CL210G-10
LKFR-ML300,LookFar ML300,ML300 (Other),Industrial/Gateway/ML300 Series/ML300 (Other)
LLAND-IGN310,Rugged Panel PC with Intel Pentium CPU and Ignition Software,,///
LineV-HX500,OnLogic Helix 500 Intel Comet Lake Industrial Edge Computer,HX500,Industrial/Performance/HX500 Series/HX500
Liebherr-MK150B-54,1.5U Rackmount Intel Coffee Lake Xeon E Edge Server,MK150B-54,Server/1U & 1.5U Rackmount/MK150 Series/MK150B-54
LIMN-8208GC,Neousys Rugged Computer with Dual GPU Expansion,Nuvo-8208GC,Rugged/High Performance/Nuvo Series/Nuvo-8208GC
LGX AG150 Overhoff-8w4s,Overhoff,ML200 (Other),Industrial/Gateway/ML200 Series/ML200 (Other)
K700-SE-51qd,Adient - Karbon 700 High-Performance Rugged Edge Computer,K700-SE,Rugged/Performance/K700 Series/K700-SE
K700-SE-56a6,Karbon 700 High-Performance Rugged Edge Computer,K700-SE,Rugged/Performance/K700 Series/K700-SE
K700-X2-z1dr,Karbon 700 Expanded High-Performance Rugged Edge Computer for Porsche,K700-X2,Rugged/Performance/K700 Series/K700-X2
K700-SE-ckkg,Karbon 700 High-Performance Rugged Edge Computer,K700-SE,Rugged/Performance/K700 Series/K700-SE
K700-SE-cwsk,Karbon 700 High-Performance Rugged Edge Computer,K700-SE,Rugged/Performance/K700 Series/K700-SE
K700-SE-5v4k,Karbon 700 High-Performance Rugged Edge Computer,K700-SE,Rugged/Performance/K700 Series/K700-SE
K700-SE-bhne,Karbon 700 High-Performance Rugged Edge Computer,K700-SE,Rugged/Performance/K700 Series/K700-SE
SNDC-ML340-V2-old,Sound ML340-V2-old,,///
Ryko-CL210-0ock,Ryko-CL210,CL210G-10,Industrial/Small Form Factor/CL200 Series/CL210G-10
Proto-HX511-7doh,OnLogic Helix 500 Intel Comet Lake Industrial Edge Computer,HX511,Industrial/Performance/HX500 Series/HX511
PRVS-ML100G-52,Industrial Fanless Intel Whiskey Lake Embedded NUC With Dual LAN,ML100G-52,Industrial/Entry/ML100 Series/ML100G-52
Proto1-MK200-60-ckpo,Radiant - Prototype 2U Rackmount AMD EPYC Server,,///
PH14FEI-H310-12V,Mitac PH14FEI Mini-ITX Motherboard - 12 V,,///
Phan-DS-1100-S-gwsc,Cincoze Rugged Intel Skylake Fanless Computer,,///
PERC-MC510-50,Perch MC510-50,MC510-50,Industrial/Fanned/MC500 Series/MC510-50
Pep-HX500r2-FTMEr1,PepsiCo Helix500 Industrial Edge Computer with FactoryTalk ME,HX500,Industrial/Performance/HX500 Series/HX500
Nuvo-7000E,Neousys Rugged Intel Coffee Lake Fanless Computer,Nuvo-7000E,Rugged/Performance/Nuvo Series/Nuvo-7000E
Nuvo-7000E-28xb,Neousys Rugged Intel Coffee Lake Fanless Computer,,///
Nuvo-7000-Proto-k0k4,Neousys Rugged Intel Coffee Lake Core Fanless Computer,,///
Nuvo-7000-Proto,Neousys Rugged Intel Coffee Lake Core Fanless Computer,,///
Nuvo-7000E-7p4f,Neousys Rugged Intel Coffee Lake Fanless Computer,,///
Nuvo-7000E-68mv,Neousys Rugged Intel Coffee Lake Fanless Computer,,///
nuvo-7000de-sosw,Neousys Rugged Intel Coffee Lake Fanless Computer w/Dual PCIe Slots,,///
NOVA-01-STD-cntf,Ultra Small Quad Core Fanless Industrial Edge Computer,CL210G-11,Industrial/Small Form Factor/CL200 Series/CL210G-11
NORTRAK-ML350,voestalpine Nortrak ML350G-10,ML350G-10,Industrial/Gateway/ML300 Series/ML350G-10
NM-Pentium557RAID1-c8kg-8oow,Nordson March Pentium Computer w/ RAID 1,Industrial (Other),Industrial/Legacy Industrial/Legacy Industrial/Industrial (Other)
Noemis_MX1000_Core-i7-s8so,Cincoze Rugged Intel Haswell Fanless Computer,,///
NOEMIS_Nuvo-5002E-kgc8,Neousys Rugged Intel Skylake Fanless Computer,Nuvo-5000,Rugged/Performance/Nuvo Series/Nuvo-5000
NokianK410-Igel,Karbon 410 Intel Elkhart Lake Compact Rugged Computer,K410,Rugged/Entry/K400 Series/K410
NokianCL250,CL250 Ultra Small Fanless Industrial Edge Gateway,CL250,Industrial/Small Form Factor/CL200 Series/CL250
MuHa-ML340G-50,Mulder Hardenberg Low Profile Fanless Industrial Intel Core i3/i5/i7 Computer,ML340G-50,Industrial/Gateway/ML300 Series/ML340G-50
ML500G-50-o80o,Fanless Industrial Intel 6th Gen Computer w/optional i7,ML500G-50,Industrial/Performance/ML500 Series/ML500G-50
ML500G-50-olkq,Fanless Industrial Intel 6th Gen Computer w/optional i7,,///
ML500G-50-cc8w,Fanless Industrial Intel 6th Gen Computer w/optional i7,ML500G-50,Industrial/Performance/ML500 Series/ML500G-50
ML500G-50-cwsw,Industrial Intel 6th Gen Fanless Computer w/optional i7,ML500G-50,Industrial/Performance/ML500 Series/ML500G-50
ML500G-50-ig6i,Fanless Industrial Intel 6th Gen Computer w/optional i7,ML500G-50,Industrial/Performance/ML500 Series/ML500G-50
ML500G-50-7smt,Fanless Industrial Intel 6th Gen Computer w/optional i7,,///
ML600g-PIQ-cgo0,Industrial Fanless Intel Haswell Computer,ML600G-50,Industrial/Performance/ML600 Series/ML600G-50
ML500G-50-osw8,Industrial Intel 6th Gen Fanless Computer w/optional i7,ML500G-50,Industrial/Performance/ML500 Series/ML500G-50
ML600G-52-wssw,Industrial Fanless Intel Skylake Computer,ML600G-52,Industrial/Performance/ML600 Series/ML600G-52
ML320-UPS,ML320 Fanless NUC Industrial Computer with Uninterruptible Power Supply,ML300 (Other),Industrial/Gateway/ML300 Series/ML300 (Other)
ML340G-50-wkog,Low Profile Fanless Intel Core i5 Industrial Computer,ML340G-50,Industrial/Gateway/ML300 Series/ML340G-50
ML340G-51-0s44,Low Profile Fanless Intel Core i3/i5/i7 Industrial Computer,ML340G-51,Industrial/Gateway/ML300 Series/ML340G-51
ML300G-30,Industrial Intel Ivy Bridge NUC Computer,ML300 (Other),Industrial/Gateway/ML300 Series/ML300 (Other)
ML340G-51-0s44-484w,Low Profile Fanless Intel Core i3/i5/i7 Industrial Computer,ML340G-51,Industrial/Gateway/ML300 Series/ML340G-51
ML320-UPS-o88k-c8o8,ML320-UPS,ML300 (Other),Industrial/Gateway/ML300 Series/ML300 (Other)
MK150B-51,Commercial Intel Xeon 1.5U Rackmount Server,MK150B-51,Server/1U & 1.5U Rackmount/MK150 Series/MK150B-51
MK150B-51-0g0k,Commercial Intel Xeon 1.5U Rackmount Server,MK150B-51,Server/1U & 1.5U Rackmount/MK150 Series/MK150B-51
MK150-Westfield-ksws,1.5U i5 System with NVIDIA K2200,MK150 (Other),Server/1U & 1.5U Rackmount/MK150 Series/MK150 (Other)
MC850-51,Commercial Intel 5th Gen Xeon Microserver,MC850-51,Server/Standalone/MC850 Series/MC850-51
mc850-51--4tb-8ks0,Commercial Intel 5th Gen Xeon Microserver,MC850-51,Server/Standalone/MC850 Series/MC850-51
mc850-51--2tb-w0ck,Commercial Intel 5th Gen Xeon Microserver,MC850-51,Server/Standalone/MC850 Series/MC850-51
MC850-40-1lst,Compact Industrial AMD Ryzen Edge Server,MC850-40,Server/Standalone/MC850 Series/MC850-40
MC850-40-1rs4,Compact Industrial AMD Ryzen Edge Server,MC850-40,Server/Standalone/MC850 Series/MC850-40
MDT-DS-1000_R03,Mobile Data Technologies DS-1000 R03,DS-1000,Rugged/Mid Tier/DS Series/DS-1000
MDT-DS-1000_R04,Mobile Data Technologies DS-1000 R04,,///
MC850-52-w4cw,Commercial-Grade High Performance Edge Computer With Xeon Processing,,///
K804-orng,OnLogic Karbon 804 High-Performance Rugged Computer w/ModBay & PCIe,K804,Rugged/Performance/K800 Series/K804
K804-rld4,OnLogic Karbon 804 High-Performance Rugged Computer w/ModBay & PCIe,K804,Rugged/Performance/K800 Series/K804
K804-ti7r,OnLogic Karbon 804 High-Performance Rugged Computer w/ModBay & PCIe,K804,Rugged/Performance/K800 Series/K804
K700-X2-2-e4uf,Karbon 700-X2-2 Expanded High-Performance Rugged Edge Computer,K700-X2-2,Rugged/Performance/K700 Series/K700-X2-2
K700-X2-23wu,Karbon 700 Expanded High-Performance Rugged Edge Computer,K700-X2-2,Rugged/Performance/K700 Series/K700-X2-2
K700-X2-7r9j,Karbon 700 Expanded High-Performance Rugged Edge Computer,K700-X2,Rugged/Performance/K700 Series/K700-X2
K700-X2-8d5y,Karbon 700 Expanded High-Performance Rugged Edge Computer,K700-X2,Rugged/Performance/K700 Series/K700-X2
K804-un6f,OnLogic Karbon 804 High-Performance Rugged Computer w/ModBay & PCIe,K804,Rugged/Performance/K800 Series/K804
K700-X2-1b9e,Karbon 700 Expanded High-Performance Rugged Edge Computer,K700-X2,Rugged/Performance/K700 Series/K700-X2
K700-X2-b1l1,Karbon 700 Expanded High-Performance Rugged Edge Computer for XOcean,K700-X2,Rugged/Performance/K700 Series/K700-X2
SHELL-K300,Shell TechWorks - Karbon 300 Compact Rugged Computer,K300,Rugged/Entry/K300 Series/K300
SICK-MC510-50,Industrial Intel Coffee Lake Mini-ITX Computer,MC510-50,Industrial/Fanned/MC500 Series/MC510-50
SICK-K700-SE-UL,Karbon 700 High-Performance Rugged Edge Computer,K700-SE,Rugged/Performance/K700 Series/K700-SE
SIEN-K700-X2-cdbb,Karbon 700 Expanded High-Performance Rugged Edge Computer,K700-X2,Rugged/Performance/K700 Series/K700-X2
Siri-ML510G-50,Compact Fanless Industrial Coffee Lake Computer,ML510G-50,Industrial/Performance/ML500 Series/ML510G-50
SICK-K700-SE-R32-NOS-EUB-Proto-ujk2,Karbon 700 High-Performance Rugged Edge Computer,K700-SE,Rugged/Performance/K700 Series/K700-SE
SIEN-K700-X2-g378,Karbon 700 Expanded High-Performance Rugged Edge Computer,K700-X2,Rugged/Performance/K700 Series/K700-X2
RDSP-DS-1200-RAID-00c4,Cincoze Rugged Intel Coffee Lake Fanless Computer w/ i7-8700,,///
RevCon-ML600G-52-LPR,RevCon Parking Guidance LPR,ML600G-52,Industrial/Performance/ML600 Series/ML600G-52
RDSP-DS-1200-RAID,Cincoze Rugged Intel Coffee Lake Fanless Computer w/ i7-8700,DS-1200,Rugged/Mid Tier/DS Series/DS-1200
RE-CL250,CL250 Ultra Small Fanless Industrial Edge Gateway,CL250,Industrial/Small Form Factor/CL200 Series/CL250
RevCon DX-1000-484k,RevCon Video Recorder,,///
Oldcastle-Nuvo-5000-PCI,Oldcastle Nuvo-5000 PCI,,///
ONC-ML450v2,Oncology Supply ML450 v2,ML450G-51,Industrial/Performance/ML400 Series/ML450G-51
OLGC-FR201-V2,Factor 201 Raspberry Pi Industrial IoT Gateway,FR201,Industrial/Small Form Factor/FR200 Series/FR201
OLMEC-40391-DS-1002L-480g,Cincoze Rugged Intel Haswell Computer with Dual Expansion,,///
Nuvo-5100VTC-80ww,Neousys Rugged Intel Skylake In-Vehicle Computer with PoE,Nuvo-5100VTC,Rugged/Legacy Rugged/Nuvo Series/Nuvo-5100VTC
Nuvo-5100VTC-CradlePoint-00o4,Neousys Rugged Intel Skylake In-Vehicle Computer with PoE,,///
Nuvo-5095GC-g480,Neousys Rugged Intel Skylake Computer with Optional GPU,,///
Nuvo-5095GC-ckk0,Neousys Rugged Intel Skylake Computer with Optional GPU,,///
Nuvo-5095GC-cw4x,Neousys Rugged Intel Skylake Computer with Optional GPU,,///
Nuvo-5095GC-kksk,Neousys Rugged Intel Skylake Computer with Optional GPU,,///
Nuvo-5095GC-kcsc,Neousys Rugged Intel Skylake Computer with Optional GPU,,///
Nuvo-5100VTC-gc0s,Neousys Rugged Intel Skylake In-Vehicle Computer with PoE,,///
Nuvo-5100VTC-0cg8,Neousys Rugged Intel Skylake In-Vehicle Computer with PoE,,///
Nuvo-1000,Neousys Rugged Intel Core Fanless Computer,Nuvo-1000,Rugged/Legacy Rugged/Nuvo Series/Nuvo-1000
Nuvis-5306RT-osss,Neousys Rugged Intel Skylake Machine Vision Computer w/Optional GPU,,///
NM-Celeron557-wso8,Nordson MARCH Celeron Mini Computer,Industrial (Other),Industrial/Legacy Industrial/Legacy Industrial/Industrial (Other)
NM-CiD557v2,Nordson MARCH Core i Mini Computer v2,,Industrial/Fanned/Other/
Nuvis-5306RT,Neousys Rugged Intel Skylake Machine Vision Computer w/Optional GPU,Nuvis-5306RT,Rugged/Legacy Rugged/Nuvis Series/Nuvis-5306RT
Nuvo-1003-8w4c,Neousys Nuvo-1000 Series Intel Core Fanless Rugged Computer,,///
Nuvo-1000-wos0,Neousys Rugged Intel Core Fanless Computer,,///
Nuvo-1000-c88g,Neousys Rugged Intel Core Fanless Computer,,///
NLH-Standard HMI-K700,Karbon 700-SE-2 High-Performance Rugged Edge Computer,,///
NLH-Standard HMI-K700-d4g2,Karbon 700-SE-2 High-Performance Rugged Edge Computer,,///
Nuvis-3304-V-oos0,Neousys Rugged Intel Ivy Bridge Automotive Computer,,///
ML600G-52-kwk0,Fanless Industrial Intel Skylake Computer,ML600G-52,Industrial/Performance/ML600 Series/ML600G-52
ML600g-52-kkkg,Fanless Industrial Intel Skylake Computer,ML600G-52,Industrial/Performance/ML600 Series/ML600G-52
ML600G-52-go00,Fanless Industrial Intel Skylake Computer,ML600G-52,Industrial/Performance/ML600 Series/ML600G-52
ML600G-52-c848,Industrial Fanless Intel Skylake Computer,ML600G-52,Industrial/Performance/ML600 Series/ML600G-52
ML600G-52-tclv,Fanless Industrial Intel Skylake Computer,,///
ML600G-52-w0s0,Fanless Industrial Intel Skylake Computer,,///
ML600G-52-o279,Fanless Industrial Intel Skylake Computer,ML600G-52,Industrial/Performance/ML600 Series/ML600G-52
ML600G-52-jg04,Fanless Industrial Intel Skylake Computer,,///
ML600G-52-c848-0c00,Industrial Fanless Intel Skylake Computer,ML600G-52,Industrial/Performance/ML600 Series/ML600G-52
ML450G-10,Fanless Industrial Intel Braswell Celeron Mini-ITX Computer,ML450G-10,Industrial/Performance/ML400 Series/ML450G-10
ML450G-10-VenueMagic-44og,Industrial Intel Braswell Celeron Mini-ITX Computer,ML450G-10,Industrial/Performance/ML400 Series/ML450G-10
ML450G-11,Fanless Industrial Intel Apollo Lake Mini-ITX Computer,ML450G-11,Industrial/Performance/ML400 Series/ML450G-11
ML450G-51-PB-k4sk,Industrial Intel Skylake Mini-ITX Computer,ML450G-51,Industrial/Performance/ML400 Series/ML450G-51
ML450G-51-0ock,Fanless Industrial Intel Skylake Mini-ITX Computer,ML450G-51,Industrial/Performance/ML400 Series/ML450G-51
ml450g-51-8co0,Industrial Intel Skylake Mini-ITX Computer,ML450G-51,Industrial/Performance/ML400 Series/ML450G-51
ML450G-51-84o4,Industrial Intel Skylake Mini-ITX Computer,ML450G-51,Industrial/Performance/ML400 Series/ML450G-51
ML450G-51-8wgg,Industrial Intel Skylake Mini-ITX Computer,ML450G-51,Industrial/Performance/ML400 Series/ML450G-51
ML450G-11-g48g,3D Systems Industrial Fanless Celeron Computer,ML450G-11,Industrial/Performance/ML400 Series/ML450G-11
ML450G-51-PB-g8ks,Industrial Intel Skylake Mini-ITX Computer,ML450G-51,Industrial/Performance/ML400 Series/ML450G-51
ML450G-51-PI-4kck,Industrial Intel Skylake Mini-ITX Computer,ML450G-51,Industrial/Performance/ML400 Series/ML450G-51
MKNN-ML450G-52-0kc4,Fanless Industrial Intel Skylake Mini-ITX Customizable Computer,ML450G-52,Industrial/Performance/ML400 Series/ML450G-52
ML100G-10-c0oc,Industrial Intel Bay Trail Fanless NUC Computer,ML100G-10,Industrial/Entry/ML100 Series/ML100G-10
ML100G-10-skwg,Industrial Intel Bay Trail Fanless NUC Computer,ML100G-10,Industrial/Entry/ML100 Series/ML100G-10
MK400-70-g004,4U Rackmount Intel Cascade Lake Xeon Scalable Edge Server,,///
ML100G-10-44so,Industrial Intel Bay Trail Fanless NUC Computer,ML100G-10,Industrial/Entry/ML100 Series/ML100G-10
ML100G-10-s8c8,Industrial Intel Bay Trail Fanless NUC Computer,ML100G-10,Industrial/Entry/ML100 Series/ML100G-10
MK100B-51-k4s8,Intel Skylake 1U Rackmount Computer,MK100B-51,Server/1U & 1.5U Rackmount/MK100 Series/MK100B-51
MK100B-51-k40s,Intel Skylake 1U Rackmount Computer,MK100B-51,Server/1U & 1.5U Rackmount/MK100 Series/MK100B-51
MK100B-51-k4wk,Intel Skylake 1U Rackmount Computer,MK100B-51,Server/1U & 1.5U Rackmount/MK100 Series/MK100B-51
Med-Nuvo-7000DE-g4ws,Neousys Rugged Intel Coffee Lake Fanless Computer w/Dual PCIe Slots,,///
MEDA-K300,Karbon 300 Compact Rugged Computer,,///
MK100B-51-oswk,Intel Skylake 1U Rackmount Computer,MK100B-51,Server/1U & 1.5U Rackmount/MK100 Series/MK100B-51
MK100B-50-w4k4,Intel Skylake 1U Rackmount Computer - ACSi Site 1RU,MK100B-50,Server/1U & 1.5U Rackmount/MK100 Series/MK100B-50
MK100B-51-cs0c,Intel Skylake 1U Rackmount Computer,MK100B-51,Server/1U & 1.5U Rackmount/MK100 Series/MK100B-51
MK100B-51-0c8g,Intel Skylake 1U Rackmount Computer,MK100B-51,Server/1U & 1.5U Rackmount/MK100 Series/MK100B-51
MC601-CUSTOM-1211-ixfr,MC601-CUSTOM-1211,,///
MC600LCD-w44k,Smarmatic MC600LCD,MC600 (Other),Industrial/Fanned/MC600 Series/MC600 (Other)
MC600G-51-k0k4,OnLogic MC600 Expandable Mini-ITX Computer,MC600-51,Industrial/Fanned/MC600 Series/MC600-51
MC610-50-4job,Industrial Intel Coffee Lake Mini-ITX Expandable Computer,,///
MC610-10-goc8,Industrial Intel Apollo Lake Mini-ITX Expandable Computer for Betfred,,///
MC610-50-0s00,Industrial Intel Coffee Lake Mini-ITX Expandable Computer,,///
MC610-50-0w84,Industrial Intel Coffee Lake Mini-ITX Expandable Computer,,///
MC610-10-8mr5,Industrial Intel Apollo Lake Mini-ITX Expandable Computer,MC610-10,Industrial/Fanned/MC600 Series/MC610-10
MC600-Vipond-owo0,Industrial Video Wall Digital Media Player,MC600-50,Industrial/Fanned/MC600 Series/MC600-50
MC500-Spinner-8css,Commercial Intel Core Mini-ITX Computer,,///
K801-qb5v,OnLogic Karbon 801 Low-Profile High-Performance Rugged Computer,K801,Rugged/Performance/K800 Series/K801
K802-gwk7,OnLogic Karbon 802 High-Performance Rugged Computer w/ModBay,,///
K802-9aj2,OnLogic Karbon 802 High-Performance Rugged Computer w/ModBay,K802,Rugged/Performance/K800 Series/K802
KRVS450G-51-cggs,Industrial Intel Skylake Mini-ITX Computer,ML450G-51,Industrial/Performance/ML400 Series/ML450G-51
Secovac-Core-ML250,Secovac-Core-ML250,,///
SE ML450-g8k4,Industrial Intel Braswell Celeron Mini-ITX Computer,ML450G-10,Industrial/Performance/ML400 Series/ML450G-10
SE-FPPC-P2-CW215-R01,Schneider Electric - Cincoze Rugged Intel Skylake Core i3/i5 Panel PC,CV-P2002,Panel/Cincoze Panel/P2000 Series/CV-P2002
SE-ML450G-11,Systems Equipment ML450 v2,ML450G-11,Industrial/Performance/ML400 Series/ML450G-11
SE-ML450G-11-8GB,Systems Equipment ML450 v2,ML450G-11,Industrial/Performance/ML400 Series/ML450G-11
SENSARA-Procare-5.0,Sensara UAS Virtual Server - Intel Skylake Core i7,MK100B-51,Server/1U & 1.5U Rackmount/MK100 Series/MK100B-51
SecurityMetrics_Proto_v02-ok88,SecurityMetrics Custom Fanless Firewall - Version 2,ML300 (Other),Industrial/Gateway/ML300 Series/ML300 (Other)
SE-HX401-INDIA,OnLogic Helix 401 Fanless Hybrid-Core Computer,HX401,Industrial/Entry/HX400 Series/HX401
SE-HX511-EU,OnLogic Helix 511 Fanless Intel 12th Gen Edge Computer,HX511,Industrial/Performance/HX500 Series/HX511
QGr-CiMC500v2,Quad Graphics Core i MC500 System v2,MC500 (Other),Industrial/Fanned/MC500 Series/MC500 (Other)
QLS260,ASRock IMB-190 Skylake Desktop Industrial Mini-ITX Motherboard,,Components/Components/Motherboards/
Quad-mk150,Quad Mainboard MK150,MK150 (Other),Server/1U & 1.5U Rackmount/MK150 Series/MK150 (Other)
QUALCOMM-GM-1000,Cincoze Rugged Intel 9th/8th Gen GPU Computer,,///
QNEX-ML350G-10,Industrial Low Profile Fanless Computer With Apollo Lake,ML350G-10,Industrial/Gateway/ML300 Series/ML350G-10
QUAN-ML210G-10,Quanex ML210G-10,ML210G-10,Industrial/Gateway/ML200 Series/ML210G-10
PL17-IPCR,"Industrial 17"" Intel Core i5 IP65 Fanless Panel PC",,///
PR-TC401-Tier1,Pre-Release Master Tier 1 BoM TC401,TC401,Panel/OnLogic Panel/Tacton Series/TC401
PR-TC401-AGI-szxu,Pre-Release TC401 SAMPLE 1,,///
PBS-AtomM350,ProBatter Sports Atom M350 Mini-ITX System,,Industrial/Fanned/Other/
PC-ML350G-10,Industrial Low Profile Fanless Computer With Apollo Lake,ML350G-10,Industrial/Gateway/ML300 Series/ML350G-10
P1101-Proto-8g44,P1101-Proto,,///
P1001-R10-ConcreteMachinery&Tools-w8s8,Cincoze Crystal Intel Bay Trail Industrial Panel PC,,///
nuvo-1005-cs8s,Nuvo-1005 Intel Core i Mobile Fanless Rugged Computer,,///
Nuvo-1300AF,Neousys Rugged Intel Core Fanless Computer with PoE,Nuvo-1300af,Rugged/Legacy Rugged/Nuvo Series/Nuvo-1300af
Nuvo-5000LP,Neousys Rugged Intel Skylake Low Profile Fanless Computer,Nuvo-5000LP,Rugged/Performance/Nuvo Series/Nuvo-5000LP
Nuvo-1005-wos4,Nuvo-1005 Intel Core i Mobile Fanless Rugged Computer,,///
Nuvo-1005-DIO-0wo0,Nuvo-1005-DIO Intel Core i Mobile Fanless Rugged Computer,,///
Nuvo-5000-ok8g,Neousys Rugged Intel Skylake Fanless Computer,,///
Nuvo-5000-k4kg,Neousys Rugged Intel Skylake Fanless Computer,,///
Nuvo-5000-Netria-co40,Neousys Rugged Intel Skylake Fanless Computer,,///
Nuvo-5000LP-00sw,Neousys Rugged Intel Skylake Low Profile Fanless Computer,,///
Nuvo-5000-wcks,Neousys Rugged Intel Skylake Fanless Computer,,///
Nuvo-5000LP-bkgz,Neousys Rugged Intel Skylake Low Profile Fanless Computer,,///
Nuvo-5000LP-ASI-w4o4,Neousys Rugged Intel Skylake Low Profile Fanless Computer,,///
Nettit1-ML450G-51,Nettitude ML450G-51,ML450G-51,Industrial/Performance/ML400 Series/ML450G-51
NERA-HX500-WS,OnLogic Helix 500 Intel Comet Lake Industrial Edge Computer,HX500,Industrial/Performance/HX500 Series/HX500
Nettit2-ML450G-51-ksgs,Industrial Intel Skylake Mini-ITX Computer,ML450G-51,Industrial/Performance/ML400 Series/ML450G-51
NEWBLACK-CL250,CL250 Ultra Small Fanless Industrial Edge Gateway,CL250,Industrial/Small Form Factor/CL200 Series/CL250
MODA-CV-P2002-8w8w,Cincoze Rugged Intel Skylake Core i3/i5 Panel PC,CV-P2002,Panel/Cincoze Panel/P2000 Series/CV-P2002
Moda-MC500-8gkc,Modatek MC500,MC500-51,Industrial/Fanned/MC500 Series/MC500-51
ML400G-50,Industrial Intel Haswell Core i3 Mini-ITX Computer,ML400G-50,Industrial/Performance/ML400 Series/ML400G-50
ML400B-11-04wg,Industrial Ivy Bridge Celeron Mini-ITX Computer,ML400 (Other),Industrial/Performance/ML400 Series/ML400 (Other)
ML400G-14-g0w8,Industrial Intel Braswell Celeron Mini-ITX Computer,ML400G-14,Industrial/Performance/ML400 Series/ML400G-14
ML400G-10-GHS-cc0k,Industrial Intel Bay Trail Celeron Mini-ITX Computer,ML400G-10,Industrial/Performance/ML400 Series/ML400G-10
ML400G-10-sc4g,Industrial Intel Bay Trail Celeron Mini-ITX Computer,ML400G-10,Industrial/Performance/ML400 Series/ML400G-10
ML400G-10-c0gc,Industrial Intel Bay Trail Celeron Mini-ITX Computer,ML400G-10,Industrial/Performance/ML400 Series/ML400G-10
ML210G-10-00c8,Fanless Industrial Intel Bay Trail Computer,ML210G-10,Industrial/Gateway/ML200 Series/ML210G-10
ML100G-31-80og,Industrial Intel Dawson Canyon Fanless NUC Computer,ML100G-31,Industrial/Entry/ML100 Series/ML100G-31
ML100G-31-8gk4,Fanless Industrial Intel Dawson Canyon NUC Computer,ML100G-31,Industrial/Entry/ML100 Series/ML100G-31
ML210G-10-4s4k,Industrial Intel Bay Trail Fanless Computer,ML210G-10,Industrial/Gateway/ML200 Series/ML210G-10
ML210G-10-04g8,Industrial Intel Bay Trail Fanless Computer,ML210G-10,Industrial/Gateway/ML200 Series/ML210G-10
ML210G-10-4okk,Industrial Intel Bay Trail Fanless Computer,ML210G-10,Industrial/Gateway/ML200 Series/ML210G-10
ML200B-10,Industrial Intel Atom Fanless Mini Industrial Computer,ML200 (Other),Industrial/Gateway/ML200 Series/ML200 (Other)
ML100SDI-50-0ggc,Industrial Intel Skylake Fanless NUC Computer,ML100G-50,Industrial/Entry/ML100 Series/ML100G-50
ML210G-10-808w,Industrial Intel Bay Trail Fanless Computer,ML210G-10,Industrial/Gateway/ML200 Series/ML210G-10
ML210G-10-coos,ML210G-KIT,ML210G-10,Industrial/Gateway/ML200 Series/ML210G-10
MK100NVR2,Rackmount Surveillance NVR for Milestone XProtect &reg; Software,MK100 (Other),Server/1U & 1.5U Rackmount/MK100 Series/MK100 (Other)
MK100B-53-Proto2-gj7n,1U Rackmount Intel Coffee Lake Computer,MK100B-53,Server/1U & 1.5U Rackmount/MK100 Series/MK100B-53
MK100B-53-o0sg,Intel Coffee Lake 1U Rackmount Computer,MK100B-53,Server/1U & 1.5U Rackmount/MK100 Series/MK100B-53
MK100B-54-p0h3,1U Rackmount Intel Xeon E Edge Server,,///
Mk100B-54-WACH-Rev1,1U Rackmount Intel Xeon E Edge Server,,///
MK103-TEKT-88gs,Intel Core 1U Rackmount Computer,MK100 (Other),Server/1U & 1.5U Rackmount/MK100 Series/MK100 (Other)
MK101B-30-Idea-ocgo,Intel Ivy Bridge 1U Rackmount Computer,MK101B-30,Server/1U & 1.5U Rackmount/MK100 Series/MK101B-30
Mk100B-54-WACH1.5-Rev1,1.5U Rackmount Intel Xeon E Edge Server,,///
MK100B-54-hnkp,1U Rackmount Intel Xeon E Edge Server,MK100B-54,Server/1U & 1.5U Rackmount/MK100 Series/MK100B-54
MK100B-53-us9b,1U Rackmount Intel Coffee Lake Computer,,///
MC510-55-ClearpathRob-PROTO-1,MC510-55,MC510-55,Industrial/Fanned/MC500 Series/MC510-55
MC600-50,Industrial Intel Haswell Expandable Computer,MC600-50,Industrial/Fanned/MC600 Series/MC600-50
MC510-50-w0ss,Industrial Intel Coffee Lake Mini-ITX Computer,,///
MC510-50-sco8,Industrial Intel Coffee Lake Mini-ITX Computer,,///
MC510-Server-8kcg,MC510-Server For Budgetary Purposes (Internal Use Only),,///
MC510-51-os40,Commercial Intel Skylake Mini-ITX Computer,MC500 (Other),Industrial/Fanned/MC500 Series/MC500 (Other)
MC510-50-oco4,Industrial Intel Coffee Lake Mini-ITX Computer,,///
L3-Nuvo-1003-512,L-3 Unmanned Systems Nuvo-1003 512 GB,,///
LRPC-Nuvo-7160GC-PoE-ao59,"Liberty Reach Nuvo-7160GC with PoE, RAID1 and 1660Ti",,///
L3MK200-Mid Tier-yknj,2U Rackmount Intel 2nd Gen Xeon SP Server,MK200-70,Server/2U Rackmount/MK200 Series/MK200-70
L3AV-CL210G-11-RS,Quad Core Fanless Industrial Edge Device w/ Dual LAN (Pre-configured),,///
K700-X2-pp8z,Karbon 700 Expanded High-Performance Rugged Edge Computer,K700-X2,Rugged/Performance/K700 Series/K700-X2
K700-X2-c084,Karbon 700 Expanded High-Performance Rugged Edge Computer,K700-X2,Rugged/Performance/K700 Series/K700-X2
K700-X2-cg4o,Karbon 700 Expanded High-Performance Rugged Edge Computer,K700-X2,Rugged/Performance/K700 Series/K700-X2
K700-X2-msom,Karbon 700 Expanded High-Performance Rugged Edge Computer,K700-X2,Rugged/Performance/K700 Series/K700-X2
K700-X2-q3y5,Karbon 700 Expanded High-Performance Rugged Edge Computer,K700-X2,Rugged/Performance/K700 Series/K700-X2
K700-X2-Proto3-4s4k,Karbon 700 Expanded High-Performance Rugged Edge Computer,K700-X2,Rugged/Performance/K700 Series/K700-X2
K700-X2-xtg2,Karbon 700 Expanded High-Performance Rugged Edge Computer,K700-X2,Rugged/Performance/K700 Series/K700-X2
K700-X2-nxch,(1st Gen) Karbon 700 Expanded Rugged Edge Computer [9-48 VDC Input],K700-X2,Rugged/Performance/K700 Series/K700-X2
K700-X2-wko4,Karbon 700 Expanded High-Performance Rugged Edge Computer,K700-X2,Rugged/Performance/K700 Series/K700-X2
SPECS-HX310,OnLogic Helix 310 Intel Elkhart Lake Industrial Edge Computer,HX310,Industrial/Gateway/HX300 Series/HX310
SPRO-DA-1000,Cincoze Rugged Ultra Compact Fanless Computer,DA-1000,Rugged/Entry/DA Series/DA-1000
SPKT-HX310,Sprocket HX310 Industrial Edge Computer,HX310,Industrial/Gateway/HX300 Series/HX310
SCRT-M350-w0og,SecurityMetrics M350,Industrial (Other),Industrial/Legacy Industrial/Legacy Industrial/Industrial (Other)
SCRT-DA-1100-N42-2TB,Cincoze Rugged Apollo Lake Ultra Compact Fanless Computer,DA-1100,Rugged/Entry/DA Series/DA-1100
SCRT-DA-1100-N42-2TB-aqus,Cincoze Rugged Apollo Lake Ultra Compact Fanless Computer,,///
SCRT-DA-1100-N42,Cincoze Rugged Apollo Lake Ultra Compact Fanless Computer,,///
RTWR-0001,RouteWare GW-07 N270 System,Rugged (Other),Rugged/Legacy Rugged/Legacy Rugged/Rugged (Other)
SCRT-CL250,CL250 Ultra Small Fanless Industrial Edge Gateway,CL250,Industrial/Small Form Factor/CL200 Series/CL250
SCRT-POC-500-2LAN,Neousys Rugged Compact AMD Ryzen Computer,,///
RT130-sssc,Rugged Intel Ivy Bridge In-Vehicle Computer,Rugged (Other),Rugged/Legacy Rugged/Legacy Rugged/Rugged (Other)
POC-300-4csk,Neousys Rugged Compact Fanless Intel Apollo Lake Computer,,///
POC-300-co4g,Neousys Rugged Compact Fanless Intel Apollo Lake Computer,,///
POC-351Parsons-s4c0,Neousys Rugged Compact Intel Apollo Lake In-Vehicle Computer,,///
POC-200Univwell-o408,POC-200Univwell,,///
poc-300-wksk,Neousys Rugged Compact Fanless Intel Apollo Lake Computer,,///
POC-222-ok0s,Custom POC-222,,///
PanasonicML450,PanasonicML450,ML400 (Other),Industrial/Performance/ML400 Series/ML400 (Other)
PHOT-MC500-32-V2,Industrial Intel Skylake Mini-ITX Computer,MC500-30,Industrial/Fanned/MC500 Series/MC500-30
Pandui-k8gw,Panasonic iBOX-210D,Industrial (Other),Industrial/Legacy Industrial/Legacy Industrial/Industrial (Other)
NWM-CV-P2002,Cincoze Intel Skylake Core i3/i5 Panel PC,CV-P2002,Panel/Cincoze Panel/P2000 Series/CV-P2002
Nuvo-6108GC-DyAt-0fly-0ok0,Neousys Nuvo-6108GC,,///
Nuvo-6108GC-cgg8,Neousys Rugged Intel 6th Gen Computer w/Optional GPU and Expansion,,///
NXE400-ML350G-10,Low Profile Fanless Industrial Computer With Apollo Lake,ML350G-10,Industrial/Gateway/ML300 Series/ML350G-10
Nuvo-6108GC-owkg,Neousys Rugged Intel 6th Gen Computer w/Optional GPU and Expansion,Nuvo-6108GC,Rugged/Legacy Rugged/Nuvo Series/Nuvo-6108GC
Nuvo-6108GC-g8ss-cck0,Neousys Rugged Intel 6th Gen Computer w/Optional GPU and Expansion,Nuvo-6108GC,Rugged/Legacy Rugged/Nuvo Series/Nuvo-6108GC
NXEA-CL210G-10,NextEra - Fanless Industrial USFF Edge Device,CL210G-10,Industrial/Small Form Factor/CL200 Series/CL210G-10
Nuvo-6108GC-DyAt-8oco,Neousys Nuvo-6108GC,,///
NUC7i3DNBE-REVO-wk4k,NUC7i3DNBE-REVO,,Components/Components/Components/
NUC7i3DNBE,Intel NUC7i3DNBE Dawson Canyon Kaby Lake Motherboard,,Components/Components/Components/
Nuvis-3304-V,Neousys Rugged Intel Ivy Bridge In-Vehicle Computer,Nuvis-3304af,Rugged/Legacy Rugged/Nuvis Series/Nuvis-3304af
Nuvis-3304-V-g8ck,Custom Nuvis-3304-V,,///
NUC5i3MYBE-K-sw8o,D-Box Core i3 Component BOM,,Components/Components/Components/
Nuvis-3304-GTRI-k0gg,Nuvis-3304 HM76 Core i Fanless Computer,,///
NUC-6300U-REVO-wkcw,NUC-6300U-REVO,,Components/Components/Components/
NAVT-Nuvo-5002LP-0c4c,Neousys Rugged Intel Skylake Low Profile Fanless Computer,,///
N3160-NUC-IPC-csw4,N3160 Braswell NUC Motherboard Kit,,///
ML500G-50-RobHa-y3hf,Fanless Industrial Intel 6th Gen Computer w/optional i7,,///
ML500G-50-w8wc,Fanless Industrial Intel 6th Gen Computer w/optional i7,,///
ML500G-MYLAN-k0wo,Mylan Fanless Industrial Intel 6th Gen Computer w/optional i7,ML500 (Other),Industrial/Performance/ML500 Series/ML500 (Other)
ML510G-50-ooko,Compact Fanless Industrial Coffee Lake Computer,ML510G-50,Industrial/Performance/ML500 Series/ML510G-50
ML500G-50-wksw,Industrial Intel 6th Gen Fanless Computer w/optional i7,ML500G-50,Industrial/Performance/ML500 Series/ML500G-50
ml510G-50-91sk,Compact Fanless Industrial Coffee Lake Computer,ML510G-50,Industrial/Performance/ML500 Series/ML510G-50
ML350G-10,Low Profile Fanless Industrial Computer With Apollo Lake,ML350G-10,Industrial/Gateway/ML300 Series/ML350G-10
ML340G-PacSea-k0kg,Low Profile Fanless Industrial Computer with Braswell,ML340G-50,Industrial/Gateway/ML300 Series/ML340G-50
ML350G-10-8g8o,Compacte fanless pc met Apollo Lake,ML350G-10,Industrial/Gateway/ML300 Series/ML350G-10
ML350G-10-4tnz,Low Profile Fanless Industrial Computer With Apollo Lake,,///
ML350G-10-5owh,Low Profile Fanless Industrial Computer With Apollo Lake,,///
ML340G-51-yuh9,Low Profile Fanless Industrial Skylake Computer,ML340G-51,Industrial/Gateway/ML300 Series/ML340G-51
ML340G-51-g480,Low Profile Fanless Industrial Skylake Computer,ML340G-51,Industrial/Gateway/ML300 Series/ML340G-51
ML340G-51-kgo0,Low Profile Fanless Industrial Skylake Computer,ML340G-51,Industrial/Gateway/ML300 Series/ML340G-51
ML350G-10-8ggc,Low Profile Fanless Industrial Computer With Apollo Lake,ML350G-10,Industrial/Gateway/ML300 Series/ML350G-10
ML100G-41-hoag,Industrial Fanless AMD Ryzen 4000 Compact Computer,ML100G-41,Industrial/Entry/ML100 Series/ML100G-41
ML100G-41-cil5,Industrial Fanless AMD Ryzen 4000 Compact Computer,ML100G-41,Industrial/Entry/ML100 Series/ML100G-41
ML100G-51-5fby-5fyf,Industrial Fanless Intel Whiskey Lake NUC With Dual LAN,,///
MK400-60-itos,MK400-60 4U Rackmount AMD EPYC 7002 Server,MK400-60,Server/4U Rackmount/MK400 Series/MK400-60
ML100G-41-dcu3,Industrial Fanless AMD Ryzen 4000 Compact Computer,ML100G-41,Industrial/Entry/ML100 Series/ML100G-41
ML100G-41-m8j0,Industrial Fanless AMD Ryzen 4000 Compact Computer,ML100G-41,Industrial/Entry/ML100 Series/ML100G-41
ML100G-51-197k,Industrial Fanless Intel Whiskey Lake NUC With Dual LAN,ML100G-51,Industrial/Entry/ML100 Series/ML100G-51
ML100G-51-00og,Ion Key Industrial Fanless Computer,ML100G-51,Industrial/Entry/ML100 Series/ML100G-51
ML100G-50-nucor-4sws,Industrial Intel Skylake Fanless NUC Computer,ML100G-50,Industrial/Entry/ML100 Series/ML100G-50
ML100G-51-AWS-88cg,Industrial Fanless Intel Whiskey Lake NUC With Dual LAN,ML100G-51,Industrial/Entry/ML100 Series/ML100G-51
MEZ-DC-1100-CAN-c0og,Cincoze Rugged Intel Bay Trail Compact Fanless Computer,,///
METR-ML340G-51,Process Metrix ML340G-51,ML340G-51,Industrial/Gateway/ML300 Series/ML340G-51
Mercedes-Nuvo-6108GC-ck8o,Mercedes Nuvo-6108GC,,///
Mehr-ML350G-10-c8sg,Industrial Low Profile Fanless Computer With Apollo Lake,ML350G-10,Industrial/Gateway/ML300 Series/ML350G-10
mc600-51-gcco,Commercial Intel Xeon Compact Server Computer,MC600-51,Industrial/Fanned/MC600 Series/MC600-51
MC600-52,Industrial Intel Skylake Expandable Computer,MC600-52,Industrial/Fanned/MC600 Series/MC600-52
MC600-51-HOC-080o,Commercial Intel Xeon Compact Server Computer,MC600-51,Industrial/Fanned/MC600 Series/MC600-51
MC500 3G Groupe Accesss,MC500 Groupe Access 3G,,///
Mauser-ML350G-10,Low Profile Fanless Industrial Computer With Apollo Lake,ML350G-10,Industrial/Gateway/ML300 Series/ML350G-10
MC500 Groupe Access LCD-o8cc,MC500 Groupe Access LCD,MC500 (Other),Industrial/Fanned/MC500 Series/MC500 (Other)
L3MK200-Mid Tier-z1hm,2U Rackmount Intel Xeon,,///
L3R200-High Tier-z1hm-geea,2U Rackmount Custom Server,,///
LCBS-PROTO-r01-400w,Leica Biosystems Custom Prototype - rev 01,NC200 (Other),Industrial/Legacy Industrial/NC200 Series/NC200 (Other)
LCC-DX-1000-kwo4,Cincoze Rugged Intel 6th/7th Gen Compact Fanless Computer,,///
LCBS-PROTO-r01-400w-40so,Leica Biosystems Custom Prototype - rev 01,NC200 (Other),Industrial/Legacy Industrial/NC200 Series/NC200 (Other)
LAB1-HX500,OnLogic Helix 500 Intel Comet Lake Industrial Edge Computer,HX500,Industrial/Performance/HX500 Series/HX500
LCBS-APIQ_r01,Leica Biosystems APIQ Hub r01,NC200 (Other),Industrial/Legacy Industrial/NC200 Series/NC200 (Other)
LCC-Nuvo-6108GC-c8k4,Neousys Rugged Intel 6th Gen Computer w/Optional GPU and Expansion,Nuvo-6108GC,Rugged/Legacy Rugged/Nuvo Series/Nuvo-6108GC
SMI-HX610v2,Onlogic Helix 610 Intel Comet Lake Industrial Edge Computer With Optional Hot Swap Storage for Smit Terminals,HX610,Industrial/Performance/HX600 Series/HX610
SMIT-ML600G-52-gkks,Fanless Industrial Intel Skylake Computer,,///
Sensor100-Rack-4TB,Commercial Intel 5th Gen Xeon Microserver,MK150 (Other),Server/1U & 1.5U Rackmount/MK150 Series/MK150 (Other)
Sensor100-Rack-512GB-sgww,Intel 5th Gen 1.5U Rackmount Computer,,///
SERP-MK100B-51-LCD-o4wk,Intel Skylake 1U Rackmount Computer,MK100B-51,Server/1U & 1.5U Rackmount/MK100 Series/MK100B-51
SENSEN-MC600,Sensen MC600,MC600 (Other),Industrial/Fanned/MC600 Series/MC600 (Other)
SAGE-ML350G-10,Low Profile Fanless Industrial Computer With Apollo Lake,ML350G-10,Industrial/Gateway/ML300 Series/ML350G-10
SAGE-ML350G-10-5nld,Low Profile Fanless Industrial Computer With Apollo Lake,,///
SAGE-ML350G-10-4sgs,Low Profile Fanless Industrial Computer With Apollo Lake,ML350G-10,Industrial/Gateway/ML300 Series/ML350G-10
SAM-i3C146-wscg,Supreme Audio Core i3 Rackmount System,,///
RGS-8805GC-PL-TWA,RGS-8805GC - Neousys Rugged High Performance Server,RGS-8805GC,Rugged/High Performance/Nuvo Series/RGS-8805GC
RIVN-CV-P2102,Cincoze Intel Whiskey Lake Core i3/i5 Panel PC with Thin Manager,CV-P2102,Panel/Cincoze Panel/P2000 Series/CV-P2102
POC-100,Neousys Rugged Compact Fanless Intel Atom Computer,POC-100,Rugged/Legacy Rugged/POC Series/POC-100
POC-100-AVHDD-ooco,POC-100 Compact Fanless Intel Atom D525 Industrial Computer,,///
POC-100-co84,Custom: POC-100 Compact Fanless Intel Atom D525 Industrial Computer,,///
POC-200-PELMEC-gw0c,Compact Rugged NVR,,///
PLIA-DS-1202-c4gw,Cincoze Rugged Intel Coffee Lake Fanless Computer with Dual Expansion or GPU,DS-1202,Rugged/Mid Tier/DS Series/DS-1202
PLRL-ML350G,Industrial Low Profile Fanless Computer With Apollo Lake,ML350G-10,Industrial/Gateway/ML300 Series/ML350G-10
POC-120-KIS-swg0,Neousys Rugged Ultra Compact Fanless Bay Trail Computer,,///
POC-200-04gk,Neousys Rugged Compact Fanless Intel Bay Trail Computer,,///
PLER-MC600-g0k8,Pleora MC600 Test System,MC600 (Other),Industrial/Fanned/MC600 Series/MC600 (Other)
ONL-CL250G-10,Fanless Industrial USFF Edge Device w/ Dual LAN,CL250,Industrial/Small Form Factor/CL200 Series/CL250
ONL-IGN100,Bastian Solutions - Industrial Edge Computer with Ignition Software,,///
OZIN-P2102,Cincoze Rugged Intel 8th Gen Core i3/i5 Slim Fanless Computer,P2102,Rugged/Mid Tier/P2000 Series/P2102
OPBR-Alerting,OPBR-Alerting,ML210G-10,Industrial/Gateway/ML200 Series/ML210G-10
Nuvo-7160GC-o404,Neousys Rugged Intel Coffee Lake Computer with Optional GPU,,///
OsramNuvis-3304-8cg8,Custom Nuvis-3304 HM76 Core i Fanless Computer,,///
Nuvo-5501,Neousys Rugged Intel Skylake Fanless Computer,Nuvo-5501,Rugged/Entry/Nuvo Series/Nuvo-5501
Nuvo-6000-NBCU,Neousys Rugged Intel Skylake Fanless Computer,,///
Nuvo-6108GC-8gwg,Neousys Rugged Intel 6th Gen Computer w/Optional GPU and Expansion,,///
Nuvo-5501-0dgh,Neousys Rugged Intel Skylake Fanless Computer,Nuvo-5501,Rugged/Entry/Nuvo Series/Nuvo-5501
Nuvo-5501-csgg,Neousys Rugged Intel Skylake Fanless Computer,,///
Nuvo-5100VTC-w40g,Neousys Rugged Intel Skylake In-Vehicle Computer with PoE,,///
Nuvo-6108GC-8osk,Neousys Rugged Intel 6th Gen Computer w/Optional GPU and Expansion,,///
NF9G-QM77,Jetway NF9G-QM77 Ivy Bridge Mobile Industrial Mini-ITX Motherboard,,Components/Components/Components/
NGSECUR-CL210G-10,Fanless Industrial USFF Edge Device w/ Dual LAN,CL210G-10,Industrial/Small Form Factor/CL200 Series/CL210G-10
NF99FL-525-8osk,Jetway NF99FL-525 Dual Core Atom Fanless Mini-ITX Motherboard,,Components/Components/Components/
NG-Nuvo-3003E-50-cskw,Neousys Rugged Intel Core Fanless Computer,,///
NG150F-30-8cks,Industrial Quad-Core Fanless Networking Computer,ML400 (Other),Industrial/Performance/ML400 Series/ML400 (Other)
Mulder-Hardenberg-ML300-UPS-008g,ML300 Fanless NUC Industrial Computer with Uninterruptible Power Supply,ML300 (Other),Industrial/Gateway/ML300 Series/ML300 (Other)
Moog-CL250,CL250 Ultra Small Fanless Industrial Edge Gateway,CL250,Industrial/Small Form Factor/CL200 Series/CL250
MPW-ML350G-10-UL,MPW ML350G-10 with UL Listing,ML350G-10,Industrial/Gateway/ML300 Series/ML350G-10
MUTL-MC610-wwoo,Industrial Intel Coffee Lake Mini-ITX Expandable Computer,MC610-50,Industrial/Fanned/MC600 Series/MC610-50
MUTL-RNIC-MC600-ock0,Mutualink 4 Radio R-NIC Gateway,MC600 (Other),Industrial/Fanned/MC600 Series/MC600 (Other)
MuHa-ML340G-50-gc0c,Low Profile Fanless Industrial Intel Core i3/i5/i7 Computer,ML340G-50,Industrial/Gateway/ML300 Series/ML340G-50
MS-AU131-k8c4,Morning Star AU131 System,Rugged (Other),Rugged/Legacy Rugged/Legacy Rugged/Rugged (Other)
ML600G-50-cq6l,Fanless Industrial Intel Haswell Computer,,///
ML510G-50-w8gg,Compact Fanless Industrial Coffee Lake Computer,ML510G-50,Industrial/Performance/ML500 Series/ML510G-50
ML600G-50-cg4s,Industrial Fanless Intel Haswell Computer,ML600G-50,Industrial/Performance/ML600 Series/ML600G-50
ML450G-52-4wgo,Industrial Intel Skylake Mini-ITX Customizable Computer,ML450G-52,Industrial/Performance/ML400 Series/ML450G-52
ML450G-52-80gg,Industrial Intel Skylake Mini-ITX Customizable Computer,ML450G-52,Industrial/Performance/ML400 Series/ML450G-52
ml450g-52-4okw,Industrial Intel Skylake Mini-ITX Customizable Computer,ML450G-52,Industrial/Performance/ML400 Series/ML450G-52
ML600G-50-gcwc,Industrial Fanless Intel Haswell Computer,ML600G-50,Industrial/Performance/ML600 Series/ML600G-50
ML210G-51-wwwg,Industrial Low Profile Intel Skylake i5 Fanless Computer,ML210G-51,Industrial/Gateway/ML200 Series/ML210G-51
ML210G-HRSHY-swwg,Industrial Intel Bay Trail Fanless Computer,ML210G-10,Industrial/Gateway/ML200 Series/ML210G-10
ML210G-TR-DEMO,OnLogic Industrial Thin Client with ThinManager Demo Unit,,///
ML210G-50UCBERK-8oow,Industrial Intel Haswell i5 Thin Mini-ITX Computer,ML210G-50,Industrial/Gateway/ML200 Series/ML210G-50
ML210G-50-c4w8,Industrial Intel Haswell i5 Thin Mini-ITX Computer,ML210G-50,Industrial/Gateway/ML200 Series/ML210G-50
ML210G-URA2-gkco,Industrial Intel Bay Trail Fanless Computer,,///
ML210G-50WSP-og8g,Industrial Intel Haswell i5 Thin Mini-ITX Computer,ML210G-50,Industrial/Gateway/ML200 Series/ML210G-50
ML210G-50-g0wg,Industrial Intel Haswell i5 Thin Mini-ITX Computer,ML210G-50,Industrial/Gateway/ML200 Series/ML210G-50
ml210g-50-o4k4,Industrial Intel Haswell i5 Thin Mini-ITX Computer,ML210G-50,Industrial/Gateway/ML200 Series/ML210G-50
MK150B-53-fllv,1.5U Rackmount Intel Coffee Lake Computer,,///
MK150B-53-k00o,Intel Coffee Lake 1.5U Rackmount Computer,MK150B-53,Server/1U & 1.5U Rackmount/MK150 Series/MK150B-53
MK150B-53-g04w,Rivian 1.5U Rackmount Intel Edge Server,,///
MK200-70-cck8,2U Rackmount Scalable Xeon Edge Server with PCIe expansion,MK200-70,Server/2U Rackmount/MK200 Series/MK200-70
MK200-70-d6j7,2U Rackmount Intel Cascade Lake Xeon Scalable Edge Server,,///
MK200-70-17ch,2U Rackmount Intel Cascade Lake Xeon Scalable Edge Server,MK200-70,Server/2U Rackmount/MK200 Series/MK200-70
MK200-60-oodb,2U Rackmount AMD EPYC 7002 Server,MK200-60,Server/2U Rackmount/MK200 Series/MK200-60
MK150B-54-vsp4,1.5U Rackmount Intel Coffee Lake Xeon E Edge Server,MK150B-54,Server/1U & 1.5U Rackmount/MK150 Series/MK150B-54
MK200-70-ihmy,2U Rackmount Intel Cascade Lake Xeon Scalable Edge Server,,///
MK150B-54-4wog,1.5U Rackmount Intel Coffee Lake Xeon E Edge Server,MK150B-54,Server/1U & 1.5U Rackmount/MK150 Series/MK150B-54
MC500-50,Industrial Intel Core Mini-ITX Computer,MC500-50,Industrial/Fanned/MC500 Series/MC500-50
MC500-51-0kks,Commercial Intel Skylake Mini-ITX Computer,MC500-51,Industrial/Fanned/MC500 Series/MC500-51
MC500-52-ogwo,Industrial Fanned Intel Coffee Lake Mini-ITX Computer,MC500-52,Industrial/Fanned/MC500 Series/MC500-52
MC500-ABC2-4wgk,ABC Warehouse MC500,Industrial (Other),Industrial/Legacy Industrial/Legacy Industrial/Industrial (Other)
MC500-ABC3-4wgk-808w,ABC Warehouse MC500,Industrial (Other),Industrial/Legacy Industrial/Legacy Industrial/Industrial (Other)
MC500-51-84kc,Commercial Intel Skylake Mini-ITX Computer,MC500-51,Industrial/Fanned/MC500 Series/MC500-51
MC500-51-8gc0,Commercial Intel Skylake Mini-ITX Computer,MC500-51,Industrial/Fanned/MC500 Series/MC500-51
MC500-L1,Braswell Celeron MC500 w/ Safety and EMC Certificates,,///
MC500-51-o44s,Commercial Intel Skylake Mini-ITX Computer,MC500-51,Industrial/Fanned/MC500 Series/MC500-51
Kloosterboer-AMD-ML250-goo8,Industrial AMD Fusion Mini-ITX Computer,ML250 (Other),Industrial/Gateway/ML250 Series/ML250 (Other)
KMWE-ML100G-53,Industrial Fanless Intel 11th Gen Tiger Lake NUC,ML100G-53,Industrial/Entry/ML100 Series/ML100G-53
KLOOSTERBOER-FUSION-MC500-4ss4-cww0,AMD Fusion MC500 Mini-ITX Computer,MC500 (Other),Industrial/Fanned/MC500 Series/MC500 (Other)
LENL-ML100G-31,UL Listed Industrial Intel Dawson Canyon Fanless NUC Computer,ML100G-31,Industrial/Entry/ML100 Series/ML100G-31
LEIDOS-CV-117,Leidos CV-117,,///
KKC-TM250-8GB,Kimberly-Clark TM250 with 8 GB RAM,ML350G-10 (TM250),Industrial/Gateway/ML300 Series/ML350G-10 (TM250)
LD-DS-1001_r01,Louis Dreyfus DS-1001 r01,DS-1001,Rugged/Mid Tier/DS Series/DS-1001
SOFT-MC510-50,Industrial Intel Coffee Lake Mini-ITX Computer,MC510-50,Industrial/Fanned/MC500 Series/MC510-50
SKYHK-K430,Karbon 430 Intel Elkhart Lake Compact Rugged Computer with Expansion,,///
SixSq-ML210G-10-0ocg,Industrial Intel Bay Trail Fanless Computer,ML210G-10,Industrial/Gateway/ML200 Series/ML210G-10
ROBO-NUVO_5100VTC,Robotic Research NUVO-5100VTC,Nuvo-5100VTC,Rugged/Legacy Rugged/Nuvo Series/Nuvo-5100VTC
RT130-csc8,Bendix-RT130,Rugged (Other),Rugged/Legacy Rugged/Legacy Rugged/Rugged (Other)
RT130-30,Rugged Intel Ivy Bridge i7 Automotive Computer,Rugged (Other),Rugged/Legacy Rugged/Legacy Rugged/Rugged (Other)
RRAMAC-K300,RRAMAC Karbon 300 Compact Rugged Computer,K300,Rugged/Entry/K300 Series/K300
Prima-K801,OnLogic Karbon 801 Low-Profile High-Performance Rugged Computer,K801,Rugged/Performance/K800 Series/K801
PRJ-1000,Commercial Intel Skylake Mini-ITX Computer,MC500 (Other),Industrial/Fanned/MC500 Series/MC500 (Other)
Pro-ML210G-10v3,Provision ML210G-10 v3,ML210G-10,Industrial/Gateway/ML200 Series/ML210G-10
PRAIR-K700-X2,Amazon Prime Air - Karbon 700 Rugged Edge Computer,K700-X2,Rugged/Performance/K700 Series/K700-X2
PD10BI-ccgw,Mitac PD10BI Thin Mini-ITX Motherboard with Intel Bay Trail,,///
PEKO-MC850-51,PEKO Precision MC850-51 with GPU,MC850-51,Server/Standalone/MC850 Series/MC850-51
PE-CL200G-10-l4eh,Fanless Industrial USFF Edge Device,,///
Nuvo-7501,Neousys Rugged Entry-Level Compact Fanless Coffee Lake Computer,Nuvo-7501,Rugged/Mid Tier/Nuvo Series/Nuvo-7501
Nvidia-MK200-40-Proto,2U Rackmount Scalable Edge Server,MK200 (Other),Server/2U Rackmount/MK200 Series/MK200 (Other)
Nuyt Co MK100-0w4g,Nuyt Co MK100,MK100 (Other),Server/1U & 1.5U Rackmount/MK100 Series/MK100 (Other)
Nuvo-8208GC-8ggk,Neousys Rugged Computer with Dual GPU Expansion,Nuvo-8208GC,Rugged/High Performance/Nuvo Series/Nuvo-8208GC
nuvo-expansion-oo0o,nuvo-3000-ex,,///
Nuvo-5000-HOC-0kww,Neousys Rugged Intel Skylake Fanless Computer,,///
Nuvo-5000-4s4o,Neousys Rugged Intel Skylake Fanless Computer,,///
Nuvo-5000-8k4k,Neousys Rugged Intel Skylake Fanless Computer,,///
Nuvo-4000-cokw,Neousys Intel Ivy Bridge Fanless Computer with Expansion,,///
Nuvo-4000-wk80,Neousys Nuvo-4000 Series Core i Fanless Computer,,///
Nuvo-3600-cwoc,Nuvo-3600 Series Intel Ivy Bridge Fanless Computer with PoE,,///
Nuvo-5000-8ww4,Neousys Rugged Intel Skylake Fanless Computer,,///
NF81-T56N-LF,Jetway NF81-T56N Brazos Mini-ITX Motherboard,,Components/Components/Components/
NEWT-ML100G-31UL,Fanless Industrial Intel Dawson Canyon NUC Computer,ML100G-31,Industrial/Entry/ML100 Series/ML100G-31
NR-CL210G-11-408s,Ultra Small Quad Core Fanless Industrial Edge Computer,CL210G-11,Industrial/Small Form Factor/CL200 Series/CL210G-11
NRT-MC500v2-wc0s,MC500 Atom Mini-ITX Computer,MC500-10,Industrial/Fanned/MC500 Series/MC500-10
MT-HX511,OnLogic Helix 511 Fanless Intel 12th Gen Edge Computer,HX511,Industrial/Performance/HX500 Series/HX511
MTA-DS-1100-w8oo-koco,Cincoze Rugged Intel Skylake Fanless Computer,,///
ML350G-DATA-R01,Low Profile Data Center Computer With Apollo Lake,ML350G-10,Industrial/Gateway/ML300 Series/ML350G-10
ML450G-51-Vipond-scgc,Industrial Intel Skylake Mini-ITX Computer,ML450G-51,Industrial/Performance/ML400 Series/ML450G-51
ML350G-10-c8cs,Industrial Low Profile Fanless Computer With Apollo Lake,ML350G-10,Industrial/Gateway/ML300 Series/ML350G-10
ML350G-10-k800,Compacte fanless pc met Apollo Lake,ML350G-10,Industrial/Gateway/ML300 Series/ML350G-10
ML350G-10-s8uv,Low Profile Fanless Industrial Computer With Apollo Lake,ML350G-10,Industrial/Gateway/ML300 Series/ML350G-10
ML350G-10-lrgp,Low Profile Fanless Industrial Computer With Apollo Lake,ML350G-10,Industrial/Gateway/ML300 Series/ML350G-10
ML350G-10-w0ok,Industrial Low Profile Fanless Computer With Apollo Lake,ML350G-10,Industrial/Gateway/ML300 Series/ML350G-10
ML250CoPOS-0wck,CoPOSML250,ML250 (Other),Industrial/Gateway/ML250 Series/ML250 (Other)
ML250Unilux-cgk0,ML250,ML250 (Other),Industrial/Gateway/ML250 Series/ML250 (Other)
ML100G-51-sgck,Fanless Industrial Intel 8th Gen NUC Computer - **UNDER DEVELOPMENT**,ML100G-51,Industrial/Entry/ML100 Series/ML100G-51
ML100G-52-ow4g,Industrial Fanless Intel Whiskey Lake Embedded NUC With Dual LAN,ML100G-52,Industrial/Entry/ML100 Series/ML100G-52
ML100G-53-809w,Industrial Fanless Intel 11th Gen Tiger Lake NUC,ML100G-53,Industrial/Entry/ML100 Series/ML100G-53
ML100G-52-cs00,Industrial Fanless Intel Whiskey Lake Embedded NUC With Dual LAN,ML100G-52,Industrial/Entry/ML100 Series/ML100G-52
ML100G-52-uzyc,Industrial Fanless Intel Whiskey Lake Embedded NUC With Dual LAN,ML100G-52,Industrial/Entry/ML100 Series/ML100G-52
ML250-cosp-o840,Industrial Intel Core Mini-ITX Computer,ML250 (Other),Industrial/Gateway/ML250 Series/ML250 (Other)
MK200-70-mhc6-mlgb,2U Rackmount Intel Cascade Lake Xeon Scalable Edge Server,MK200-70,Server/2U Rackmount/MK200 Series/MK200-70
MK200-70-njfv,2U Rackmount Intel 2nd Gen Xeon SP Server,,///
MK200-70-qs4a,2U Rackmount Intel Cascade Lake Xeon Scalable Edge Server,,///
MK200-70-qb6p,2U Rackmount Intel Cascade Lake Xeon Scalable Edge Server,MK200-70,Server/2U Rackmount/MK200 Series/MK200-70
MK400-40-AR-SPARROW-Proto-3U,Amazon Robotics 3U Server Prototype - SPARROW,MK400 (Other),Server/4U Rackmount/MK400 Series/MK400 (Other)
MK400-60,MK400-60 4U Rackmount AMD EPYC 7002 Server,MK400-60,Server/4U Rackmount/MK400 Series/MK400-60
MK200-70-yn1c,2U Rackmount Intel Cascade Lake Xeon Scalable Edge Server,,///
MK200-70-yuhk,2U Rackmount Intel Cascade Lake Xeon Scalable Edge Server,,///
MK400-40-AR-CARDINAL-S-Proto-2anb,Amazon Robotics 4U Server Prototype - CARDINAL SHORT,MK400 (Other),Server/4U Rackmount/MK400 Series/MK400 (Other)
MK400-60-00gs,4U Rackmount AMD Epyc Edge Server,,///
MK400-40-AR-CARDINAL-Proto-0pif,Amazon Robotics 4U Server Prototype - CARDINAL,MK400 (Other),Server/4U Rackmount/MK400 Series/MK400 (Other)
MK400-40-AR-3ttr,Amazon Robotics 4U Server - Regulatory Prototype Units,MK400 (Other),Server/4U Rackmount/MK400 Series/MK400 (Other)
MC850-54,Industrial Intel Coffee Lake Xeon E Edge Server,MC850-54,Server/Standalone/MC850 Series/MC850-54
MC850-70,Industrial Intel Cascade Lake Xeon Scalable Edge Server,MC850-70,Server/Standalone/MC850 Series/MC850-70
MDCO-N3160-V2,Medeco N3160 Mobo Kit,,Components/Components/Components/
MDCO-D33217GKE-owo8,Medeco D33217GKE Barebone Kit,Industrial (Other),Industrial/Legacy Industrial/Legacy Industrial/Industrial (Other)
MDCO-D33217GKE,Medeco D33217GKE Barebone Kit,,Industrial/Fanned/Other/
MC850-53-xy72,Industrial Intel Coffee Lake Expandable Computer,MC850-53,Server/Standalone/MC850 Series/MC850-53
MC600-NI-THERM-s4os,Commercial Intel Skylake Computer with Expansion,MC600-52,Industrial/Fanned/MC600 Series/MC600-52
MCTL2-ML100G-30,Industrial Intel Broadwell Fanless NUC Computer,ML100G-30,Industrial/Entry/ML100 Series/ML100G-30
LMCR-CT100-50,High Performance Intel Skylake Kiosk Computer,,Components/Components/Components/
LONG-ML500G-30_r01,Long Building ML500G-30,ML500G-30,Industrial/Performance/ML500 Series/ML500G-30
LONG-ML100G-40,Compact Fanless AMD Ryzen Mini PC,ML100G-40,Industrial/Entry/ML100 Series/ML100G-40
KR960-oo08,Zetron KR960 Kit,,Components/Components/Components/
Koke-ML350G-10-k4o0,Koke Low Profile Fanless Industrial Computer With Apollo Lake,ML350G-10,Industrial/Gateway/ML300 Series/ML350G-10
KR900-c4g8,Custom Tactical Micro,,Components/Components/Components/
KR900-c8gc,Tactical Micro KR900 Kit,,Components/Components/Components/
K700-SE-nbre-b0xm,Karbon 700 High-Performance Rugged Edge Computer,K700-SE,Rugged/Performance/K700 Series/K700-SE
K700-SE-nee9,Karbon 700 High-Performance Rugged Edge Computer w/ Carrier Consigned SIM Card,K700-SE,Rugged/Performance/K700 Series/K700-SE
K700-SE-f4hr,Karbon 700 High-Performance Rugged Edge Computer,K700-SE,Rugged/Performance/K700 Series/K700-SE
K700-SE-gs4s-c8cc,Karbon 700 High-Performance Rugged Edge Computer,K700-SE,Rugged/Performance/K700 Series/K700-SE
K300-48cw,Karbon 300 Compact Rugged Computer,,///
K300-csoc,Karbon 300 Compact Rugged Computer,,///
K700-SE-4kk8,Karbon 700 High-Performance Rugged Edge Computer,K700-SE,Rugged/Performance/K700 Series/K700-SE
K700-SE-2rzw,Karbon 700 High-Performance Rugged Edge Computer,K700-SE-2,Rugged/Performance/K700 Series/K700-SE-2
IMB-198M,ASRock IMB-198M i5-6300U Skylake Mini-ITX Motherboard,,Components/Components/Components/
ISM-ML400-ogkc,Industrial Intel Skylake Mini-ITX Computer,ML450G-52,Industrial/Performance/ML400 Series/ML450G-52
IS-K802,OnLogic Karbon 802 High-Performance Rugged Computer w/ModBay,,///
IronBow-ML340-V9,Iron Bow ML340 V9 - i7 / Win 10 Pro,ML340G-51,Industrial/Gateway/ML300 Series/ML340G-51
IronBow-ML340-V3-0ok4,Iron Bow ML340 V3,ML340G-51,Industrial/Gateway/ML300 Series/ML340G-51
IES-FR201,Factor 201 Raspberry Pi Industrial IoT Gateway,FR201,Industrial/Small Form Factor/FR200 Series/FR201
IGCP-CL210G-11-WIFI,Insight Global Connected Platform - Ultra Small Quad Core Fanless Industrial Edge Computer,,///
IEM-FPPC-P2-CW215-R01,Cincoze Intel Skylake Core i3/i5 Panel PC - UL,P2002 (IGN300),Panel/Cincoze Panel/P2000 Series/P2002 (IGN300)
ICS MC600-sc48,ICS MC600 Server,MC600-50,Industrial/Fanned/MC600 Series/MC600-50
ICS-IMB-199- i3-08sg,ICS IMB-199V-V Skylake i3-6100U Motherboard Kit,,Components/Components/Components/
ICS CS MC600-o8sk,ICS Corporate Server,MC600 (Other),Industrial/Fanned/MC600 Series/MC600 (Other)
HX500-hk6k,OnLogic Helix 500 Intel Comet Lake Industrial Edge Computer,HX500,Industrial/Performance/HX500 Series/HX500
HX500-ndy6,OnLogic Helix 500 Intel Comet Lake Industrial Edge Computer,HX500,Industrial/Performance/HX500 Series/HX500
HX500-g8c8,OnLogic Helix 500 Intel Comet Lake Industrial Edge Computer,HX500,Industrial/Performance/HX500 Series/HX500
HX500-i38256WCOMOSETL-auc2,"OnLogic Helix 500 Intel Comet Lake Industrial Edge Computer (i3, 8GB RAM, 256GB, Wi-Fi, COM, OS, ETL)",HX500,Industrial/Performance/HX500 Series/HX500
HX500-lded,OnLogic Helix 500 Intel Comet Lake Industrial Edge Computer,HX500,Industrial/Performance/HX500 Series/HX500
HX500-o000,OnLogic Helix 500 Intel Comet Lake Industrial Edge Computer,HX500,Industrial/Performance/HX500 Series/HX500
HX310-22ay,OnLogic Helix 310 Intel Elkhart Lake Industrial Edge Computer,HX310,Industrial/Gateway/HX300 Series/HX310
HX310-4p9r,OnLogic Helix 310 Intel Elkhart Lake Industrial Edge Computer,HX310,Industrial/Gateway/HX300 Series/HX310
Fox-ML250-V-k84k,ML250-V Intel Atom Fanless Mini Automotive Computer,ML250 (Other),Industrial/Gateway/ML250 Series/ML250 (Other)
FR202-u4xy,Factor 202 Raspberry Pi Industrial Controller,FR202,Industrial/Small Form Factor/FR200 Series/FR202
FPS-K410,Karbon 410 Intel Elkhart Lake Compact Rugged Computer,K410,Rugged/Entry/K400 Series/K410
FR202-dij1,Factor 201 Raspberry Pi Industrial IoT Gateway,FR202,Industrial/Small Form Factor/FR200 Series/FR202
FR201-q9g1,Factor 201 Raspberry Pi Industrial IoT Gateway,FR201,Industrial/Small Form Factor/FR200 Series/FR201
FR201-c04m,Factor 201 Raspberry Pi Industrial IoT Gateway,FR201,Industrial/Small Form Factor/FR200 Series/FR201
ERG-ML600G-50-wg0w,Industrial Fanless Intel Haswell Computer,ML600G-50,Industrial/Performance/ML600 Series/ML600G-50
ERN-CL210G-10,Fanless Industrial USFF Edge Device w/ Dual LAN,CL210G-10,Industrial/Small Form Factor/CL200 Series/CL210G-10
EVAN-K700-SE-2ijx,Karbon 700 High-Performance Rugged Edge Computer,K700-SE-2,Rugged/Performance/K700 Series/K700-SE-2
EFFE-MK100B-54,Effect Intel Coffee Lake Xeon 1U Rackmount Computer,MK100B-54,Server/1U & 1.5U Rackmount/MK100 Series/MK100B-54
DX-1100-o484,8th Generation Intel® Core™ High-Performance Compact Rugged Computer,,///
DX-1100-ooww,8th Generation Intel Core High-Performance Compact Rugged Computer,,///
DX-1100-3ijn,8th Generation Intel Core High-Performance Compact Rugged Computer,,///
DX-1000-og84,Cincoze Rugged Intel 6th/7th Gen Compact Fanless Computer,,///
DX-1100-kg48,8th Generation Intel® Core™ High-Performance Compact Rugged Computer,,///
DX-1100-gww0,8th Generation Intel® Core™ High-Performance Compact Rugged Computer,,///
DX-1100-4k0o,8th Generation Intel® Core™ High-Performance Compact Rugged Computer,,///
DX-1000-ow8w,Cincoze Rugged Intel 6th/7th Gen Compact Fanless Computer,,///
DLPH-1102,Delphi DS-1102,DS-1102,Rugged/Mid Tier/DS Series/DS-1102
DIRECT-MC600B-50-gso0,Commercial Intel Haswell Computer with Expansion,Industrial (Other),Industrial/Legacy Industrial/Legacy Industrial/Industrial (Other)
DE-1001,Cincoze Rugged Intel Atom Computer with Expansion,DE-1001,Rugged/Mid Tier/DE Series/DE-1001
DE67-HAI-sc4c,Carriage Services DE67-HAI,Industrial (Other),Industrial/Legacy Industrial/Legacy Industrial/Industrial (Other)
DATA-P2102-P2-CH124-R02,"ACS 24"" Whiskey Lake Core i5 Panel PC with SecureBoot",CV-P2102,Panel/Cincoze Panel/P2000 Series/CV-P2102
CV-110-P1001,"Cincoze Crystal 10.4"" Industrial Panel PC",P1001,Rugged/Entry/P1000 Series/P1001
CV-100C-404k,Cincoze Crystal Industrial Panel PC,,///
CV-100C-M1001-ckss,Cincoze Capacitive or Resistive Industrial Touchscreen,,Components/Components/Components/
D3-MC500-84c4,Commercial Intel Celeron Mini-ITX Computer,MC500-10,Industrial/Fanned/MC500 Series/MC500-10
D3-MC500,DarkCubed MC500,MC500 (Other),Industrial/Fanned/MC500 Series/MC500 (Other)
CV-100R-ssks,Cincoze Crystal Intel Bay Trail Industrial Panel PC,,///
COLL-MK100B-52-kggs,Intel Skylake 1U Rackmount Computer,MK100B-52,Server/1U & 1.5U Rackmount/MK100 Series/MK100B-52
CODI-ML100G-40-V,Conex Digital - Compact Fanless AMD Ryzen V1605B Mini PC,ML100G-40,Industrial/Entry/ML100 Series/ML100G-40
COHERENT-IGN310,Coherent Technologies Rugged Panel PC with Intel Pentium CPU and Ignition Software,P1101 (IGN310),Panel/Cincoze Panel/P2000 Series/P1101 (IGN310)
Cognex2070-Nuvo-6108GC-ccog,Neousys Rugged Intel 6th Gen Computer w/Optional GPU and Expansion,,///
COEF-POC-300-wwso-ok8g,Neousys Rugged Compact Fanless Intel Apollo Lake Computer,,///
cl210g-10-ks04,Industrial USFF Edge Device w/ Dual LAN,CL210G-10,Industrial/Small Form Factor/CL200 Series/CL210G-10
CL210G-10-krbi,Fanless Industrial USFF Edge Device w/ Dual LAN,CL210G-10,Industrial/Small Form Factor/CL200 Series/CL210G-10
CL210G-11-s3x3,Dentsu Aegis Industrial USFF Edge Device w/ Dual LAN,,///
CL210G-11-wog0,Ultra Small Quad Core Fanless Industrial Edge Computer,CL210G-11,Industrial/Small Form Factor/CL200 Series/CL210G-11
CL210G-11-t88r,Ultra Small Quad Core Fanless Industrial Edge Computer,CL210G-11,Industrial/Small Form Factor/CL200 Series/CL210G-11
CL210G-11-spax,Ultra Small Quad Core Fanless Industrial Edge Computer,,///
CL210G-10-cooo,Industrial USFF Edge Device w/ Dual LAN,CL210G-10,Industrial/Small Form Factor/CL200 Series/CL210G-10
CL210G-10-785n,Fanless Industrial USFF Edge Device w/ Dual LAN,CL210G-10,Industrial/Small Form Factor/CL200 Series/CL210G-10
CBNC-MC510-W10-V2-NMNK,Industrial Intel Coffee Lake Mini-ITX Computer,,///
Century-HX500,OnLogic Helix 500 Intel Comet Lake Industrial Edge Computer,HX500,Industrial/Performance/HX500 Series/HX500
CES-MC850-50-88c8,Commercial Intel 6th Gen GPU Capable Computer,MC850-50,Server/Standalone/MC850 Series/MC850-50
K700-SE-grcc,Karbon 700 High-Performance Rugged Edge Computer,K700-SE,Rugged/Performance/K700 Series/K700-SE
K700-SE-go88,Karbon 700 High-Performance Rugged Edge Computer,K700-SE,Rugged/Performance/K700 Series/K700-SE
K700-SE-osok,Karbon 700 High-Performance Rugged Edge Computer Co-location,K700-SE,Rugged/Performance/K700 Series/K700-SE
K700-SE-nbre,Karbon 700 High-Performance Rugged Edge Computer,K700-SE,Rugged/Performance/K700 Series/K700-SE
K430-hh8j,Karbon 430 Intel Elkhart Lake Compact Rugged Computer with Expansion,,///
K430-xbse,Karbon 430 Intel Elkhart Lake Compact Rugged Computer with Expansion,K430,Rugged/Entry/K400 Series/K430
K700-SE-zzvu,Karbon 700 High-Performance Rugged Edge Computer,K700-SE,Rugged/Performance/K700 Series/K700-SE
K700-SE-g0w4,Karbon 700 High-Performance Rugged Edge Computer,K700-SE,Rugged/Performance/K700 Series/K700-SE
K430-a0r6,Karbon 430 Intel Elkhart Lake Compact Rugged Computer with Expansion,,///
JABIL-MBKit-1,Custom Motherboard Kit for Jabil Circuit,,///
JABIL-MBKit-2,Custom Motherboard Kit for Jabil Circuit,,///
ITW-ML100G-53,Industrial Fanless Intel 11th Gen Tiger Lake NUC,,///
ITW-ML600,ITW ML600,ML600G-52,Industrial/Performance/ML600 Series/ML600G-52
IGN700,Intel 10th Gen Industrial Edge Computer with Ignition,HX500 (IGN700),Industrial/Performance/HX500 Series/HX500 (IGN700)
HX500-yyzf,OnLogic Helix 500 Intel Comet Lake Industrial Edge Computer,HX500,Industrial/Performance/HX500 Series/HX500
HX500-ubj7,OnLogic Helix 500 Intel Comet Lake Industrial Edge Computer,HX500,Industrial/Performance/HX500 Series/HX500
HX500-xij3,OnLogic Helix 500 Intel Comet Lake Industrial Edge Computer,HX500,Industrial/Performance/HX500 Series/HX500
HNRG-K700,Karbon 700-SE-2 High-Performance Rugged Edge Computer,,///
HMN-CV-110R-P1001,Homyn CV-110R-P1001,,///
Heye-ML100G-10-k0k4,Industrial Intel Bay Trail Fanless NUC Computer,ML100G-10,Industrial/Entry/ML100 Series/ML100G-10
GNR-K300,Genera-K300,K300,Rugged/Entry/K300 Series/K300
GMS-ML600G-52,Industrial Fanless Intel Skylake Computer,ML600G-52,Industrial/Performance/ML600 Series/ML600G-52
EXTH-MC510,ExtraHop EDA 1200 Mini-ITX System,MC510-50,Industrial/Fanned/MC500 Series/MC510-50
EOG-DC-1100-r02,EOG Resources DC-1100,,///
DS-1102,Cincoze Rugged Intel Skylake Fanless Computer with Dual Expansion,DS-1102,Rugged/Mid Tier/DS Series/DS-1102
DS-1200-484s,Cincoze Rugged Intel Coffee Lake Fanless Computer,,///
DS-1200-4a05,Cincoze Rugged Intel Coffee Lake Fanless Computer,DS-1200,Rugged/Mid Tier/DS Series/DS-1200
DS-1101-s--c00o,Cincoze Rugged Intel Skylake Fanless Computer,DS-1101,Rugged/Mid Tier/DS Series/DS-1101
DS-1100-s-g4sw,Cincoze Rugged Intel Skylake Fanless Computer,,///
DS-1200-5rik,Cincoze Rugged Intel Coffee Lake Fanless Computer,DS-1200,Rugged/Mid Tier/DS Series/DS-1200
DS-1200-8ccs,Cincoze Rugged Intel Coffee Lake Fanless Computer,,///
DS-1100-S-k84s,Cincoze Rugged Intel Skylake Fanless Computer,,///
DS-1100-s-wkkc-ws00,Cincoze Rugged Intel Skylake Fanless Computer,,///
DDI-MC600-52,Display Devices MC600-52,MC600-52,Industrial/Fanned/MC600 Series/MC600-52
CV-115-P1001,"Cincoze Crystal 15"" Industrial Panel PC",P1001,Rugged/Entry/P1000 Series/P1001
CV-110C-M1001,"Cincoze Crystal 10.4"" Industrial Capacitive Touchscreen Display",,///
CV-115C-Magna-w4s0,"Cincoze Crystal 15"" Industrial Panel PC",,///
CV-117C-P1001-o0cw,"Cincoze Crystal 17"" Industrial Panel PC",,///
Core-ML250Imtech-4800,Core-ML250Imtech,ML250 (Other),Industrial/Gateway/ML250 Series/ML250 (Other)
Core-ML250-s884,Sargent Aerospace ML250 with Serial Ports,ML250 (Other),Industrial/Gateway/ML250 Series/ML250 (Other)
Core-ML300-kscs,LGX ML300 Fanless NUC Industrial Computer,ML300 (Other),Industrial/Gateway/ML300 Series/ML300 (Other)
Core-ML320Canusa-k004,Core-ML320Canusa,ML300 (Other),Industrial/Gateway/ML300 Series/ML300 (Other)
Core-C210-sw4k,Custom D-Box C210 Mini-ITX System with Nvidia Graphics,Industrial (Other),Industrial/Legacy Industrial/Legacy Industrial/Industrial (Other)
Core-ML300-cwks,ML300 Fanless Ivy Bridge NUC Industrial Computer,ML300 (Other),Industrial/Gateway/ML300 Series/ML300 (Other)
Core-ML320Canusa-250/16-w8ck,Core-ML320Canusa-250/16,ML300 (Other),Industrial/Gateway/ML300 Series/ML300 (Other)
CNX-K700-SE-BSLS,Karbon 700 High-Performance Rugged Edge Computer - Cognex BSLS,K700-SE,Rugged/Performance/K700 Series/K700-SE
CNX-K700-i7-0s0k,Karbon 700 High-Performance Rugged Edge Computer,K700-SE,Rugged/Performance/K700 Series/K700-SE
CNON-DS-1102,Canon DS-1102,,///
CNP-MK103-R7250,Cineplex MK103 R7-250,MK100 (Other),Server/1U & 1.5U Rackmount/MK100 Series/MK100 (Other)
CNX-K300-0woc,Cognex Karbon 300 Compact Rugged Computer,,///
CL210G-11-fnwu,Ultra Small Quad Core Fanless Industrial Edge Computer,CL210G-11,Industrial/Small Form Factor/CL200 Series/CL210G-11
CL210G-11-fz6b,Ultra Small Quad Core Fanless Industrial Edge Computer,,///
CL210G-11-g8g0,Ultra Small Quad Core Fanless Industrial Edge Computer,,///
CL210G-11-kcw8,Ultra Small Quad Core Fanless Industrial Edge Computer,CL210G-11,Industrial/Small Form Factor/CL200 Series/CL210G-11
CL210G-11-RS-xycq,Quad Core Fanless Industrial Edge Device w/ Dual LAN (Pre-configured),CL210G-11,Industrial/Small Form Factor/CL200 Series/CL210G-11
CL210G-11-rvw6,Ultra Small Quad Core Fanless Industrial Edge Computer,CL210G-11,Industrial/Small Form Factor/CL200 Series/CL210G-11
CL210G-11-7yim,Ultra Small Quad Core Fanless Industrial Edge Computer,,///
CL210G-11-rqsl,Ultra Small Quad Core Fanless Industrial Edge Computer,,///
CL210G-11-px9h,Ultra Small Quad Core Fanless Industrial Edge Computer,,///
CL210G-11-RS-b11x,Quad Core Fanless Industrial Edge Device w/ Dual LAN (Pre-configured),CL210G-11,Industrial/Small Form Factor/CL200 Series/CL210G-11
CL210G-11-gs4g,Ultra Small Quad Core Fanless Industrial Edge Computer,CL210G-11,Industrial/Small Form Factor/CL200 Series/CL210G-11
CL210G-11-ko4s-c4ow,Ultra Small Quad Core Fanless Industrial Edge Computer,CL210G-11,Industrial/Small Form Factor/CL200 Series/CL210G-11
K700-SE-rltf,Karbon 700 High-Performance Rugged Edge Computer,K700-SE,Rugged/Performance/K700 Series/K700-SE
K700-SE-rh99,Karbon 700 Expanded High-Performance Rugged Edge Computer for Thinglogix,K700-SE,Rugged/Performance/K700 Series/K700-SE
K700-SE-oytz,Karbon 700 High-Performance Rugged Edge Computer,K700-SE,Rugged/Performance/K700 Series/K700-SE
K700-SE-quaz-V2,Karbon 700 High-Performance Rugged Edge Computer,K700-SE,Rugged/Performance/K700 Series/K700-SE
k410-gfs9-EU,Karbon 410 Intel Elkhart Lake Compact Rugged Computer,K410,Rugged/Entry/K400 Series/K410
K410-kcc6,Karbon 410 Intel Elkhart Lake Compact Rugged Computer,K410,Rugged/Entry/K400 Series/K410
K410-4b3i,Karbon 410 Intel Elkhart Lake Compact Rugged Computer,K410,Rugged/Entry/K400 Series/K410
K410-9oh7,Karbon 410 Intel Elkhart Lake Compact Rugged Computer,K410,Rugged/Entry/K400 Series/K410
k410-gfs9,Karbon 410 Intel Elkhart Lake Compact Rugged Computer,K410,Rugged/Entry/K400 Series/K410
IMB-1210-D,ASRock IMB-1210-D Mini-ITX Motherboard,,///
Info- DC21-W-ckgg,"21.5"" 16:9 Multi-Touch Touchscreen",,///
INK-K804,OnLogic Karbon 804 High-Performance Rugged Computer w/ModBay & PCIe,K804,Rugged/Performance/K800 Series/K804
IGL200-pkvx,Ultra-small Fanless IGEL Ready Thin Client,,///
IGL200-q75g,Ultra-small Fanless IGEL Ready Thin Client,,///
IGL200-nnjn,Ultra-small Fanless IGEL Ready Thin Client,CL210G-10 (IGL200),Industrial/Small Form Factor/CL200 Series/CL210G-10 (IGL200)
IGL150,High Performance Industrial IGEL Ready Thin Client,,///
IGL210,IGL210 Ultra-Compact Fanless Industrial IGEL Ready Thin Client,,///
HVP-DS-1200C8,Hitachi Gateway - Cincoze Rugged Intel Coffee Lake Fanless Computer,DS-1200,Rugged/Mid Tier/DS Series/DS-1200
HVP-DS-1202,Hitachi Gateway - HVP 450,DS-1202,Rugged/Mid Tier/DS Series/DS-1202
HUB-MK100B-53,"Pro-Vigil ""HUB"" MK100B-53 Intel Coffee Lake 1U Rackmount Computer",MK100B-53,Server/1U & 1.5U Rackmount/MK100 Series/MK100B-53
HVP-DS-1200C2,Hitachi Gateway - HVP-400 - Cincoze Rugged Intel Coffee Lake Fanless Computer,DS-1200,Rugged/Mid Tier/DS Series/DS-1200
GM-1000-pa9a-R2,Cincoze Rugged Intel 9th/8th Gen GPU Computer,,///
GenTuxML400G-50,Generation Tux ML400G-50,ML400G-50,Industrial/Performance/ML400 Series/ML400G-50
GLEA-ML100G-10,Gleason Cutting Tools ML100G-10,ML100G-10,Industrial/Entry/ML100 Series/ML100G-10
GL-ML400G-50-MK-4cs8,Industrial Intel Haswell Core i3/i5 Mini-ITX Rackmount Computer,ML400G-50,Industrial/Performance/ML400 Series/ML400G-50
GELO-HX500,OnLogic Helix 500 Intel Comet Lake Industrial Edge Computer,HX500,Industrial/Performance/HX500 Series/HX500
GM-1000-5dwp,Cincoze Rugged Intel 9th/8th Gen GPU Computer,,///
EXM161,Intel Apollo Lake N3350 Industrial Motherboard with Single Gb LAN,,Components/Components/Components/
EXM162-077k,Intel Apollo Lake N4200 Industrial Motherboard with Dual Gb LAN,,Components/Components/Components/
E.ON DC-1100-g0g4,Cincoze DC-1100 Rugged Intel Bay Trail Fanless Computer,,///
e.Sigma-MK100-gg4w,MK100 Intel Atom 1U Mini Rackmount Computer,MK100 (Other),Server/1U & 1.5U Rackmount/MK100 Series/MK100 (Other)
DVDAv2-MC600-3TB-re1o,Dividia Technologies v2 MC600 3TB,,///
DTS-MC600-s8g4,Industrial Video Wall Digital Media Player,MC600-50,Industrial/Fanned/MC600 Series/MC600-50
DutchDom-Atom-MK150(B)-sc4w,Double UAS-Core Server,MK150 (Other),Server/1U & 1.5U Rackmount/MK150 Series/MK150 (Other)
DS-1000-w0gg,Cincoze Rugged Intel Haswell Fanless Computer,,///
DS-1000P-10-w0gw,Cincoze Rugged Intel Haswell Fanless Computer,,///
DS-1000-ggg0-4s08,Cincoze Rugged Intel Haswell Fanless Computer,,///
DS-1001-30-skwg,Cincoze Rugged Intel Haswell Fanless Computer with Expansion,,///
DS-1000-ATT-sogo,Cincoze Rugged Intel Haswell Fanless Computer,,///
DS-1000-10-ckgk,Cincoze Rugged Intel Haswell Fanless Computer,,///
DS-1000-okoo,Cincoze Rugged Intel Haswell Fanless Computer,,///
DS-1001-30-wkkw,Cincoze Rugged Intel Haswell Fanless Computer with Expansion,,///
Ds-1000-10-s484,Cincoze Rugged Intel Haswell Fanless Computer,,///
DS-1000 -c8w0,Cincoze Historian Rugged Intel Haswell Fanless Computer,,///
DS-1000-10-88c4,Cincoze Rugged Intel Haswell Fanless Computer,,///
DECO-CL250-920304,CL250 Ultra Small Fanless Industrial Edge Gateway,CL250,Industrial/Small Form Factor/CL200 Series/CL250
DED-ML100G-R01,Dedicated Computing Industrial Fanless Intel Whiskey Lake NUC With Dual LAN,ML100G-51,Industrial/Entry/ML100 Series/ML100G-51
DigMatrixRM-ML250-gckg,DigMatrixRM-ML250,ML250 (Other),Industrial/Gateway/ML250 Series/ML250 (Other)
DELETE22-10-12-K804,[DO NOT USE]OnLogic Karbon 804 High-Performance Rugged Computer w/ModBay & PCIe,K804,Rugged/Performance/K800 Series/K804
DEK-DS1101-S,Cincoze Rugged Intel Skylake Fanless Computer,DS-1101,Rugged/Mid Tier/DS Series/DS-1101
CV-P1001,Cincoze Rugged Intel Bay Trail Panel PC,CV-P1001,Panel/Cincoze Panel/P1000 Series/CV-P1001
DA-1000-cww0,Cincoze Rugged Ultra Compact Fanless Computer,DA-1000,Rugged/Entry/DA Series/DA-1000
DA-1000-fq0i,Cincoze Rugged Ultra Compact Fanless Computer,DA-1000,Rugged/Entry/DA Series/DA-1000
DA-1000-cko4,Cincoze Rugged Ultra Compact Fanless Computer,,///
DA-1000-b1sj,Cincoze Rugged Ultra Compact Fanless Computer,,///
CV-P2002-dx9l,Cincoze Rugged Intel Skylake Core i3/i5 Panel PC,CV-P2002,Panel/Cincoze Panel/P2000 Series/CV-P2002
CV-P2002-g80g,Cincoze P2002 Skylake Celeron 3955U Panel PC,CV-P2002,Panel/Cincoze Panel/P2000 Series/CV-P2002
DA-1000-NBCU,Cincoze Rugged Ultra Compact Fanless Computer,,///
DA-1000-8ksk,Cincoze Rugged Ultra Compact Fanless Computer,,///
Core-MK102-cg84,MK100 Intel Core Industrial 1U Rackmount Computer with Optical,MK100 (Other),Server/1U & 1.5U Rackmount/MK100 Series/MK100 (Other)
Core-MK103-kwsw,MK103 Industrial Rackmount Computer,MK100 (Other),Server/1U & 1.5U Rackmount/MK100 Series/MK100 (Other)
Core-MK103-wcwo,Raytheon MK103 Intel Core Industrial 1U Rackmount Computer,MK100 (Other),Server/1U & 1.5U Rackmount/MK100 Series/MK100 (Other)
Core-MK150-soo4,Intel Core 1.5U Rackmount Computer,MK150 (Other),Server/1U & 1.5U Rackmount/MK150 Series/MK150 (Other)
Core-MK150-ssss,Intel Core 1.5U Rackmount Computer,MK150 (Other),Server/1U & 1.5U Rackmount/MK150 Series/MK150 (Other)
Core-ML250-8cko,ML250 with TPM,ML250 (Other),Industrial/Gateway/ML250 Series/ML250 (Other)
Core-ML250-g88o,SK Core-ML250,ML250 (Other),Industrial/Gateway/ML250 Series/ML250 (Other)
Core-MK150-skw4-80wo,Intel Core 1.5U Rackmount Computer,MK150 (Other),Server/1U & 1.5U Rackmount/MK150 Series/MK150 (Other)
Core-MK150-gcsc,Custom D-Box MK150 Rackmount System with Nvidia Graphics,MK150 (Other),Server/1U & 1.5U Rackmount/MK150 Series/MK150 (Other)
Core-MK100-oss0,Intel Core 1U Rackmount Computer,MK100 (Other),Server/1U & 1.5U Rackmount/MK100 Series/MK100 (Other)
Clevisa_Core-MC500-ss4c,Commercial Intel Core Mini-ITX Computer,MC500 (Other),Industrial/Fanned/MC500 Series/MC500 (Other)
CLR-ML510G-50,Clarios ML510G-50 Compact Fanless Industrial Coffee Lake Computer,ML510G-50,Industrial/Performance/ML500 Series/ML510G-50
CL210G-11-tl2e,Dentsu Aegis Industrial USFF Edge Device w/ Dual LAN,,///
CL210G-11-ymod,Ultra Small Quad Core Fanless Industrial Edge Computer,CL210G-11,Industrial/Small Form Factor/CL200 Series/CL210G-11
CL210G-DVT-s4oo,CL210 DVT Sample System,CL210G-10,Industrial/Small Form Factor/CL200 Series/CL210G-10
CL100-GBH-w4gs,Industrial Fanless Mini PC,CL100,Industrial/Small Form Factor/CL100 Series/CL100
CL100-GBH1-8ggg,Industrial Fanless Mini PC,CL100,Industrial/Small Form Factor/CL100 Series/CL100
CL100-NBUL,Fanless Industrial Mini PC,,///
cl100-s048,Industrial Fanless Mini PC,CL100,Industrial/Small Form Factor/CL100 Series/CL100
CL100-PSIcorp-8kgk,Industrial Fanless Mini PC,CL100,Industrial/Small Form Factor/CL100 Series/CL100
CL100-ck40,Instrumar CL100,CL100,Industrial/Small Form Factor/CL100 Series/CL100
CL100-cwsk,Instrumar CL100,CL100,Industrial/Small Form Factor/CL100 Series/CL100
CL100-sgcc,Fanless Industrial Mini PC,CL100,Industrial/Small Form Factor/CL100 Series/CL100
CL100-skwg,Industrial Fanless Mini PC,CL100,Industrial/Small Form Factor/CL100 Series/CL100
K700-SE-2-y1kw,Karbon 700-SE-2 High-Performance Rugged Edge Computer,K700-SE-2,Rugged/Performance/K700 Series/K700-SE-2
K700-Presidio-jamk,Karbon 700 High-Performance Rugged Edge Computer,K700-SE,Rugged/Performance/K700 Series/K700-SE
K700-SE-0go4,Karbon 700 High-Performance Rugged Edge Computer,K700-SE,Rugged/Performance/K700 Series/K700-SE
K700-SE-xo50,Karbon 700 High-Performance Rugged Edge Computer,K700-SE,Rugged/Performance/K700 Series/K700-SE
K700-SE-xxel,Karbon 700 High-Performance Rugged Edge Computer,K700-SE,Rugged/Performance/K700 Series/K700-SE
K700-SE-0osc,Karbon 700 High-Performance Rugged Edge Computer,K700-SE,Rugged/Performance/K700 Series/K700-SE
k700-se-2-0lsa,Karbon 700-SE-2 High-Performance Rugged Edge Computer,K700-SE-2,Rugged/Performance/K700 Series/K700-SE-2
K700-SE-01-q4xy,Karbon 700 High-Performance Rugged Edge Computer,K700-SE,Rugged/Performance/K700 Series/K700-SE
JBC372F36W-S,Jetway Industrial Intel Atom Compact Computer,Industrial (Other),Industrial/Legacy Industrial/Legacy Industrial/Industrial (Other)
INT-NC220-R02W,Intersection Mini i5 Compute w/ WiFi,NC200 (Other),Industrial/Legacy Industrial/NC200 Series/NC200 (Other)
JBC373F38W-S,Jetway Industrial Intel Atom Compact Computer with Quad LAN,Industrial (Other),Industrial/Legacy Industrial/Legacy Industrial/Industrial (Other)
IronBow-ML340-V3-k800,Iron Bow ML340 V3,ML340G-51,Industrial/Gateway/ML300 Series/ML340G-51
IronBow-ML340,Iron Bow ML340,ML340G-51,Industrial/Gateway/ML300 Series/ML340G-51
IPX-NUC-wkk0,IPXchange Industrial Intel Bay Trail Fanless NUC Computer,ML100G-10,Industrial/Entry/ML100 Series/ML100G-10
HX600-8g40,OnLogic Helix 600 Intel Comet Lake Expanded Industrial Edge Computer,HX600,Industrial/Performance/HX600 Series/HX600
HX600-9o2c,OnLogic Helix 600 Intel Comet Lake Expanded Industrial Edge Computer,HX600,Industrial/Performance/HX600 Series/HX600
HX600-ca7b,OnLogic Helix 600 Intel Comet Lake Expanded Industrial Edge Computer,HX600,Industrial/Performance/HX600 Series/HX600
HX600-egf5,OnLogic Helix 600 Intel Comet Lake Expanded Industrial Edge Computer,HX600,Industrial/Performance/HX600 Series/HX600
HX500-dzah,OnLogic Helix 500 Intel Comet Lake Industrial Edge Computer,HX500,Industrial/Performance/HX500 Series/HX500
HX500-ex8f,OnLogic Helix 500 Intel Comet Lake Industrial Edge Computer,HX500,Industrial/Performance/HX500 Series/HX500
HX500-c04k,OnLogic Helix 500 Intel Comet Lake Industrial Edge Computer,HX500,Industrial/Performance/HX500 Series/HX500
HAMER-CL100,HAMER Fanless Industrial Mini PC,CL100,Industrial/Small Form Factor/CL100 Series/CL100
HAN-ML340G-51-cc8g,Low Profile Fanless Industrial Skylake Computer,ML340G-51,Industrial/Gateway/ML300 Series/ML340G-51
GEDY-ML100,General Dynamics Mission Systems ML100,ML100G-30,Industrial/Entry/ML100 Series/ML100G-30
GDMS-ML100-PortBlock,GDMS-ML100-PortBlock,ML100G-30,Industrial/Entry/ML100 Series/ML100G-30
GE-ML250,GE ML250 Industrial Fanless Computer,ML250 (Other),Industrial/Gateway/ML250 Series/ML250 (Other)
FCPT-DX-1000-3Y,Forcepoint DX-1000 with 3 Year Warranty,DX-1000,Rugged/Mid Tier/DX Series/DX-1000
FCPT-DX-1000-Proto,Forcepoint DX-1000 Prototype Platform,DX-1000,Rugged/Mid Tier/DX Series/DX-1000
FCPT-DX-1000-2Y,Forcepoint DX-1000 with 2 Year Warranty,DX-1000,Rugged/Mid Tier/DX Series/DX-1000
FCPT-DX-1000,Forcepoint DX-1000,DX-1000,Rugged/Mid Tier/DX Series/DX-1000
Fazio_Atom_MC500-og88,Commercial Intel Atom Mini-ITX Computer with IMB-155,MC500 (Other),Industrial/Fanned/MC500 Series/MC500 (Other)
FCA-ML500G-50,Petrolink FCA System,ML500G-50,Industrial/Performance/ML500 Series/ML500G-50
FARRAR-DA-1100,Cincoze Rugged Apollo Lake Ultra Compact Fanless Computer,,///
FCPT-DX-1000-gww0,Cincoze Rugged Intel 6th/7th Gen Compact Fanless Computer,,///
DS-1202-kw44,Cincoze Rugged Intel Coffee Lake Fanless Computer with Dual Expansion or GPU,,///
DS-1202-igvi,Cincoze Rugged Intel Coffee Lake Fanless Computer with Dual Expansion or GPU,,///
DS-1200-S-owc4,Cincoze Rugged Intel Coffee Lake Fanless Computer,,///
DS-1202-eeun,Cincoze Rugged Intel Coffee Lake Fanless Computer with Dual Expansion or GPU,,///
DS-1200-umjr,Cincoze Rugged Intel Coffee Lake Fanless Computer,DS-1200,Rugged/Mid Tier/DS Series/DS-1200
DS-1200-g8gs,Cincoze Rugged Intel Coffee Lake Fanless Computer,,///
DS-1200-kss0,Cincoze Rugged Intel Coffee Lake Fanless Computer,,///
DS-1200-mvuv,Cincoze Rugged Intel Coffee Lake Fanless Computer,,///
DS-1201-c036,Cincoze Rugged Intel Coffee Lake Fanless Computer with Expansion,,///
DI-1000-cc88,Cincoze Rugged Intel Skylake Compact Fanless Computer,,///
DANAT3-CLOUD-CL210G-11,Dentsu Aegis Industrial USFF Edge Device w/ Dual LAN,CL210G-11,Industrial/Small Form Factor/CL200 Series/CL210G-11
DANAT-CL210G-10,Dentsu Aegis Industrial USFF Edge Device w/ Dual LAN,CL210G-10,Industrial/Small Form Factor/CL200 Series/CL210G-10
DAMAE-MC600-Skylake-0g44,Commercial Intel Core Computer with Expansion,MC600 (Other),Industrial/Fanned/MC600 Series/MC600 (Other)
DATA-K801-V01,OnLogic Karbon 801 Low-Profile High-Performance Rugged Computer,,///
DATA-K801-V01-yet5,OnLogic Karbon 801 Low-Profile High-Performance Rugged Computer,,///
DA-1100-wyye,Cincoze Rugged Apollo Lake Ultra Compact Fanless Computer,DA-1100,Rugged/Entry/DA Series/DA-1100
DANAT-CL210G-10-B-kk4k,Dentsu Aegis Industrial USFF Edge Device w/ Dual LAN,CL210G-10,Industrial/Small Form Factor/CL200 Series/CL210G-10
DA-1100-wkoc,Cincoze Rugged Apollo Lake Ultra Compact Fanless Computer,,///
CT100-X570-Proto-lc3s,Compact Industrial AMD Ryzen Edge Server,,Components/Components/Components/
CV-P1101-p30k,Cincoze Rugged Intel Apollo Lake Panel PC,CV-P1101,Panel/Cincoze Panel/P1000 Series/CV-P1101
Core-MC600SENSEN-c0ck,Commercial Intel Core Computer with Expansion,MC600 (Other),Industrial/Fanned/MC600 Series/MC600 (Other)
Core-MC600POE-44ws,OnLogic Compact Intel Core i Computer with Expansion,MC600-50,Industrial/Fanned/MC600 Series/MC600-50
CNX-POC-300,Neousys Rugged Compact Fanless Intel Apollo Lake Computer,POC-300,Rugged/Entry/POC Series/POC-300
Core-MK100-g08c,Intel Core 1U Rackmount Computer,MK100 (Other),Server/1U & 1.5U Rackmount/MK100 Series/MK100 (Other)
Core-MC600-Smartmatic-8ks8,Commercial Intel Core Computer with Expansion,MC600 (Other),Industrial/Fanned/MC600 Series/MC600 (Other)
Core-MC600-ckk8-4c04,Commercial Intel Core Computer with Expansion,MC600 (Other),Industrial/Fanned/MC600 Series/MC600 (Other)
Core-MC600-k48w,OnLogic Compact Intel Core i Computer with Expansion,MC600-50,Industrial/Fanned/MC600 Series/MC600-50
CIS-HX310,OnLogic Helix 310 Intel Elkhart Lake Industrial Edge Computer,HX310,Industrial/Gateway/HX300 Series/HX310
CICT-ML350G-10,Low Profile Fanless Industrial Computer With Apollo Lake,ML350G-10,Industrial/Gateway/ML300 Series/ML350G-10
CiM-ML250-V-cg4c,Limbic Automotive ML250,ML250 (Other),Industrial/Gateway/ML250 Series/ML250 (Other)
CL210G-10-4sc4,Fanless Industrial USFF Edge Device w/ Dual LAN,CL210G-10,Industrial/Small Form Factor/CL200 Series/CL210G-10
JERVIS-DC-1100,JERVIS-DC-1100,DC-1100,Rugged/Entry/DC Series/DC-1100
JCI-ML210-WIFI,Johnson Controls ML210G-10 WiFi,ML210G-10,Industrial/Gateway/ML200 Series/ML210G-10
IMB-154-PRO-500-po99,AlterG IMB-154 Board Kit for Pro 500,,///
IMB-155,ASRock IMB-155 Intel Braswell Industrial Thin Mini-ITX Motherboard,,Components/Components/Components/
IMB-151D,ASRock IMB-151D Bay Trail Thin Mini-ITX Motherboard with J1900 Celeron,,Components/Components/Components/
IMB-1211-D,ASRock IMB-1211-D Mini-ITX Motherboard,,///
HX600-zx44,OnLogic Helix 600 Intel Comet Lake Expanded Industrial Edge Computer,HX600,Industrial/Performance/HX600 Series/HX600
HX610-5u2n,Onlogic Helix 610 Intel Comet Lake Industrial Edge Computer With Optional Hot Swap Storage,HX610,Industrial/Performance/HX600 Series/HX610
HX610-4w29,Onlogic Helix 610 Intel Comet Lake Industrial Edge Computer With Optional Hot Swap Storage for Smit Terminals,HX610,Industrial/Performance/HX600 Series/HX610
HX610-8bvz,Onlogic Helix 610 Intel Comet Lake Industrial Edge Computer With Optional Hot Swap Storage,HX610,Industrial/Performance/HX600 Series/HX610
HX610-klsl,Onlogic Helix 610 Intel Comet Lake Industrial Edge Computer With Optional Hot Swap Storage,HX610,Industrial/Performance/HX600 Series/HX610
HX600-y7gk,OnLogic Helix 600 Intel Comet Lake Expanded Industrial Edge Computer,HX600,Industrial/Performance/HX600 Series/HX600
HX610-vl72,Onlogic Helix 610 Intel Comet Lake Industrial Edge Computer With Optional Hot Swap Storage,HX610,Industrial/Performance/HX600 Series/HX610
HX610-aum3-oxy5,Onlogic Helix 610 Intel Comet Lake Industrial Edge Computer With Optional Hot Swap Storage,HX610,Industrial/Performance/HX600 Series/HX610
HTS-HX401,OnLogic Helix 401 Fanless Hybrid-Core Computer,HX401,Industrial/Entry/HX400 Series/HX401
GRL100,Industrial NVR with Gorilla Technology,MC510-50 (GRL100),Industrial/Fanned/MC500 Series/MC510-50 (GRL100)
GRE-FR201-4G+WIFI,Factor 201 Raspberry Pi Industrial IoT Gateway,FR201,Industrial/Small Form Factor/FR200 Series/FR201
GRENETH-ML250-wc0g,Industrial Intel core i3 Mini-ITX Computer,ML250 (Other),Industrial/Gateway/ML250 Series/ML250 (Other)
EPMS-K300-EU-R01,Karbon 300 Compact Rugged Controls Computer,,///
EPM-M350,EPM Intel Atom D525 M350 Mini Embedded Computer,,Industrial/Fanned/Other/
EagleVizionPrototype-qhd0,Rugged GPU Computing System with Intel® R680E Chipset and 5 PCIe Slots,,///
EagleVizonPrototype-c03b,Rugged GPU Computing System with Intel® R680E Chipset and 5 PCIe Slots,,///
DS-1300-rxhs,Cincoze Rugged Intel 10th Gen Comet Lake Fanless Computer,,///
DS-1301,Cincoze Rugged Intel 10th Gen Comet Lake Fanless Computer with PCI/PCIe,DS-1301,Rugged/Mid Tier/DS Series/DS-1301
DS-1301-8dsp,Cincoze Rugged Intel 10th Gen Comet Lake Fanless Computer with PCI/PCIe,,///
DS-1202-0kok,Cincoze Rugged Intel Coffee Lake Fanless Computer with Dual Expansion or GPU,,///
DS-1202-444g,Amazon LastMileDelivery DS-1202 Prototype,,///
DTS-CT100-50,High Performance Intel Skylake Kiosk Computer,,Components/Components/Components/
DTS-CT100-50-0s0g,High Performance Intel Skylake Kiosk Computer,,///
DS-1202-okck,Cincoze Rugged Intel Coffee Lake Fanless Computer with Dual Expansion or GPU,,///
DTS-MC600-4ow8,Industrial Video Wall Digital Media Player,MC600-50,Industrial/Fanned/MC600 Series/MC600-50
ds-1100-s-00gk,SWRI Tier 1 SKU,,///
DS-1202-Zund-ogw0,Cincoze Rugged Intel Coffee Lake Fanless Computer with Dual Expansion or GPU,,///
DC-1100-10-oko4,Cincoze Rugged Intel Bay Trail Compact Fanless Computer,,///
Dc-1100LENSEC-L200-k44o,Cincoze Rugged Intel Bay Trail Compact Fanless Computer,,///
DC-1200-48os,Rugged Cincoze Intel Apollo Lake Compact Fanless Computer,,///
DBSI-MK150-duno,Intel Skylake 1.5U Rackmount Computer,MK150B-52,Server/1U & 1.5U Rackmount/MK150 Series/MK150B-52
DBOX-ML210_r03,D-Box ML210 r03,ML210G-10,Industrial/Gateway/ML200 Series/ML210G-10
DC-1100-o0ko,Cincoze Rugged Intel Bay Trail Compact Fanless Computer,,///
CY-202116_r1Evalrev1unit-0sc8,Cymer Extended Temperature Core i5/i7 System,Rugged (Other),Rugged/Legacy Rugged/Legacy Rugged/Rugged (Other)
CV-P1101-oii0,Cincoze Rugged Intel Apollo Lake Panel PC,CV-P1101,Panel/Cincoze Panel/P1000 Series/CV-P1101
Core-MC500-wosc,Commercial Intel Core Mini-ITX Computer,MC500 (Other),Industrial/Fanned/MC500 Series/MC500 (Other)
Core-MC500-ogs4,MC500 Intel Core Embedded Mini Computer,,///
Core-MC500-Sensen-ksc4,MC500 Intel Core Embedded Mini Computer,MC500 (Other),Industrial/Fanned/MC500 Series/MC500 (Other)
Core-M350,Commercial Intel Core Expandable Computer,Industrial (Other),Industrial/Legacy Industrial/Legacy Industrial/Industrial (Other)
Core-MC500-gog8,Commercial Intel Core Mini-ITX Computer,MC500-50,Industrial/Fanned/MC500 Series/MC500-50
Core-MC600-c4g0,OnLogic Compact Intel Core i Computer with Expansion,MC600-50,Industrial/Fanned/MC600 Series/MC600-50
Core-C292-o40o,Custom Core i7 C292 Mini-ITX Computer,Industrial (Other),Industrial/Legacy Industrial/Legacy Industrial/Industrial (Other)
Core-MC500Yaskawa-w4gk,Core-MC500Yaskawa,MC500 (Other),Industrial/Fanned/MC500 Series/MC500 (Other)
CNX-K700-VSW-001,K700-X2 i5-9500 Win10 VPro USB (UL Pending),,///
CNX-K700-VSW-002-9qmv,K700-X2 i5-9500 Win10 VPro WB (UL Pending),K700-X2,Rugged/Performance/K700 Series/K700-X2
CL200G-10-RS,Fanless Industrial USFF Edge Device (Pre-configured),CL200G-10,Industrial/Small Form Factor/CL200 Series/CL200G-10
CL200G-10-88t3,Fanless Industrial USFF Edge Device,,///
CL200G-10-8kog,Industrial USFF Edge Device,CL200G-10,Industrial/Small Form Factor/CL200 Series/CL200G-10
CL200G-10-4oo0,Industrial USFF Edge Device,CL200G-10,Industrial/Small Form Factor/CL200 Series/CL200G-10
CL200G-10-nc7d,Fanless Industrial USFF Edge Device,CL200G-10,Industrial/Small Form Factor/CL200 Series/CL200G-10
CL200G-10-4kcs,Fanless Industrial USFF Edge Device,CL200G-10,Industrial/Small Form Factor/CL200 Series/CL200G-10
CL100SilentPC-cso0,Industrial Ultra Compact Fanless NUC,CL100,Industrial/Small Form Factor/CL100 Series/CL100
CL100-yk4r,Fanless Industrial Mini PC,CL100,Industrial/Small Form Factor/CL100 Series/CL100
CL200G-10-oko0,Industrial USFF Edge Device,CL200G-10,Industrial/Small Form Factor/CL200 Series/CL200G-10
CL200G-10-w08s,Industrial USFF Edge Device,CL200G-10,Industrial/Small Form Factor/CL200 Series/CL200G-10
K700-SE-ovq9,Karbon 700 High-Performance Rugged Edge Computer,K700-SE,Rugged/Performance/K700 Series/K700-SE
K700-SE-iag2,Karbon 700 High-Performance Rugged Edge Computer,K700-SE,Rugged/Performance/K700 Series/K700-SE
K700-SE-ies1,Karbon 700 High-Performance Rugged Edge Computer,K700-SE-2,Rugged/Performance/K700 Series/K700-SE-2
K300-v5y6,Karbon 300 Compact Rugged Computer,,///
K300-qr4e,Karbon 300 Compact Rugged Computer,,///
K300-Quoting-w484,Karbon 300 Quoting,,///
K410-0lyk,Karbon 410 Intel Elkhart Lake Compact Rugged Computer,K410,Rugged/Entry/K400 Series/K410
K300-y2e7,Karbon 300 Compact Rugged Computer,K300,Rugged/Entry/K300 Series/K300
K300-hxvh,Karbon 300 Compact Rugged Computer,,///
IMB-V1000M,ASRock AMD Ryzen V1605B Embedded Mini-ITX Motherboard,,///
IN-K801,OnLogic Karbon 801 Low-Profile High-Performance Rugged Computer,,///
IND-K300-UL,Karbon 300 Compact Rugged Computer,K300,Rugged/Entry/K300 Series/K300
IMP-DX-1000-cck4,Cincoze Rugged Intel 6th/7th Gen Compact Fanless Computer,,///
IMC 300 UPS-w0kk,IMC ML300 UPS System,ML300 (Other),Industrial/Gateway/ML300 Series/ML300 (Other)
IMS-Nuvo-5104VTC-k48s,Neousys Rugged Intel Skylake In-Vehicle Computer with PoE,,///
HX600-g6j5-k3rv,OnLogic Helix 600 Intel Comet Lake Expanded Industrial Edge Computer,HX600,Industrial/Performance/HX600 Series/HX600
HX600-HENROB01,OnLogic Helix 600 Intel Comet Lake Expanded Industrial Edge Computer,HX600,Industrial/Performance/HX600 Series/HX600
HX600-hk5m,OnLogic Helix 600 Intel Comet Lake Expanded Industrial Edge Computer,HX600,Industrial/Performance/HX600 Series/HX600
HX600-t9sp,OnLogic Helix 600 Intel Comet Lake Expanded Industrial Edge Computer,HX600,Industrial/Performance/HX600 Series/HX600
HX600-vk0p,OnLogic Helix 600 Intel Comet Lake Expanded Industrial Edge Computer,HX600,Industrial/Performance/HX600 Series/HX600
HX600-wasr,OnLogic Helix 600 Intel Comet Lake Expanded Industrial Edge Computer,HX600,Industrial/Performance/HX600 Series/HX600
HX600-myte,OnLogic Helix 600 Intel Comet Lake Expanded Industrial Edge Computer,HX600,Industrial/Performance/HX600 Series/HX600
HX600-o6n4,OnLogic Helix 600 Intel Comet Lake Expanded Industrial Edge Computer,HX600,Industrial/Performance/HX600 Series/HX600
HX600-q642,OnLogic Helix 600 Intel Comet Lake Expanded Industrial Edge Computer,HX600,Industrial/Performance/HX600 Series/HX600
GOGO-SERVER-ML450,Gogo Server ML450,ML450G-12,Industrial/Performance/ML400 Series/ML450G-12
GOOG-K300,Karbon 300 Compact Rugged Computer,K300,Rugged/Entry/K300 Series/K300
GOOGBOM1-0ccw,Google Robotics BOM,,Components/Components/Components/
Gossner MC500 - 4COM-0g0c,Gossner MC500 - 4COM,MC500 (Other),Industrial/Fanned/MC500 Series/MC500 (Other)
GOGO-FIREWALL-ML450,Gogo Firewall ML450,ML450G-12,Industrial/Performance/ML400 Series/ML450G-12
FSN-MC500,AMD Fusion MC500 Mini-ITX Computer,,///
FSN-ML250GEAvionics-kksw,FSN-ML250GEAvionics,ML250 (Other),Industrial/Gateway/ML250 Series/ML250 (Other)
FSN-ML250Sky-o48o,FSN-ML250Sky,ML250 (Other),Industrial/Gateway/ML250 Series/ML250 (Other)
Futureware-ML450G-52,Futureware ML450G-52,ML450G-52,Industrial/Performance/ML400 Series/ML450G-52
Enterprise CS-10,Enterprise CS-10,MK100 (Other),Server/1U & 1.5U Rackmount/MK100 Series/MK100 (Other)
EPG-DX-1100-8ksw,8th Generation Intel® Core™ High-Performance Compact Rugged Computer,,///
ELM-K700-i5-2R-V,Karbon 700 High-Performance Rugged Edge Computer,K700-SE,Rugged/Performance/K700 Series/K700-SE
ENVERA-DA-1100,Cincoze Rugged Apollo Lake Ultra Compact Fanless Computer,DA-1100,Rugged/Entry/DA Series/DA-1100
dx-1000-g4ks,Cincoze Rugged Intel 6th/7th Gen Compact Fanless Computer,,///
DX-1000-0ckc,Cincoze Rugged Intel 6th/7th Gen Compact Fanless Computer,,///
DX-1000-0800,Cincoze Rugged Intel 6th/7th Gen Compact Fanless Computer,,///
DWL-MC500,Dwelling Live DWL-MC500,MC500 (Other),Industrial/Fanned/MC500 Series/MC500 (Other)
dx-1000-0484,Cincoze Rugged Intel 6th/7th Gen Compact Fanless Computer,,///
DX-1000-4ogw,Cincoze Rugged Intel 6th/7th Gen Compact Fanless Computer,,///
DX-1000-0c0c,Cincoze Rugged Intel 6th/7th Gen Compact Fanless Computer,,///
DX-1000-k4ks,Cincoze Rugged Intel 6th/7th Gen Compact Fanless Computer,,///
DWYK-S-w088,"Intel Haswell ""Wilson Canyon"" NUC Multimedia Computer",Industrial (Other),Industrial/Legacy Industrial/Legacy Industrial/Industrial (Other)
DGH-Nuvo-5002LP-o40s,Drone Go Home Neousys Rugged Intel Skylake Low Profile Fanless Computer,,///
DF-MK100-UPS-gosg,MK100 Industrial 1U Rackmount Computer with Uninterruptible Power Supply,MK100 (Other),Server/1U & 1.5U Rackmount/MK100 Series/MK100 (Other)
DRTI-DA-1000-V02,DRTI Cincoze Rugged Ultra Compact Fanless Computer,,///
Droste-CiML250V-o0s0,CiML250-V Intel Core Fanless Mini Automotive Computer,ML250 (Other),Industrial/Gateway/ML250 Series/ML250 (Other)
DP-MK100-40-ser4-wrnm,1U Rackmount AMD Ryzen Server,,///
DA-1100-abc,Cincoze Rugged Apollo Lake Ultra Compact Fanless Computer for OnLogic,,///
DA-1100-o0s4,Cincoze Rugged Apollo Lake Ultra Compact Fanless Computer,,///
DA-1100,Cincoze Rugged Apollo Lake Ultra Compact Fanless Computer,DA-1100,Rugged/Entry/DA Series/DA-1100
DA-1000-sook,Cincoze Rugged Ultra Compact Fanless Computer,,///
DA-1000-Sparkmeter-gokw,Cincoze Rugged Ultra Compact Fanless Computer,,///
DA-1100-gkgs,Cincoze Rugged Apollo Lake Ultra Compact Fanless Computer,,///
DA-1100-qgq8,Cincoze Rugged Apollo Lake Ultra Compact Fanless Computer,,///
DA-1000-s444,Cincoze Rugged Ultra Compact Fanless Computer,,///
CPE-CV-115R-P1101,Cincoze Rugged Intel Apollo Lake Slim Fanless Computer,,///
CPLX-CL200G-10,Cineplex Fanless Industrial USFF Edge Device,CL200G-10,Industrial/Small Form Factor/CL200 Series/CL200G-10
CPRi3-PROTO,MC510-55,MC510-55,Industrial/Fanned/MC500 Series/MC510-55
CS-112HC-OB-M1001-oww8,CS-112HC-OB-M1001,,///
CPTD-ML210G-10,Industrial Intel Bay Trail Fanless Computer,ML210G-10,Industrial/Gateway/ML200 Series/ML210G-10
CS-110HC-M1001-coko,"Cincoze Crystal 10.4""CS Wet-Tracking Panel",,///
CNP-MK100-C900-Win10,Cineplex MK100 C900 Win10,MK100 (Other),Server/1U & 1.5U Rackmount/MK100 Series/MK100 (Other)
CNP-MK103-C420,Cineplex MK103 C420,MK100 (Other),Server/1U & 1.5U Rackmount/MK100 Series/MK100 (Other)
CNP-MK103-C680,Cineplex MK103 C680,MK100 (Other),Server/1U & 1.5U Rackmount/MK100 Series/MK100 (Other)
Core-5689,Commercial Intel Core Computer with Locking Case,Industrial (Other),Industrial/Legacy Industrial/Legacy Industrial/Industrial (Other)
CML-ML100G-51-W10,CML Security - Industrial Fanless Intel Whiskey Lake NUC With Dual LAN,,///
CMS_AG150-48gw,CMS AG150 with Transcend SSD,ML200 (Other),Industrial/Gateway/ML200 Series/ML200 (Other)
Core-557-s84w,Commercial Intel Core Computer,Industrial (Other),Industrial/Legacy Industrial/Legacy Industrial/Industrial (Other)
CL210G-10-n0jk,Fanless Industrial USFF Edge Device w/ Dual LAN,,///
CL210G-10-o804,Industrial USFF Edge Device w/ Dual LAN,CL210G-10,Industrial/Small Form Factor/CL200 Series/CL210G-10
CL210G-10-o80w,Industrial USFF Edge Device w/ Dual LAN,CL210G-10,Industrial/Small Form Factor/CL200 Series/CL210G-10
CL210G-10-og8c,Fanless Industrial USFF Edge Device w/ Dual LAN,CL210G-10,Industrial/Small Form Factor/CL200 Series/CL210G-10
CL210G-10-ss00,Industrial USFF Edge Device w/ Dual LAN,CL210G-10,Industrial/Small Form Factor/CL200 Series/CL210G-10
CL210G-10-szxx,Fanless Industrial USFF Edge Device w/ Dual LAN,,///
CL210G-11-38fu,Ultra Small Quad Core Fanless Industrial Edge Computer,CL210G-11,Industrial/Small Form Factor/CL200 Series/CL210G-11
CL210G-11-4wws,Ultra Small Quad Core Fanless Industrial Edge Computer,CL210G-11,Industrial/Small Form Factor/CL200 Series/CL210G-11
CL210G-10-pvtr,Fanless Industrial USFF Edge Device w/ Dual LAN,,///
CL210G-10-pmp1,Fanless Industrial USFF Edge Device w/ Dual LAN,CL210G-10,Industrial/Small Form Factor/CL200 Series/CL210G-10
CL210G-11-3nub,Ultra Small Quad Core Fanless Industrial Edge Computer,CL210G-11,Industrial/Small Form Factor/CL200 Series/CL210G-11
JOT-ML400G-51-wgg0,Industrial Intel Haswell Performance Mini-ITX Computer,ML400G-51,Industrial/Performance/ML400 Series/ML400G-51
JOT-MK150B-50-ksk4,Intel Haswell 1U Rackmount Computer,MK150B-50,Server/1U & 1.5U Rackmount/MK150 Series/MK150B-50
JOT-MK150B-50-wcwc,Intel Haswell 1U Rackmount Computer,MK150B-50,Server/1U & 1.5U Rackmount/MK150 Series/MK150B-50
ISMD-CL210G-11-w0oc,Ultra Small Quad Core Fanless Industrial Edge Computer,,///
ISMD-ML400,Image Stream ML400,ML400G-52,Industrial/Performance/ML400 Series/ML400G-52
ITEC-TM250,Low Profile Apollo Lake Industrial Thin Client with ThinManager,ML350G-10 (TM250),Industrial/Gateway/ML300 Series/ML350G-10 (TM250)
IGN200-gwok,Rugged Edge Computer with Ignition Software,,///
IGN210,IGN210 Intel Elkhart Lake Rugged Computer with Ignition,K410 (IGN210),Rugged/Entry/K400 Series/K410 (IGN210)
IGN300,Rugged HMI with Ignition Software,P2002 (IGN300),Panel/Cincoze Panel/P2000 Series/P2002 (IGN300)
IGN300-ko4w,Rugged HMI with Ignition Software,P2002 (IGN300),Panel/Cincoze Panel/P2000 Series/P2002 (IGN300)
IMB-190,ASRock IMB-190 Skylake Desktop Industrial Mini-ITX Motherboard,,Components/Components/Components/
IMB-186-4300U,ASRock IMB-186 Haswell i5-4300U Thin Mini-ITX Motherboard,,Components/Components/Components/
IMB-181-D,ASRock IMB-181 Haswell Desktop Industrial Mini-ITX Motherboard,,Components/Components/Components/
IGL500-8arp,Rugged IGEL Ready Touch Screen Thin Client Terminal,P1101 (IGL500),Rugged/Entry/P1000 Series/P1101 (IGL500)
HX600-4ws8,OnLogic Helix 600 Intel Comet Lake Expanded Industrial Edge Computer,HX600,Industrial/Performance/HX600 Series/HX600
HX600-7f2w,OnLogic Helix 600 Intel Comet Lake Expanded Industrial Edge Computer,HX600,Industrial/Performance/HX600 Series/HX600
HX600-6uvz,OnLogic Helix 600 Intel Comet Lake Expanded Industrial Edge Computer,HX600,Industrial/Performance/HX600 Series/HX600
HX500-8yz0,OnLogic Helix 500 Intel Comet Lake Industrial Edge Computer,HX500,Industrial/Performance/HX500 Series/HX500
HX500-6vhq,OnLogic Helix 500 Intel Comet Lake Industrial Edge Computer,HX500,Industrial/Performance/HX500 Series/HX500
HX500-06vy,OnLogic Helix 500 Intel Comet Lake Industrial Edge Computer,HX500,Industrial/Performance/HX500 Series/HX500
HX500-4s80,OnLogic Helix 500 Intel Comet Lake Industrial Edge Computer,HX500,Industrial/Performance/HX500 Series/HX500
HX500-ahgq,OnLogic Helix 500 Intel Comet Lake Industrial Edge Computer,HX500,Industrial/Performance/HX500 Series/HX500
HX401-70sn,OnLogic Helix 401 Fanless Hybrid-Core Computer,HX401,Industrial/Entry/HX400 Series/HX401
HEN400G10,HEN400G10,ML400G-10,Industrial/Performance/ML400 Series/ML400G-10
HCL2766-Atom-wog0,HCL2766-Atom,Industrial (Other),Industrial/Legacy Industrial/Legacy Industrial/Industrial (Other)
Hanley-P2002-UL,Hanley P2002 (UL),CV-P2002,Panel/Cincoze Panel/P2000 Series/CV-P2002
HAPG-K700,Karbon 700 High-Performance Rugged Edge Computer,K700-SE,Rugged/Performance/K700 Series/K700-SE
HASC-ML100,HASC-ML100,ML100G-30,Industrial/Entry/ML100 Series/ML100G-30
FRST-CNST-ssgg,Foresight Consultant Mini-ITX System,Industrial (Other),Industrial/Legacy Industrial/Legacy Industrial/Industrial (Other)
GAME-HX310,OnLogic Helix 310 Intel Elkhart Lake Industrial Edge Computer,HX310,Industrial/Gateway/HX300 Series/HX310
GD UL Prototype ML100-k040,General Dynamics UL Prototype ML100,ML100G-30,Industrial/Entry/ML100 Series/ML100G-30
GATE-MK400-40-PROTO1,Gatekeeper 4U Server Prototype 1,,///
FIT-100-WiFi,AlterG FIT 100 Ultra Small PC w/ WiFi,CL210G-10,Industrial/Small Form Factor/CL200 Series/CL210G-10
FIT-100-WiFi-LTE,AlterG FIT 100 Ultra Small PC w/ WiFi and LTE,CL100,Industrial/Small Form Factor/CL100 Series/CL100
FED-DS-1100-S-c00c,Cincoze Rugged Intel Skylake Fanless Computer,,///
FDML210G-12-s0kg,Industrial Intel Braswell Fanless Computer with Dual Gb LAN,ML210G-12,Industrial/Gateway/ML200 Series/ML210G-12
FLEN-HX500,OnLogic Helix 500 Intel Comet Lake Industrial Edge Computer,HX500,Industrial/Performance/HX500 Series/HX500
Flexologic-ML400G-51-4wco,Industrial Intel Skylake Mini-ITX Computer,ML400G-51,Industrial/Performance/ML400 Series/ML400G-51
FLAN_NODISPLAY-P2002,Cincoze Intel Skylake Core i5 Panel PC,,///
EXM162-ixnr,Intel Apollo Lake N4200 Industrial Motherboard with Dual Gb LAN,,///
FIT-100-WiFi-ocw0,AlterG FIT 100 Ultra Small PC w/ WiFi,,///
FF-CL100-V2,Flowers Foods Fanless Industrial Mini PC V2,CL100,Industrial/Small Form Factor/CL100 Series/CL100
DX-1000-80gs,Cincoze Rugged Intel 6th/7th Gen Compact Fanless Computer,,///
DX-1000-7kwr,Cincoze Rugged Intel 6th/7th Gen Compact Fanless Computer,,///
DX-1000-coow,Cincoze Rugged Intel 6th/7th Gen Compact Fanless Computer,,///
DX-1000-csko,Cincoze Rugged Intel 6th/7th Gen Compact Fanless Computer,,///
DX-1000-sk8c,Cincoze Rugged Intel 6th/7th Gen Compact Fanless Computer,,///
DX-1000-sk40,Cincoze Rugged Intel 6th/7th Gen Compact Fanless Computer,,///
EDA-ML320-i3,Echo Digital Audio ML320 i3,ML300 (Other),Industrial/Gateway/ML300 Series/ML300 (Other)
DS-1002-Canon-880k,Cincoze Rugged Intel Haswell Computer with Dual Expansion,,///
DS-1100-Bastian-s8cw,Cincoze Rugged Intel Skylake Fanless Computer,DS-1100,Rugged/Mid Tier/DS Series/DS-1100
DS-1001-KIS-oswg,Cincoze Rugged Intel Haswell Fanless Computer with Expansion,,///
DiezIT-Nuvo-5095GC-k04w,Neousys Rugged Intel Skylake Computer with Optional GPU,,///
DA-1000,Cincoze Rugged Ultra Compact Fanless Computer,DA-1000,Rugged/Entry/DA Series/DA-1000
DATA-MC500-51-kwkw,Commercial Intel Skylake Mini-ITX Computer,MC500-51,Industrial/Fanned/MC500 Series/MC500-51
CTDI-MC510-51-v2,CTDI - MC500-51 with HS101-D CPU Cooler & 256 GB SSD,MC510-50,Industrial/Fanned/MC500 Series/MC510-50
CT100-50-Koch-8w8k,High Performance Intel Skylake Kiosk Computer,,Components/Components/Components/
CTE-K300,Karbon 300 Compact Rugged Computer,K300,Rugged/Entry/K300 Series/K300
CTL20860SH20,CTL20860 Nextracker ML340G-50,ML340G-50,Industrial/Gateway/ML300 Series/ML340G-50
CoreML251Bihrle-4o4k,CoreML251Bihrle,ML250 (Other),Industrial/Gateway/ML250 Series/ML250 (Other)
CSTNuvo-3100VTC-gw4w,Custom Nuvo-3100VTC Core i Fanless Automotive Computer,,///
CV-100,Cincoze Capacitive or Resistive Industrial Touchscreen,,///
CP-P2102-IGN320-M1001-12.1-te0p,ConocoPhillips Rugged Panel PC with Intel Core i3/i5 CPU and Ignition Software,,///
CT-NONBR-IGN310,Rugged Panel PC with Intel Pentium CPU and Ignition Software w/ Standard Brightness Display,,///
CUDD-VBOX-4g8k,cudd-VBOX,Rugged (Other),Rugged/Legacy Rugged/Legacy Rugged/Rugged (Other)
COPR-CL210-G-gcgo,Fanless Industrial USFF Edge Device w/ Dual LAN,CL200G-10,Industrial/Small Form Factor/CL200 Series/CL200G-10
Core-5689-k8kw,SolidLogic Intel Core Compact Industrial Computer,Industrial (Other),Industrial/Legacy Industrial/Legacy Industrial/Industrial (Other)
COPR-CL200G-10-ATT,CopperTree Analytics branded CL200G-10 with AT&T 4G,,///
Cook Security i5A-gsco,Cook Security i5A,,///
COPO-AG150-kg0w,Industrial Fanless Intel Atom Computer,ML200 (Other),Industrial/Gateway/ML200 Series/ML200 (Other)
Compusoft-ML450G-51-0408,Fanless industriële mini-ITX pc met Intel Skylake en 3 HDMI-poorten,ML450G-51,Industrial/Performance/ML400 Series/ML450G-51
Core-5689SpiraeWI-8ko0,SolidLogic Intel Core Compact Industrial Computer,Industrial (Other),Industrial/Legacy Industrial/Legacy Industrial/Industrial (Other)
CL210G-11-c4w8,Ultra Small Quad Core Fanless Industrial Edge Computer,CL210G-11,Industrial/Small Form Factor/CL200 Series/CL210G-11
CLWY-K300,Karbon 300 Compact Rugged Computer,K300,Rugged/Entry/K300 Series/K300
CL210G-11-7oy6,Ultra Small Quad Core Fanless Industrial Edge Computer,CL210G-11,Industrial/Small Form Factor/CL200 Series/CL210G-11
CL210G-10-04sk-44kg,Industrial USFF Edge Device w/ Dual LAN,CL210G-10,Industrial/Small Form Factor/CL200 Series/CL210G-10
CL210G-10-0kwo,Industrial USFF Edge Device w/ Dual LAN,CL210G-10,Industrial/Small Form Factor/CL200 Series/CL210G-10
CL200G-11-lvk67-5x6n,Industrial Edge Device with Dual-Core Intel Celeron N3350,CL200G-11,Industrial/Small Form Factor/CL200 Series/CL200G-11
CL210G-10-00s8,Industrial USFF Edge Device w/ Dual LAN,CL210G-10,Industrial/Small Form Factor/CL200 Series/CL210G-10
Svale-K803-SPF-765d,Svale Karbon 803 High-Performance Rugged Computer w/PCIe,K803,Rugged/Performance/K800 Series/K803
SE-HX511-UK,OnLogic Helix 511 Fanless Intel 12th Gen Edge Computer,HX511,Industrial/Performance/HX500 Series/HX511
K803-AUTO-ELECTRIC,Automation and Electronics Inc OnLogic Karbon 803 High-Performance Rugged Computer w/PCIe,K803,Rugged/Performance/K800 Series/K803
1VLT-MC510-55-SALTO,1Valet MC510-55 Intel® 13th Gen Edge Computer,MC510-55,Industrial/Fanned/MC500 Series/MC510-55
DETE-K801-SERVER-BIS,Detect w/ Win Server 2022 - OnLogic Karbon 801 Low-Profile High-Performance Rugged Computer,K801,Rugged/Performance/K800 Series/K801
LFWI-CL250,Lifeward - CL250 Ultra Small Fanless Industrial Edge Gateway,CL250,Industrial/Small Form Factor/CL200 Series/CL250
RAE-K410-ULLABEL,Karbon 410 Intel Elkhart Lake Compact Rugged Computer,K410,Rugged/Entry/K400 Series/K410
BRX-CL250-1,BRX-CL250-1 Industrial Edge Gateway by OnLogic,CL250,Industrial/Small Form Factor/CL200 Series/CL250
Envision-K801,OnLogic Karbon 801 Low-Profile High-Performance Rugged Computer,K801,Rugged/Performance/K800 Series/K801
K803-b34f,OnLogic Karbon 803 High-Performance Rugged Computer w/PCIe,K803,Rugged/Performance/K800 Series/K803
CV-P2102-MKD,MKD - Cincoze Rugged Intel 8th Gen Core i3/i5 Panel PC,CV-P2102,Panel/Cincoze Panel/P2000 Series/CV-P2102
GTL-HX500,Gettle - OnLogic Helix 500 Intel Comet Lake Industrial Edge Computer,HX500,Industrial/Performance/HX500 Series/HX500
K410-632a,Logimatic Tier 1: Karbon 410 Intel Elkhart Lake Compact Rugged Computer,K410,Rugged/Entry/K400 Series/K410
DOTS-FR201-NOWIFI-UL,DOTS (no Wifi) UL Factor 201 Raspberry Pi Industrial IoT Gateway,FR201,Industrial/Small Form Factor/FR200 Series/FR201
Envision-FR201,Factor 201 Raspberry Pi Industrial IoT Gateway,FR201,Industrial/Small Form Factor/FR200 Series/FR201
OLGC-FR201-V4,Budderfly - Factor 201 Raspberry Pi Industrial IoT Gateway,FR201,Industrial/Small Form Factor/FR200 Series/FR201
Himmelbjerg-2TB-HX310,OnLogic Helix 310 Intel Elkhart Lake Industrial Edge Computer,HX310,Industrial/Gateway/HX300 Series/HX310
AC101-5538,OnLogic Axial AC101 Rackmount Edge Server,AC101,Server/1U & 1.5U Rackmount/Axial Series/AC101
10014185-HX500-b518,OnLogic Helix 500 Intel Comet Lake Industrial Edge Computer,HX500,Industrial/Performance/HX500 Series/HX500
ML450G-51-1054,Fanless Industrial Intel Skylake Mini-ITX Computer,ML450G-51,Industrial/Performance/ML400 Series/ML450G-51
HX401-QWD-01,Quaker W/D - OnLogic Helix 401 Fanless Hybrid-Core Computer,HX401,Industrial/Entry/HX400 Series/HX401
LEGO-CL250,LEGO - CL250 Ultra Small Fanless Industrial Edge Gateway,CL250,Industrial/Small Form Factor/CL200 Series/CL250
VRBI-MC500,"Verbi, Inc. MC500",MC500-30,Industrial/Fanned/MC500 Series/MC500-30
VZ-HVP-DS-1200C1,Hitachi Gateway - HVP-400 - Cincoze Rugged Intel Coffee Lake Fanless Computer,DS-1200,Rugged/Mid Tier/DS Series/DS-1200
VPND-ML340G-50-w48c,Low Profile Fanless Intel Core i3/i5/i7 Industrial Computer,ML340G-50,Industrial/Gateway/ML300 Series/ML340G-50
TOYO-CL100,TOYO-CL100,,///
TKWX-ML340G-50,tekWorx ML340G-50,ML340G-50,Industrial/Gateway/ML300 Series/ML340G-50
TKWX-ML340G-51,Low Profile Fanless Industrial Skylake Computer,ML340G-51,Industrial/Gateway/ML300 Series/ML340G-51
TKWX-HX401-2307,OnLogic Helix 401 Fanless Hybrid-Core Computer,HX401,Industrial/Entry/HX400 Series/HX401
TM-KR900-gwcg,Tactical Micro KR900 Kit,,Components/Components/Components/
SYTECH-MC610-50,Industrial Intel Coffee Lake Mini-ITX Expandable Computer,MC610-50,Industrial/Fanned/MC600 Series/MC610-50
TIRE-MC500,Tire Profiles MC500,MC500 (Other),Industrial/Fanned/MC500 Series/MC500 (Other)
TATA-W/OWIFI-DC-1200,Rugged Cincoze Intel Apollo Lake Compact Fanless Computer,DC-1200,Rugged/Entry/DC Series/DC-1200
TATA-WWIFI-DC-1200,Rugged Cincoze Intel Apollo Lake Compact Fanless Computer,DC-1200,Rugged/Entry/DC Series/DC-1200
SYTECH-MC610-WS,Industrial Intel Coffee Lake Mini-ITX Expandable Computer,,///
HX511-1713,NBCU - OnLogic Helix 511 Fanless Intel 12th Gen Edge Computer,HX511,Industrial/Performance/HX500 Series/HX511
BW-K410-v01,BW - Karbon 410 Intel Elkhart Lake Compact Rugged Computer,K410,Rugged/Entry/K400 Series/K410
SEC-K700-512RAID1,SEC ACCS - Karbon 700-SE-2 High-Performance Rugged Edge Computer,K700-SE-2,Rugged/Performance/K700 Series/K700-SE-2
ONLG-HX401-ACPWRv01,Automated Logic - OnLogic Helix 401 Fanless Hybrid-Core Computer,HX401,Industrial/Entry/HX400 Series/HX401
672b3be993dd751b4eca9140,Copy of Onlogic Helix 610 Intel Comet Lake Industrial Edge Computer With Optional Hot Swap Storage,HX610,Industrial/Performance/HX600 Series/HX610
SONI-AC101-SHI-Proto-d561,OnLogic Axial AC101 Rackmount Edge Server,AC101,Server/1U & 1.5U Rackmount/Axial Series/AC101
HX330-87fd1,OnLogic Helix 330 Intel Elkhart Lake Industrial Edge Computer w/Additional LAN,HX330,Industrial/Gateway/HX300 Series/HX330
VORT-DS-1100-S,Vortok DS-1100-S,,///
UPC-V315-QM77,"15"" Full IP65 Intel Core Rugged Panel PC",,///
UOI-MC500v2,Unified Office Inc MC500 v2,MC500 (Other),Industrial/Fanned/MC500 Series/MC500 (Other)
URA-ML210G,URA ML210G,ML210G-10,Industrial/Gateway/ML200 Series/ML210G-10
USPS-DS-1101-8ggs,Cincoze Rugged Intel Skylake Fanless Computer with Expansion,,///
UOI-CL210G-10-k0gs,Unified Office CL210G-10,CL210G-10,Industrial/Small Form Factor/CL200 Series/CL210G-10
TekTone-MC600,TekTone-MC600 (NC475NF),MC600 (Other),Industrial/Fanned/MC600 Series/MC600 (Other)
Template Customer System EU,Customer System Template Europe,,///
TERA-MK100-40,Industrial 1U AMD Ryzen Rackmount Server with Integrated Power Supply,MK100 (Other),Server/1U & 1.5U Rackmount/MK100 Series/MK100 (Other)
TEAL-FR201,Factor 201 Raspberry Pi Industrial IoT Gateway,FR201,Industrial/Small Form Factor/FR200 Series/FR201
TERA-MK100-40-k0gk,Industrial 1U AMD Ryzen Rackmount Server with Integrated Power Supply,,///
TERA-MK100-40-R3,Industrial 1U AMD Ryzen Rackmount Server with Integrated Power Supply No UL,MK100B-40,Server/1U & 1.5U Rackmount/MK100 Series/MK100B-40
HELIN-FR201,Factor 201 Raspberry Pi Industrial IoT Gateway,FR201,Industrial/Small Form Factor/FR200 Series/FR201
CLX-HX500-DLTPBB,OnLogic Helix 500 Intel Comet Lake Industrial Edge Computer,HX500,Industrial/Performance/HX500 Series/HX500
CER-HX600,Cerrion OnLogic Helix 600 Intel Comet Lake Expanded Industrial Edge Computer,HX600,Industrial/Performance/HX600 Series/HX600
HOFF-HX310-UL,Hoffman - OnLogic Helix 310 Intel Elkhart Lake Industrial Edge Computer,HX310,Industrial/Gateway/HX300 Series/HX310
FLEXGEN-1USERVER-PROTO-5be1,FlexGen 1U Rackmount Server,MK100B-40,Server/1U & 1.5U Rackmount/MK100 Series/MK100B-40
SPKT-HX310-32GB,Sprocket HX310 Industrial Edge Computer,HX310,Industrial/Gateway/HX300 Series/HX310
SUND-FR201,SUND-FR201 Factor 201 Raspberry Pi Industrial IoT Gateway,FR201,Industrial/Small Form Factor/FR200 Series/FR201
BETA-K430,BETA Tech - Karbon 430 Intel Elkhart Lake Compact Rugged Computer with Expansion,K430,Rugged/Entry/K400 Series/K430
HOPPE-FR201,Factor 201 Raspberry Pi Industrial IoT Gateway,FR201,Industrial/Small Form Factor/FR200 Series/FR201
FR201-suyx,Factor 201 Raspberry Pi Industrial IoT Gateway,FR201,Industrial/Small Form Factor/FR200 Series/FR201
RGS-8805GC-TWA,RGS-8805GC - Neousys Rugged High Performance Server,RGS-8805GC,Rugged/High Performance/Nuvo Series/RGS-8805GC
Zund-MC850-53,Commercial Intel 8th Gen GPU Capable Computer,MC850-53,Server/Standalone/MC850 Series/MC850-53
Whitewater-DC1100,Whitewater West DC-1100,DC-1100,Rugged/Entry/DC Series/DC-1100
wetterskip_DS-1002-gs48,Cincoze Rugged Intel Haswell Computer with Dual Expansion for Wetterskip Fryslan,,///
USPS-DS-1201-NAP-O,USPS Rugged Intel Coffee Lake Fanless Computer with Expansion w/o auto pwr on,,///
TIMS-2000-HDv2,Foresight TIMS-2000v2,,Industrial/Fanned/Other/
TIMS-2000-HDv2-plus,Foresight TIMS-2000v2 Plus,,Industrial/Fanned/Other/
TIMS-8000-ENG2-0kg0,Foresight TIMS-8000 Series Engineering Build,Industrial (Other),Industrial/Legacy Industrial/Legacy Industrial/Industrial (Other)
TIMS-2000v2-Win10-g8c0,Foresight TIMS-2000v2 Win10,,///
TIMS-8000-ENG-og4k,Foresight TIMS-8000 Series Engineering Build,Industrial (Other),Industrial/Legacy Industrial/Legacy Industrial/Industrial (Other)
TIMS-2000-Streamer-4w8k,Foresight TIMS-2000 Streamer,,///
TIMS-2000-Streamer,Foresight TIMS-2000 Streamer,,Industrial/Fanned/Other/
TIMS-SP-Plus,Foresight TIMS SP Plus System,,///
BOU-HX511-Server2022,OnLogic Helix 511 Fanless Intel 12th Gen Edge Computer,HX511,Industrial/Performance/HX500 Series/HX511
HX610-Stansteel,Onlogic Helix 610 Intel Comet Lake Industrial Edge Computer With Optional Hot Swap Storage,HX610,Industrial/Performance/HX600 Series/HX610
TOMRA-K801-HIGH,COnLogic Karbon 801 Low-Profile High-Performance Rugged Computer,K801,Rugged/Performance/K800 Series/K801
GBIO-CL250,CL250 Ultra Small Fanless Industrial Edge Gateway,CL250,Industrial/Small Form Factor/CL200 Series/CL250
EFF-HX310-IPC,EFF-HX310-IPC OnLogic Helix 310 Intel Elkhart Lake Industrial Edge Computer,HX310,Industrial/Gateway/HX300 Series/HX310
STEN-FR201,Factor 201 Raspberry Pi Industrial IoT Gateway,FR201,Industrial/Small Form Factor/FR200 Series/FR201
Survey-K700-X2,Karbon 700-X2-2 Expanded High-Performance Rugged Edge Computer,K700-X2-2,Rugged/Performance/K700 Series/K700-X2-2
SPKT-HX310-ADTA,OnLogic Helix 310 Intel Elkhart Lake Industrial Edge Computer,HX310,Industrial/Gateway/HX300 Series/HX310
WLBT-CT100,Will-Burt CT100,,Components/Components/Components/
Wincomm-gcs0,"Wincomm 24"" Industrial Panel PC",,///
Valmet-ML600G-52,Valmet Fanless Industrial Intel Skylake Computer,ML600G-52,Industrial/Performance/ML600 Series/ML600G-52
VantEdge-ML510G-50,Standard TerminalBOSS Server PC w/ W10 OS,,///
UE-MC500-nk7n,Unitec Electronics UE-MC500,,///
TSCO-ML350G-10-V3,Low Profile Fanless Industrial Computer With Apollo Lake,,///
TRS-RT100,Wide-Temp Transportation Computer,Rugged (Other),Rugged/Legacy Rugged/Legacy Rugged/Rugged (Other)
TRS-DS-1002,Cincoze Rugged Automotive Dual Expandable Computer,,///
tm200-cog8,Industrial Thin Client with ThinManager,,///
TM250-SMUCK-kk8g,Low Profile Apollo Lake Industrial Thin Client with ThinManager,ML350G-10 (TM250),Industrial/Gateway/ML300 Series/ML350G-10 (TM250)
TRS-DE-1000,Cincoze Rugged Intel Atom Fanless Computer,,///
TM200-wggw,Industrial Thin Client with ThinManager,ML210G-10 (TM200),Industrial/Gateway/ML200 Series/ML210G-10 (TM200)
TM110-rtr3,TM110 Ultra Small Fanless Edge Computer with ThinManager,CL210G-10 (TM110),Industrial/Small Form Factor/CL200 Series/CL210G-10 (TM110)
TRS-DS-1000-MOJIX-ocwg-s4ko,Cincoze Rugged Automotive Intel Haswell Fanless Computer,,///
DVDA-MK150-CSTM,Dividia Technologies - 1.5U Rackmount Intel Coffee Lake Computer,MK150B-53,Server/1U & 1.5U Rackmount/MK150 Series/MK150B-53
CAL-K430-FW-1,Calibrant Energy - Karbon 430 Intel Elkhart Lake Compact Rugged Computer with Expansion,K430,Rugged/Entry/K400 Series/K430
FEDX-HX310,FedEx - OnLogic Helix 310 Intel Elkhart Lake Industrial Edge Computer,HX310,Industrial/Gateway/HX300 Series/HX310
IMAX-ML100G-52-ETL01,IMAX ETL Listed - Industrial Fanless Intel Whiskey Lake Embedded NUC With Dual LAN,ML100G-52,Industrial/Entry/ML100 Series/ML100G-52
COPR-CL220G-Regular,CopperTree - Fanless Industrial USFF Edge Device w/ Dual LAN,CL210G-10,Industrial/Small Form Factor/CL200 Series/CL210G-10
CDN-K801,CDN - OnLogic Karbon 801 Low-Profile High-Performance Rugged Computer,K801,Rugged/Performance/K800 Series/K801
AMZN-HX600-METIS-62a0,OnLogic Helix 600 Intel Comet Lake Expanded Industrial Edge Computer,HX600,Industrial/Performance/HX600 Series/HX600
MK150-Wach1.5UServer-MP-F,Custom Wachter 1.5U Rackmount Computer,MK150 (Other),Server/1U & 1.5U Rackmount/MK150 Series/MK150 (Other)
WTT-HX500,OnLogic Helix 500 Intel Comet Lake Industrial Edge Computer,HX500,Industrial/Performance/HX500 Series/HX500
NB-CL250-MEX,NewBlack - CL250 Ultra Small Fanless Industrial Edge Gateway,CL250,Industrial/Small Form Factor/CL200 Series/CL250
WRA140-wg48,AU140 Intel Atom Wide Temp Industrial Control Computer,Rugged (Other),Rugged/Legacy Rugged/Legacy Rugged/Rugged (Other)
WRA POC-200-0oww,Neousys POC-210 Fanless Intel Atom E3845 Computer,,///
VERTCH-K700-SE,Vertech Karbon 700 High-Performance Rugged Edge Computer,K700-SE,Rugged/Performance/K700 Series/K700-SE
VerticalWare-ML350G-10,VerticalWare Low Profile Fanless Industrial Computer With Apollo Lake,,///
WART-ML210G-50-0w44,Industrial Intel Haswell i5 Thin Mini-ITX Computer,ML210G-50,Industrial/Gateway/ML200 Series/ML210G-50
Wart-ML500G-30,Fanless Industrial Intel 6th Gen Computer w/optional i7 and 4 COM,ML500G-30,Industrial/Performance/ML500 Series/ML500G-30
Veth-K410,Karbon 410 Intel Elkhart Lake Compact Rugged Computer,K410,Rugged/Entry/K400 Series/K410
VektrexMK100B-50-wcs8,Intel Haswell 1U Rackmount Computer,MK100B-50,Server/1U & 1.5U Rackmount/MK100 Series/MK100B-50
THA-MK100B-54,1U Rackmount Intel Xeon E Edge Server,MK100B-54,Server/1U & 1.5U Rackmount/MK100 Series/MK100B-54
THERMATOOL-ML600,Thermatool ML600,ML600G-50,Industrial/Performance/ML600 Series/ML600G-50
TheSiteController-ML600G-50,The Site Controller ML600G-50,ML600G-50,Industrial/Performance/ML600 Series/ML600G-50
TMS-ML400G-10-okko,Industrial Intel Bay Trail Celeron Mini-ITX Computer,,///
TMS-ML400G-10-sg0c,Industrial Intel Bay Trail Celeron Mini-ITX Computer,ML400G-10,Industrial/Performance/ML400 Series/ML400G-10
TIMS-2000-HD,Foresight HD Mini-ITX System - TIMS2000,,Industrial/Fanned/Other/
TRAK-CL250-RMMv01,Tracktile CL250 Ultra Small Fanless Industrial Edge Gateway,CL250,Industrial/Small Form Factor/CL200 Series/CL250
Schmersal-ML100G-52,Fanless Intel Whiskey Lake Embedded NUC With Dual LAN,ML100G-52,Industrial/Entry/ML100 Series/ML100G-52
K801-0155,Axis - OnLogic Karbon 801 Low-Profile High-Performance Rugged Computer,K801,Rugged/Performance/K800 Series/K801
LOS-HX401-DC,Liberty Oilfield Services Helix 401 Fanless Hybrid-Core Computer,HX401,Industrial/Entry/HX400 Series/HX401
SR-HX600,OnLogic Helix 600 Intel Comet Lake Expanded Industrial Edge Computer,HX600,Industrial/Performance/HX600 Series/HX600
RAE-K410-UL,Karbon 410 Intel Elkhart Lake Compact Rugged Computer,K410,Rugged/Entry/K400 Series/K410
CL250-USPS-ATR,ATRC - CL250 Ultra Small Fanless Industrial Edge Gateway,CL250,Industrial/Small Form Factor/CL200 Series/CL250
NBCU-CS-P1301,"NBCUniversal N97 Panel PC with 8.4"" High-Brightness Capacitive Touchscreen",,Panel/Cincoze Panel/P1000 Series/
HC-FR201-SIM,"Hoist & Crane Factor 201 Raspberry Pi Industrial IoT Gateway with SIM, without branding.",FR201,Industrial/Small Form Factor/FR200 Series/FR201
PDP-HX330,Pyure - OnLogic Helix 330 Intel Elkhart Lake Industrial Edge Computer w/Additional LAN,HX330,Industrial/Gateway/HX300 Series/HX330
JASA-FR201,Factor 201 Raspberry Pi Industrial IoT Gateway,FR201,Industrial/Small Form Factor/FR200 Series/FR201
Don't use-AC101-MEX,OnLogic Axial AC101 Rackmount Edge Server,AC101,Server/1U & 1.5U Rackmount/Axial Series/AC101
WOND-K700-SE,Karbon 700 High-Performance Rugged Edge Computer,K700-SE,Rugged/Performance/K700 Series/K700-SE
WCA-CV-115C-P1001,"Cincoze Crystal 15"" Industrial Panel PC",P1001,Rugged/Entry/P1000 Series/P1001
WATTS-K300,Watts Water Karbon 300 Compact Rugged Computer 65275,K300,Rugged/Entry/K300 Series/K300
WBP-AG150,Wenner Bread Products AG150 Atom Fanless System,ML200 (Other),Industrial/Gateway/ML200 Series/ML200 (Other)
UE-MV101,Unitec MV101 Mini-ITX System,,Industrial/Fanned/Other/
UMG-ML600G-52,Universal Music Group ML600G-52,ML600G-52,Industrial/Performance/ML600 Series/ML600G-52
UNSW-DX-1000,Rugged Compact Fanless Embedded Interface Unit,DX-1000,Rugged/Mid Tier/DX Series/DX-1000
UNICO-MC500-10-A04,Commercial Intel Celeron Mini-ITX Computer,MC500-10,Industrial/Fanned/MC500 Series/MC500-10
TRMK-DX-1100-4TB,8th Generation Intel® Core™ High-Performance Compact Rugged Computer (2x 2TB SSD. Op. Temp -40°C to 70°C),DX-1100,Rugged/Mid Tier/DX Series/DX-1100
TRMK-K802-8TB-WIDE,OnLogic Karbon 802 High-Performance Rugged Computer w/ModBay,K802,Rugged/Performance/K800 Series/K802
TROP-POC-210,Tropicana POC-210,POC-200,Rugged/Legacy Rugged/POC Series/POC-200
TRMK-CINCOZE-HISTORIAN,Trimark DS-1000 Historian,DS-1000,Rugged/Mid Tier/DS Series/DS-1000
TRIMK-DI-1000-84gg,Cincoze Rugged Ultra Compact Fanless Computer,,///
SYIN-Nuvo-6032,Systems Integrated Nuvo-6032 w/ Dual Hot Swap Bays,Nuvo-6000,Rugged/High Performance/Nuvo Series/Nuvo-6000
System-Template,System Default Template,Industrial (Other),Industrial/Legacy Industrial/Legacy Industrial/Industrial (Other)
SYTECH-MC610-10-R2,Systems Technologies Efficient Intel Apollo Lake Mini-ITX Expandable Computer,,///
SXSQ-ML600G-50,SixSq ML600,ML600G-50,Industrial/Performance/ML600 Series/ML600G-50
STEA-FR201-4TB,Factor 201 Raspberry Pi Industrial IoT Gateway,FR201,Industrial/Small Form Factor/FR200 Series/FR201
STEA-FR201-red,Factor 201 Raspberry Pi Industrial IoT Gateway,FR201,Industrial/Small Form Factor/FR200 Series/FR201
Surewash-Core-MC500-2014-cc48,MC500 Intel Core Embedded Mini Computer,,///
SunLink-DA-1000-MC,SunLink Master Controller,DA-1000,Rugged/Entry/DA Series/DA-1000
StreamVue-MK100B-51-s80c,Intel Skylake 1U Rackmount Computer,MK100B-51,Server/1U & 1.5U Rackmount/MK100 Series/MK100B-51
Surewash-Core-MC500-k88w,MC500 Intel Core Embedded Mini Computer,,///
SST-ML100G-31-g0kw,Fanless Industrial Intel Dawson Canyon NUC Computer,ML100G-31,Industrial/Entry/ML100 Series/ML100G-31
SST-ML100G-52,Industrial Fanless Intel Whiskey Lake Embedded NUC With Dual LAN,ML100G-52,Industrial/Entry/ML100 Series/ML100G-52
DTG-AC101,DTG Axial AC101 Rackmount Edge Server,AC101,Server/1U & 1.5U Rackmount/Axial Series/AC101
ICS-HX310,ICS Integration Services Helix 310 Intel Elkhart Lake Industrial Edge Computer,HX310,Industrial/Gateway/HX300 Series/HX310
ADT-ML100G-42,Adient US - Fanless AMD Ryzen 8000 Industrial NUC,ML100G-42,Industrial/Entry/ML100 Series/ML100G-42
LNTC-CL250,Lantic - CL250 Ultra Small Fanless Industrial Edge Gateway,CL250,Industrial/Small Form Factor/CL200 Series/CL250
MGNC-HX511,M G Newell - OnLogic Helix 511 Fanless Intel 12th Gen Edge Computer,HX511,Industrial/Performance/HX500 Series/HX511
RIO-TM260,Triple 4K Display Fanless Zero Client With ThinManager®,HX330 (TM260),Industrial/Gateway/HX300 Series/HX330 (TM260)
K410-Biogas-India,Karbon 410 Intel Elkhart Lake Compact Rugged Computer,K410,Rugged/Entry/K400 Series/K410
HX500-b0801,OnLogic Helix 500 Intel Comet Lake Industrial Edge Computer,HX500,Industrial/Performance/HX500 Series/HX500
SR-CL250,SR-CL250 Ultra Small Fanless Industrial Edge Gateway,CL250,Industrial/Small Form Factor/CL200 Series/CL250
WLA-EU-K300,Wildlife Acoustics EU - Karbon 300 Compact Rugged Computer,K300,Rugged/Entry/K300 Series/K300
BLUE-MK100B51,Intel Skylake 1U Rackmount Computer,MK100B-51,Server/1U & 1.5U Rackmount/MK100 Series/MK100B-51
XCell-Nuvo-3000-cg84,Neousys Rugged Intel Ivy Bridge Fanless Computer,,///
XTO-DI-1000,XTO Energy Rugged & Compact Fanless Computer,DI-1000,Rugged/Mid Tier/DI Series/DI-1000
XDPRO5,Fanless Industrial Mini PC with Celeron and 8 GB RAM,CL100,Industrial/Small Form Factor/CL100 Series/CL100
WM-HX500,OnLogic Helix 500 Intel Comet Lake Industrial Edge Computer,HX500,Industrial/Performance/HX500 Series/HX500
WM-K300,Karbon 300 Compact Rugged Computer,,///
WM-TN101R-15,Waste Mgmt -OnLogic Tacton TN101 Industrial Display,,///
VBOX-3120,Rugged Intel Haswell Automotive Platform,Rugged (Other),Rugged/Legacy Rugged/Legacy Rugged/Rugged (Other)
VBOX-3610-DURA-4w8s,Rugged Intel Broadwell In-Vehicle Computer,Rugged (Other),Rugged/Legacy Rugged/Legacy Rugged/Rugged (Other)
VBOX-3610-kksw,Fanless i7 Platform with M12 PoE and DIO,Rugged (Other),Rugged/Legacy Rugged/Legacy Rugged/Rugged (Other)
VBI-ML210G-50-EU-UK,VBI-ML210G-50-EU-UK,ML210G-50,Industrial/Gateway/ML200 Series/ML210G-50
VBI-HX500-NA-5YWT-s07u,VBI HX500 Computer with 5 year Warranty,HX500,Industrial/Performance/HX500 Series/HX500
ALmix-HX511-RAID-V1,ALmix - OnLogic Helix 511 Fanless Intel 12th Gen Edge Computer,HX511,Industrial/Performance/HX500 Series/HX511
CAL-K801-SC-2,OnLogic Karbon 801 Low-Profile High-Performance Rugged Computer,K801,Rugged/Performance/K800 Series/K801
OXIN-HX610,OXIN-HX610 Onlogic Helix 610 Intel Comet Lake Industrial Edge Computer With Optional Hot Swap Storage,HX610,Industrial/Performance/HX600 Series/HX610
DPI-ML100G-41-1,DPI Labs - Industrial Fanless AMD Ryzen 4000 Compact Computer,ML100G-41,Industrial/Entry/ML100 Series/ML100G-41
HX511-3b6c,OnLogic Helix 511 Fanless Intel 12th Gen Edge Computer,HX511,Industrial/Performance/HX500 Series/HX511
TEST-HX500-d3e6,Copy of OnLogic Helix 500 Intel Comet Lake Industrial Edge Computer,HX500,Industrial/Performance/HX500 Series/HX500
PECO-HX610,PECO-HX610: Helix 610 Intel Comet Lake Industrial Edge Computer With Optional Hot Swap Storage,HX610,Industrial/Performance/HX600 Series/HX610
ZIMR-ML100G-30-sc08,Industrial Intel Broadwell Fanless NUC Computer,ML100G-30,Industrial/Entry/ML100 Series/ML100G-30
WRA ML250-kwsw,Industrial Intel Atom Mini-ITX Computer,ML250 (Other),Industrial/Gateway/ML250 Series/ML250 (Other)
ZIMR-ML350G-10-0ggo,Low Profile Fanless Industrial Computer With Apollo Lake (NO SIM),ML350G-10,Industrial/Gateway/ML300 Series/ML350G-10
VIA400-ALTERG-CL100-vg1q,AlterG CL100 for the VIA 400,,///
VICTRON-ML450G-52,Victron Energy ML450G-52,ML450G-52,Industrial/Performance/ML400 Series/ML450G-52
VMT-CL210G-11-8cs8,Ultra Small Quad Core Fanless Industrial Edge Computer,CL210G-11,Industrial/Small Form Factor/CL200 Series/CL210G-11
VGrid_NUC5I5MYHE-gg00,Intel NUC5i5MYHE Maple Canyon Broadwell i5 NUC Barebone,,Components/Components/Components/
TT-K410-qb85,Karbon 410 Intel Elkhart Lake Compact Rugged Computer,K410,Rugged/Entry/K400 Series/K410
TVU-MKKIT-so4o-7dds,TVU MK103 Rackmount Kit,,Components/Components/Components/
TVU-MKKIT-NL-s4ok-s88w,TVU MK100 Rackmount Kit,,Components/Components/Components/
tmc960-gogc,Marlin Celeron NUC,NC200 (Other),Industrial/Legacy Industrial/NC200 Series/NC200 (Other)
TM700-wl12,Industrial Fanless Mini PC with ThinManager,CL100 (TM700),Industrial/Small Form Factor/CL100 Series/CL100 (TM700)
TMC-C-NUC-k4wo,Marlin Celeron NUC,NC200 (Other),Industrial/Legacy Industrial/NC200 Series/NC200 (Other)
TMI-CV-108-P1001,"Testing Machines 8.4"" Bay Trail Industrial Panel PC",,///
SVL-3005LP,Rugged Hot Swap NVR,,///
SVL-A7879,Commercial Hot Swap Storage NVR,Industrial (Other),Industrial/Legacy Industrial/Legacy Industrial/Industrial (Other)
SVL-ML300,Compact Fanless NVR,ML300 (Other),Industrial/Gateway/ML300 Series/ML300 (Other)
BPCY-RB-ML350G-10,Blackpoint Cyber ML350G-10,ML350G-10,Industrial/Gateway/ML300 Series/ML350G-10
BPD-DI-1000,Burlington Police Department DI-1000-i3,DI-1000,Rugged/Mid Tier/DI Series/DI-1000
BESI-ML100G-50,BeSide Digital ML100G-50,ML100G-50,Industrial/Entry/ML100 Series/ML100G-50
BRHE-K300-IGN200-PoE,Rugged Edge Computer with Ignition Software and PoE,,///
BAM_ML100G-30-DIO-ckok,Industrial Intel Broadwell Fanless NUC Computer,ML100G-30,Industrial/Entry/ML100 Series/ML100G-30
AUDIVO_IMB-181-oog8-8oww,AUDIVO_IMB-180,,Components/Components/Components/
ARTiGOA1150-wowc,VIA ARTiGO A1150 Pico-ITX Nettop,Industrial (Other),Industrial/Legacy Industrial/Legacy Industrial/Industrial (Other)
ATK NuvoPCI-0s4w,ATK NuvoPCI,,///
ASEA-ML100G-53,Industrial Fanless Intel 11th Gen Tiger Lake NUC,,///
ATLS-ML450,ATLS-ML450,ML400 (Other),Industrial/Performance/ML400 Series/ML400 (Other)
Ardennais,Pwnie Express Ardennais,ML300 (Other),Industrial/Gateway/ML300 Series/ML300 (Other)
Atlas-CL250,CL250 Ultra Small Fanless Industrial Edge Gateway,CL250,Industrial/Small Form Factor/CL200 Series/CL250
Atom-5677Baymar-s0ow,Atom-5677Baymar,Industrial (Other),Industrial/Legacy Industrial/Legacy Industrial/Industrial (Other)
AITH-FR201-TMSIM-V2,Factor 201 Raspberry Pi Industrial IoT Gateway,FR201,Industrial/Small Form Factor/FR200 Series/FR201
Allure-ML100-woc8,Fanless i3 NUC,ML100G-30,Industrial/Entry/ML100 Series/ML100G-30
Allure-MC500-4s40,Allure Triple Display MC500,MC500-51,Industrial/Fanned/MC500 Series/MC500-51
208639,Cymer iBox210,Industrial (Other),Industrial/Legacy Industrial/Legacy Industrial/Industrial (Other)
008-8-0280,MiTek USA Win7 ML600G-52,ML600G-52,Industrial/Performance/ML600 Series/ML600G-52
2HN-P1000-10AS,Mitac 10.1” Apollo Lake Industrial HMI Panel PC,P100-10AS,Panel/Mitac Panel/P100 Series/P100-10AS
BTEK-ML100G-40,Compact Fanless AMD Ryzen Mini PC,ML100G-40,Industrial/Entry/ML100 Series/ML100G-40
BUCH-DS-1102-cw40,Cincoze Rugged Intel Skylake Fanless Computer,,///
BWDG-ML210G-12-V4,Industrial Intel Braswell Fanless Computer with Dual Gb LAN,ML210G-12,Industrial/Gateway/ML200 Series/ML210G-12
BHT-Core-JC111v2-o4ok,Baobab Health Trust Custom Core i7 Mini-ITX Computer v2,Industrial (Other),Industrial/Legacy Industrial/Legacy Industrial/Industrial (Other)
BioTek-ML450,BioTek Instruments ML450G-51,ML450G-51,Industrial/Performance/ML400 Series/ML450G-51
BESIDE-NC100-50,Industrial Intel Kaby Lake NUC Computer,NC100-50,Industrial/Legacy Industrial/NC100 Series/NC100-50
BETA-HX600,OnLogic Helix 600 Intel Comet Lake Expanded Industrial Edge Computer,HX600,Industrial/Performance/HX600 Series/HX600
BLAC-HX500,OnLogic Helix 500 Intel Comet Lake Industrial Edge Computer,HX500,Industrial/Performance/HX500 Series/HX500
BIOM-CL210G-11,BioMerieux Ultra Small Quad Core Fanless Industrial Edge Computer w/ IGEL Image,CL210G-11,Industrial/Small Form Factor/CL200 Series/CL210G-11
BL-ML210_v1,Building Logix ML210 v1,ML210G-11,Industrial/Gateway/ML200 Series/ML210G-11
Bihrlei7MC600LCD-0gks,Bihrlei7MC600LCD,MC600 (Other),Industrial/Fanned/MC600 Series/MC600 (Other)
Atom-ML250-V,ML250-V Intel Atom Fanless Mini Automotive Computer,ML250 (Other),Industrial/Gateway/ML250 Series/ML250 (Other)
AU115-S-sk8o,LGX AU115 Atom N270 Fanless Extended Temperature Computer,Rugged (Other),Rugged/Legacy Rugged/Legacy Rugged/Rugged (Other)
Atom-ML310-0o0o,Industrial Fanless Intel Atom NUC Computer - Teknor Apex,ML300 (Other),Industrial/Gateway/ML300 Series/ML300 (Other)
Atom-ML250-8gwo,Baker ML250 with Raid 1,ML250 (Other),Industrial/Gateway/ML250 Series/ML250 (Other)
Atom-MK101,MK101 Intel Atom 1U Mini Rackmount Computer,MK100 (Other),Server/1U & 1.5U Rackmount/MK100 Series/MK100 (Other)
Atom-ML310-0gk8,Industrial Fanless Intel Atom NUC Computer,ML300 (Other),Industrial/Gateway/ML300 Series/ML300 (Other)
AU115-w48o,Custom LGX AU115 Intel Atom Rugged Computer,Rugged (Other),Rugged/Legacy Rugged/Legacy Rugged/Rugged (Other)
AMZ-ATC-ML450,Amazon ATC ML450,ML400 (Other),Industrial/Performance/ML400 Series/ML400 (Other)
AG150-cgwk,Industrial Fanless Intel Atom Computer,ML200 (Other),Industrial/Gateway/ML200 Series/ML200 (Other)
AG140-88gc,JP's custom AG140,Industrial (Other),Industrial/Legacy Industrial/Legacy Industrial/Industrial (Other)
AGC-CL210G-11,AGC Program - Ultra Small Quad Core Fanless Industrial Edge Computer,CL210G-10,Industrial/Small Form Factor/CL200 Series/CL210G-10
AMZ-ATC-ML450-c4wo,Amazon ATC ML450,ML400 (Other),Industrial/Performance/ML400 Series/ML400 (Other)
AG150-sc80,LGX AG150 Intel Atom Fanless Mini Industrial Computer,ML200 (Other),Industrial/Gateway/ML200 Series/ML200 (Other)
ADM-ML450-51,ADM ML450G-51,ML450G-51,Industrial/Performance/ML400 Series/ML450G-51
Aderis-FR201-4G,Factor 201 Raspberry Pi Industrial IoT Gateway,FR201,Industrial/Small Form Factor/FR200 Series/FR201
3DSY-M350G-10,3D Systems Figure 4 Factory Solutions - ML350G-10,ML350G-10,Industrial/Gateway/ML300 Series/ML350G-10
300061-01 / 2-jikl-h700,Industrial Intel Coffee Lake Mini-ITX Computer,,///
BoschGmbH-ML340G-50-8488,Low Profile Fanless Intel Core i7 Industrial Computer,ML340G-50,Industrial/Gateway/ML300 Series/ML340G-50
BOM-MES2014-c0os,MES Component BOM,,Components/Components/Components/
BLUE-MK100B-51-V2-abrc,Blue Origin Intel Skylake 1U Rackmount Computer w/Additional Storage,MK100B-51,Server/1U & 1.5U Rackmount/MK100 Series/MK100B-51
BMPC-MK150-8wo0,Quad Board Rackmount,MK150 (Other),Server/1U & 1.5U Rackmount/MK150 Series/MK150 (Other)
BOUM-HX500,OnLogic Helix 500 Intel Comet Lake Industrial Edge Computer,HX500,Industrial/Performance/HX500 Series/HX500
AWS-ML350G-10-IGN-KYM-8g8k,Low Profile Fanless Industrial Computer With Apollo Lake,,///
AXE-ML100G-10,AXE-ML100G-10,ML100G-10,Industrial/Entry/ML100 Series/ML100G-10
Ax-M_v5.4.1-US,Fanless Industrial USFF Edge Device w/ Dual LAN,CL210G-11,Industrial/Small Form Factor/CL200 Series/CL210G-11
Ax-M_v6.0.3-EU,Fanless Industrial USFF Edge Device w/ Dual LAN,,///
AWS-ML350G-10,AWS Compact Fanless Industrial PC,,///
Atom-CT100-cgg8,Apex Supply Chain Custom Atom CT100 Mini-ITX Computer,,Components/Components/Components/
Atom-JC111,Commercial Intel Atom Expandable Low Profile Computer,Industrial (Other),Industrial/Legacy Industrial/Legacy Industrial/Industrial (Other)
Atom-MC500-kcgw,Commercial Intel Atom Mini-ITX Computer,,///
Atom-JC111-gsw8,Commercial Intel Atom Expandable Low Profile Computer,Industrial (Other),Industrial/Legacy Industrial/Legacy Industrial/Industrial (Other)
Atom-MC500-4o8w,Commercial Intel Atom Mini-ITX Computer,,///
ATLVv2-MK100-v3-4s44,ATLVv2-MK100,MK100B-51,Server/1U & 1.5U Rackmount/MK100 Series/MK100B-51
Atom-MC500-kgg4,Custom LGX MC500 Intel Atom Mini Industrial Computer,,///
Atom-MC500-wggs,MC500 Atom Mini-ITX Computer,,///
AL-MC600-c0o4,Autolog Core i Mobile MC600 Computer,MC600 (Other),Industrial/Fanned/MC600 Series/MC600 (Other)
AL-C292-s0cc,Autolog Atom C292 Mini-ITX System,Industrial (Other),Industrial/Legacy Industrial/Legacy Industrial/Industrial (Other)
ADT-ML100G-40-WIFI-EU,Adient - Compact Fanless AMD Ryzen Mini PC w/ WiFi,,///
ADT-ML100G-52,Adient - ML100G-52 MIRA Device without WiFi,,///
ALPINE-DS-1001-80g4,Alpine DS-1001,,///
Aderis-K300,Karbon 300 Compact Rugged Computer,K300,Rugged/Entry/K300 Series/K300
BRYX4-MK150B-52-4G,Bryx Intel Skylake 1.5U Rackmount Computer w/o 4 port POE network card,MK150B-52,Server/1U & 1.5U Rackmount/MK150 Series/MK150B-52
BT-MC500-40ok,BioTek-MC500,MC500 (Other),Industrial/Fanned/MC500 Series/MC500 (Other)
BRN2-DI-1000,Barning Cincoze Rugged Intel Skylake Compact Fanless Computer,DI-1000,Rugged/Mid Tier/DI Series/DI-1000
BACA-ML500G-30,BACA Systems ML500G-30,ML500G-30,Industrial/Performance/ML500 Series/ML500G-30
BACA-HX600-kkgo,OnLogic Helix 600 Intel Comet Lake Expanded Industrial Edge Computer,HX600,Industrial/Performance/HX600 Series/HX600
AUVI-ML100G-53-BIOS,Industrial Fanless Intel 11th Gen Tiger Lake NUC,ML100G-53,Industrial/Entry/ML100 Series/ML100G-53
BAM-DC-1100-LTE-o408,Cincoze Rugged Intel Bay Trail Compact Fanless Computer,,///
AVIAGEN-DC-1100-EU,Aviagen EU Cincoze Rugged Intel Bay Trail Compact Fanless Computer,DC-1100,Rugged/Entry/DC Series/DC-1100
AMZN-HX500-A02,OnLogic Helix 500 Intel Comet Lake Industrial Edge Computer,HX500,Industrial/Performance/HX500 Series/HX500
AMZN-HX401-RME,OnLogic Helix 401 Fanless Hybrid-Core Computer,HX401,Industrial/Entry/HX400 Series/HX401
AMZN-ML320-UPS-kcww,Amazon ML320 Fanless i5 NUC with UPS,ML300 (Other),Industrial/Gateway/ML300 Series/ML300 (Other)
AMZW-POC-300-kgk8,Neousys Rugged Compact Intel Apollo Lake In-Vehicle Computer,,///
ANDU-DX-1100,8th Generation Intel® Core™ High-Performance Compact Rugged Computer,DX-1100,Rugged/Mid Tier/DX Series/DX-1100
APS DS1102-s800,Applied Physical Sciences DS1102,,///
Aporta Nuvo-3100VTC-o0w8,Aporta Nuvo-3100VTC,,///
APM-P2002,APM Terminals P2002,,///
5BY2-DS-1100,5BY2 DS-1100,DS-1100,Rugged/Mid Tier/DS Series/DS-1100
CableArm-P2002,"P2002 w/ 12.1"" Sunlight Readable, Optically Bonded Screen",,///
CB-CL246G-ATT,CB-CL246G-ATT,CL210G-10,Industrial/Small Form Factor/CL200 Series/CL210G-10
CBNC-MC500-V2,Canadian Bank Note Company MC500 V2,MC500-30,Industrial/Fanned/MC500 Series/MC500-30
CARE-MC610-50,Caresyntax Industrial Intel Coffee Lake Mini-ITX Expandable Computer,MC610-50,Industrial/Fanned/MC600 Series/MC610-50
BLAC-HX600,OnLogic Helix 600 Intel Comet Lake Expanded Industrial Edge Computer,HX600,Industrial/Performance/HX600 Series/HX600
BLAC-MC610-10v1,Blackberry IIM Mini-ITXcomputer,MC610-10,Industrial/Fanned/MC600 Series/MC610-10
BLRX-MC510-2TB-MINIPACS,Industrial Intel Coffee Lake Mini-ITX Computer,MC510-50,Industrial/Fanned/MC500 Series/MC510-50
AUDIVO-IMB-1212,ASRock IMB-1212 Coffee Lake Desktop Industrial Mini-ITX Motherboard,,///
AUDIVO_IMB-180,AUDIVO_IMB-180,,Components/Components/Components/
AU970-50,Rugged Intel Core i Mini-ITX Computer,Rugged (Other),Rugged/Legacy Rugged/Legacy Rugged/Rugged (Other)
AUTE-K700,Karbon 700 High-Performance Rugged Edge Computer,K700-SE,Rugged/Performance/K700 Series/K700-SE
AU910-noOS-c44s,Prism Auto AU910 No OS,Rugged (Other),Rugged/Legacy Rugged/Legacy Rugged/Rugged (Other)
AU970-ko0g,Custom GHA AU970,Rugged (Other),Rugged/Legacy Rugged/Legacy Rugged/Rugged (Other)
AMD-JC111,Commercial Intel Atom Expandable Low Profile Computer,,Industrial/Fanned/Other/
AMD-5677,SolidLogic AMD Fusion 5677 Mini Industrial Computer,Industrial (Other),Industrial/Legacy Industrial/Legacy Industrial/Industrial (Other)
AMD-ML250,Industrial AMD Fusion Mini-ITX Computer,ML250 (Other),Industrial/Gateway/ML250 Series/ML250 (Other)
AMW-ML210,American Woodmark ML210,ML200 (Other),Industrial/Gateway/ML200 Series/ML200 (Other)
AmAuClave-ML600G-52-wsww,Industrial Fanless Intel Skylake Computer,ML600G-52,Industrial/Performance/ML600 Series/ML600G-52
ACSIS-ML600G-50,ACSIS-ML600G-50,ML600G-50,Industrial/Performance/ML600 Series/ML600G-50
AC101-wl05,OnLogic Axial AC101 Rackmount Edge Server,AC101,Server/1U & 1.5U Rackmount/Axial Series/AC101
ACOTECH-ML500G-30,ACOTECH-ML500G-30,ML500G-30,Industrial/Performance/ML500 Series/ML500G-30
ACTION-ML340,Action Streamer ML340G-10,ML340G-10,Industrial/Gateway/ML300 Series/ML340G-10
1VLT-MK100B-40-5800,1U Rackmount AMD Ryzen Server,MK100B-40,Server/1U & 1.5U Rackmount/MK100 Series/MK100B-40
208639-R4-ivg9,Cymer iBox210,,///
BLUE-MK100B-51-o0sg,Blue Origin Intel Skylake 1U Rackmount Computer,MK100B-51,Server/1U & 1.5U Rackmount/MK100 Series/MK100B-51
Blen-ML350G-10-509-10,Low Profile Fanless Industrial Computer With Apollo Lake,ML350G-10,Industrial/Gateway/ML300 Series/ML350G-10
BLFN-ML100G-53,Industrial Fanless Intel 11th Gen Tiger Lake NUC,,///
BLUE-ML100G-31-3uwx,BLUE-ML100G-31,,///
BMBR-ML250-0kos,Bombardier ML250 Intel Core i5 Fanless Industrial Computer,ML200 (Other),Industrial/Gateway/ML200 Series/ML200 (Other)
BACA-ML500G-31-CNC,BACA Systems ML500G-30 plus 2 LAN (R00055),ML500G-30,Industrial/Performance/ML500 Series/ML500G-30
BACA-ML600G-52-0woc,BACA Industrial Fanless Intel Skylake Computer,ML600G-52,Industrial/Performance/ML600 Series/ML600G-52
BAHU-DA-1000-V1,Baker Hughes DA-1000 V1,DA-1000,Rugged/Entry/DA Series/DA-1000
BACA-ML500G-31-oocg,BACA Systems ML500G-30 plus 2 LAN,ML500G-30,Industrial/Performance/ML500 Series/ML500G-30
Atom-MC500-wss8,Commercial Intel Atom Mini-ITX Computer,,///
AMZN-AG150-gokk,Amazon AG150 with dual wifi,ML200 (Other),Industrial/Gateway/ML200 Series/ML200 (Other)
AMZNLogistics-2U-MidTierServer-PROTO,Amazon Logistics 2U Server - Mid Tier,,///
AMZNLogistics-2U-MidTierServer-PROTO-1,Amazon Logistics 2U Server - Mid Tier,,///
AMZNLogistics-2U-MidTierServer-PROTO-4,Amazon Logistics 2U Server - Mid Tier,,///
AMZNLogistics-2U-MidTierServer-PROTO-T,Amazon Logistics 2U Server - Mid Tier,,///
Atom-MK100-sgwo,MK100 Intel Atom 1U Mini Rackmount Computer,MK100 (Other),Server/1U & 1.5U Rackmount/MK100 Series/MK100 (Other)
Atom-JC111-owow,Commercial Intel Atom Expandable Low Profile Computer,Industrial (Other),Industrial/Legacy Industrial/Legacy Industrial/Industrial (Other)
ADI-MES-ML100,ADI MES ML100,ML100G-30,Industrial/Entry/ML100 Series/ML100G-30
ADUSA-ML100-WIFI,ADUSA ML100 WiFi,ML100G-30,Industrial/Entry/ML100 Series/ML100G-30
AEI-POC200v1-EMBEDDED-4c0w,AEI-POC200v1-EMBEDDED,,///
AERO-Proto-R01-4swg,Aerodyne Custom Prototype,Industrial (Other),Industrial/Legacy Industrial/Legacy Industrial/Industrial (Other)
911Inform-CL210G-10v2,911 Inform CL210G-10 (4G not included),CL210G-10,Industrial/Small Form Factor/CL200 Series/CL210G-10
911Inform-CL210G-10v4,"911 Inform CL210G-10 (Custom Image, custom BIOS, non-LTE enabled, custom packaging)",CL210G-10,Industrial/Small Form Factor/CL200 Series/CL210G-10
ABCW-MC500,ABC Warehouse MC500,Industrial (Other),Industrial/Legacy Industrial/Legacy Industrial/Industrial (Other)
Aaqua-ML210G-12-c44k,Industrial Intel Braswell Fanless Computer with Dual Gb LAN,ML210G-12,Industrial/Gateway/ML200 Series/ML210G-12
911Inform-CL210G-10v3,"911 Inform CL210G-10 (with 4G/image/BIOS, no custom packaging)",,///
10014185-HX500,OnLogic Helix 500 Intel Comet Lake Industrial Edge Computer,HX500,Industrial/Performance/HX500 Series/HX500
008-8-0283-R2,MiTek USA Win10 ML600G-52 Non-Branded,ML600G-52,Industrial/Performance/ML600 Series/ML600G-52
MCI-TC401R,Motor Controls Inc - OnLogic Tacton TC401 Intel 12th Gen All-in-one Panel PC,TC401,Panel/OnLogic Panel/Tacton Series/TC401
BAST-TC401R-RES,Bastian Solutions - OnLogic Tacton TC401 Intel 12th Gen All-in-one Panel PC,TC401,Panel/OnLogic Panel/Tacton Series/TC401
BAYER-TC401,OnLogic Tacton TC401 Intel 12th Gen All-in-one Panel PC,TC401,Panel/OnLogic Panel/Tacton Series/TC401
FMC-TC401R-15,FMC - OnLogic Tacton TC401 Intel 12th Gen All-in-one Panel PC,TC401,Panel/OnLogic Panel/Tacton Series/TC401
COGW-TC401,City Of Greely - OnLogic Tacton TC401 Intel 12th Gen All-in-one Panel PC,TC401,Panel/OnLogic Panel/Tacton Series/TC401
RRP-TC401-15,Racine Railroad - OnLogic Tacton TC401 Intel 12th Gen All-in-one Panel PC,TC401,Panel/OnLogic Panel/Tacton Series/TC401
PROD-TC401R,Product Insight - OnLogic Tacton TC401 Intel 12th Gen All-in-one Panel PC,TC401,Panel/OnLogic Panel/Tacton Series/TC401
CBNC-MC500-W10-EU,Canadian Bank Note Company MC500 Windows 10 - EU,MC500-30,Industrial/Fanned/MC500 Series/MC500-30
CBNC-MC510-W10,CBN Next Gen System- Industrial Intel Core Mini-ITX Computer,MC500 (Other),Industrial/Fanned/MC500 Series/MC500 (Other)
CNBN-ML250,Canadian Bank Note ML250 System,ML250 (Other),Industrial/Gateway/ML250 Series/ML250 (Other)
ML340G-50,Low Profile Fanless Industrial Intel Core i3/i5/i7 Computer,ML340G-50,Industrial/Gateway/ML300 Series/ML340G-50
1VAL-1USVR-PROTO,1Valet 1U Rackmount Server Prototype,MK100B-53,Server/1U & 1.5U Rackmount/MK100 Series/MK100B-53
AX306,OnLogic Axial AX306 3U Edge Server,AX306,Server/3U Rackmount/Axial Series/AX306
AMZN-HX600-EYEPACK,OnLogic Helix 600 Intel Comet Lake Expanded Industrial Edge Computer,HX600,Industrial/Performance/HX600 Series/HX600
K410,Karbon 410 Intel Elkhart Lake Compact Rugged Computer,K410,Rugged/Entry/K400 Series/K410
K430,Karbon 430 Intel Elkhart Lake Compact Rugged Computer with Expansion,K430,Rugged/Entry/K400 Series/K430
HX525,Helix 525 Meteor Lake MXM PCIe Fanless Computer,HX525,Industrial/Performance/HX500 Series/HX525
SCA2-HX500,OnLogic Helix 500 Intel Comet Lake Industrial Edge Computer,HX500,Industrial/Performance/HX500 Series/HX500
RADR-1USVR-PROTO,Radar 1U Rackmount Server Prototype,MK100B-53,Server/1U & 1.5U Rackmount/MK100 Series/MK100B-53
HX610,Onlogic Helix 610 Intel Comet Lake Industrial Edge Computer With Optional Hot Swap Storage,HX610,Industrial/Performance/HX600 Series/HX610
K801,OnLogic Karbon 801 Low-Profile High-Performance Rugged Computer,K801,Rugged/Performance/K800 Series/K801
MC510-55,OnLogic MC510-55 Intel® 13th Gen Edge Computer,MC510-55,Industrial/Fanned/MC500 Series/MC510-55
K700-SE-2-76e9,Noovelia Physical T1 K700-SE-2 Prototype,K700-SE-2,Rugged/Performance/K700 Series/K700-SE-2
MK150-Wach1.5UServer-MP-3,Intel Skylake 1.5U Rackmount Computer,MK150 (Other),///MK150 (Other)
ZIMR-DI-1000-wc4c,Cincoze Rugged Intel Skylake Compact Fanless Computer,DI-1000,///DI-1000
Zund-DS-1202-EU,Cincoze Rugged Intel Coffee Lake Fanless Computer with Dual Expansion or GPU,DS-1202,///DS-1202
XM1,Rugged GPU Computing System with Intel® R680E Chipset and 5 PCIe Slots,,///
CV-P1301-25cf,Modular Panel PC with Intel® Alder Lake-N Series Processor,CV-P1301,Panel/Cincoze Panel/P1000 Series/CV-P1301
AX302-viso,AX302-viso,AX302,Server/3U Rackmount/Axial Series/AX302
LODIGE-HX500,OnLogic Helix 500 Intel Comet Lake Industrial Edge Computer,HX500,Industrial/Performance/HX500 Series/HX500
MCI-TN101,"Motor Controls, Inc -OnLogic Tacton TN101 Industrial Display",TN101,Panel/OnLogic Panel/Tacton Series/TN101
ASNT-TN101R-01,OnLogic Tacton TN101 Industrial Display,TN101,Panel/OnLogic Panel/Tacton Series/TN101
CS-P1301,Sunlight Readable Modular Panel PC with Intel® Alder Lake-N Series Processor,,Panel/Cincoze Panel/P1000 Series/
DNX-HX401-i3,OnLogic Helix 401 Fanless Hybrid-Core Computer,HX401,Industrial/Entry/HX400 Series/HX401
ZEDEDA-HX401,Zededa OnLogic Helix 401 Fanless Hybrid-Core Computer,HX401,Industrial/Entry/HX400 Series/HX401
ZEDEDA-HX401-W,OnLogic Helix 401 Fanless Hybrid-Core Industrial Edge Computer powered by ZEDEDA (WiFi version),HX401,Industrial/Entry/HX400 Series/HX401
MPW-HX401,MPW Industrial - OnLogic Helix 401 Fanless Hybrid-Core Computer,HX401,Industrial/Entry/HX400 Series/HX401
OWLC-MK100-UNI,1U Rackmount Intel Coffee Lake Computer,MK100B-53,Server/1U & 1.5U Rackmount/MK100 Series/MK100B-53
OWLC-MK100-BI,1U Rackmount Intel Coffee Lake Computer,MK100B-53,Server/1U & 1.5U Rackmount/MK100 Series/MK100B-53
HX401-7f00,Curtiss-Wright - OnLogic Helix 401 Fanless Hybrid-Core Computer,HX401,Industrial/Entry/HX400 Series/HX401
HX401-0106,OnLogic Helix 401 Fanless Hybrid-Core Computer,HX401,Industrial/Entry/HX400 Series/HX401
HX401-Nortrak,Nortrak - OnLogic Helix 401 Fanless Hybrid-Core Computer,HX401,Industrial/Entry/HX400 Series/HX401
LEGO-HX401,OnLogic Helix 401 Fanless Hybrid-Core Computer,HX401,Industrial/Entry/HX400 Series/HX401
ATS-MK220-TOM-LIDAR-4000,Amazon Logistics 2U Server - 4000,MK200 (Other),Server/2U Rackmount/MK200 Series/MK200 (Other)
GP-3100,Cincoze Intel 14th Gen Modular GPU Computer,GP-3100,Rugged/Rugged By Cincoze/GP Series/GP-3100
K803,OnLogic Karbon 803 High-Performance Rugged Computer w/PCIe,K803,Rugged/Performance/K800 Series/K803
BWPS-K801-A53718-O9GM-UL,BW Papersystems - OnLogic Karbon 801 Low-Profile High-Performance Rugged Computer,K801,Rugged/Performance/K800 Series/K801
DEDR-K804-2GPUADA-0826,OnLogic Karbon 804 High-Performance Rugged Computer w/ModBay & PCIe,K804,Rugged/Performance/K800 Series/K804
SPEC-K804-UL,Spectral Imaging - OnLogic Karbon 804 High-Performance Rugged Computer w/ModBay & PCIe,K804,Rugged/Performance/K800 Series/K804
NOK-K804-EU-WIFI,OnLogic Karbon 804 High-Performance Rugged Computer w/ModBay & PCIe,K804,Rugged/Performance/K800 Series/K804
66c639cf105bfa64cca87f7e,Neousys Rugged Intel Coffee Lake Computer with Optional GPU,,///
PCKL-K804-R02,Pickle Robot - OnLogic Karbon 804 High-Performance Rugged Computer w/ModBay & PCIe,K804,Rugged/Performance/K800 Series/K804
CAT-K804-USB,Catepillar - OnLogic Karbon 804 High-Performance Rugged Computer w/ModBay & PCIe,K804,Rugged/Performance/K800 Series/K804
K802-c909,OnLogic Karbon 802 High-Performance Rugged Computer w/ModBay,K802,Rugged/Performance/K800 Series/K802
TWAV-K804-ccf9-PROTO,Third Wave - OnLogic Karbon 804 High-Performance Rugged Computer w/ModBay & PCIe,K804,Rugged/Performance/K800 Series/K804
DELTA-MOD-K804-Proto,Delta ModTech Prototype Karbon 804 High-Performance Rugged Computer w/ModBay & PCIe,K804,Rugged/Performance/K800 Series/K804
AMZN-HX600-METIS-EU,OnLogic Helix 600 Intel Comet Lake Expanded Industrial Edge Computer,HX600,Industrial/Performance/HX600 Series/HX600
K802-416Auto-Cust1,416 Automation - OnLogic Karbon 802 High-Performance Rugged Computer w/ModBay,K802,Rugged/Performance/K800 Series/K802
Isys-K804,Ismosys - OnLogic Karbon 804 High-Performance Rugged Computer w/ModBay & PCIe,K804,Rugged/Performance/K800 Series/K804
MK100B-54,1U Rackmount Intel Xeon E Edge Server,MK100B-54,Server/1U & 1.5U Rackmount/MK100 Series/MK100B-54
P1101-ve5n,Cincoze Rugged Intel Apollo Lake Slim Fanless Computer,P1101,Rugged/Entry/P1000 Series/P1101
OLYM-Nuvo-7100VTC,Nuvo-7100VTC,Nuvo-7100VTC,Rugged/Legacy Rugged/Nuvo Series/Nuvo-7100VTC
OUTEDGE-HX310,OnLogic Helix 310 Intel Elkhart Lake Industrial Edge Computer,HX310,Industrial/Gateway/HX300 Series/HX310
ONL-IGN600,Bastian Solutions - Compact Fanless Edge Gateway with Ignition,,///
Opto-ML100G-52-PVT-ogcc,Industrial Fanless Intel Whiskey Lake NUC With Dual LAN,ML100G-52,Industrial/Entry/ML100 Series/ML100G-52
Oldcastle-Nuvo-5000,Oldcastle Nuvo-5000,,///
nuvo-3000-s4g4,Nuvo-3000 Series HM76 Core i Fanless Computer,,///
Nuvo-3003-K6-gwk8,Nuvo-3003 HM76 Core i Fanless Computer,,///
Nuvo-2510-84w4,Nuvo-2510,,///
Nuvo-2510VTC-kkww,Neousys Rugged Efficient In-Vehicle Computer with PoE,,///
Nuvo-3003E-50-kck0,Rugged Intel Core i Fanless Computer,,///
Nuvo-3003E-50-sk04,Neousys Rugged Intel Core Fanless Computer,,///
Nuvo-2510VTC-wsws,Neousys Rugged Efficient In-Vehicle Computer with PoE,,///
Nuvo-3003-ksck,Custom RSC Nuvo-3003,,///
Nuvo-3000-0skw,Neousys Rugged Intel Ivy Bridge Fanless Computer,,///
MTA-c404,Cincoze Rugged Intel 6th/7th Gen Compact Fanless Computer,,///
MTA-0wgg,Cincoze Rugged Intel 6th/7th Gen Compact Fanless Computer,,///
mtch-mk100,Mtech MK100 Intel Atom Rackmount Computer,MK100 (Other),Server/1U & 1.5U Rackmount/MK100 Series/MK100 (Other)
MTA-DS-1100-w8oo-4ss0,Cincoze Rugged Intel Skylake Fanless Computer,,///
MTA-k084,Cincoze Rugged Intel 6th/7th Gen Compact Fanless Computer,,///
ML450G-51-InSystems-gs4k,Industrial Intel Skylake Mini-ITX Computer,ML450G-51,Industrial/Performance/ML400 Series/ML450G-51
ml450g-51-okgk,Industrial Intel Skylake Mini-ITX Computer,ML450G-51,Industrial/Performance/ML400 Series/ML450G-51
ML450G-51-k40o,Industrial Intel Skylake Mini-ITX Computer,ML450G-51,Industrial/Performance/ML400 Series/ML450G-51
ML450G-51-owwk,Industrial Intel Skylake Mini-ITX Computer,ML450G-51,Industrial/Performance/ML400 Series/ML450G-51
ML350G-10-iso7,Low Profile Fanless Industrial Computer With Apollo Lake,ML350G-10,Industrial/Gateway/ML300 Series/ML350G-10
ML450G-51_Smartrac-0cg0,Industrial Intel Skylake Mini-ITX Computer,ML450G-51,Industrial/Performance/ML400 Series/ML450G-51
ML350G-10-c8g0,Low Profile Fanless Industrial Computer With Apollo Lake,,///
ML450G-51-SPTMicro-sck8,SPT MicroTechnologies ML450G-51,ML450G-51,Industrial/Performance/ML400 Series/ML450G-51
ML350G-10-gos0,Compacte fanless pc met Apollo Lake,ML350G-10,Industrial/Gateway/ML300 Series/ML350G-10
ML100G-40-woq2,Compact Fanless AMD Ryzen Mini PC,,///
ML100G-41,Industrial Fanless AMD Ryzen 4000 Compact Computer,ML100G-41,Industrial/Entry/ML100 Series/ML100G-41
ML100G-41-w0tf,Industrial Fanless AMD Ryzen 4000 Compact Computer,,///
ML100G-41-zs6c-EU,Industrial Fanless AMD Ryzen 4000 Compact Computer,ML100G-41,Industrial/Entry/ML100 Series/ML100G-41
ML100G-41-803u,Industrial Fanless AMD Ryzen 4000 Compact Computer,,///
ML100G-41-BoardKit-Proto-cc6g,PrimeroEdge Prototype - Compact Fanless AMD Ryzen Motherboard Kit,ML100G-41,Industrial/Entry/ML100 Series/ML100G-41
ML100G-41-ta3w,Industrial Fanless AMD Ryzen 4000 Compact Computer,ML100G-41,Industrial/Entry/ML100 Series/ML100G-41
MFG-ML210G-10,Ultra-thin Fanless Workstation Computer,ML210G-10,Industrial/Gateway/ML200 Series/ML210G-10
MFG-MG150,HMI Manufacturing Panel PC,,///
MICH-ML100,Michelin ML100,ML100G-30,Industrial/Entry/ML100 Series/ML100G-30
Microage-DS1102-40ow,Neousys Rugged Intel Skylake Fanless Computer,,///
MG150TurbinePwr12.1-04gk,MG150TurbinePwr12.1,,///
MFG-3003-ow0g,Rugged High Performance Industrial Control PC,,///
LS-SBC-220,Electro-Matic SBC-220,,Components/Components/Components/
MA-CVP1101,Cincoze Rugged Intel Apollo Lake Panel PC,,///
MagentoBug-FR201-9v93,Factor 201 Raspberry Pi Industrial IoT Gateway,FR201,Industrial/Small Form Factor/FR200 Series/FR201
KMWE-ML100G-31,Fanless Industrial Intel Dawson Canyon NUC Computer,ML100G-31,Industrial/Entry/ML100 Series/ML100G-31
KFC-ML100G-31-kskc,Industrial Intel i5 Fanless NUC Computer for KFC,ML100G-31,Industrial/Entry/ML100 Series/ML100G-31
KEYE-ML350G-10-1TB,Low Profile Fanless Industrial Computer With Apollo Lake,ML350G-10,Industrial/Gateway/ML300 Series/ML350G-10
KEYE-ML350G-10-128,Low Profile Fanless Industrial Computer With Apollo Lake,,///
KLA-ML100G-52,Industrial Fanless Intel Whiskey Lake Embedded NUC With Dual LAN,ML100G-52,Industrial/Entry/ML100 Series/ML100G-52
KNWRS-W121C-P1001,"Knoworries P1001 with Cincoze 21.5"" Hi-Res Projected Capacitive Touchscreen",,///
KIRO-HX500-80g4,OnLogic Helix 500 Intel Comet Lake Industrial Edge Computer,HX500,Industrial/Performance/HX500 Series/HX500
K700-SE-04k0,Karbon 700 High-Performance Rugged Edge Computer,K700-SE,Rugged/Performance/K700 Series/K700-SE
K700-SE-2-odri,Karbon 700-SE-2 High-Performance Rugged Edge Computer,K700-SE-2,Rugged/Performance/K700 Series/K700-SE-2
K700-SE-2-8t3l,Karbon 700-SE-2 High-Performance Rugged Edge Computer,K700-SE-2,Rugged/Performance/K700 Series/K700-SE-2
K700-SE-0c0w,Karbon 700 High-Performance Rugged Edge Computer,K700-SE,Rugged/Performance/K700 Series/K700-SE
K700-i7-os0w,Karbon 700 High-Performance Rugged Edge Computer,,///
K700-SE-040o,Karbon 700 High-Performance Rugged Edge Computer,K700-SE,Rugged/Performance/K700 Series/K700-SE
IMB-194-L,ASRock IMB-194 Skylake Desktop Industrial Mini-ITX Motherboard,,Components/Components/Components/
IRD-K300,Karbon 300 Compact Rugged Computer,K300,Rugged/Entry/K300 Series/K300
IronBow-ML340-V4-go0o,Iron Bow ML340 V4,ML340G-51,Industrial/Gateway/ML300 Series/ML340G-51
IPS_CL100-8og8,Industrial Fanless Mini PC,CL100,Industrial/Small Form Factor/CL100 Series/CL100
HX500-k3rk,OnLogic Helix 500 Intel Comet Lake Industrial Edge Computer,HX500,Industrial/Performance/HX500 Series/HX500
HX500-k4ei,OnLogic Helix 500 Intel Comet Lake Industrial Edge Computer,HX500,Industrial/Performance/HX500 Series/HX500
HX500-kvt3,OnLogic Helix 500 Intel Comet Lake Industrial Edge Computer,HX500,Industrial/Performance/HX500 Series/HX500
HX610-mnhg,Onlogic Helix 610 Intel Comet Lake Industrial Edge Computer With Optional Hot Swap Storage,HX610,Industrial/Performance/HX600 Series/HX610
HX500-kzs0,OnLogic Helix 500 Intel Comet Lake Industrial Edge Computer,HX500,Industrial/Performance/HX500 Series/HX500
HX500-kx9i,OnLogic Helix 500 Intel Comet Lake Industrial Edge Computer,HX500,Industrial/Performance/HX500 Series/HX500
HX610-tg8q,Onlogic Helix 610 Intel Comet Lake Industrial Edge Computer With Optional Hot Swap Storage,HX610,Industrial/Performance/HX600 Series/HX610
HX610-9oae,Onlogic Helix 610 Intel Comet Lake Industrial Edge Computer With Optional Hot Swap Storage,HX610,Industrial/Performance/HX600 Series/HX610
HX610-1jtk,Onlogic Helix 610 Intel Comet Lake Industrial Edge Computer With Optional Hot Swap Storage for Smit Terminals,HX610,Industrial/Performance/HX600 Series/HX610
HX500-j6ov,OnLogic Helix 500 Intel Comet Lake Industrial Edge Computer,HX500,Industrial/Performance/HX500 Series/HX500
HVP-DS-1200,Hitachi Gateway - HVP 400,DS-1200,Rugged/Mid Tier/DS Series/DS-1200
HVP-DS-1200C1,Hitachi Gateway - HVP-400 - Cincoze Rugged Intel Coffee Lake Fanless Computer,,///
HVP-450-LG-V1,"Large HVP-450 System (Intel i7-8700T, 32GB RAM, 1TB M.2, 2x 1TB SSDs)",,///
HVP-DS-1200C3,Hitachi Gateway - HVP-400 - Cincoze Rugged Intel Coffee Lake Fanless Computer,,///
HVP-DS-1202C1,Hitachi Gateway - Cincoze Rugged Intel Coffee Lake Fanless Computer with Dual Expansion or GPU,DS-1202,Rugged/Mid Tier/DS Series/DS-1202
HWI-HX610,Onlogic Helix 610 Intel Comet Lake Industrial Edge Computer With Optional Hot Swap Storage,HX610,Industrial/Performance/HX600 Series/HX610
FOIN-HX600,OnLogic Helix 600 Intel Comet Lake Expanded Industrial Edge Computer,HX600,Industrial/Performance/HX600 Series/HX600
FR201-u3jn,Factor 201 Raspberry Pi Industrial IoT Gateway,FR201,Industrial/Small Form Factor/FR200 Series/FR201
FR201-vi9z,Factor 201 Raspberry Pi Industrial IoT Gateway,FR201,Industrial/Small Form Factor/FR200 Series/FR201
FR201-9ac8,Factor 201 Raspberry Pi Industrial IoT Gateway,FR201,Industrial/Small Form Factor/FR200 Series/FR201
FR202-ymtb-2,Factor 202 Raspberry Pi Industrial Controller,FR202,Industrial/Small Form Factor/FR200 Series/FR202
FR201-llwq,Factor 201 Raspberry Pi Industrial IoT Gateway,FR201,Industrial/Small Form Factor/FR200 Series/FR201
FR201-zdjq,Factor 201 Raspberry Pi Industrial IoT Gateway,FR201,Industrial/Small Form Factor/FR200 Series/FR201
ENW-Nuvo-7000DE,Enway Neousys Rugged Intel Coffee Lake Fanless Computer w/Dual PCIe Slots,Nuvo-7000DE,Rugged/Legacy Rugged/Nuvo Series/Nuvo-7000DE
EOIR-NUVO-5006LP,EOIR Nuvo-5006LP,,///
Envoy-200-84s0,Envoy-200,POC-200,Rugged/Legacy Rugged/POC Series/POC-200
EMSLAND-ML100G-52,Industrial Fanless Intel Whiskey Lake Embedded NUC With Dual LAN,,///
ENBR-ML600G-52,Fanless Industrial Intel Skylake Computer,ML600G-52,Industrial/Performance/ML600 Series/ML600G-52
EMTS-POC-351VTC-440s,Neousys Rugged Compact Intel Apollo Lake In-Vehicle Computer,,///
ONC-ML510G-50,Compact Fanless Industrial Coffee Lake Computer,ML510G-50,Industrial/Performance/ML500 Series/ML510G-50
Nuvo-8108GC-gkso,Neousys Rugged Edge AI Computer,,///
Nuvo-7501-zsxc,Neousys Rugged Entry-Level Compact Fanless Coffee Lake Computer,Nuvo-7501,Rugged/Mid Tier/Nuvo Series/Nuvo-7501
nuvo-xcell-0c0c,Neousys Rugged Intel Skylake Fanless Computer,,///
NUC8i7HXK,Commercial Intel Kaby Lake G NUC with Built in AMD Vega Graphics,,Components/Components/Components/
NUCSAFE-ML100G-10,Nucsafe Fanless Industrial Intel Bay Trail NUC Computer,ML100G-10,Industrial/Entry/ML100 Series/ML100G-10
Nuvo-1000-4o4c,Neousys Rugged Intel Core Fanless Computer,,///
Nuvis-3304-V-sscg,EZSoft Nuvis-3304 HM76 Core i Fanless In-Vehicle Computer,,///
Nuuk-ML350G,Low Profile Fanless Industrial Computer With Apollo Lake,,///
Nuvis-3304-4wwo,Nuvis-3304 HM76 Core i Fanless Computer,,///
Nuvis-3304-V-50,Rugged Intel Core i Automotive Computer,,///
Nuvis-3304-gw0g,Custom Nuvis-3304,,///
MUTL-MC600-v2,Mutualink IWS Desktop/Rackmount Computer,MC610-50,Industrial/Fanned/MC600 Series/MC610-50
MUTL-MC600,Mutualink IWS Desktop/Rackmount Computer,MC600 (Other),Industrial/Fanned/MC600 Series/MC600 (Other)
MV-KR900-A,MV Transportation Bus KR900 Mini-ITX System,,Components/Components/Components/
ML450-Wired-AIPC,ML450-Wired-AIPC,ML450G-50,Industrial/Performance/ML400 Series/ML450G-50
ML440-BLACK-084k,Intel Haswell Fanless Industrial Computer,ML400 (Other),Industrial/Performance/ML400 Series/ML400 (Other)
ML450G-10-0s08,Industrial Intel Braswell Celeron Mini-ITX Computer,ML450G-10,Industrial/Performance/ML400 Series/ML450G-10
ML450G-10-8ckg,Industrial Intel Braswell Celeron Mini-ITX Computer,ML450G-10,Industrial/Performance/ML400 Series/ML450G-10
ML500G-30-s4ko,Fanless Industrial Intel 6th Gen Computer,,///
ML500G-30-wkkc,Fanless Industrial Intel 6th Gen Computer w/optional i7 and 4 COM,ML500G-30,Industrial/Performance/ML500 Series/ML500G-30
ml400g-510huntsman-8ko8,Industrial Intel Haswell Performance Mini-ITX Computer,ML400G-51,Industrial/Performance/ML400 Series/ML400G-51
ML500G-50-4qdy,Fanless Industrial Intel 6th Gen Computer w/optional i7,,///
ML450G-10-kc0k,Industrial Intel Braswell Celeron Mini-ITX Computer,ML450G-10,Industrial/Performance/ML400 Series/ML450G-10
ML100G-31-vlj2,AWL Fanless Industrial Intel Dawson Canyon NUC Computer,,///
ML100G-31-TERM,Industrial Intel Dawson Canyon Fanless NUC Computer,ML100G-31,Industrial/Entry/ML100 Series/ML100G-31
ML100G-31-kc8c,Industrial Intel Dawson Canyon Fanless NUC Computer,ML100G-31,Industrial/Entry/ML100 Series/ML100G-31
ML100G-40-BCP200,Compact Fanless AMD Ryzen Mini PC,,///
ML100G-40-sowc,Compact Fanless AMD Ryzen Mini PC,,///
ML100G-40-uxp1,Compact Fanless AMD Ryzen Mini PC,ML100G-40,Industrial/Entry/ML100 Series/ML100G-40
MK100B-40,1U Rackmount AMD Ryzen Server,MK100B-40,Server/1U & 1.5U Rackmount/MK100 Series/MK100B-40
MK100B-51-48gk,Intel Skylake 1U Rackmount Computer,MK100B-51,Server/1U & 1.5U Rackmount/MK100 Series/MK100B-51
MK100B-51-4ks8,Intel Skylake 1U Rackmount Computer,MK100B-51,Server/1U & 1.5U Rackmount/MK100 Series/MK100B-51
MITS-ML100G-40,Compact Fanless AMD Ryzen Mini PC,,///
MK100-Hot Swap-4kos,LGX MK100 Intel Core Industrial Rackmount with Hot Swap Bay,MK100 (Other),Server/1U & 1.5U Rackmount/MK100 Series/MK100 (Other)
MK100B-10-g4k8,Intel Bay Trail 1U Rackmount Computer,MK100B-10,Server/1U & 1.5U Rackmount/MK100 Series/MK100B-10
MK100B-50-080c,Intel Haswell 1U Rackmount Computer,MK100B-50,Server/1U & 1.5U Rackmount/MK100 Series/MK100B-50
MK100B-50-lmlb,Intel Haswell 1U Rackmount Computer,MK100B-50,Server/1U & 1.5U Rackmount/MK100 Series/MK100B-50
MC510-50-ws8k,Industrial Intel Coffee Lake Mini-ITX Computer,MC510-50,Industrial/Fanned/MC500 Series/MC510-50
MC510-50-ow8w,Industrial Intel Coffee Lake Mini-ITX Computer,MC510-50,Industrial/Fanned/MC500 Series/MC510-50
MC510-50-PHTN-0ocs,Industrial Intel Coffee Lake Mini-ITX Computer,MC510-50,Industrial/Fanned/MC500 Series/MC510-50
MC510-50-s40s,Industrial Intel Coffee Lake Mini-ITX Computer,MC510-50,Industrial/Fanned/MC500 Series/MC510-50
MC510-50-s48k,Intel Coffee Lake Mini-ITX Computer,MC510-50,Industrial/Fanned/MC500 Series/MC510-50
MC510-50-k8cg,Intel Coffee Lake Mini-ITX Computer,MC510-50,Industrial/Fanned/MC500 Series/MC510-50
MC510-50-ks0s,Intel Coffee Lake Mini-ITX Computer,MC510-50,Industrial/Fanned/MC500 Series/MC510-50
MC510-50-40so,Intel Coffee Lake Mini-ITX Computer,MC510-50,Industrial/Fanned/MC500 Series/MC510-50
MC510-50-4wwk,Industrial Intel Coffee Lake Mini-ITX Computer,MC510-50,Industrial/Fanned/MC500 Series/MC510-50
MC510-50-2pvj,Industrial Intel Coffee Lake Mini-ITX Computer,,///
MC510-50-0cww,Intel Coffee Lake Mini-ITX Computer,MC510-50,Industrial/Fanned/MC500 Series/MC510-50
MC510-50-myho,Industrial Intel Coffee Lake Mini-ITX Computer,,///
K700-X2-qod2,Karbon 700 Expanded High-Performance Rugged Edge Computer,K700-X2,Rugged/Performance/K700 Series/K700-X2
K700-X2-o8g4,Karbon 700 Expanded High-Performance Rugged Edge Computer,K700-X2,Rugged/Performance/K700 Series/K700-X2
K700-X2-ocw0,Karbon 700 Expanded High-Performance Rugged Edge Computer,K700-X2,Rugged/Performance/K700 Series/K700-X2
K700-X2-vy8m,Karbon 700 Expanded High-Performance Rugged Edge Computer,K700-X2,Rugged/Performance/K700 Series/K700-X2
K700-X2-u8c7,Karbon 700 Expanded High-Performance Rugged Edge Computer,K700-X2,Rugged/Performance/K700 Series/K700-X2
K700-X2-l17w,Karbon 700 Expanded High-Performance Rugged Edge Computer,K700-X2,Rugged/Performance/K700 Series/K700-X2
K700-X2-t2em,Karbon 700 Expanded High-Performance Rugged Edge Computer,K700-X2,Rugged/Performance/K700 Series/K700-X2
K700-X2-okws,Karbon 700 Expanded High-Performance Rugged Edge Computer,K700-X2,Rugged/Performance/K700 Series/K700-X2
K700-X2-u2gd,Karbon 700 Expanded High-Performance Rugged Edge Computer,K700-X2,Rugged/Performance/K700 Series/K700-X2
K700-X2-n6wo,Karbon 700 Expanded High-Performance Rugged Edge Computer,K700-X2,Rugged/Performance/K700 Series/K700-X2
JBTC-ML340G-51,JBT Corporation - Low Profile Fanless Industrial Skylake Computer,ML340G-51,Industrial/Gateway/ML300 Series/ML340G-51
Jernbro-ML450G-50-sk0c,Industrial Intel Haswell Core i3/i5 Mini-ITX Computer,ML450G-50,Industrial/Performance/ML400 Series/ML450G-50
JCI-ML210G-10-WIFI-8400,Johnson Controls ML210G-10,ML210G-10,Industrial/Gateway/ML200 Series/ML210G-10
JEN-MK100B-51,Intel Skylake 1U Rackmount Computer,MK100B-51,Server/1U & 1.5U Rackmount/MK100 Series/MK100B-51
IGN500,Ignition MQTT Edge Gateway with Dual LAN and DIO,ML100G-51 (IGN500),Industrial/Entry/ML100 Series/ML100G-51 (IGN500)
IGN610,IGN610 Ultra Small Fanless Industrial Edge Gateway with Ignition,CL250 (IGN610),Industrial/Small Form Factor/CL200 Series/CL250 (IGN610)
IGN802,IGN802 Raspberry Pi Industrial Controller with Ignition Edge,FR202 (IGN802),Industrial/Small Form Factor/FR200 Series/FR202 (IGN802)
HX500-9ulw,OnLogic Helix 500 Intel Comet Lake Industrial Edge Computer,HX500,Industrial/Performance/HX500 Series/HX500
HX500-g00k,OnLogic Helix 500 Intel Comet Lake Industrial Edge Computer w/ NVMe SSD,HX500,Industrial/Performance/HX500 Series/HX500
HX500-cw88,OnLogic Helix 500 Intel Comet Lake Industrial Edge Computer,HX500,Industrial/Performance/HX500 Series/HX500
HLGC-CL100,Hologic Fanless Industrial Mini PC,CL100,Industrial/Small Form Factor/CL100 Series/CL100
FIS-ML600G-52-8080,Industrial Fanless Intel Skylake Computer,ML600G-52,Industrial/Performance/ML600 Series/ML600G-52
FLMK-NUVO-5095GC,FLMK-NUVO-5095GC,,///
DX-1000-8wg0,Cincoze Rugged Intel 6th/7th Gen Compact Fanless Computer,,///
DX-1000-ccgo,Cincoze Rugged Intel 6th/7th Gen Compact Fanless Computer,,///
DX-1000-co8k,Cincoze Rugged Intel 6th/7th Gen Compact Fanless Computer,,///
DX-1000-MTA-TM,Cincoze Rugged Intel 6th/7th Gen Compact Fanless Computer,,///
DX-1000-v692,Cincoze Rugged Intel 6th/7th Gen Compact Fanless Computer,DX-1000,Rugged/Mid Tier/DX Series/DX-1000
DX-1000-s0s4,Cincoze 6/7th Generation Intel® Xeon® / Core™ (Kaby Lake-S / Skylake-S) Computer,,///
DX-1000-s44c,MTA DX-1000 Budget SKU,,///
DX-1100-scsg,Cincoze DX-1100 Intel Coffee Lake Compact Rugged Workstation,DX-1100,Rugged/Mid Tier/DX Series/DX-1100
DX-1000-SURE-swkc,Cincoze Rugged Intel 6th/7th Gen Compact Fanless Computer,,///
DX-1100-8gk0,8th Generation Intel® Core™ High-Performance Compact Rugged Computer,,///
DX-1100-trw2,8th Generation Intel Core High-Performance Compact Rugged Computer,,///
Nuvo-5026E-TUSM-wos0,Neousys Rugged Intel Skylake Fanless Computer with Dual PCIe Slot Expansion Cassette,Nuvo-5026E,Rugged/Legacy Rugged/Nuvo Series/Nuvo-5026E
Nuvo-5095GC-90p8,Neousys Rugged Intel Skylake Computer with Optional GPU,,///
nuvo-5095GC-ck0k,Neousys Rugged Intel Skylake Computer with Optional GPU,,///
Nuvo-5095GC-8w4c,Neousys Rugged Intel Skylake Computer with Optional GPU,,///
Nuvo-5100VTC-4wg0,Neousys Rugged Intel Skylake In-Vehicle Computer with PoE,,///
Nuvo-5095GC-swcw,Neousys Rugged Intel Skylake Computer with Optional GPU,,///
Nuvo-5026E-TUSM-wos0-s88w,Neousys Rugged Intel Skylake Fanless Computer with Dual PCIe Slot Expansion Cassette,,///
Nuvo-5095GC-cw48,Neousys Rugged Intel Skylake Computer with Optional GPU,,///
Nuvo-5095GC-s444,Neousys Rugged Intel 6th Gen Fanless Computer,,///
Nuvo-5100VTC-0g8g,Neousys Rugged Intel Skylake In-Vehicle Computer with PoE,,///
NICT-P1101-84kw,Rugged Cincoze Panel PC,,///
NC220_INTEL-sk48-wk80-c0g4,Industrial Intel Broadwell Fanless NUC Computer,NC200 (Other),Industrial/Legacy Industrial/NC200 Series/NC200 (Other)
NALCO-ML100G-52,Nalco Water - Industrial Fanless Intel Whiskey Lake Embedded NUC With Dual LAN,ML100G-52,Industrial/Entry/ML100 Series/ML100G-52
N4200-Capacitive-CV-P1101-FLS,Cincoze Rugged Intel Apollo Lake Panel PC,CV-P1101,Panel/Cincoze Panel/P1000 Series/CV-P1101
N4200-Resistive-CV-P1101-FLS,Cincoze Rugged Intel Apollo Lake Panel PC,CV-P1101,Panel/Cincoze Panel/P1000 Series/CV-P1101
NANO-K804-1,OnLogic Karbon 804 High-Performance Rugged Computer w/ModBay & PCIe,K804,Rugged/Performance/K800 Series/K804
ML350G-KLLN-kco8,Industrial Low Profile Fanless Computer With Apollo Lake,ML350G-10,Industrial/Gateway/ML300 Series/ML350G-10
ML400-Goodwill-8skg,Industrial Intel Skylake Mini-ITX Computer,ML450G-51,Industrial/Performance/ML400 Series/ML450G-51
ML350G-10-m2dm,Low Profile Fanless Industrial Computer With Apollo Lake,ML350G-10,Industrial/Gateway/ML300 Series/ML350G-10
ML350G-10-kgw8,Industrial Low Profile Fanless Computer With Apollo Lake,ML350G-10,Industrial/Gateway/ML300 Series/ML350G-10
ML350G-10-t42b,Low Profile Fanless Industrial Computer With Apollo Lake,,///
ML350G-10-ssg8,Low Profile Fanless Industrial Computer With Apollo Lake,ML350G-10,Industrial/Gateway/ML300 Series/ML350G-10
ML400G-12-cw00,Industrial Intel Bay Trail Celeron Computer with 5 LAN,ML400G-12,Industrial/Performance/ML400 Series/ML400G-12
ml350g-10-w2pk,Low Profile Fanless Industrial Computer With Apollo Lake,ML350G-10,Industrial/Gateway/ML300 Series/ML350G-10
ML350G-10-kksc,Low Profile Fanless Industrial Computer With Apollo Lake,ML350G-10,Industrial/Gateway/ML300 Series/ML350G-10
ML100G-30-HDD,"Industrial Intel Broadwell Fanless NUC Computer with 2.5"" HDD",ML100G-30,Industrial/Entry/ML100 Series/ML100G-30
ML100G-31,Fanless Industrial Intel Dawson Canyon NUC Computer,ML100G-31,Industrial/Entry/ML100 Series/ML100G-31
ML100G-30-Win7.32bit-gs0c,Industrial Intel Broadwell Fanless NUC Computer,ML100G-30,Industrial/Entry/ML100 Series/ML100G-30
ML100G-30adren-c80g,Industrial Intel Broadwell Fanless NUC Computer,ML100G-30,Industrial/Entry/ML100 Series/ML100G-30
MK150B-52-co44,Intel Skylake 1.5U Rackmount Computer,MK150B-52,Server/1U & 1.5U Rackmount/MK150 Series/MK150B-52
MK150B-52-goso,Intel Skylake 1.5U Rackmount Computer,MK150B-52,Server/1U & 1.5U Rackmount/MK150 Series/MK150B-52
ML100G-30-PI-V01,Planet Innovation Products ML100G-30-PI,ML100G-30,Industrial/Entry/ML100 Series/ML100G-30
ml100g-30-gastops-c4co,Industrial Intel Broadwell Fanless NUC Computer,ML100G-30,Industrial/Entry/ML100 Series/ML100G-30
MC600-52-84k0,Commercial Intel Skylake Computer with Expansion,MC600-52,Industrial/Fanned/MC600 Series/MC600-52
MCMT-ML100,MachineMetrics ML100,ML100G-10,Industrial/Entry/ML100 Series/ML100G-10
MDCO-i3MYBE-P-0ok4,Medeco NUC5i3MYBE System Kit,Industrial (Other),Industrial/Legacy Industrial/Legacy Industrial/Industrial (Other)
MDCO-N3160-V3,Medeco N3160 Mobo Kit,,Components/Components/Components/
MC610-50-c0k4,Industrial Intel Coffee Lake Mini-ITX Expandable Computer,MC610-50,Industrial/Fanned/MC600 Series/MC610-50
MC610-50-4gs0,Camio Prototype - Industrial Intel Coffee Lake Mini-ITX Expandable Computer,,///
MC600-DENSO-ks8c,Commercial Intel Bay Trail Mini-ITX Computer,MC600-10,Industrial/Fanned/MC600 Series/MC600-10
LNX-ML310,Industrial Intel Bay Trail NUC Computer with Ubuntu Linux,ML300 (Other),Industrial/Gateway/ML300 Series/ML300 (Other)
LNA-PD10BI-wccg,Mitac PD10BI Thin Mini-ITX Motherboard with Intel Bay Trail,,///
LineV-CV-P1101,Cincoze Rugged Intel Apollo Lake Panel PC,CV-P1101,Panel/Cincoze Panel/P1000 Series/CV-P1101
LineView-ML500G-50,LineView Fanless Industrial Intel 6th Gen Computer w/optional i7,ML500G-50,Industrial/Performance/ML500 Series/ML500G-50
LMCR-NF9G,LMCR-NF9G (customer part# 25-10277 Rev A),,Components/Components/Components/
LOGIX-HX310-V2,OnLogic Helix 310 Intel Elkhart Lake Industrial Edge Computer,HX310,Industrial/Gateway/HX300 Series/HX310
LRPC-ML100G-40,Compact Fanless AMD Ryzen Mini PC,,///
K700-SE-8koc,Karbon 700 High-Performance Rugged Edge Computer,K700-SE,Rugged/Performance/K700 Series/K700-SE
K700-SE-avbq,Karbon 700 High-Performance Rugged Edge Computer,K700-SE,Rugged/Performance/K700 Series/K700-SE
K700-X2-w88g,Karbon 700 Expanded High-Performance Rugged Edge Computer,K700-X2,Rugged/Performance/K700 Series/K700-X2
K700-X2-wkcg,Karbon 700 Expanded High-Performance Rugged Edge Computer with E-2278GEL Processor,K700-X2,Rugged/Performance/K700 Series/K700-X2
K700-X2-w0ks,Karbon 700 Expanded High-Performance Rugged Edge Computer with E-2278GEL Processor,K700-X2,Rugged/Performance/K700 Series/K700-X2
K700-SE-fso1,Karbon 700 High-Performance Rugged Edge Computer,K700-SE,Rugged/Performance/K700 Series/K700-SE
K700-SE-hqr7,Adient - Karbon 700 High-Performance Rugged Edge Computer,K700-SE,Rugged/Performance/K700 Series/K700-SE
K700-SE-74nk,Adient - Karbon 700 High-Performance Rugged Edge Computer,K700-SE,Rugged/Performance/K700 Series/K700-SE
K700-SE-6e10,Karbon 700 High-Performance Rugged Edge Computer,K700-SE,Rugged/Performance/K700 Series/K700-SE
K700-SE-ct08,Karbon 700 High-Performance Rugged Edge Computer,K700-SE,Rugged/Performance/K700 Series/K700-SE
K700-X2-ziza,(1st Gen) Karbon 700 Expanded Rugged Edge Computer [9-48 VDC Input],K700-SE-2,Rugged/Performance/K700 Series/K700-SE-2
ITX-IC2M1026S-Kit-wg4w,Genesis J&W Kit,,Components/Components/Components/
Ixia-MC500-okkw,Intel Core MC500 Industrial Computer,MC500 (Other),Industrial/Fanned/MC500 Series/MC500 (Other)
Jaimie and Katie SKU-gscs,Industrial Intel Bay Trail Fanless NUC Computer,ML100G-10,Industrial/Entry/ML100 Series/ML100G-10
JBC372F36W-S-MicroAge-g0o0,Jetway Industrial Intel Atom Compact Computer,Industrial (Other),Industrial/Legacy Industrial/Legacy Industrial/Industrial (Other)
IGL160,Quad Core AMD Ryzen IGEL Ready Thin Client,ML100G-40 (IGL160),Industrial/Entry/ML100 Series/ML100G-40 (IGL160)
IGL100-91r3,Low Profile Industrial IGEL Ready thin client,ML350G-10 (IGL100),Industrial/Gateway/ML300 Series/ML350G-10 (IGL100)
HRS MK103-8cks,HRS MK103,MK100 (Other),Server/1U & 1.5U Rackmount/MK100 Series/MK100 (Other)
GENEA-ML210G,Genea Energy ML210G-12,ML210G-12,Industrial/Gateway/ML200 Series/ML210G-12
GM-1000-o87f,Cincoze Rugged Intel 9th/8th Gen GPU Computer,,///
GL_Rackmount-ML210G-50-skk4,Industrial Intel Haswell i5 Thin Mini-ITX Computer w/ Rackmount Adapter,ML210G-50,Industrial/Gateway/ML200 Series/ML210G-50
GeorgiaTech-3304B-wco8,Neousys Rugged Intel Ivy Bridge In-Vehicle Computer,Nuvis-3304af,Rugged/Legacy Rugged/Nuvis Series/Nuvis-3304af
GEN-K300,Karbon 300 Compact Rugged Computer,K300,Rugged/Entry/K300 Series/K300
FRNH-Nuvo-6108GC-8o88,Neousys Rugged Intel 6th Gen Computer w/GPU and Expansion,,///
Frac-DS-1200-7xi1,Frac Shack Rugged Intel Coffee Lake Fanless Computer,,///
FRENCK-ML510G-50-RS-232,Compact Fanless Industrial Coffee Lake Computer,,///
E2E-FR201,Factor 201 Raspberry Pi Industrial IoT Gateway,FR201,Industrial/Small Form Factor/FR200 Series/FR201
E3950-Resistive-CV-P1101-FLS,Cincoze Rugged Intel Apollo Lake Panel PC,CV-P1101,Panel/Cincoze Panel/P1000 Series/CV-P1101
Nuvo-6108GC-DyAt-0fly-0ok0-w84k,Neousys Nuvo-6108GC,,///
NUVO-5000LP-Olameter-4gkw,Neousys Rugged Intel Skylake Low Profile Fanless Computer,,///
Nuvo-5000LP-PI-400s,Neousys Rugged Intel Skylake Low Profile Fanless Computer,,///
Nuvo-5000LP-ss0g,Neousys Rugged Intel Skylake Low Profile Fanless Computer,,///
Nuvo-5000-8go0,Neousys Rugged Intel Skylake Fanless Computer,,///
Nuvo-5000-0wkc,Neousys Rugged Intel Skylake Fanless Computer,,///
Nuvo-5000LP-hytl-44gc,Neousys Rugged Intel Skylake Low Profile Fanless Computer,,///
Nuvo-5000LP-MAR1-8o0g,Neousys Rugged Intel Skylake Low Profile Fanless Computer,,///
nuvo-5000-cs0o,Neousys Rugged Intel Skylake Fanless Computer,,///
Nuvo-5000-w08s,Neousys Rugged Intel Skylake Fanless Computer,,///
NEC-MC601,NEC Corporation of America Custom Hardware,MC600 (Other),Industrial/Fanned/MC600 Series/MC600 (Other)
NETI-CL210G-11,Ultra Small Quad Core Fanless Industrial Edge Computer,CL210G-11,Industrial/Small Form Factor/CL200 Series/CL210G-11
ML600G-52-woko,Fanless Industrial Intel Skylake Computer,ML600G-52,Industrial/Performance/ML600 Series/ML600G-52
ML600G-52-w404,Industrial Fanless Intel Skylake Computer,ML600G-52,Industrial/Performance/ML600 Series/ML600G-52
ML600G-52-w4k4,Fanless Industrial Intel Skylake Computer,ML600G-52,Industrial/Performance/ML600 Series/ML600G-52
ML600G-52-v4zp,Fanless Industrial Intel Skylake Computer,ML600G-52,Industrial/Performance/ML600 Series/ML600G-52
ML600G-52-wosc,Fanless Industrial Intel Skylake Computer,ML600G-52,Industrial/Performance/ML600 Series/ML600G-52
ML600G-52-z40v,Fanless Industrial Intel Skylake Computer,,///
ML600G-52-zvyd,Fanless Industrial Intel Skylake Computer,ML600G-52,Industrial/Performance/ML600 Series/ML600G-52
ML600G-520-oc8s,Industrial Fanless Intel Skylake Computer,ML600G-52,Industrial/Performance/ML600 Series/ML600G-52
ML600G-52-ock0,Fanless Industrial Intel Skylake Computer,ML600G-52,Industrial/Performance/ML600 Series/ML600G-52
ML600G-ACSIS-sg4k,Industrial Fanless Intel Haswell Computer,ML600G-50,Industrial/Performance/ML600 Series/ML600G-50
ML340-Inspx-048w,Low Profile Fanless Intel Core i3/i5/i7 Industrial Computer,ML340G-50,Industrial/Gateway/ML300 Series/ML340G-50
ML340G-10-ESE-PC-sc48,Low Profile Fanless Industrial Computer with Braswell,ML340G-10,Industrial/Gateway/ML300 Series/ML340G-10
ML340G-50-c484,Low Profile Fanless Intel Core i3/i5/i7 Industrial Computer,ML340G-50,Industrial/Gateway/ML300 Series/ML340G-50
ML340G-50-20j5,Low Profile Fanless Industrial Intel Core i3/i5/i7 Computer,,///
ML340G-31-Workup-8g0w,Low Profile Fanless Intel Core i3/i5/i7 Industrial Computer,ML300 (Other),Industrial/Gateway/ML300 Series/ML300 (Other)
ML400G-51-80kw,Industrial Intel Haswell Performance Mini-ITX Computer,ML400G-51,Industrial/Performance/ML400 Series/ML400G-51
MK400-70-sg0w,4U Rackmount Intel Cascade Lake Xeon Scalable Edge Server,,///
MK400-70-xry5,4U Rackmount Intel Cascade Lake Xeon Scalable Edge Server,MK400-70,Server/4U Rackmount/MK400 Series/MK400-70
ML100G-30-4cgc,Industrial Intel Broadwell Fanless NUC Computer,ML100G-30,Industrial/Entry/ML100 Series/ML100G-30
ML100G-10-nish-0ccg,Industrial Intel Bay Trail Fanless NUC Computer,ML100G-10,Industrial/Entry/ML100 Series/ML100G-10
ML100G-51-9y87,Industrial Fanless Intel Whiskey Lake NUC With Dual LAN,,///
ML100G-51-nbdn,Industrial Fanless Intel Whiskey Lake NUC With Dual LAN,ML100G-51,Industrial/Entry/ML100 Series/ML100G-51
ML100G-30-c04c,Industrial Intel Broadwell Fanless NUC Computer,ML100G-30,Industrial/Entry/ML100 Series/ML100G-30
ML100G-30-8ggw,Industrial Intel Broadwell Fanless NUC Computer,ML100G-30,Industrial/Entry/ML100 Series/ML100G-30
ML100G-10-c008,Industrial Intel Bay Trail Fanless NUC Computer,ML100G-10,Industrial/Entry/ML100 Series/ML100G-10
ML100G-10-4ko0,Fanless Industrial Intel Bay Trail NUC Computer,ML100G-10,Industrial/Entry/ML100 Series/ML100G-10
ML100G-50-MCRAE-8oc8,Industrial Intel Skylake Fanless NUC Computer,ML100G-50,Industrial/Entry/ML100 Series/ML100G-50
MC850,OnLogic Compact Mini-ITX Case with Included PSU,,Components/Components/Components/
MDTK-MC500,Modatek MC500,MC500-51,Industrial/Fanned/MC500 Series/MC500-51
K804-71he,OnLogic Karbon 804 High-Performance Rugged Computer w/ModBay & PCIe,K804,Rugged/Performance/K800 Series/K804
K804-4kyg,OnLogic Karbon 804 High-Performance Rugged Computer w/ModBay & PCIe,K804,Rugged/Performance/K800 Series/K804
K804-kfbf,OnLogic Karbon 804 High-Performance Rugged Computer w/ModBay & PCIe,K804,Rugged/Performance/K800 Series/K804
K803-o0i9,OnLogic Karbon 803 High-Performance Rugged Computer w/PCIe,K803,Rugged/Performance/K800 Series/K803
K804-k7gw,OnLogic Karbon 804 High-Performance Rugged Computer w/ModBay & PCIe,K804,Rugged/Performance/K800 Series/K804
k802i9-o338,OnLogic Karbon 802 High-Performance Rugged Computer w/ModBay,,///
KAER-Nuvo-7000LP-s8w8,Neousys Rugged Intel® Coffee Lake Low Profile Fanless Computer,Nuvo-7000LP,Rugged/Performance/Nuvo Series/Nuvo-7000LP
K300-8cww,Karbon 300 Compact Rugged Computer w/ Co-location,,///
K300-BRHE-h9z4,Karbon 300 Compact Rugged Computer,,///
K300-gk0s,Karbon 300 Compact Rugged Computer,,///
K700-SE-2rzw-5lo7-pmji,Karbon 700 High-Performance Rugged Edge Computer,K700-SE-2,Rugged/Performance/K700 Series/K700-SE-2
K700-SE-40oc,Karbon 700 High-Performance Rugged Edge Computer,K700-SE,Rugged/Performance/K700 Series/K700-SE
K300-kkcc,Karbon 300 Compact Rugged Computer,,///
IGL400,Rugged IGEL Ready Thin Client,,///
IMB-157,ASRock IMB-157 Intel Apollo Lake Mini-ITX Motherboard,,Components/Components/Components/
GRG01-ML350G-10,Low Profile Fanless Industrial Computer With Apollo Lake,ML350G-10,Industrial/Gateway/ML300 Series/ML350G-10
GRFT-ML340,Graftek ML340,ML340G-50,Industrial/Gateway/ML300 Series/ML340G-50
GRL400,Rugged Multi-channel NVR,K700-SE (GRL400),Rugged/Performance/K700 Series/K700-SE (GRL400)
GOGO-ML500G-30-4L-4ws4,"Industrial Intel 6th Gen Fanless Computer (4 LAN, Unbranded)",ML500G-30,Industrial/Performance/ML500 Series/ML500G-30
GreatAmericanPL17-CR-P-kggs,GreatAmericanPL17-CR-P,,///
ELM-ML350G-10-LTE-c8k8,ELM Fieldsight ML350G-10-LTE,,///
EH-FR201,Factor 201 Raspberry Pi Industrial IoT Gateway,FR201,Industrial/Small Form Factor/FR200 Series/FR201
Nuvo-5006LP-AQUA-4so0,Neousys Rugged Intel Skylake Low Profile Fanless Computer,,///
Nuvo-5100VTC-k804-wkoc,Neousys Rugged Intel Skylake In-Vehicle Computer with PoE,K804,Rugged/Performance/K800 Series/K804
Nuvo-5100VTC-cokw,Neousys Rugged Intel Skylake In-Vehicle Computer with PoE,,///
nuvo-5100vtc-808o,Neousys Rugged Intel Skylake In-Vehicle Computer with PoE,,///
Nuvo-5100VTC-k804,Neousys Rugged Intel Skylake In-Vehicle Computer with PoE,K804,Rugged/Performance/K800 Series/K804
Nuvo-5501-c8k8,Neousys Rugged Intel Skylake Fanless Computer,,///
NF9J-Kit-0wg8,Robson Corp NF9J Component Kit,,Components/Components/Components/
NF9J-Q87,Jetway NF9J-Q87 Haswell Desktop Mini-ITX Motherboard,,Components/Components/Components/
NG100C,Industrial Quad-Core Network Gateway with Untangle,MC500 (Other),Industrial/Fanned/MC500 Series/MC500 (Other)
NG300F,Rugged Core i Network Gateway with Untangle,Nuvo-1000,Rugged/Legacy Rugged/Nuvo Series/Nuvo-1000
NG100R,1U Rackmount Intel Atom Network Gateway with Untangle,MK100 (Other),Server/1U & 1.5U Rackmount/MK100 Series/MK100 (Other)
NG-Nuvo-3003E-50-cskw-wgo8,Neousys Rugged Intel Core Fanless Computer,,///
MOLX-CL210G-11-WiFi,MOLEX CL210G-11-WiFi,CL210G-11,Industrial/Small Form Factor/CL200 Series/CL210G-11
Montoon-kksc,Industrial Intel Bay Trail Celeron Mini-ITX Computer Testbed for Warren Rogers,ML400 (Other),Industrial/Performance/ML400 Series/ML400 (Other)
MLGA620-NF92,Mutualink Custom GA620 Mini-ITX System,,Industrial/Fanned/Other/
MODA-FPPC-P2-W215-R01,Modatek Cincoze Intel Skylake Core i3/i5 Panel PC,,///
ML450G-51-8848,Industrial Intel Skylake Mini-ITX Computer,ML450G-51,Industrial/Performance/ML400 Series/ML450G-51
ml450g-51-c88k,Industrial Intel Skylake Mini-ITX Computer,ML450G-51,Industrial/Performance/ML400 Series/ML450G-51
ML450G-50_Amazon-LCD,Industrial Intel Haswell Core i3/i5 Mini-ITX Computer,ML450G-50,Industrial/Performance/ML400 Series/ML450G-50
ml450g-50-ckgs-0844,ML450G-50 UPS Without Batteries (Arthur G Russell),ML450G-50,Industrial/Performance/ML400 Series/ML450G-50
ML450G-50-88w8,Industrial Intel Haswell Core i3/i5 Mini-ITX Computer,ML450G-50,Industrial/Performance/ML400 Series/ML450G-50
ML100G-52-ygea,Industrial Fanless Intel Whiskey Lake Embedded NUC With Dual LAN,ML100G-52,Industrial/Entry/ML100 Series/ML100G-52
ML100G-52-zqhd,Industrial Fanless Intel Whiskey Lake Embedded NUC With Dual LAN,,///
ML300-TC,High Performance Fanless Thin Client,ML300 (Other),Industrial/Gateway/ML300 Series/ML300 (Other)
ML300-UPS,ML300 Fanless NUC Industrial Computer with Uninterruptible Power Supply,ML300 (Other),Industrial/Gateway/ML300 Series/ML300 (Other)
ML100G-53-9ndc,Industrial Fanless Intel 11th Gen Tiger Lake NUC,ML100G-53,Industrial/Entry/ML100 Series/ML100G-53
ML100G-52-g4kk,Industrial Fanless Intel Whiskey Lake NUC With Dual LAN,ML100G-52,Industrial/Entry/ML100 Series/ML100G-52
ML100G-53-7au7-US,Industrial Fanless Intel 11th Gen Tiger Lake NUC,ML100G-53,Industrial/Entry/ML100 Series/ML100G-53
ML300B-50-MK-sgkk,Industrial ML310 Intel Bay Trail Fanless Rackmount Computer,ML300 (Other),Industrial/Gateway/ML300 Series/ML300 (Other)
ML100G-51-occ8,Industrial Fanless Intel Whiskey Lake NUC With Dual LAN,ML100G-51,Industrial/Entry/ML100 Series/ML100G-51
ML100G-52-88ow,Industrial Fanless Intel Whiskey Lake NUC With Dual LAN,ML100G-52,Industrial/Entry/ML100 Series/ML100G-52
MC850-51-8wow,Commercial Intel 5th Gen Xeon Microserver,MC850-51,Server/Standalone/MC850 Series/MC850-51
MC850-51-s4so,Commercial Intel 5th Gen Xeon Microserver,MC850-51,Server/Standalone/MC850 Series/MC850-51
MC850-53-kkgs,Fanned Industrial Intel 8th Gen GPU Capable Computer,,///
MC850-50-kswg-os4o,Commercial Intel 7th Gen GPU Capable Computer,,///
MC850-51--2TB-gkow,Commercial Intel 5th Gen Xeon Microserver,MC850-51,Server/Standalone/MC850 Series/MC850-51
MC850-50-0okc,Commercial Intel 6th Gen GPU Capable Computer,MC850-50,Server/Standalone/MC850 Series/MC850-50
MC850-50-4c04,Commercial Intel 6th Gen GPU Capable Computer,MC850-50,Server/Standalone/MC850 Series/MC850-50
MC850-51--512GB-kgkw,Commercial Intel 5th Gen Xeon Microserver,MC850-51,Server/Standalone/MC850 Series/MC850-51
LIMN-8208GC-GPU,Neousys Rugged Computer with Dual GPU Expansion,Nuvo-8208GC,Rugged/High Performance/Nuvo Series/Nuvo-8208GC
Limab-K801,OnLogic Karbon 801 Low-Profile High-Performance Rugged Computer,,///
LIEN-DS-1201-0scg,Cincoze Rugged Intel Coffee Lake Fanless Computer with Expansion,DS-1201,Rugged/Mid Tier/DS Series/DS-1201
LGS-DX-1000-48w8,LGS Innovations DX-1000,,///
K700-X2-9nxo,Karbon 700 Expanded High-Performance Rugged Edge Computer,K700-X2,Rugged/Performance/K700 Series/K700-X2
K700-X2-9w02,Karbon 700 Expanded High-Performance Rugged Edge Computer,K700-X2,Rugged/Performance/K700 Series/K700-X2
K700-X2-08y2,Karbon 700 Expanded High-Performance Rugged Edge Computer,K700-X2,Rugged/Performance/K700 Series/K700-X2
K700-X2-0ggg,Karbon 700 Expanded High-Performance Rugged Edge Computer,K700-X2,Rugged/Performance/K700 Series/K700-X2
K700-X2-268w,(1st Gen) Karbon 700 Expanded Rugged Edge Computer [9-48 VDC Input],K700-X2-2,Rugged/Performance/K700 Series/K700-X2-2
K700-X2-2lg9,Karbon 700 Expanded High-Performance Rugged Edge Computer,K700-X2-2,Rugged/Performance/K700 Series/K700-X2-2
K700-X2-4ija,Karbon 700 Expanded High-Performance Rugged Edge Computer,K700-X2,Rugged/Performance/K700 Series/K700-X2
K700-X2-8tbm,Karbon 700 Expanded High-Performance Rugged Edge Computer,K700-X2,Rugged/Performance/K700 Series/K700-X2
K700-X2-8w88,Karbon 700 Expanded High-Performance Rugged Edge Computer,K700-X2,Rugged/Performance/K700 Series/K700-X2
K700-X2-6dov,Karbon 700 Expanded High-Performance Rugged Edge Computer,K700-X2,Rugged/Performance/K700 Series/K700-X2
K700-X2-81ao,Karbon 700 Expanded High-Performance Rugged Edge Computer,K700-X2,Rugged/Performance/K700 Series/K700-X2
K700-x2-88k0,Karbon 700 Expanded High-Performance Rugged Edge Computer,K700-X2,Rugged/Performance/K700 Series/K700-X2
K700-X2-2-l4st,Karbon 700-X2-2 Expanded High-Performance Rugged Edge Computer,K700-X2-2,Rugged/Performance/K700 Series/K700-X2-2
K700-X2-cws0,Karbon 700 Expanded High-Performance Rugged Edge Computer,K700-X2,Rugged/Performance/K700 Series/K700-X2
ITFG-MC800-C J32149-300,Intel Fog MC800 C J32149-300,MC800 (Other),Server/Standalone/MC800 Series/MC800 (Other)
K300-30-co40,Karbon 300 Compact Rugged Computer,,///
iBox-210D-IoTium-ksw8,Panasonic iBOX-210D,Industrial (Other),Industrial/Legacy Industrial/Legacy Industrial/Industrial (Other)
IEM-P2102-CW215-R02,IEM Intel Whiskey Lake Core i3/i5 Panel PC,CV-P2102,Panel/Cincoze Panel/P2000 Series/CV-P2102
ICON-ML300,I-CON Systems ML300,ML300 (Other),Industrial/Gateway/ML300 Series/ML300 (Other)
ICS-PH14i3-K,ICS PH14FEI i3 Motherboard Kit,,Components/Components/Components/
IEM-P2102-CW215-R01,IEM Cincoze Intel Whiskey Lake Core i3/i5 Panel PC With Ignition - UL,P2102 (IGN320),Panel/Cincoze Panel/P2000 Series/P2102 (IGN320)
IFM-CV-100C-UQ0004,IFM CV-100C UQ0003,,Components/Components/Components/
ICS IMB185-4g8w,ICS IMB185 Kit,,Components/Components/Components/
HX511-sqkc,OnLogic Helix 511 Fanless Intel 12th Gen Edge Computer,HX511,Industrial/Performance/HX500 Series/HX511
HX310-osnd,OnLogic Helix 310 Intel Elkhart Lake Industrial Edge Computer,HX310,Industrial/Gateway/HX300 Series/HX310
HX310-i8so,OnLogic Helix 310 Intel Elkhart Lake Industrial Edge Computer,HX310,Industrial/Gateway/HX300 Series/HX310
HX401-34pz-fhxr,OnLogic Helix 401 Fanless Hybrid-Core Computer,HX401,Industrial/Entry/HX400 Series/HX401
HX401-34pz,OnLogic Helix 401 Fanless Hybrid-Core Computer,HX401,Industrial/Entry/HX400 Series/HX401
HX401-abx4,OnLogic Helix 401 Fanless Hybrid-Core Computer,HX401,Industrial/Entry/HX400 Series/HX401
HX500-tyu0,OnLogic Helix 500 Intel Comet Lake Industrial Edge Computer,HX500,Industrial/Performance/HX500 Series/HX500
HX500-u99l,OnLogic Helix 500 Intel Comet Lake Industrial Edge Computer,HX500,Industrial/Performance/HX500 Series/HX500
HX401-CPK-V1,OnLogic Helix 401 Fanless Hybrid-Core Computer,HX401,Industrial/Entry/HX400 Series/HX401
HX310-pld1,OnLogic Helix 310 Intel Elkhart Lake Industrial Edge Computer,HX310,Industrial/Gateway/HX300 Series/HX310
HX500-xsc7,OnLogic Helix 500 Intel Comet Lake Industrial Edge Computer,HX500,Industrial/Performance/HX500 Series/HX500
FSN-ML250-SD-swss,LGX ML250 AMD Fusion Fanless Mini Industrial Computer,ML250 (Other),Industrial/Gateway/ML250 Series/ML250 (Other)
FSN-A7879,SolidLogic AMD Fusion A7879 Home Server/NAS Computer,Industrial (Other),Industrial/Legacy Industrial/Legacy Industrial/Industrial (Other)
DX-1000-8w8c,Cincoze Rugged Intel 6th/7th Gen Compact Fanless Computer,,///
EE-HX610-i5-eoxy,Enbridge Onlogic Helix 610 Intel Comet Lake Industrial Edge Computer With Optional Hot Swap Storage,HX610,Industrial/Performance/HX600 Series/HX610
P2002-0g4w,Cincoze Intel Skylake Core i5 Panel PC,P2002,Rugged/Entry/P2000 Series/P2002
P2102-psds,Cincoze Rugged Intel Whiskey Lake Slim Fanless Computer,,///
P2002-w0wg,Cincoze Intel Skylake Core i5 Panel PC,,///
Nuvo-3616-VideoMining-sg0s,Nuvo-3600 Series Intel Ivy Bridge Fanless Computer with PoE,,///
Nuvo-5000-0cos,Neousys Rugged Intel Skylake Fanless Computer,,///
Nuvo-6108GC-8oss,Neousys Rugged Intel 6th Gen Computer w/Optional GPU and Expansion,,///
Nuvo-6000-0o0o,Systems Integrated Fanless Skylake Industrial Computer with Expansion,,///
nuvo-6108gc-4sk4,Neousys Rugged Intel 6th Gen Computer w/Optional GPU and Expansion,,///
Nuvo-5000-04k0,Neousys Rugged Intel Skylake Fanless Computer,,///
NokianP1101-forkliftpanelpc,Cincoze Rugged Intel Apollo Lake Panel PC,CV-P1101,Panel/Cincoze Panel/P1000 Series/CV-P1101
NOEMIS_DS-1000-8ok8,Cincoze Rugged Intel Haswell Fanless Computer,,///
NM-557B-HE-RAID,Nordson MARCH Pentium Mini-ITX Computer w/ RAID,Industrial (Other),Industrial/Legacy Industrial/Legacy Industrial/Industrial (Other)
NM-Celeron557-8o4c,Nordson MARCH Celeron Mini Computer,Industrial (Other),Industrial/Legacy Industrial/Legacy Industrial/Industrial (Other)
NBCU-CS-108CL,"Universal 8.4"" High-Brightness Capacitive Touchscreen with Wet Tracking",,Components/Components/Components/
ML510G-50-8sc4,Compact Fanless Industrial Coffee Lake Computer,,///
ML510G-50-8wcc,Compact Fanless Industrial Coffee Lake Computer,ML510G-50,Industrial/Performance/ML500 Series/ML510G-50
ML600G-30-ckgs,Industrial Fanless Intel Haswell Computer with Hot Swap,ML600G-30,Industrial/Performance/ML600 Series/ML600G-30
ML510G-50-4cwo,Compact Fanless Industrial Coffee Lake Computer,ML510G-50,Industrial/Performance/ML500 Series/ML510G-50
ML500G-50-vzx9,Fanless Industrial Intel 6th Gen Computer w/optional i7,ML500G-50,Industrial/Performance/ML500 Series/ML500G-50
ML600-Trio-884c,Industrial Fanless Intel Haswell Computer w/ Hot Swap,ML600G-30,Industrial/Performance/ML600 Series/ML600G-30
ML510G-50-0ock,Compact Fanless Industrial Coffee Lake Computer,,///
ML510G-50-8x97,Compact Fanless Industrial Coffee Lake Computer,,///
ML500G-50-pnwf,Fanless Industrial Intel 6th Gen Computer w/optional i7,,///
ML340G-51,Low Profile Fanless Industrial Skylake Computer,ML340G-51,Industrial/Gateway/ML300 Series/ML340G-51
ML340G-51-v4cr,Low Profile Fanless Industrial Skylake Computer,ML340G-51,Industrial/Gateway/ML300 Series/ML340G-51
ML340G-51-gw48,Low Profile Fanless Industrial Skylake Computer,ML340G-51,Industrial/Gateway/ML300 Series/ML340G-51
ML340G-50-w80c,Low Profile Fanless Intel Core i3/i5/i7 Industrial Computer,ML340G-50,Industrial/Gateway/ML300 Series/ML340G-50
ML340G-51-swkw,Low Profile Fanless Industrial Skylake Computer,ML340G-51,Industrial/Gateway/ML300 Series/ML340G-51
ML340G-51-s8ww,Low Profile Fanless Industrial Skylake Computer,ML340G-51,Industrial/Gateway/ML300 Series/ML340G-51
ML350G-10-8gcw,Carrier Corporation Prototype - Low Profile Fanless Industrial Computer With Apollo Lake,ML350G-10,Industrial/Gateway/ML300 Series/ML350G-10
ML350G-10-5sh7,Low Profile Fanless Industrial Computer With Apollo Lake,,///
ML340G-50-GLZ-scc4,Low Profile Fanless Intel Core i7 Industrial Computer,ML340G-50,Industrial/Gateway/ML300 Series/ML340G-50
MK101B-30,Intel Ivy Bridge 1U Rackmount Computer,MK101B-30,Server/1U & 1.5U Rackmount/MK100 Series/MK101B-30
MK150B-10-PROTO-ghvx,Intel Bay Trail 1.5U Rackmount Computer,MK150B-10,Server/1U & 1.5U Rackmount/MK150 Series/MK150B-10
MK150B-30,Intel Ivy Bridge 1.5U Rackmount Computer,MK150B-30,Server/1U & 1.5U Rackmount/MK150 Series/MK150B-30
MK150-owwo-84sw,1.5U Rackmount Computer,MK150 (Other),Server/1U & 1.5U Rackmount/MK150 Series/MK150 (Other)
MK100NVR2-wogg,Custom MK100NVR2,MK100 (Other),Server/1U & 1.5U Rackmount/MK100 Series/MK100 (Other)
mk100b-54-odmr,1U Rackmount Intel Xeon E Edge Server,,///
MK100B-54-86b5,1U Rackmount Intel Xeon E Edge Server,MK100B-54,Server/1U & 1.5U Rackmount/MK100 Series/MK100B-54
MC510-50-wkok,Industrial Intel Coffee Lake Mini-ITX Computer,MC510-50,Industrial/Fanned/MC500 Series/MC510-50
MC510-51,Industrial Intel 10th Gen Comet Lake Mini-ITX Computer,,///
MC600-50-8kw8,Intel Coffee Lake Mini-ITX Computer with Expansion,MC600-50,Industrial/Fanned/MC600 Series/MC600-50
MC600 Cook Security Corei-s8wo,MC600 Cook Security Corei,MC600 (Other),Industrial/Fanned/MC600 Series/MC600 (Other)
MC600 Cook Security Desk-swog,MC600 Cook Security Desk,MC600 (Other),Industrial/Fanned/MC600 Series/MC600 (Other)
MC510-W10-V2-94j6,CBN Next Gen Prototype- Industrial Intel Core Mini-ITX Computer,,///
Mauser-P1101-Wifi,Cincoze Rugged Intel Apollo Lake Slim Fanless Computer,,///
LCBS-PROTO-r02-kwww,Leica Biosystems Custom Prototype - rev 02,NC200 (Other),Industrial/Legacy Industrial/NC200 Series/NC200 (Other)
KARL-IMB-154,ASRock IMB-154 Intel Braswell Industrial Mini-ITX Motherboard,,Components/Components/Components/
K700-SE-jwd1,Karbon 700 High-Performance Rugged Edge Computer,K700-SE,Rugged/Performance/K700 Series/K700-SE
K700-SE-k0k8,Karbon 700 High-Performance Rugged Edge Computer,K700-SE,Rugged/Performance/K700 Series/K700-SE
K700-SE-rjah,Karbon 700 High-Performance Rugged Edge Computer,K700-SE,Rugged/Performance/K700 Series/K700-SE
K700-SE-ms4x-nabo,Karbon 700 High-Performance Rugged Edge Computer,K700-SE-2,Rugged/Performance/K700 Series/K700-SE-2
K700-SE-o8gw,Karbon 700 High-Performance Rugged Edge Computer w/ RAID,K700-SE,Rugged/Performance/K700 Series/K700-SE
K700-SE-orzg,Karbon 700 High-Performance Rugged Edge Computer,K700-SE,Rugged/Performance/K700 Series/K700-SE
K700-SE-ledj,Karbon 700 High-Performance Rugged Edge Computer,K700-SE,Rugged/Performance/K700 Series/K700-SE
K700-SE-k8k8,Karbon 700 High-Performance Rugged Edge Computer,K700-SE,Rugged/Performance/K700 Series/K700-SE
K700-SE-sw4k,Karbon 700 High-Performance Rugged Edge Computer,K700-SE,Rugged/Performance/K700 Series/K700-SE
K700-SE-pav7,Karbon 700 High-Performance Rugged Edge Computer,K700-SE,Rugged/Performance/K700 Series/K700-SE
IoT-ML100G,Fanless Industrial IoT Gateway,ML100G-30,Industrial/Entry/ML100 Series/ML100G-30
IoT-ML310G,Industrial Intel Bay Trail Fanless IoT Gateway,ML300 (Other),Industrial/Gateway/ML300 Series/ML300 (Other)
Intersection-NC220_R01-o0ow,Intersection Compact NC220 System,NC200 (Other),Industrial/Legacy Industrial/NC200 Series/NC200 (Other)
HX600-j874,OnLogic Helix 600 Intel Comet Lake Expanded Industrial Edge Computer,HX600,Industrial/Performance/HX600 Series/HX600
HX600-khcf,OnLogic Helix 600 Intel Comet Lake Expanded Industrial Edge Computer,HX600,Industrial/Performance/HX600 Series/HX600
HX600-xc6p,OnLogic Helix 600 Intel Comet Lake Expanded Industrial Edge Computer,HX600,Industrial/Performance/HX600 Series/HX600
HX600-ufvp,OnLogic Helix 600 Intel Comet Lake Expanded Industrial Edge Computer,HX600,Industrial/Performance/HX600 Series/HX600
HX600-vc8s,OnLogic Helix 600 Intel Comet Lake Expanded Industrial Edge Computer,HX600,Industrial/Performance/HX600 Series/HX600
HX600-ysup,OnLogic Helix 600 Intel Comet Lake Expanded Industrial Edge Computer,HX600,Industrial/Performance/HX600 Series/HX600
HX600-xz8w,OnLogic Helix 600 Intel Comet Lake Expanded Industrial Edge Computer,HX600,Industrial/Performance/HX600 Series/HX600
HX600-n4r3,OnLogic Helix 600 Intel Comet Lake Expanded Industrial Edge Computer,HX600,Industrial/Performance/HX600 Series/HX600
Hx600-o4wc,OnLogic Helix 600 Intel Comet Lake Expanded Industrial Edge Computer,HX600,Industrial/Performance/HX600 Series/HX600
Nuvo-7000LP-c80c,Neousys Rugged Intel® Coffee Lake Low Profile Fanless Computer,,///
Nuvo-7000LP-k8so,Neousys Rugged Intel® Coffee Lake Low Profile Fanless Computer,,///
Nuvo-7000LP-sogc,Neousys Rugged Intel® Coffee Lake Low Profile Fanless Computer,,///
Nuvo-8208GC-wggg,Neousys Intel Coffee Lake Dual GPU Rugged System,Nuvo-8208GC,Rugged/High Performance/Nuvo Series/Nuvo-8208GC
NW-HX401,OnLogic Helix 401 Fanless Hybrid-Core Computer,HX401,Industrial/Entry/HX400 Series/HX401
P100-10AS,Mitac 10.1” Apollo Lake Industrial HMI Panel PC,P100-10AS,Panel/Mitac Panel/P100 Series/P100-10AS
Nuvo-5026E-0ws4,Neousys Rugged Intel Skylake Fanless Computer with Dual PCIe Slot Expansion Cassette,,///
Nuvo-7160GC-8rha,Neousys Rugged Intel Coffee Lake Computer with Optional GPU,Nuvo-7160GC,Rugged/Performance/Nuvo Series/Nuvo-7160GC
Novamix-ML450G-51-RAID-skwo,Industrial Intel Skylake Mini-ITX Computer,ML450G-51,Industrial/Performance/ML400 Series/ML450G-51
NOVA-CV-P1101,"Nova Engineering Rugged 8.4"" Panel PC",CV-P1101,Panel/Cincoze Panel/P1000 Series/CV-P1101
NEXTSYSTEM,NEXTSYSTEM,,///
MS-9892,MSI Wide-temp Apollo Lake E3950 Mini-ITX BGA Mainboard,,Components/Components/Components/
MSCN-ATOM3-ookc,MSCN Atom Rackmount System v3,MK100 (Other),Server/1U & 1.5U Rackmount/MK100 Series/MK100 (Other)
ML450G-52-oo4w,Industrial Intel Skylake Mini-ITX Customizable Computer,ML450G-52,Industrial/Performance/ML400 Series/ML450G-52
ml450g-52-gs44,Industrial Intel Skylake Mini-ITX Customizable Computer,ML450G-52,Industrial/Performance/ML400 Series/ML450G-52
ML450G-52-sc0c,Industrial Intel Skylake Mini-ITX Customizable Computer,ML450G-52,Industrial/Performance/ML400 Series/ML450G-52
ML500G-30-oqi9,Fanless Industrial Intel 6th Gen Computer w/optional i7 and 4 COM,ML500G-30,Industrial/Performance/ML500 Series/ML500G-30
ML500G-30-4kog,Fanless Industrial Intel 6th Gen Computer w/optional i7 and 4 COM,ML500G-30,Industrial/Performance/ML500 Series/ML500G-30
ML500G-30-g04g,Fanless Industrial Intel 6th Gen Computer w/optional i7 and 4 COM,ML500G-30,Industrial/Performance/ML500 Series/ML500G-30
ML500G-30-9buk,Fanless Industrial Intel 6th Gen Computer w/optional i7 and 4 COM,ML500G-30,Industrial/Performance/ML500 Series/ML500G-30
ML210G-12-ogok,Industrial Intel Braswell Fanless Computer with Dual Gb LAN,ML210G-12,Industrial/Gateway/ML200 Series/ML210G-12
ML210G-50-0c4g,Industrial Intel Haswell i5 Thin Mini-ITX Computer,ML210G-50,Industrial/Gateway/ML200 Series/ML210G-50
ML210G-30,Industrial Intel Celeron Thin Mini-ITX Computer,ML200 (Other),Industrial/Gateway/ML200 Series/ML200 (Other)
ML210G-50-JCI-g4sk,Industrial Intel Haswell i5 Thin Mini-ITX Computer,ML210G-50,Industrial/Gateway/ML200 Series/ML210G-50
ML210G-12-Komatsuna-4g0o,Industrial Intel Braswell Fanless Computer with Dual Gb LAN,ML210G-12,Industrial/Gateway/ML200 Series/ML210G-12
ML210g-10-SGS-wgo0,Industrial Intel Bay Trail Fanless Computer,ML210G-10,Industrial/Gateway/ML200 Series/ML210G-10
ML210G-12-00wo,Industrial Intel Braswell Fanless Computer with Dual Gb LAN,ML210G-12,Industrial/Gateway/ML200 Series/ML210G-12
MK100B-53-4o4s,Intel Coffee Lake 1U Rackmount Computer,MK100B-53,Server/1U & 1.5U Rackmount/MK100 Series/MK100B-53
MK100B-53-300W-9p4h,1U Rackmount Intel Coffee Lake Computer,MK100B-53,Server/1U & 1.5U Rackmount/MK100 Series/MK100B-53
mk200-70-vkzq,2U Rackmount Intel Cascade Lake Xeon Scalable Edge Server,,///
MK400-40-AR-CARDINAL-S-Proto-3U,Amazon Robotics 3U Server Prototype - CARDINAL SHORT,,///
MK400-40-AR-REV1,Amazon Robotics 4U Server - Revision 1,,///
MK400-40-AR-SPARROW-Proto-4ULong,Amazon Robotics 4U Server Long Prototype - SPARROW,,///
MK100B-53-okwg,Intel Coffee Lake 1U Rackmount Computer,MK100B-53,Server/1U & 1.5U Rackmount/MK100 Series/MK100B-53
MK400-40-AR-CARDINAL-L-Proto-071-1,Amazon Robotics 4U Server Prototype - CARDINAL LONG,,///
MC610-50-etkf,Industrial Intel Coffee Lake Mini-ITX Expandable Computer,MC610-50,Industrial/Fanned/MC600 Series/MC610-50
MC610-50-g0ck,Industrial Intel Coffee Lake Mini-ITX Expandable Computer,,///
MC610-50-skow,Industrial Intel Coffee Lake Mini-ITX Expandable Computer,MC610-50,Industrial/Fanned/MC600 Series/MC610-50
MC500DwellingLive-w0ok,MC500 Intel Atom Mini Expandable Industrial Computer,,///
MC610-50-jzck,Industrial Intel Coffee Lake Mini-ITX Expandable Computer,MC610-50,Industrial/Fanned/MC600 Series/MC610-50
MC610-50-g484-0sg8,Industrial Intel Coffee Lake Mini-ITX Expandable Computer,MC610-50,Industrial/Fanned/MC600 Series/MC610-50
MC510-10 -431z,Industrial Intel Apollo Lake Mini-ITX Computer,MC510-10,Industrial/Fanned/MC500 Series/MC510-10
MC500KIT-8g48,LGX MC500 Mini-ITX Computer Case and PSU,,Components/Components/Components/
L3MK200-High Tier-lkxy,2U Rackmount Intel 2nd Gen Xeon SP Server,MK200-70,Server/2U Rackmount/MK200 Series/MK200-70
L3MK200-High Tier,2U Rackmount Intel 2nd Gen Xeon SP Server,MK200 (Other),Server/2U Rackmount/MK200 Series/MK200 (Other)
LANCO-MK150B-52-1,Intel Skylake 1.5U Rackmount Computer,MK150B-52,Server/1U & 1.5U Rackmount/MK150 Series/MK150B-52
KYMS-P2102-i3-IGN320-UL,Kymera Rugged Panel PC with Intel Core i3/i5 CPU and Ignition Software - UL Listed,,///
LambWestonPrototype-wdt1,Rugged GPU Computing System with Intel® R680E Chipset and 5 PCIe Slots,,///
K430-au5p,Karbon 430 Intel Elkhart Lake Compact Rugged Computer with Expansion,,///
K430-bqde-EU,Karbon 430 Intel Elkhart Lake Compact Rugged Computer with Expansion,K430,Rugged/Entry/K400 Series/K430
K700-c08w,Karbon 700 High-Performance Rugged Edge Computer,K700-SE,Rugged/Performance/K700 Series/K700-SE
K700-71fk,Karbon 700 High-Performance Rugged Edge Computer,,///
K430-p3mc,Karbon 430 Intel Elkhart Lake Compact Rugged Computer with Expansion,,///
K700-SE-Win11-kax6,Karbon 700 High-Performance Rugged Edge Computer with Windows 11,K700-SE,Rugged/Performance/K700 Series/K700-SE
InstaDeem East v2,Tomra North America InstaDeem East v2,,///
ImagestreamSkylakev2-gkwc,Industrial Intel Skylake Mini-ITX Computer,ML450G-52,Industrial/Performance/ML400 Series/ML450G-52
GEAV-ML500,GE Aviation ML500G-50,ML500G-50,Industrial/Performance/ML500 Series/ML500G-50
GEADV-K700-X2,Karbon 700 Expanded High-Performance Rugged Edge Computer,K700-X2,Rugged/Performance/K700 Series/K700-X2
GEAD-K700-X2-r1,Karbon 700 Expanded High-Performance Rugged Edge Computer,K700-X2,Rugged/Performance/K700 Series/K700-X2
ESE-ML340G-TC,ESE-ML340G-TC,ML340G-10,Industrial/Gateway/ML300 Series/ML340G-10
ESI-CL200G-11,Industrial Edge Device with Dual-Core Intel Celeron N3350,CL200G-10,Industrial/Small Form Factor/CL200 Series/CL200G-10
EPMS-P2102-P2-CW215-R01,Industrial HMI Core i5 Panel PC - UL,CV-P2102,Panel/Cincoze Panel/P2000 Series/CV-P2102
EPMS-K300-NA-R01,Karbon 300 Compact Rugged Controls Computer - NA,K300,Rugged/Entry/K300 Series/K300
EVR-DS1001-48og,Eversource DS-1001,,///
OC-IGL100-VESA,"Owens Corning Low Profile Industrial IGEL Ready thin client VESA mount, AC Power",ML350G-10 (IGL100),Industrial/Gateway/ML300 Series/ML350G-10 (IGL100)
OBRC-ML350G-10-2COM,Low Profile Fanless Industrial Computer With Apollo Lake,,///
OFNT-NUC7i3DNBE,Outfront Media NUC7i3DNBE,,Components/Components/Components/
Nuvo-3005LP,Neousys Rugged Intel Ivy Bridge Fanless Computer with PoE,Nuvo-3000LP,Rugged/Legacy Rugged/Nuvo Series/Nuvo-3000LP
Nuvo-3005LP-V-gk00,Wamar 3005LP,,///
Nuvo-3100VTC-4gwk,Neousys Rugged Intel Ivy Bridge Compact In-Vehicle Computer,,///
Nuvo-3005LP-44so,Saltwater Nuvo-3005LP,,///
MVX-MC600-P-4gkk,MedVantx Core i MC600,MC600 (Other),Industrial/Fanned/MC600 Series/MC600 (Other)
NEWBLACK-CL210G-11,Ultra Small Quad Core Fanless Industrial Edge Computer,CL210G-11,Industrial/Small Form Factor/CL200 Series/CL210G-11
MW--999-901/CL200G-10,Fanless Industrial USFF Edge Device,CL200G-10,Industrial/Small Form Factor/CL200 Series/CL200G-10
ML450G-52,Fanless Industrial Intel Skylake Mini-ITX Customizable Computer,ML450G-52,Industrial/Performance/ML400 Series/ML450G-52
ML600G-30-qy7p,ML600G-30 for Smit Terminals,,///
ML600G-30LONG-ows0,Industrial Fanless Intel Haswell Computer with Hot Swap,ML600G-30,Industrial/Performance/ML600 Series/ML600G-30
ML600G-30-w8sw,Industrial Fanless Intel Haswell Computer w/ Hot Swap,ML600G-30,Industrial/Performance/ML600 Series/ML600G-30
ML600G-50,Fanless Industrial Intel Haswell Computer,ML600G-50,Industrial/Performance/ML600 Series/ML600G-50
ML450G-52-c0g8,Fanless Industrial Intel Skylake Mini-ITX Customizable Computer With 4 x LAN & 1 x RS 232,ML450G-52,Industrial/Performance/ML400 Series/ML450G-52
ML600G-50-swgw,Industrial Fanless Intel Haswell Computer,ML600G-50,Industrial/Performance/ML600 Series/ML600G-50
ML600G-50-css0,Industrial Fanless Intel Haswell Computer,ML600G-50,Industrial/Performance/ML600 Series/ML600G-50
ML450G-52-4owk,Fanless Industrial Intel Skylake Mini-ITX Customizable Computer,ML450G-52,Industrial/Performance/ML400 Series/ML450G-52
ML600G-10-4kgs,Industrial Fanless Intel Avoton Server Computer,ML600G-10,Industrial/Performance/ML600 Series/ML600G-10
ML210G-10-g8s8,Industrial Intel Bay Trail Fanless Computer,ML210G-10,Industrial/Gateway/ML200 Series/ML210G-10
ML210G-10-g8sk,Industrial Intel Bay Trail Fanless Computer,ML210G-10,Industrial/Gateway/ML200 Series/ML210G-10
ML210G-10-8l1i,Fanless Industrial Intel Bay Trail Computer,,///
ML210G-10-8s4c,Industrial Intel Bay Trail Fanless Computer,ML210G-10,Industrial/Gateway/ML200 Series/ML210G-10
ML100G-31-cso8,Industrial Intel Dawson Canyon Fanless NUC Computer,ML100G-31,Industrial/Entry/ML100 Series/ML100G-31
ML100G-53-dgwt,Industrial Fanless Intel 11th Gen Tiger Lake NUC,ML100G-53,Industrial/Entry/ML100 Series/ML100G-53
ML210G-10-gksk,Fanless Industrial Intel Bay Trail Computer,ML210G-10,Industrial/Gateway/ML200 Series/ML210G-10
ML100G-31-8kk8,Fanless Industrial Intel Dawson Canyon NUC Computer,,///
MELO-CL210G-WIN,Ultra Small Quad Core Fanless Industrial Edge Computer,CL210G-11,Industrial/Small Form Factor/CL200 Series/CL210G-11
MELO-CL210G-UBU-884w-844g,Ultra Small Quad Core Fanless Industrial Edge Computer,,///
MK100B-51-kksg,Intel Skylake 1U Rackmount Computer,MK100B-51,Server/1U & 1.5U Rackmount/MK100 Series/MK100B-51
MF-Nuvo-5006,Les Studios Moment Factory Nuvo-5006,Nuvo-5000,Rugged/Performance/Nuvo Series/Nuvo-5000
MES-CL210G-10-gwo8,Industrial USFF Edge Device w/ Dual LAN,CL210G-10,Industrial/Small Form Factor/CL200 Series/CL210G-10
Metis-DX-1000,Cincoze Rugged Intel 6th/7th Gen Compact Fanless Computer,DX-1000,Rugged/Mid Tier/DX Series/DX-1000
METR-Nuvo-5000,Process Metrix Nuvo-5000,,///
MC500-51,Industrial Intel Skylake Mini-ITX Computer,MC500-51,Industrial/Fanned/MC500 Series/MC500-51
MC500-50-kck8,Industrial Intel Core Mini-ITX Computer,MC500-50,Industrial/Fanned/MC500 Series/MC500-50
MC500-11,Commercial Intel Apollo Lake Mini-ITX Computer,MC500-11,Industrial/Fanned/MC500 Series/MC500-11
MC500-51-k08g,Industrial Intel Skylake Mini-ITX Computer,MC500-51,Industrial/Fanned/MC500 Series/MC500-51
MBKit - ClearpathRob-Budg,Motherboard Kit for Clearpath Robotics,MC510-55,Industrial/Fanned/MC500 Series/MC510-55
MC500-51-lexc,Industrial Intel Skylake Mini-ITX Computer,MC500-51,Industrial/Fanned/MC500 Series/MC500-51
MC500-51-gggc,Commercial Intel Skylake Mini-ITX Computer,MC500-51,Industrial/Fanned/MC500 Series/MC500-51
MC500-51-AMC-4040,Commercial Intel Skylake Mini-ITX Computer,MC500-51,Industrial/Fanned/MC500 Series/MC500-51
K801-z494,OnLogic Karbon 801 Low-Profile High-Performance Rugged Computer,K801,Rugged/Performance/K800 Series/K801
K802-exbn,OnLogic Karbon 802 High-Performance Rugged Computer w/ModBay,,///
K802-icvw,OnLogic Karbon 802 High-Performance Rugged Computer w/ModBay,,///
K801-AWSp,OnLogic Karbon 801 Low-Profile High-Performance Rugged Computer,K801,Rugged/Performance/K800 Series/K801
K801-g9xt,OnLogic Karbon 801 Low-Profile High-Performance Rugged Computer,,///
K802i7-d9vk,OnLogic Karbon 802 High-Performance Rugged Computer w/ModBay,K802,Rugged/Performance/K800 Series/K802
K802-8jnh,OnLogic Karbon 802 High-Performance Rugged Computer w/ModBay,,///
K410-6k18,Karbon 410 Intel Elkhart Lake Compact Rugged Computer,K410,Rugged/Entry/K400 Series/K410
K410-fzze,Karbon 410 Intel Elkhart Lake Compact Rugged Computer,K410,Rugged/Entry/K400 Series/K410
K430-0t5b,Karbon 430 Intel Elkhart Lake Compact Rugged Computer with Expansion,K430,Rugged/Entry/K400 Series/K430
K410-2fgx,Karbon 410 Intel Elkhart Lake Compact Rugged Computer,K410,Rugged/Entry/K400 Series/K410
k300-n35l,Karbon 300 Compact Rugged Computer,,///
K300-skcw,Karbon 300 Compact Rugged Computer,,///
INDAT-Core-MK150-c4kw,MK150 Intel Core 1.5U Rackmount Computer,MK150 (Other),Server/1U & 1.5U Rackmount/MK150 Series/MK150 (Other)
INET-DC-1100,Industrial Networks DC-1100,DC-1100,Rugged/Entry/DC Series/DC-1100
INGR-ML250-4kss,Industrial Intel Core Mini-ITX Computer,ML250 (Other),Industrial/Gateway/ML250 Series/ML250 (Other)
IMS-POC-351VTC-ss04,Neousys Rugged Compact Intel Apollo Lake In-Vehicle Computer,,///
IMDY-MC500-L2,Skylake MC500 with Safety and EMC Certificates,,///
INNO-K803-VCCI,OnLogic Karbon 803 High-Performance Rugged Computer w/PCIe,K803,Rugged/Performance/K800 Series/K803
IMS-Nuvo-5104VTC-ggsc,Neousys Rugged Intel Skylake In-Vehicle Computer with PoE,,///
HX600-fs8v,OnLogic Helix 600 Intel Comet Lake Expanded Industrial Edge Computer,HX600,Industrial/Performance/HX600 Series/HX600
H@ND-ML100G-53,Industrial Fanless Intel 11th Gen Tiger Lake NUC,,///
HAN-P2102-EU-sog0,Cincoze Intel Whiskey Lake Core i3/i5 Panel PC,CV-P2102,Panel/Cincoze Panel/P2000 Series/CV-P2102
HALM-HX610,Onlogic Helix 610 Intel Comet Lake Industrial Edge Computer With Optional Hot Swap Storage,HX610,Industrial/Performance/HX600 Series/HX610
HAN-K300-EU,UL Listed - Karbon 300 Compact Rugged Computer (EU Version),K300,Rugged/Entry/K300 Series/K300
GNS-IC2M1026S-KIT,Genesis IC2M1026S Motherboard Kit,,Components/Components/Components/
EXTH-MC510V2-skgg,ExtraHop EDA 1200 Mini-ITX System,,///
EXTHP-ML400-cosk,Extrahop Fanless Intel Kaby Lake Mini-ITX Customizable Computer,ML450G-52,Industrial/Performance/ML400 Series/ML450G-52
EPM-M350-wgkg,Intel Atom D525 M350 Mini Embedded Computer,Industrial (Other),Industrial/Legacy Industrial/Legacy Industrial/Industrial (Other)
NXEA-CL210G-11-WIFI-V2,NextEra - Fanless Industrial USFF Edge Device w/ Dual SIM,CL210G-11,Industrial/Small Form Factor/CL200 Series/CL210G-11
NXRS-CL210G-11-V3,Ultra Small Quad Core Fanless Industrial Edge Computer,,///
nuvo-6108gc-s8os,Neousys Rugged Intel 6th Gen Computer w/ 2080 GPU,,///
Nuvo-6108GC-w88s,Neousys Rugged Intel 6th Gen Computer w/Optional GPU and Expansion,,///
Nuvo-7000LP-45tt,Neousys Rugged Intel® Coffee Lake Low Profile Fanless Computer,,///
Nuvo-7000LP-7az2,Neousys Rugged Intel® Coffee Lake Low Profile Fanless Computer,Nuvo-7000LP,Rugged/Performance/Nuvo Series/Nuvo-7000LP
Nuvo-6108GC-MRBZ-cg80,Neousys Rugged Intel 6th Gen Computer w/Optional GPU and Expansion,Nuvo-6108GC,Rugged/Legacy Rugged/Nuvo Series/Nuvo-6108GC
Nuvo-7000E-o7hq,Neousys Rugged Intel Coffee Lake Fanless Computer,,///
Nuvo-7000E-g0wg,Neousys Rugged Intel Coffee Lake Fanless Computer,,///
Nuvo-6108GC-g8ss-0gw4,Neousys Rugged Intel 6th Gen Computer w/Optional GPU and Expansion,,///
Nuvo-6108GC-gwoc,Neousys Rugged Intel 6th Gen Computer w/Optional GPU and Expansion,,///
NUC5I5MYHE-HABCO-osk0,"Intel Haswell ""Wilson Canyon"" NUC Multimedia Computer",Industrial (Other),Industrial/Legacy Industrial/Legacy Industrial/Industrial (Other)
nuvo-3100VTC-o0s4,Neousys Rugged Intel Ivy Bridge Compact In-Vehicle Computer,,///
Nuvo-3100VTC-oock,Neousys Rugged Intel Ivy Bridge Compact In-Vehicle Computer,,///
Nuvo-3100VTC-cw0w,Neousys Rugged Intel Ivy Bridge Compact In-Vehicle Computer,,///
NUC-8365UE-IPC,ASRock NUC-8365UE Motherboard,,///
NUC5i5MYBE-ok8k,Civiq NUC5i5MYBE BOMv02,,Components/Components/Components/
NUC5I5MYHE-Empower-oco0,"Intel Haswell ""Wilson Canyon"" NUC Multimedia Computer",Industrial (Other),Industrial/Legacy Industrial/Legacy Industrial/Industrial (Other)
NUC6i7KYK-k8g8,Commercial Intel Skull Canyon NUC,,///
Mother-CL100-8og8,Industrial Fanless Mini PC,CL100,Industrial/Small Form Factor/CL100 Series/CL100
MOV-AI-HX500,OnLogic Helix 500 Intel Comet Lake Industrial Edge Computer,HX500,Industrial/Performance/HX500 Series/HX500
MPS-ML100G-31,Multi Pilot Simulations ML100G-31 with Imaging,ML100G-31,Industrial/Entry/ML100 Series/ML100G-31
MPSA-K700-SE,(1st Gen) Karbon 700 Rugged Edge Computer [9-48 VDC Input],K700-SE,Rugged/Performance/K700 Series/K700-SE
ML600G-52-go00-owck,Fanless Industrial Intel Skylake Computer,ML600G-52,Industrial/Performance/ML600 Series/ML600G-52
ML600G-52-gksg,Fanless Industrial Intel Skylake Computer,ML600G-52,Industrial/Performance/ML600 Series/ML600G-52
ML600G-52-occk,Industrial Fanless Intel Skylake Computer,ML600G-52,Industrial/Performance/ML600 Series/ML600G-52
ML600G-52-k4sx,Industrial Fanless Intel Skylake Computer,ML600G-52,Industrial/Performance/ML600 Series/ML600G-52
ml600g-52-kg44,Industrial Fanless Intel Skylake Computer,ML600G-52,Industrial/Performance/ML600 Series/ML600G-52
ML600G-52-08co,Fanless Industrial Intel Skylake Computer,ML600G-52,Industrial/Performance/ML600 Series/ML600G-52
ML600G-51-4wcs,Industrial Fanless Server with Xeon,ML600G-51,Industrial/Performance/ML600 Series/ML600G-51
ML210G-50-sg8c,Industrial Intel Haswell i5 Thin Mini-ITX Computer,ML210G-50,Industrial/Gateway/ML200 Series/ML210G-50
ML210G-50-Shawcor-4k0s,Industrial Intel Haswell i5 Thin Mini-ITX Computer,ML210G-50,Industrial/Gateway/ML200 Series/ML210G-50
ML210G-URA-sccs,Industrial Intel Bay Trail Fanless Computer,ML210G-10,Industrial/Gateway/ML200 Series/ML210G-10
ML210G-URA2-wwcw,Industrial Intel Bay Trail Fanless Computer,ML210G-10,Industrial/Gateway/ML200 Series/ML210G-10
ML300-Light Corp-40k4,ML300-Light Corp,ML300 (Other),Industrial/Gateway/ML300 Series/ML300 (Other)
ML250-Intrado-4k4c,ML250I,ML250 (Other),Industrial/Gateway/ML250 Series/ML250 (Other)
MK200-60-829v,2U Rackmount AMD EPYC Server,,///
MK200-60-n4xy,2U Rackmount AMD EPYC Server,,///
MK200-60-ovxb,2U Rackmount AMD EPYC Server,MK200-60,Server/2U Rackmount/MK200 Series/MK200-60
MK200-60-vlp6,2U Rackmount AMD EPYC Server,,///
MK150B-53-9zgf,1.5U Rackmount Intel Coffee Lake Computer,,///
MK150B-54-b863,1.5U Rackmount Intel Coffee Lake Xeon E Edge Server,,///
MK200-70-cpdx,OnLogic 2RU Scalable Edge Server,MK200-70,Server/2U Rackmount/MK200 Series/MK200-70
MK150B-53-ked0,1.5U Rackmount Intel Coffee Lake Computer,,///
MCE-HX500,MCE - OnLogic Helix 500 Intel Comet Lake Industrial Edge Computer,HX500,Industrial/Performance/HX500 Series/HX500
MC850-53RTX2060,Industrial Intel Coffee Lake Compact VR Ready Computer w/RTX 2060 GPU,MC850-53,Server/Standalone/MC850 Series/MC850-53
MC850-53RTX2070,Industrial Intel Coffee Lake Compact VR Ready Computer w/RTX 2070 GPU,MC850-53,Server/Standalone/MC850 Series/MC850-53
MCDEAN-DS-1200-LRV,M.C. Dean DS-1200 LRV w/ GPS module,DS-1200,Rugged/Mid Tier/DS Series/DS-1200
MCDN-FPPC-P2-CW215-R01,M.C. Dean - Cincoze Rugged Intel Skylake Core i3/i5 Panel PC,CV-P2002,Panel/Cincoze Panel/P2000 Series/CV-P2002
MC850-Thermotron-okc4,Commercial Intel 6th Gen GPU Capable Computer,MC850-50,Server/Standalone/MC850 Series/MC850-50
MC850-Sensen-w4gk,Commercial Intel 6th Gen GPU Capable Computer,MC850-50,Server/Standalone/MC850 Series/MC850-50
MC850-70-v6w2,Industrial Intel Cascade Lake Xeon Scalable Edge Server,MC850-70,Server/Standalone/MC850 Series/MC850-70
M+H-ML350G-10-k0sk,Industrial Low Profile Fanless Computer With Apollo Lake & 4G,ML350G-10,Industrial/Gateway/ML300 Series/ML350G-10
LS450-51U18-IOM-Access-ID-300,Princeton Identity ML450-51 (Ubuntu 18),ML450G-51,Industrial/Performance/ML400 Series/ML450G-51
KRCR-K700-SE,Karbon 700-SE-2 High-Performance Rugged Edge Computer,K700-SE-2,Rugged/Performance/K700 Series/K700-SE-2
KWIK-CL210G-10,Fanless Industrial USFF Edge Device w/ Dual LAN,CL210G-10,Industrial/Small Form Factor/CL200 Series/CL210G-10
KORV-ML450G-51,Korvis ML450G-51,ML450G-51,Industrial/Performance/ML400 Series/ML450G-51
Koke-ML350G-10,Koke Low Profile Fanless Industrial Computer With Apollo Lake,ML350G-10,Industrial/Gateway/ML300 Series/ML350G-10
Kohler-TM250-862i,Low Profile Apollo Lake Industrial Thin Client with ThinManager,,///
KSM-ML450G-52,KSM-ML450G-52,ML450G-52,Industrial/Performance/ML400 Series/ML450G-52
KR900-48ok,CUSTOM: LGX KR900 Extended Temperature Core 2 Duo Mini-ITX Mothe,,Components/Components/Components/
K&M MC600-gkgc-ck0w,K&M MC600-2,MC600 (Other),Industrial/Fanned/MC600 Series/MC600 (Other)
JS ML100G-50-0gw4,Johnsonville Sausage ML100,ML100G-50,Industrial/Entry/ML100 Series/ML100G-50
JOSA-ML100G-50,Johnsonville Sausage ML100G-50,ML100G-50,Industrial/Entry/ML100 Series/ML100G-50
IGN320,Rugged Panel PC with Intel Core i3/i5 CPU and Ignition Software,P2102 (IGN320),Panel/Cincoze Panel/P2000 Series/P2102 (IGN320)
IGN320-3ei8,Rugged Panel PC with Intel Core i3/i5 CPU and Ignition Software,,///
IGN200-sso8,Rugged Edge Computer with Ignition Software,,///
IGN300-8g8w,Rugged HMI with Ignition Software,P2002 (IGN300),Panel/Cincoze Panel/P2000 Series/P2002 (IGN300)
IGN100-osg0,Industrial Edge Computer with Ignition Software,ML350G-10 (IGN100),Industrial/Gateway/ML300 Series/ML350G-10 (IGN100)
IGL500-6gdu,Rugged IGEL Ready Touch Screen Thin Client Terminal,P1101 (IGL500),Rugged/Entry/P1000 Series/P1101 (IGL500)
IGN200-w0oo,Rugged Edge Computer with Ignition Software,K300 (IGN200),Rugged/Entry/K300 Series/K300 (IGN200)
HX401-pvw9,OnLogic Helix 401 Fanless Hybrid-Core Computer,HX401,Industrial/Entry/HX400 Series/HX401
HX500-8os4,OnLogic Helix 500 Intel Comet Lake Industrial Edge Computer,HX500,Industrial/Performance/HX500 Series/HX500
HX500-8xuf,OnLogic Helix 500 Intel Comet Lake Industrial Edge Computer,HX500,Industrial/Performance/HX500 Series/HX500
HX500-1gg4,OnLogic Helix 500 Intel Comet Lake Industrial Edge Computer,HX500,Industrial/Performance/HX500 Series/HX500
HX500-66q0,OnLogic Helix 500 Intel Comet Lake Industrial Edge Computer,HX500,Industrial/Performance/HX500 Series/HX500
HX500-2gcy,OnLogic Helix 500 Intel Comet Lake Industrial Edge Computer,HX500,Industrial/Performance/HX500 Series/HX500
hx401-xk2e,OnLogic Helix 401 Fanless Hybrid-Core Computer,HX401,Industrial/Entry/HX400 Series/HX401
GYST-K700-SE-h3xd,Karbon 700 High-Performance Rugged Edge Computer,K700-SE,Rugged/Performance/K700 Series/K700-SE
GTRI-3610,Georgia Tech Rugged Intel Broadwell In-Vehicle Computer,Rugged (Other),Rugged/Legacy Rugged/Legacy Rugged/Rugged (Other)
FW300F,Rugged Core i Firewall with pfSense&reg; Software,Nuvo-1000,Rugged/Legacy Rugged/Nuvo Series/Nuvo-1000
FW400F-30,Industrial Quad-Core Fanless Firewall with pfSense&reg; Software,ML400 (Other),Industrial/Performance/ML400 Series/ML400 (Other)
FW400F-30-4o80,Industrial Quad-Core Fanless Firewall with pfSense&reg; Software,ML400 (Other),Industrial/Performance/ML400 Series/ML400 (Other)
FW100F,Fanless Intel Atom Firewall with pfSense&reg; Software,ML250 (Other),Industrial/Gateway/ML250 Series/ML250 (Other)
FW100B,Industrial Intel Atom Firewall with pfSense&reg; Software,MC500 (Other),Industrial/Fanned/MC500 Series/MC500 (Other)
DTS-MC600,Industrial Video Wall Digital Media Player,MC600-50,Industrial/Fanned/MC600 Series/MC600-50
BUEN-FR201-Ubuntu,Bueno Factor 201 Raspberry Pi Industrial IoT Gateway,FR201,Industrial/Small Form Factor/FR200 Series/FR201
GFXL-CL250,Ground Effects Ltd CL250 Ultra Small Fanless Industrial Edge Gateway,CL250,Industrial/Small Form Factor/CL200 Series/CL250
PAR-K410-WIFI-NEBRASKA,PARSONS (WIFI) - Karbon 410 Intel Elkhart Lake Compact Rugged Computer,K410,Rugged/Entry/K400 Series/K410
CCTL-P1301,Modular Panel PC with Intel® Alder Lake-N Series Processor,CV-P1301,Panel/Cincoze Panel/P1000 Series/CV-P1301
PAR-K410-NoWIFI-NEBRASKA,PARSONS (No WIFI) - Karbon 410 Intel Elkhart Lake Compact Rugged Computer,K410,Rugged/Entry/K400 Series/K410
CV-P1301-b9d6,T1 Prototype Modular Panel PC with Intel® Alder Lake-N Series Processor,,Panel/Cincoze Panel/P1000 Series/
K803-c912,OnLogic Karbon 803 High-Performance Rugged Computer w/PCIe,K803,Rugged/Performance/K800 Series/K803
DEDR-AC101-LITE,Dedrone - OnLogic Axial AC101 Rackmount Edge Server,AC101,Server/1U & 1.5U Rackmount/Axial Series/AC101
LOOP-MC510-55,OnLogic MC510-55 Intel® 13th Gen Edge Computer,MC510-55,Industrial/Fanned/MC500 Series/MC510-55
INTEL-K803-i9,Intel - OnLogic Karbon 803 High-Performance Rugged Computer w/PCIe,K803,Rugged/Performance/K800 Series/K803
EPM-18992035-HX511,East Penn - OnLogic Helix 511 Fanless Intel 12th Gen Edge Computer,HX511,Industrial/Performance/HX500 Series/HX511
STAB-HX600,OnLogic Helix 600 Intel Comet Lake Expanded Industrial Edge Computer,HX600,Industrial/Performance/HX600 Series/HX600
AMZN-HX600-METIS-0c0d,OnLogic Helix 600 Intel Comet Lake Expanded Industrial Edge Computer,HX600,Industrial/Performance/HX600 Series/HX600
MK150-Wach1.5UServer-MP-F-Test,Custom Wachter 1.5U Rackmount Computer,MK150 (Other),Server/1U & 1.5U Rackmount/MK150 Series/MK150 (Other)
WCA-CV-112HC-P1001,"Cincoze Crystal 12.1"" Industrial Panel PC",P1001,Rugged/Entry/P1000 Series/P1001
WAST-K300,Karbon 300 Compact Rugged Computer,K300,Rugged/Entry/K300 Series/K300
WAST-ML600G-52,Fanless Industrial Intel Skylake Computer,ML600G-52,Industrial/Performance/ML600 Series/ML600G-52
Wast-K410-R01,Karbon 410 Intel Elkhart Lake Compact Rugged Computer,K410,Rugged/Entry/K400 Series/K410
UBER-Nuvo-5000LP,UBER-Nuvo-5000LP,Nuvo-5000LP,Rugged/Performance/Nuvo Series/Nuvo-5000LP
TransNet-K300-2TB,Karbon 300 Compact Rugged Computer,,///
TRMK-DS-1100-48c4,Cincoze Rugged Intel Skylake Fanless Computer,,///
TRM-DI-1000,Trimark DI-1000,,///
TRS-DS-1000-MOJIX-ocwg,Cincoze Rugged Automotive Intel Haswell Fanless Computer,,///
TRCY-K804-UL,OnLogic Karbon 804 High-Performance Rugged Computer w/ModBay & PCIe,K804,Rugged/Performance/K800 Series/K804
TRMK-DX-1100-4TB-RT,Cincoze DX-1100 Intel Coffee Lake Compact Rugged Workstation (Op Temp 0°C to 40°C),,///
TC-ML350G-10,Industrial Low Profile Fanless Computer With Apollo Lake,ML350G-10,Industrial/Gateway/ML300 Series/ML350G-10
TEAM-ML210G-10,Team 1 Plastics ML210G-10,ML210G-10,Industrial/Gateway/ML200 Series/ML210G-10
TEK-HX500,OnLogic Helix 500 Intel Comet Lake Industrial Edge Computer,HX500,Industrial/Performance/HX500 Series/HX500
tera-mk100-40-proto--wow0-oc8s,Industrial 1U AMD Ryzen Rackmount Server with Integrated Power Supply,MK100 (Other),Server/1U & 1.5U Rackmount/MK100 Series/MK100 (Other)
Teknor-ML310-8kgo,Industrial Fanless Intel Atom NUC Computer,ML300 (Other),Industrial/Gateway/ML300 Series/ML300 (Other)
SL-K801-IPC-V1,OnLogic Karbon 801 Low-Profile High-Performance Rugged Computer,K801,Rugged/Performance/K800 Series/K801
SPRO-DA-1100,Cincoze Rugged Apollo Lake Ultra Compact Fanless Computer,DA-1100,Rugged/Entry/DA Series/DA-1100
SPTM-ML600G-52,SPT Microtechnologies ML600G-52,ML600G-52,Industrial/Performance/ML600 Series/ML600G-52
SPIRATEC-ML340G-51,Spiratec Low Profile Fanless Industrial Skylake Computer,ML340G-51,Industrial/Gateway/ML300 Series/ML340G-51
SPKT-CL210G-11,Amazon Sprocket Quad Core Fanless Industrial Computer,CL210G-11,Industrial/Small Form Factor/CL200 Series/CL210G-11
SPKT-CL210G-WIFI,Amazon Sprocket Quad Core Fanless Industrial Computer with Wi-Fi and Antennas,CL210G-11,Industrial/Small Form Factor/CL200 Series/CL210G-11
SPKT-HX310-WiFiCOM,Sprocket HX310 Industrial Edge Computer,HX310,Industrial/Gateway/HX300 Series/HX310
Skhk-K430,Karbon 430 Intel Elkhart Lake Compact Rugged Computer with Expansion,K430,Rugged/Entry/K400 Series/K430
Sparkmeter-DA-1000-E3826-ow0k,Cincoze Rugged Ultra Compact Fanless Computer,,///
POC-210-10,Rugged Fanless Intel Bay Trail Atom Computer,POC-200,Rugged/Legacy Rugged/POC Series/POC-200
POC-200GSMGPSModule-oggk,POC-200GSMGPSModule,,///
POC-300-wt99,Neousys Rugged Compact Fanless Intel Apollo Lake Computer,,///
POC-300-wowk,Neousys Rugged Compact Fanless Intel Apollo Lake Computer,POC-300,Rugged/Entry/POC Series/POC-300
POC-500-goog,IMS POC-500,,///
PACK-ML100G-53-24,Industrial Fanless Intel 11th Gen Tiger Lake NUC,,///
PAN-ML100G-g0o4,Industrial Fanless Intel Whiskey Lake Embedded NUC With Dual LAN,,///
PST-FR201,Factor 201 Raspberry Pi Industrial IoT Gateway,FR201,Industrial/Small Form Factor/FR200 Series/FR201
ELX-HX500-EU,HX500 Europe Industrial Edge Computer by OnLogic,HX500,Industrial/Performance/HX500 Series/HX500
EL00-CL250-6083646,CL250 Ultra Small Fanless Industrial Edge Gateway,CL250,Industrial/Small Form Factor/CL200 Series/CL250
Pathware-AX301-PROTO,Pathware Engineering Prototype,AX300,Server/3U Rackmount/Axial Series/AX300
LRPC-9160-POE,Neousys Rugged Intel Coffee Lake Computer with Optional GPU,Nuvo-9160GC,Rugged/Performance/Nuvo Series/Nuvo-9160GC
MK150-WACH-2f2a,Copy of Custom Wachter 1.5U Rackmount Computer,,///
OWLC-MK100-Proto-b0be,1U Rackmount Intel Coffee Lake Computer,MK100B-53,Server/1U & 1.5U Rackmount/MK100 Series/MK100B-53
TOMR-K801-HIGH,OnLogic Karbon 801 Low-Profile High-Performance Rugged Computer,K801,Rugged/Performance/K800 Series/K801
K410-21000101446,Configuration 21000101446 - Karbon 410 Intel Elkhart Lake Compact Rugged Computer,K410,Rugged/Entry/K400 Series/K410
NBCU-CS-P1301-Proto,Modular Panel PC with Intel® Alder Lake-N Series Processor,,Panel/Cincoze Panel/P1000 Series/
ZIMR-ML350G-10-o8oo,Industrial Low Profile Fanless Computer With Apollo Lake,ML350G-10,Industrial/Gateway/ML300 Series/ML350G-10
Yusen-P2002-i3-s0cw,Yusen i3 Skylake P2002 With LTE,CV-P2002,Panel/Cincoze Panel/P2000 Series/CV-P2002
VRSBLT-ML100G-10,Versabuilt ML100G-10,ML100G-10,Industrial/Entry/ML100 Series/ML100G-10
SM-FR201,Factor 201 Raspberry Pi Industrial IoT Gateway,FR201,Industrial/Small Form Factor/FR200 Series/FR201
SMIT-ML600G-30,SMIT-ML600G-30,ML600G-30,Industrial/Performance/ML600 Series/ML600G-30
SMG-ML450-wsoc,Scanmeg ML450,ML450G-52,Industrial/Performance/ML400 Series/ML450G-52
SMI-HX610-3l3h,Onlogic Helix 610 Intel Comet Lake Industrial Edge Computer With Optional Hot Swap Storage for Smit Terminals,HX610,Industrial/Performance/HX600 Series/HX610
SMDE-K700-SE,Smiths Detection Karbon 700 High-Performance Rugged Edge Computer,K700-SE,Rugged/Performance/K700 Series/K700-SE
SM-ML340-88ss,SecurityMetrics Branded Vision Firewall,ML300 (Other),Industrial/Gateway/ML300 Series/ML300 (Other)
SN ML350G-10-coc4,Sagenet ML350G-10,ML350G-10,Industrial/Gateway/ML300 Series/ML350G-10
RVS-INVR-I5-V1,Cook Security Group MC600 i5,,///
RW-Nuvo-5000-gccc,Neousys Rugged Intel Skylake Fanless Computer,Nuvo-5000,Rugged/Performance/Nuvo Series/Nuvo-5000
RW-DS-1202-gwok,RW Machines Rugged Intel Coffee Lake Fanless Computer with Dual Expansion and GPU,,///
RW-Nuvo-5000-swos,Neousys Rugged Intel Skylake Fanless Computer,,///
RWSD-NUVO-3120,RWS Design and Controls Nuvo-3120,,///
RWTH-ML340G-50,RWTH-ML340G-50,ML340G-50,Industrial/Gateway/ML300 Series/ML340G-50
RTB-DC-1100,RTB Cincoze Rugged Intel Bay Trail Compact Fanless Computer,DC-1100,Rugged/Entry/DC Series/DC-1100
PR-TC401-ABPACK-4f63,Pre-Release TC401 SAMPLE for A&B Packing,,///
PR-TC401-ABPACK-fvty,Pre-Release TC401 SAMPLE for SICK,,///
PR-TC401-CENC-n2a1,Pre-Release TC401 SAMPLE 1 for Cencora,,///
POZYX-ML500G-30-w4c4,Industrial Intel 6th Gen Fanless Computer w/optional i7 and 3 COM,ML500G-30,Industrial/Performance/ML500 Series/ML500G-30
PR-TC401-SICK-cqmm,Pre-Release TC401 SAMPLE for SICK,TC401,Panel/OnLogic Panel/Tacton Series/TC401
PD11TI,Mitac PD11TI Thin Mini-ITX motherboard - replacement for Intel DN2800MT,,Components/Components/Components/
PD14RI,Mitac PD14RI Braswell Mobile Mini-ITX Motherboard,,Components/Components/Components/
AMZN-HX600-SCANLESSv2,Amazon Scanless Helix 600 with RTX 2000 Ada,HX600,Industrial/Performance/HX600 Series/HX600
MOV-HX500-UL,OnLogic Helix 500 Intel Comet Lake Industrial Edge Computer,HX500,Industrial/Performance/HX500 Series/HX500
Evol-HX610,Evolugen w/ i7 - Onlogic Helix 610 Intel Comet Lake Industrial Edge Computer With Optional Hot Swap Storage,HX610,Industrial/Performance/HX600 Series/HX610
OWLC-MK100-Proto-3LAN-0251,1U Rackmount Intel Coffee Lake Computer,MK100B-53,Server/1U & 1.5U Rackmount/MK100 Series/MK100B-53
ETAS-K801-F-04A-116-495,OnLogic Karbon 801 Low-Profile High-Performance Rugged Computer,K801,Rugged/Performance/K800 Series/K801
K802-513c,OnLogic Karbon 802 High-Performance Rugged Computer w/ModBay,K802,Rugged/Performance/K800 Series/K802
BWPS-A53718-K801-O9GM-UL,BW Papersystems - OnLogic Karbon 801 Low-Profile High-Performance Rugged Computer,K801,Rugged/Performance/K800 Series/K801
EL00-CL250,CL250 Ultra Small Fanless Industrial Edge Gateway,CL250,Industrial/Small Form Factor/CL200 Series/CL250
NWM-HX401,Northwood - OnLogic Helix 401 Fanless Hybrid-Core Computer,HX401,Industrial/Entry/HX400 Series/HX401
XIRIS-Nuvo-7000E,Neousys Rugged Intel Coffee Lake Fanless Computer,Nuvo-7000E,Rugged/Performance/Nuvo Series/Nuvo-7000E
YMCA-FW100B,YMCA FW100B,MC500 (Other),Industrial/Fanned/MC500 Series/MC500 (Other)
XCELL- Nuvo-5000(V2)-sowg,Xcell Automation Nuvo-5000,,///
XCELL-Nuvo-5000-4k84,Xcell Automation Nuvo-5000,,///
XCELL-Nuvo-5000-gso4,Xcell Automation Nuvo-5000,,///
WLKR-0000,Walker Digital Table Systems Custom Core Computer,,Industrial/Fanned/Other/
WM-K410,Karbon 410 Intel Elkhart Lake Compact Rugged Computer,K410,Rugged/Entry/K400 Series/K410
WIS-ML100G-10,Wisse Holland ML100G-10,ML100G-10,Industrial/Entry/ML100 Series/ML100G-10
UPS-CL210G-11-SSD,Ultra Small Quad Core Fanless Industrial Edge Computer,,///
UPS-CV-108R-P1001-KB,UPS-CV-108R-P1001-KB,,///
UOI-MC500v1,Unified Office Inc MC500 v1,MC500 (Other),Industrial/Fanned/MC500 Series/MC500 (Other)
UPS-ML350G-10,Low Profile Fanless Industrial Computer With Apollo Lake,ML350G-10,Industrial/Gateway/ML300 Series/ML350G-10
UPS-ML350G-10-2LAN,Low Profile Fanless Industrial Computer With Apollo Lake,ML350G-10,Industrial/Gateway/ML300 Series/ML350G-10
UPC-V315-QM77-4k44,"15"" Full IP65 Intel Core Rugged Panel PC",,///
UNSW-DX-1000-s44g,Rugged Compact Fanless Embedded Interface Unit,,///
UOI-MC500v3-27r5,Unified Office Inc MC500 v3,,///
UPC-FS-DX-1000-w48o,Cincoze Rugged Intel 6th/7th Gen Compact Fanless Computer,DX-1000,Rugged/Mid Tier/DX Series/DX-1000
UPS-HX600,OnLogic Helix 600 Intel Comet Lake Expanded Industrial Edge Computer,HX600,Industrial/Performance/HX600 Series/HX600
UPS-K803,OnLogic Karbon 803 High-Performance Rugged Computer w/PCIe,K803,Rugged/Performance/K800 Series/K803
SICK-K700-SE-11T-LAN-Proto-mg3o,Karbon 700 High-Performance Rugged Edge Computer,K700-SE,Rugged/Performance/K700 Series/K700-SE
SICK-K700-SE-11T-WIoT-R2,Karbon 700 High-Performance Rugged Edge Computer 3TG6-P SSD,K700-SE,Rugged/Performance/K700 Series/K700-SE
SIAG-K700-SE-01,Karbon 700 High-Performance Rugged Edge Computer,K700-SE,Rugged/Performance/K700 Series/K700-SE
SICK-CV-P2102,SICK - Cincoze Intel Whiskey Lake Core i5 Panel PC,CV-P2102,Panel/Cincoze Panel/P2000 Series/CV-P2102
SICK-CV-P2102-R2-0syl,SICK - Cincoze Intel Whiskey Lake Core i5 Panel PC,CV-P2102,Panel/Cincoze Panel/P2000 Series/CV-P2102
SICK-K700-SE-12T-NOS-EUB,Karbon 700 High-Performance Rugged Edge Computer,K700-SE,Rugged/Performance/K700 Series/K700-SE
SICK-K700-SE-12T-NOS,"K700SE, M32, 1x2T Innodisk SSD, No-OS",K700-SE-2,Rugged/Performance/K700 Series/K700-SE-2
SICK-K700-SE-21T-WIoT,"K700SE, M32, 2x1T Innodisk SSD, Windows 10 IoT Enterprise 2019 LTSC High End",K700-SE-2,Rugged/Performance/K700 Series/K700-SE-2
SICK-K700-SE-11T-WIoT-EUB,Karbon 700 High-Performance Rugged Edge Computer,K700-SE,Rugged/Performance/K700 Series/K700-SE
Shire-Pro-Plus-EU,Pwnie Express Shire Pro Plus (EU),,///
PZH-ML500G-30-480w,Industrial Intel 6th Gen Fanless Computer,ML500G-30,Industrial/Performance/ML500 Series/ML500G-30
RGS-8805GC-oo9t,RGS-8805GC - Neousys Rugged High Performance Server,RGS-8805GC,Rugged/High Performance/Nuvo Series/RGS-8805GC
PhotoBooth-PH12SI-I-Kit-csk0,High Performance Intel Skylake Kiosk Motherboard Kit,,Components/Components/Components/
PHTB-PH12SI,Photobooth Supply Co PH12SI,,Components/Components/Components/
POC-200-wcsw,Neousys Rugged Compact Fanless Intel Bay Trail Computer,,///
PHX-ML450G-Kaby,Phoenix Technology Service ML450G-Kaby,ML450G-53,Industrial/Performance/ML400 Series/ML450G-53
PHX-ML450,Phoenix Technology Service ML450,ML450G-50,Industrial/Performance/ML400 Series/ML450G-50
POC-200 Compact Fanless Intel Atom E3845 Computer-g0ow,POC-200,,///
BRCK-ML100G-54-w2v01,Fanless Intel® N97 Industrial NUC,ML100G-54,Industrial/Entry/ML100 Series/ML100G-54
HLTC-CS-P1301-v01,Modular Panel PC with Intel® Alder Lake-N Series Processor,,Panel/Cincoze Panel/P1000 Series/
AC101-7a38,OnLogic Axial AC101 Rackmount Edge Server,AC101,Server/1U & 1.5U Rackmount/Axial Series/AC101
BBOX-K410-UL,BrainBox Karbon 410 Intel Elkhart Lake Compact Rugged Computer,K410,Rugged/Entry/K400 Series/K410
OLGC-FR201-NONPOE,Budderfly - OLGC-FR201-NONPOE - Factor 201 Raspberry Pi Industrial IoT Gateway,FR201,Industrial/Small Form Factor/FR200 Series/FR201
NBCU-HX500,NBCUniversal - OnLogic Helix 500 Intel Comet Lake Industrial Edge Computer,HX500,Industrial/Performance/HX500 Series/HX500
USAF-K700-SE,Karbon 700 High-Performance Rugged Edge Computer,K700-SE-2,Rugged/Performance/K700 Series/K700-SE-2
USPS-DS-1201-ggos,USPS Rugged Intel Coffee Lake Fanless Computer with Expansion,,///
TERA-MK100-40-R5-PROTO,Industrial 1U AMD Ryzen Rackmount Server with Integrated Power Supply No UL,,///
TERA-MK100-40-R4-1zgg,Industrial 1U AMD Ryzen Rackmount Server with Integrated Power Supply No UL,,///
TERA-MK100-40-R0,Industrial 1U AMD Ryzen Rackmount Server with Integrated Power Supply,MK100 (Other),Server/1U & 1.5U Rackmount/MK100 Series/MK100 (Other)
TERB-K700-SE,Karbon 700 High-Performance Rugged Edge Computer,K700-SE,Rugged/Performance/K700 Series/K700-SE
SFLY-HX600-PROTO,OnLogic Helix 600 Intel Comet Lake Expanded Industrial Edge Computer,HX600,Industrial/Performance/HX600 Series/HX600
SNDC-ML340-V2-RCM,Sound ML340-V2,,///
SNGL-CL200-ORNG,Singlewire CL200 Orange Overlay,CL200G-10,Industrial/Small Form Factor/CL200 Series/CL200G-10
SCA-HX500-US,OnLogic Helix 500 Intel Comet Lake Industrial Edge Computer,HX500,Industrial/Performance/HX500 Series/HX500
SCANSONIC-DA-1000-P-kg4o,"Super kompakter, robuster, lüfterloser Computer Cincoze",,///
SBC-220-K,"ASRock SBC-220 Intel Braswell Industrial 3.5"" Motherboard",,Components/Components/Components/
Sensinov-FR201,Factor 201 Raspberry Pi Industrial IoT Gateway,FR201,Industrial/Small Form Factor/FR200 Series/FR201
Presidio-K700-01,Presidio Karbon 700 High-Performance Rugged Edge Computer,K700-SE,Rugged/Performance/K700 Series/K700-SE
PRIN-DA-1000,Princeton Power Systems Cincoze Rugged Ultra Compact Fanless Computer,DA-1000,Rugged/Entry/DA Series/DA-1000
PRJ-750,Projecto PRJ-750,CL100,Industrial/Small Form Factor/CL100 Series/CL100
Pro-AG150,Provision AG150,ML200 (Other),Industrial/Gateway/ML200 Series/ML200 (Other)
PC-Rackmount-AC101,OnLogic Axial AC101 Rackmount Edge Server,AC101,Server/1U & 1.5U Rackmount/Axial Series/AC101
Parsons-K300-Sample,NEON-PVT,,///
PAR-K300,Karbon 300 Compact Rugged Computer,K300,Rugged/Entry/K300 Series/K300
Panstreet-Core-MC600-ckok,Commercial Intel Core Computer with Expansion,MC600 (Other),Industrial/Fanned/MC600 Series/MC600 (Other)
Pandui-iBOX-210D-sscg,Pandui iBOX-210D,Industrial (Other),Industrial/Legacy Industrial/Legacy Industrial/Industrial (Other)
Owl-HX600-ProtoT1-c82a,Owl Helix 600 Intel Comet Lake Expanded Industrial Edge Computer Tier 1 for Regulatory work,HX600,Industrial/Performance/HX600 Series/HX600
CV-P1301-ba2c,Modular Panel PC with Intel® Alder Lake-N Series Processor,CV-P1301,Panel/Cincoze Panel/P1000 Series/CV-P1301
OWLC-HX600-BI,Owl Cyber Defense OnLogic Helix 600 Intel Comet Lake Expanded Industrial Edge Computer,HX600,Industrial/Performance/HX600 Series/HX600
JST-ML100G-53,Industrial Fanless Intel 11th Gen Tiger Lake NUC,ML100G-53,Industrial/Entry/ML100 Series/ML100G-53
HX500-b826,OnLogic Helix 500 Intel Comet Lake Industrial Edge Computer,HX500,Industrial/Performance/HX500 Series/HX500
TRMK-HX500,Trimark - OnLogic Helix 500 Intel Comet Lake Industrial Edge Computer,HX500,Industrial/Performance/HX500 Series/HX500
MK150B-40-WACH-r1,1.5U Rackmount AMD Ryzen Server,MK150B-40,Server/1U & 1.5U Rackmount/MK150 Series/MK150B-40
WLA-NA-K300,Wildlife Acoustics - Karbon 300 Compact Rugged Computer,K300,Rugged/Entry/K300 Series/K300
VRAY-i7-4kko,Cincoze Rugged Intel Skylake Compact Fanless Computer,DI-1000,Rugged/Mid Tier/DI Series/DI-1000
VRAY-ML100G-31,Videoray ML100G-31,ML100G-31,Industrial/Entry/ML100 Series/ML100G-31
VRAY-ML100G-31-w0oo,VRAY-ML100G-31,ML100G-31,Industrial/Entry/ML100 Series/ML100G-31
VRAY-ML100G-52-c2tv,Industrial Fanless Intel Whiskey Lake Embedded NUC With Dual LAN,ML100G-52,Industrial/Entry/ML100 Series/ML100G-52
WellGui-DX-1100,Well Guidance 8th Generation Intel Core High-Performance Compact Rugged Computer,,///
WENG-HX500-WIN10,OnLogic Helix 500 with Windows 10 Pro,HX500,Industrial/Performance/HX500 Series/HX500
WFA-FR201-0001,Factor 201 Raspberry Pi Industrial IoT Gateway,FR201,Industrial/Small Form Factor/FR200 Series/FR201
Whitewater-ML210,Whitewater West ML210,ML210G-10,Industrial/Gateway/ML200 Series/ML210G-10
TXTRN-3005LP-80k8,Neousys Nuvo-3005LP HM76 Core i Fanless Surveillance Computer,,///
TVU-MKKIT-so4o-40c8,TVU MK103 Rackmount Kit,,Components/Components/Components/
TYS-DA-1000-VGA,Cincoze Rugged Ultra Compact Fanless Computer,DA-1000,Rugged/Entry/DA Series/DA-1000
TOGD-CL210G-10,Toggled Branded CL210G-10 Gateway,CL210G-10,Industrial/Small Form Factor/CL200 Series/CL210G-10
toshiba-skwg,Industrial Fanless Mini PC,CL100,Industrial/Small Form Factor/CL100 Series/CL100
TIRE-MC500-i3,Tire Profiles MC500 with i3 Processor,,///
TIMS2000_v4,Foresight Custom Mini-ITX System - TIMS2000_v4,,///
SR700,Ultra-Rugged IP65 Fanless i7 Computer with M12 connectors,Rugged (Other),Rugged/Legacy Rugged/Legacy Rugged/Rugged (Other)
SAPPI-TM100,Sappi TM100 ThinManager,ML100G-10 (TM100),Industrial/Entry/ML100 Series/ML100G-10 (TM100)
SAGE-K801,OnLogic Karbon 801 Low-Profile High-Performance Rugged Computer,,///
RHS-HX310,OnLogic Helix 310 Intel Elkhart Lake Industrial Edge Computer,HX310,Industrial/Gateway/HX300 Series/HX310
RKWL-MC600,Rockwell MC600,MC600-50,Industrial/Fanned/MC600 Series/MC600-50
PVH-K300,Karbon 300 Compact Rugged Computer,K300,Rugged/Entry/K300 Series/K300
Pfiffner-CL250,CL250 Ultra Small Fanless Industrial Edge Gateway,CL250,Industrial/Small Form Factor/CL200 Series/CL250
PENA-HX500,Helix 500 Intel Comet Lake Industrial Edge Computer w/ RAID - Panasonic Energy of North America,HX500,Industrial/Performance/HX500 Series/HX500
Pepperl ML350-8sgg,Custom ML350,ML350G-10,Industrial/Gateway/ML300 Series/ML350G-10
Pepsi-HX500-R02,PepsiCo Helix 500 Intel Comet Lake Industrial Edge Computer - Rev 2,HX500,Industrial/Performance/HX500 Series/HX500
PERC-NC100-50-wsc8,Commercial Intel Kaby Lake NUC Computer,NC100-50,Industrial/Legacy Industrial/NC100 Series/NC100-50
HX511-0120,NBCUniversal - OnLogic Helix 511 Fanless Intel 12th Gen Edge Computer,HX511,Industrial/Performance/HX500 Series/HX511
FR201-Divcon,Divcon Controls - Factor 201 Raspberry Pi Industrial IoT Gateway,FR201,Industrial/Small Form Factor/FR200 Series/FR201
OC-HX401-VESA-IN,OC-HX401-VESA-IN OnLogic Helix 401 Fanless Hybrid-Core Computer,HX401,Industrial/Entry/HX400 Series/HX401
LMB-K801,OnLogic Karbon 801 Custom Limab Computer (Regular),K801,Rugged/Performance/K800 Series/K801
WRA-FR201-EULTE,Factor 201 Raspberry Pi Industrial IoT Gateway,FR201,Industrial/Small Form Factor/FR200 Series/FR201
WRA200-4w4k,Neousys POC-210 Fanless Intel Atom E3845 Computer,,///
WRA-FR201-USLTE,Factor 201 Raspberry Pi Industrial IoT Gateway,FR201,Industrial/Small Form Factor/FR200 Series/FR201
VMED-MK150-v2-c8co,VMED-MK150,MK150 (Other),Server/1U & 1.5U Rackmount/MK150 Series/MK150 (Other)
VMED-MK200-50-gw48,Veran Medical Industrial Intel Comet Lake 2U Edge Server,,///
VMED-MK150B-55,Veran Medical MK150B-55,MK150 (Other),Server/1U & 1.5U Rackmount/MK150 Series/MK150 (Other)
V1EU-K300,Karbon 300 Compact Rugged Computer w/ Display,,///
V2NA-K300,Karbon 300 Compact Rugged Computer,K300,Rugged/Entry/K300 Series/K300
VOL-DS-1200,Cincoze Rugged Intel Coffee Lake Fanless Computer,DS-1200,Rugged/Mid Tier/DS Series/DS-1200
VOOGT-ML450G-52,De Voogt Naval Architects-Industrial Intel Skylake Mini-ITX Customizable Computer,ML450G-52,Industrial/Performance/ML400 Series/ML450G-52
Voortman-HX310,OnLogic Helix 310 Intel Elkhart Lake Industrial Edge Computer,HX310,Industrial/Gateway/HX300 Series/HX310
TYT-CT100v04-08co,ASRock IMB-195 Skylake Desktop Industrial Mini-ITX Motherboard,,///
TYT-CT100-IMB195-ok04,High Performance Intel Skylake Kiosk Computer,,Components/Components/Components/
TRS-DS-1001-o00c,Cincoze Rugged Automotive Haswell Fanless Expandable Computer,,///
TRS-DS-1001,Cincoze Rugged Automotive Haswell Fanless Expandable Computer,,///
TM250,TM250 Low Profile Apollo Lake Industrial Thin Client with ThinManager,ML350G-10 (TM250),Industrial/Gateway/ML300 Series/ML350G-10 (TM250)
TM300,TM300 Rugged Wide-Temp Thin Client with ThinManager,DC-1100 (TM300),Rugged/Entry/DC Series/DC-1100 (TM300)
TM110-ioud,Ultra Small Fanless Edge Computer with ThinManager,,///
TM110-f8n2,Ultra Small Fanless Edge Computer with ThinManager,CL210G-10 (TM110),Industrial/Small Form Factor/CL200 Series/CL210G-10 (TM110)
TRS-Nuvis3304V,Fanless i7 Transportation Computer,,///
TM200-kg4g,Industrial Thin Client with ThinManager,,///
tm200-kgs0,Industrial Thin Client with ThinManager,,///
SOUND-P2002,Sound P2002,,///
SEMCON-DS-1102-8o4s,Cincoze Rugged Intel Skylake Fanless Computer with Dual Expansion,DS-1102,Rugged/Mid Tier/DS Series/DS-1102
SEEM-K802,OnLogic Karbon 802 High-Performance Rugged Computer w/ModBay,,///
SEEU-FPPC-P2-CW215-R01,Schneider Electric - EU - Cincoze Rugged Intel Skylake Core i3/i5 Panel PC,CV-P2002,Panel/Cincoze Panel/P2000 Series/CV-P2002
SECO-K802-xfjk,SECO Karbon 802 Barebone - 2x LAN,,///
SENS-MC850,Sensen MC850,MC850-50,Server/Standalone/MC850 Series/MC850-50
Seco-K804-dpvk-njgg,Seco Karbon 804 - 6x LAN,K804,Rugged/Performance/K800 Series/K804
SegmentoML300-4kkc,Segmento Emphase Dive,ML300 (Other),Industrial/Gateway/ML300 Series/ML300 (Other)
Raytheon MC600L-4cok,Raytheon LCD MC600,MC600 (Other),Industrial/Fanned/MC600 Series/MC600 (Other)
RazoredgeAtom-ML250-o4sc,RazoredgeAtom-ML250,ML250 (Other),Industrial/Gateway/ML250 Series/ML250 (Other)
RBCN-POC-351VTC-70-44sg,Rubicon Neousys Rugged Compact Intel Apollo Lake In-Vehicle Computer,,///
RBCN-POC-351VTC-ATT-V2,Rubicon Neousys Rugged In-Vehicle Computer with AT&T SIM,,///
REAL-HX500,OnLogic Helix 500 Intel Comet Lake Industrial Edge Computer,HX500,Industrial/Performance/HX500 Series/HX500
REAL-ML340G-51,Real Alloy ML340G-51 Industrial Fanless Computer,ML340G-51,Industrial/Gateway/ML300 Series/ML340G-51
RCKM-ML250,Northrop Grumman LGX ML250 Fanless Rackmount Computer,ML250 (Other),Industrial/Gateway/ML250 Series/ML250 (Other)
RE-CL250-BIOS,CL250 Ultra Small Fanless Industrial Edge Gateway,CL250,Industrial/Small Form Factor/CL200 Series/CL250
REXROTH-ML600,REXROTH-ML600,ML600G-52,Industrial/Performance/ML600 Series/ML600G-52
RevCon-CL100-CCCS,RevCon Client Credit Card Server,CL100,Industrial/Small Form Factor/CL100 Series/CL100
PLAN-HX600-TITAN,OnLogic Helix 600 Intel Comet Lake Expanded Industrial Edge Computer,HX600,Industrial/Performance/HX600 Series/HX600
PLAN-HX600,OnLogic Helix 600 Intel Comet Lake Expanded Industrial Edge Computer,HX600,Industrial/Performance/HX600 Series/HX600
PLUS-K802,OnLogic Karbon 802 High-Performance Rugged Computer w/ModBay,,///
PLUS-Nuvo-6108GC-NoGPU,Plus One Robotics - Nuvo-6108GC without GPU,,///
PLW-DX-1000,Cincoze Rugged 7th/6th Gen Intel Core High-Performance Compact Computer,DX-1000,Rugged/Mid Tier/DX Series/DX-1000
POC-100GSM-oowo,Neousys POC-100 Compact Fanless Intel Atom D525 Computer,,///
BOU-K801-Server2022,OnLogic Karbon 801 Low-Profile High-Performance Rugged Computer,K801,Rugged/Performance/K800 Series/K801
Gibon-HX500,OnLogic Helix 500 Intel Comet Lake Industrial Edge Computer,HX500,Industrial/Performance/HX500 Series/HX500
FEDX-FR201,FedEx Factor 201 Raspberry Pi Industrial IoT Gateway,FR201,Industrial/Small Form Factor/FR200 Series/FR201
Cerulean-HX610,Custom HX610-build Cerulean UK - COM ports,HX610,Industrial/Performance/HX600 Series/HX610
Labman-HX610,Onlogic Helix 610 Intel Comet Lake Industrial Edge Computer With Optional Hot Swap Storage,HX610,Industrial/Performance/HX600 Series/HX610
MECHAT-HX500,OnLogic Helix 500 Intel Comet Lake Industrial Edge Computer,HX500,Industrial/Performance/HX500 Series/HX500
MOVU-HX500,OnLogic Helix 500 Intel Comet Lake Industrial Edge Computer,HX500,Industrial/Performance/HX500 Series/HX500
CPM-CL250,CPM-BETA RAVEN - CL250 Ultra Small Fanless Industrial Edge Gateway,CL250,Industrial/Small Form Factor/CL200 Series/CL250
AMZN-HX600-SCANLESS,Amazon Scanless Helix 600,HX600,Industrial/Performance/HX600 Series/HX600
LILLY-FR201,Factor 201 Raspberry Pi Industrial IoT Gateway,FR201,Industrial/Small Form Factor/FR200 Series/FR201
HX600-a71a,OnLogic Helix 600 Intel Comet Lake Expanded Industrial Edge Computer,HX600,Industrial/Performance/HX600 Series/HX600
VIS-DA-1000-gwoo,Cincoze Rugged Ultra Compact Fanless Computer,,///
VIC-HX500-R2,OnLogic Helix 500 Intel Comet Lake Industrial Edge Computer,HX500,Industrial/Performance/HX500 Series/HX500
VCS-K700-SE,VCS Karbon 700 High-Performance Rugged Edge Computer,K700-SE,Rugged/Performance/K700 Series/K700-SE
VE-DS-1000-okc0,Diamond S Haswell Core i5 Wide Temperature Fanless Computer,,///
TSCO-K300,Tessco - Karbon 300 Compact Rugged Computer,,///
TSB-GM-1000,Cincoze Rugged Intel 9th/8th Gen GPU Computer,GM-1000,Rugged/Performance/GM Series/GM-1000
TM400-0c4s,Industrial Panel PC with ThinManager,P1001 (TM400),Rugged/Entry/P1000 Series/P1001 (TM400)
TM400,TM400 Industrial Panel PC with ThinManager,P1001 (TM400),Rugged/Entry/P1000 Series/P1001 (TM400)
TMS-CL210G-11,Total Meter Services CL210G-11,CL210G-11,Industrial/Small Form Factor/CL200 Series/CL210G-11
TMS-CL250,CL250 Ultra Small Fanless Industrial Edge Gateway,CL250,Industrial/Small Form Factor/CL200 Series/CL250
TMS-CL250-Imaged,CL250 Ultra Small Fanless Industrial Edge Gateway,CL250,Industrial/Small Form Factor/CL200 Series/CL250
TMS-ML400G-10,Total Meter Services - Fanless Industrial Intel Bay Trail Celeron Mini-ITX Computer,ML400G-10,Industrial/Performance/ML400 Series/ML400G-10
TMC-AG960,The Marlin Company LGX AG960 Computer,NC200 (Other),Industrial/Legacy Industrial/NC200 Series/NC200 (Other)
TM610-fn3f,Industrial Five Display Thin Client with ThinManager,MC610-50 (TM610),Industrial/Fanned/MC600 Series/MC610-50 (TM610)
TMC-AG960C,The Marlin Company AG960C Signage Computer,NC200 (Other),Industrial/Legacy Industrial/NC200 Series/NC200 (Other)
Stab3-TC401-Mex,OnLogic Tacton TC401 Intel 12th Gen All-in-one Panel PC,,///
Ste-K410,Karbon 410 Intel Elkhart Lake Compact Rugged Computer,K410,Rugged/Entry/K400 Series/K410
SIGM1-ML500G-50,Sigmavision ML500G-50,ML500G-50,Industrial/Performance/ML500 Series/ML500G-50
SIGNCO-DA-1000,Cincoze Rugged Ultra Compact Fanless Computer,,///
SICK-MC610-50,Industrial Intel Coffee Lake Mini-ITX Expandable Computer for SICK (Mid Tier Option),MC610-50,Industrial/Fanned/MC600 Series/MC610-50
SICK-MC850-54,Industrial Intel Coffee Lake Xeon E Edge Server,,///
SII-ML400,SouthEastern Installations Inc ML400G-30,ML400G-30,Industrial/Performance/ML400 Series/ML400G-30
SIGM1-ML500G-50-0s80,SigmaVision Industrial Fanless Computer w/ AutoPowerOn,ML500G-50,Industrial/Performance/ML500 Series/ML500G-50
SICK-K700-SE-12T-WIoT-Proto-rg7x,Karbon 700 High-Performance Rugged Edge Computer,K700-SE,Rugged/Performance/K700 Series/K700-SE
SICK-K700-SE-NSDD-NOS,"K700SE, M32, No-SSD, No-OS",K700-SE,Rugged/Performance/K700 Series/K700-SE
SIEN-K700-X2,Karbon 700 Expanded High-Performance Rugged Edge Computer,K700-X2,Rugged/Performance/K700 Series/K700-X2
PWNE-DCCP847DYE-wwos,Intel DCCP847DYE-S NUC Multimedia Computer,Industrial (Other),Industrial/Legacy Industrial/Legacy Industrial/Industrial (Other)
PWNE-ML300,Pwnie Express Custom ML300 System,ML300 (Other),Industrial/Gateway/ML300 Series/ML300 (Other)
PWNE-PWR4,Pwnie Express PwnPlug R4,,Industrial/Legacy Industrial/Legacy Industrial/
PW-DS-1100,Pratt & Whitney Canada DS-1100 w/ wide-temp LAN card,,///
PWNE-ML300-s4gw-wkws,Pwnie Express Custom ML300 System,ML300 (Other),Industrial/Gateway/ML300 Series/ML300 (Other)
PILLAR-DS-1102,Cincoze Rugged Intel Skylake Fanless Computer,DS-1102,Rugged/Mid Tier/DS Series/DS-1102
AX-M2-HX330,OnLogic Helix 330 Intel Elkhart Lake Industrial Edge Computer w/Additional LAN,HX330,Industrial/Gateway/HX300 Series/HX330
ZEDEDA-K801,OnLogic Karbon 801 Low-Profile High-Performance Rugged Computer Powered by ZEDEDA,,Rugged/Performance/K800 Series/
SR-CL250-2,CL250 Ultra Small Fanless Industrial Edge Gateway,CL250,Industrial/Small Form Factor/CL200 Series/CL250
WIC-CL250,WIC-CL250 Ultra Small Fanless Industrial Edge Gateway,CL250,Industrial/Small Form Factor/CL200 Series/CL250
CV-P2202,Panel PC with 12th Gen. Intel Core Processor,CV-P2202,Panel/Cincoze Panel/P2000 Series/CV-P2202
HE-K300-NR,Hitachi Energy Compact Rugged Gateway - No Radios,K300,Rugged/Entry/K300 Series/K300
FUTUREWARE-HX600-i7,FUTUREWARE-HX600-i7 OnLogic Helix 600 Intel Comet Lake Expanded Industrial Edge Computer,HX600,Industrial/Performance/HX600 Series/HX600
WOLF-K801,Wolf Security Cameras OnLogic Karbon 801 Low-Profile High-Performance Rugged Computer,K801,Rugged/Performance/K800 Series/K801
BLRX-MC510-55,Blue Ridge - MC510-55 Intel® 13th Gen Edge Computer,MC510-55,Industrial/Fanned/MC500 Series/MC510-55
VCCU-A-c44s,Bombardier Nuvo-5000,,///
VBI-HX600-EU,VBI HX600 Vision Computer (Europe),HX600,Industrial/Performance/HX600 Series/HX600
VBI-HX600-T1000-rxkh,OnLogic Helix 600 Intel Comet Lake Expanded Industrial Edge Computer with T1000 GPU,HX600,Industrial/Performance/HX600 Series/HX600
VANT-DS-1201-R20,Cincoze Rugged Intel Coffee Lake Fanless Computer with Expansion,DS-1201,Rugged/Mid Tier/DS Series/DS-1201
VBOX-3610-k004,Fanless i7 Platform with M12 PoE and DIO,Rugged (Other),Rugged/Legacy Rugged/Legacy Rugged/Rugged (Other)
UE-MC500,Unitec Electronics UE-MC500,MC500 (Other),Industrial/Fanned/MC500 Series/MC500 (Other)
UE-MC500-c88s,Unitec Electronics UE-MC500,,///
TMT-CSP1101-ESP,Cincoze Rugged Intel Apollo Lake High-Brightness Panel PC,CS-P1101,Panel/Cincoze Panel/P1000 Series/CS-P1101
TETI-ML100G-30,TechTiles ML100G-30,ML100G-30,Industrial/Entry/ML100 Series/ML100G-30
TMS-ML400G-10-og48,Industrial Intel Bay Trail Celeron Mini-ITX Computer,,///
SVM-TM250,Low Profile Apollo Lake Industrial Thin Client with ThinManager,,///
SVFD-ML340G-10,Spokane Valley Fire Department ML340G-10,ML340G-10,Industrial/Gateway/ML300 Series/ML340G-10
SVL-3005LP-ALERT-8wc4,Rugged Hot Swap NVR,,///
SOEL-ML500G-50,Southern Electronics ML500G-50 with Blind Labeling,ML500G-50,Industrial/Performance/ML500 Series/ML500G-50
SOLG-5006LP-wccs,SOLOGY 5006LP,,///
SCRT-M350-wgsk,SecurityMetrics M350,Industrial (Other),Industrial/Legacy Industrial/Legacy Industrial/Industrial (Other)
SCRT-POC-500-4TB,Neousys Rugged Compact AMD Ryzen Computer,POC-500,Rugged/Mid Tier/POC Series/POC-500
SD-Casting_AG150,Steel Dynamics SD-Casting AG150,ML200 (Other),Industrial/Gateway/ML200 Series/ML200 (Other)
Schindler_CL100-8w0c,"Industrieller, lüfterloser Mini-PC",CL100,Industrial/Small Form Factor/CL100 Series/CL100
SCRT-DA-1100-2TB-mlgp,Cincoze Rugged Apollo Lake Ultra Compact Fanless Computer,,///
SCRT-DA-1100-2TB,Cincoze Rugged Apollo Lake Ultra Compact Fanless Computer,DA-1100,Rugged/Entry/DA Series/DA-1100
Schmitz-ML350G-10-NO-WIFI,SCHMITZ u. Söhne GmbH & Co. KG Low Profile Fanless Industrial Computer With Apollo Lake without WiFi module,ML350G-10,Industrial/Gateway/ML300 Series/ML350G-10
SCRT-M350,SecurityMetrics M350,Industrial (Other),Industrial/Legacy Industrial/Legacy Industrial/Industrial (Other)
SCOTCH-ML450,Scotch & Soda ML450 with RAID1,ML450G-52,Industrial/Performance/ML400 Series/ML450G-52
SCANSONIC-DA-1000-g00c,"Super kompakter, robuster, lüfterloser Computer Cincoze",,///
PT110,LGX Extreme Environment PT110 Atom Fanless PC,Rugged (Other),Rugged/Legacy Rugged/Legacy Rugged/Rugged (Other)
PT400,PT400 Extreme Environment Automotive System,Rugged (Other),Rugged/Legacy Rugged/Legacy Rugged/Rugged (Other)
PTPK-ML100G-31,Printpack ML100G-31,ML100G-31,Industrial/Entry/ML100 Series/ML100G-31
PURO-ML510G-50,Purolator Compact Fanless Industrial Coffee Lake Computer,ML510G-50,Industrial/Performance/ML500 Series/ML510G-50
PROGRP-MC610G-50-0s8k,The Prometheus Group Compact Computer w/ Expansion,MC610-50,Industrial/Fanned/MC600 Series/MC610-50
PSCL-DA-1100-256,Cincoze Rugged Apollo Lake Ultra Compact Fanless Computer,,///
Pro-ML210G-10-gkck,ProVision Security ML210G-10,ML210G-10,Industrial/Gateway/ML200 Series/ML210G-10
PAR-K300-CONNECTICUT,Parsons (CT) - Karbon 300 Compact Rugged Computer,K300,Rugged/Entry/K300 Series/K300
PLB-K803-MT,SICK - OnLogic Karbon 803 High-Performance Rugged Computer w/PCIe,K803,Rugged/Performance/K800 Series/K803
ZEDEDA-FR201-W,Factor 201 Raspberry Pi Industrial IoT Gateway Powered by ZEDEDA (with WIFI),ZEDEDA-FR201-W,Industrial/Fanless/FR200 Series/ZEDEDA-FR201-W
HX310-7fd8,OnLogic Helix 310 Intel Elkhart Lake Industrial Edge Computer,HX310,Industrial/Gateway/HX300 Series/HX310
LUM-ML100G-53,Industrial Fanless Intel 11th Gen Tiger Lake NUC,ML100G-53,Industrial/Entry/ML100 Series/ML100G-53
DETE-K801-RADAR,"DeTect, Inc. - OnLogic Karbon 801 Low-Profile High-Performance Rugged Computer",K801,Rugged/Performance/K800 Series/K801
DETE-K801-SERVER-Proto-0c75,Detect - OnLogic Karbon 801 Low-Profile High-Performance Rugged Computer,K801,Rugged/Performance/K800 Series/K801
K410-0cfa,Karbon 410 Intel Elkhart Lake Compact Rugged Computer,K410,Rugged/Entry/K400 Series/K410
HX610-12c3,Evolugen w/ i7 - Onlogic Helix 610 Intel Comet Lake Industrial Edge Computer With Optional Hot Swap Storage,HX610,Industrial/Performance/HX600 Series/HX610
WTC-ML400G-51,Welding Technology Corp ML400G-51,ML400G-51,Industrial/Performance/ML400 Series/ML400G-51
VCCU-C-Proto-4w0w,Neousys Rugged Intel Skylake Fanless Computer,,///
VCCU-C-M12-SSD-kog8,Neousys Rugged Intel Skylake In-Vehicle Computer with PoE,,///
UE-MV101-8css,Unitec MV101 Mini-ITX Systems - Revision 2,Industrial (Other),Industrial/Legacy Industrial/Legacy Industrial/Industrial (Other)
TIGA-K700-SE,Karbon 700 High-Performance Rugged Edge Computer,K700-SE,Rugged/Performance/K700 Series/K700-SE
TIMS-8000v1-oog0,Foresight Imaging TIMS-8000 Gray/Black Prototype,MC600 (Other),Industrial/Fanned/MC600 Series/MC600 (Other)
TI-Nuvo5000-kocg,Neousys Rugged Intel Skylake Fanless Computer,Nuvo-5000,Rugged/Performance/Nuvo Series/Nuvo-5000
TIMS-2000v2-Win10,Foresight TIMS-2000v2 Win10,Industrial (Other),Industrial/Legacy Industrial/Legacy Industrial/Industrial (Other)
TIMS-2000-Gen3BT-oo04,TIMS-2000 Gen3 Bluetec i3 Prototype v2,Industrial (Other),Industrial/Legacy Industrial/Legacy Industrial/Industrial (Other)
STRM-ML250A,StreamON Atom ML250 Fanless Computer,ML250 (Other),Industrial/Gateway/ML250 Series/ML250 (Other)
STRYKER-K700-X2,Karbon 700 Expanded High-Performance Rugged Edge Computer,K700-X2,Rugged/Performance/K700 Series/K700-X2
STRM-ML250A-wook,StreamON Atom ML250 Fanless Computer,ML250 (Other),Industrial/Gateway/ML250 Series/ML250 (Other)
STRYKR-ML340-sw00,ML340 ---- SBC-330M,ML340G-51,Industrial/Gateway/ML300 Series/ML340G-51
STO-ML250v2-0048,Industrial Intel Bay Trail Celeron Mini-ITX Computer,ML250 (Other),Industrial/Gateway/ML250 Series/ML250 (Other)
SUSY-CL200G-10,Fanless Industrial USFF Edge Device,CL200G-10,Industrial/Small Form Factor/CL200 Series/CL200G-10
SE-ML340G-50-owws,Low Profile Fanless Intel Core i5 Industrial Computer,ML340G-50,Industrial/Gateway/ML300 Series/ML340G-50
SE-HX500-UK,OnLogic Helix 500 Intel Comet Lake Industrial Edge Computer,HX500,Industrial/Performance/HX500 Series/HX500
SE-ML450,Systems Equipment ML450,ML450G-11,Industrial/Performance/ML400 Series/ML450G-11
SE-ML450v2-0ws0,Systems Equipment ML450 v 2,ML450G-11,Industrial/Performance/ML400 Series/ML450G-11
SE-HX610-CHIN,Onlogic Helix 610 Intel Comet Lake Industrial Edge Computer With Optional Hot Swap Storage,HX610,Industrial/Performance/HX600 Series/HX610
SEAO-NUVO-6108GC,Seaonics Neousys Rugged Intel 6th Gen Computer w/Optional GPU and Expansion,,///
PL15-IPCR,"Industrial 15"" Intel Core i5 IP65 Fanless Panel PC",,///
PL19-IPCR-0k88,"19"" Intel Core i5 IP65 Fanless Panel PC",,///
DVDAv2-MK150-6TB,Dividia Technologies v2 MK150 6TB,MK150 (Other),Server/1U & 1.5U Rackmount/MK150 Series/MK150 (Other)
DX-1100-qquy,8th Generation Intel Core High-Performance Compact Rugged Computer,DX-1100,Rugged/Mid Tier/DX Series/DX-1100
DS-1302-1hez,Cincoze Rugged Intel 10th Gen Comet Lake Fanless Computer with 2 PCI/PCIe,,///
DS-1301-vrqe,Cincoze Rugged Intel 10th Gen Comet Lake Fanless Computer with PCI/PCIe,,///
DS-1301-ag43,Cincoze Rugged Intel 10th Gen Comet Lake Fanless Computer with PCI/PCIe,,///
DTI-NUVO-5006LP-8k0s,Neousys Rugged Intel Skylake Low Profile Fanless Computer,Nuvo-5000LP,Rugged/Performance/Nuvo Series/Nuvo-5000LP
DS-JBC372F36,Directory Solutions JBC372F36W Intel Atom N2600 Fanless Barebone,,Industrial/Legacy Industrial/Legacy Industrial/
DS-1202-anfs,Cincoze Rugged Intel Coffee Lake Fanless Computer with Dual Expansion or GPU,,///
DC-1200,Rugged Cincoze Intel Apollo Lake Compact Fanless Computer,DC-1200,Rugged/Entry/DC Series/DC-1200
DC-1100-10-4sc4,Cincoze Rugged Intel Bay Trail Compact Fanless Computer,,///
DC-1100-ccgw-g8w0,Cincoze Rugged Intel Bay Trail Compact Fanless Computer,DC-1100,Rugged/Entry/DC Series/DC-1100
DC-1100-10-w0s0,Cincoze DC-1100 Rugged Intel Bay Trail Fanless Computer,,///
DC-1100-LENSEC-512SSD-8kw4,Cincoze Rugged Intel Bay Trail Compact Fanless Computer,,///
DC-1200-ft92,Rugged Cincoze Intel Apollo Lake Compact Fanless Computer,,///
DC-1100-NRC-8sg0,Cincoze Rugged Intel Bay Trail Compact Fanless Computer,,///
DA-1000-ggow,Cincoze Rugged Ultra Compact Fanless Computer,,///
D3CT-ML100G-10,D3 Controls ML100G-10,ML100G-10,Industrial/Entry/ML100 Series/ML100G-10
da-1000-k8cs,Cincoze Rugged Ultra Compact Fanless Computer,,///
CUSTOM-gcww,LGX ML250 Intel Core i3/i5/Celeron Fanless Industrial Computer,ML250 (Other),Industrial/Gateway/ML250 Series/ML250 (Other)
CUSTOM-ggss,Custom Atom-557B,Industrial (Other),Industrial/Legacy Industrial/Legacy Industrial/Industrial (Other)
CUSTOM-gkc0,Custom Hot-Swappable Core i5 Mini-ITX Computer,MK150 (Other),Server/1U & 1.5U Rackmount/MK150 Series/MK150 (Other)
CP-P2102-IGN320-ex8p,ConocoPhillips Rugged Panel PC with Intel Core i3/i5 CPU and Ignition Software,,///
coremc500-w4ss,Core Desktop Haswell MC500 System,,///
CoreMK101-csgo,MK101 Rackmount System,MK100 (Other),Server/1U & 1.5U Rackmount/MK100 Series/MK100 (Other)
Coremk101i3-3120ME-ks0w,Coremk101i3-3120ME,MK100 (Other),Server/1U & 1.5U Rackmount/MK100 Series/MK100 (Other)
CUSTOM-cogo,LGX Intel Core i5 NUC Industrial Computer,Industrial (Other),Industrial/Legacy Industrial/Legacy Industrial/Industrial (Other)
COSTAIN-P2002-owck-80cc,Cincoze Intel Skylake Core i Panel PC,,///
Coriel-DA1100,Cincoze Rugged Apollo Lake Ultra Compact Fanless Computer,DA-1100,Rugged/Entry/DA Series/DA-1100
Covix-Nuvo5000HDD-80gg,Neousys Rugged Intel Skylake Low Profile Fanless Computer,,///
Custom-0cc0,Intel Atom D525 M350 Mini Embedded Computer,Industrial (Other),Industrial/Legacy Industrial/Legacy Industrial/Industrial (Other)
CNBN-SVR-3uqq,Canadian Bank Note 12th Gen,,///
CNFR-CL200G-10-k84c,Fanless Industrial USFF Edge Device,CL200G-10,Industrial/Small Form Factor/CL200 Series/CL200G-10
CMS_AG150-os0s,CMS AG150 with Transcend SSD,,///
CNX-K700-i7,Cognex Karbon 700 High-Performance Rugged Edge Computer (i7),K700-SE,Rugged/Performance/K700 Series/K700-SE
CNBN-ML250-g4gs,Canadian Bank Note ML250 System,ML250 (Other),Industrial/Gateway/ML250 Series/ML250 (Other)
CL210G-11-3lld,Ultra Small Quad Core Fanless Industrial Edge Computer,CL210G-11,Industrial/Small Form Factor/CL200 Series/CL210G-11
CL200G-10-57yw,Fanless Industrial USFF Edge Device,CL200G-10,Industrial/Small Form Factor/CL200 Series/CL200G-10
cl100-sv3m,Fanless Industrial Mini PC,CL100,Industrial/Small Form Factor/CL100 Series/CL100
cl100-yr3r,Fanless Industrial Mini PC,,///
CL210G-11-49hf,Ultra Small Quad Core Fanless Industrial Edge Computer,CL210G-11,Industrial/Small Form Factor/CL200 Series/CL210G-11
cl100-wg0k,Ultra Compact Fanless 4K Media Player,CL100,Industrial/Small Form Factor/CL100 Series/CL100
CBNC-MC510-W10-128GB-rscm-eltn,CBN Next Gen Prototype- Industrial Intel Core Mini-ITX Computer,,///
CBNC-MC510-W10-i3,CBN Next Gen Prototype- Industrial Intel Core Mini-ITX Computer,MC510-50,Industrial/Fanned/MC500 Series/MC510-50
BihrleCoreMC600LCD-cssw,BihrleCoreMC600LCD,MC600 (Other),Industrial/Fanned/MC600 Series/MC600 (Other)
BHT-Core-JC111v2,Baobab Health Trust Custom Core i5 Mini-ITX Computer v2,,Industrial/Fanned/Other/
Barracuda-CL250,CL250 Ultra Small Fanless Industrial Edge Gateway,CL250,Industrial/Small Form Factor/CL200 Series/CL250
BAM-ML210G-12-LTE-gkc0,Industrial Intel Braswell Fanless Computer with Dual Gb LAN,ML210G-12,Industrial/Gateway/ML200 Series/ML210G-12
BACA-ML600G-52,BACA Systems ML600G-52,ML600G-52,Industrial/Performance/ML600 Series/ML600G-52
BBLK-Kit,BeagleBone Black Starter Kit,,Components/Components/Components/
BAHU-DA-1000,Baker Hughes DA-1000,,///
AutoCore-ML250Boeing-gk8w,AutoCore-ML250Boeing,ML250 (Other),Industrial/Gateway/ML250 Series/ML250 (Other)
AMAU-ML600G-52,American Autoclave ML600G-52,ML600G-52,Industrial/Performance/ML600 Series/ML600G-52
AmAuCl-ML600G-52-kg4g,Industrial Fanless Intel Skylake Computer,ML600G-52,Industrial/Performance/ML600 Series/ML600G-52
AMAZ-ML600G-52-osk0,Fanless Industrial Intel Skylake Computer,ML600G-52,Industrial/Performance/ML600 Series/ML600G-52
Ampelmann_Nuvo-5006LP-kg4w,Ampelmann Rugged Intel Skylake i5-6500TE Low Profile Fanless Computer,,///
AMD MC500-wkwg,UOI MC500,MC500 (Other),Industrial/Fanned/MC500 Series/MC500 (Other)
ADM-ML100,Archer Daniels Midland Company ML100G-30,ML100G-30,Industrial/Entry/ML100 Series/ML100G-30
ADC-JBC375F532,Applied Data Corporation JBC375F532,,Industrial/Legacy Industrial/Legacy Industrial/
1VLT-AMD4x4-ku39,1VLT-AMD4x4,,///
DENTSU-STD-OS-HX310,OnLogic Helix 310 Intel Elkhart Lake Industrial Edge Computer,HX310,Industrial/Gateway/HX300 Series/HX310
Depx-K700-X2,Karbon 700 Expanded High-Performance Rugged Edge Computer,K700-X2,Rugged/Performance/K700 Series/K700-X2
DVDA-MC600-3TB,Dividia Technologies MC600 3TB,MC600 (Other),Industrial/Fanned/MC600 Series/MC600 (Other)
DVDA-MC600-6TB,Dividia Technologies MC600 6TB,MC600 (Other),Industrial/Fanned/MC600 Series/MC600 (Other)
DVDA-MK150-3TB,Dividia Technologies MK150 3TB,MK150 (Other),Server/1U & 1.5U Rackmount/MK150 Series/MK150 (Other)
DVDA-MK150-2TB,Dividia Technologies MK150 2TB,MK150 (Other),Server/1U & 1.5U Rackmount/MK150 Series/MK150 (Other)
DR-ML100G-31,Fanless Industrial Intel Dawson Canyon NUC Computer,ML100G-31,Industrial/Entry/ML100 Series/ML100G-31
DLTK-ML210B,Dealertrack Technologies Custom ML210,ML210G-10,Industrial/Gateway/ML200 Series/ML210G-10
Droste-ML300V-8og0,Fanless In-Vehicle ML300,ML300 (Other),Industrial/Gateway/ML300 Series/ML300 (Other)
Dotworkz-owow,Dotworkz iBOX-210D,Industrial (Other),Industrial/Legacy Industrial/Legacy Industrial/Industrial (Other)
DA-1100-lqce,Cincoze Rugged Apollo Lake Ultra Compact Fanless Computer,,///
DA-1100-mvg3,Cincoze Rugged Apollo Lake Ultra Compact Fanless Computer,,///
DA-1100-lnyi,Cincoze Rugged Apollo Lake Ultra Compact Fanless Computer,DA-1100,Rugged/Entry/DA Series/DA-1100
DamaeMedical-MC600-Skylake-k4wo,MC600 Commercial Intel Skylake Computer,MC600 (Other),Industrial/Fanned/MC600 Series/MC600 (Other)
DAQ-ML250,Fanless Gateway for Remote Data Collection,ML250 (Other),Industrial/Gateway/ML250 Series/ML250 (Other)
DA-1100-wgw4,Cincoze Rugged Apollo Lake Ultra Compact Fanless Computer,,///
DA-1100-nhu5,Cincoze Rugged Apollo Lake Ultra Compact Fanless Computer,,///
CS-P1101-084k,Cincoze Rugged Sunlight Readable Panel PC,CS-P1101,Panel/Cincoze Panel/P1000 Series/CS-P1101
CS-P2002,Cincoze Rugged Intel 6th Gen Core i3/i5 High-Brightness Panel PC,CS-P2002,Panel/Cincoze Panel/P2000 Series/CS-P2002
CRYO-FR201,Factor 201 Raspberry Pi Industrial IoT Gateway,FR201,Industrial/Small Form Factor/FR200 Series/FR201
CRYSTAL-K300,Crystal Fountains K300,K300,Rugged/Entry/K300 Series/K300
CS MC600-o48o,Computerized Screening MC600,MC600 (Other),Industrial/Fanned/MC600 Series/MC600 (Other)
CRYO-CL250,CL250 Ultra Small Fanless Industrial Edge Gateway,CL250,Industrial/Small Form Factor/CL200 Series/CL250
Core-MK100-gksg,Intel Core 1U Rackmount Computer,MK100 (Other),Server/1U & 1.5U Rackmount/MK100 Series/MK100 (Other)
CL210G-11-9he7,Ultra Small Quad Core Fanless Industrial Edge Computer,CL210G-11,Industrial/Small Form Factor/CL200 Series/CL210G-11
CL210G-11-alsb,Ultra Small Quad Core Fanless Industrial Edge Computer,CL210G-11,Industrial/Small Form Factor/CL200 Series/CL210G-11
CL210G-11-az92,Ultra Small Quad Core Fanless Industrial Edge Computer,CL210G-11,Industrial/Small Form Factor/CL200 Series/CL210G-11
Cleaver-Brooks-K300-PVT-0gkw,Cleaver-Brooks Karbon 300 PVT,,///
CLEEREMAN-NUVO-5501,Cleereman Rugged Intel Skylake Fanless Computer,Nuvo-5501,Rugged/Entry/Nuvo Series/Nuvo-5501
CL210G-11-ccsg,Ultra Small Quad Core Fanless Industrial Edge Computer,CL210G-11,Industrial/Small Form Factor/CL200 Series/CL210G-11
CFR-CL250,CL250 Ultra Small Fanless Industrial Edge Gateway,CL250,Industrial/Small Form Factor/CL200 Series/CL250
Christie ML350-40gc,Industrial Intel Broadwell Fanless NUC Computer,ML350G-10,Industrial/Gateway/ML300 Series/ML350G-10
CL210G-10-0wcf,Fanless Industrial USFF Edge Device w/ Dual LAN,,///
CL210G-10-04sk,Industrial USFF Edge Device w/ Dual LAN,CL210G-10,Industrial/Small Form Factor/CL200 Series/CL210G-10
CL210-ANTY-w44g,CL210-ANTY,CL210G-10,Industrial/Small Form Factor/CL200 Series/CL210G-10
CL210G-10-77n1,Fanless Industrial USFF Edge Device w/ Dual LAN,CL210G-10,Industrial/Small Form Factor/CL200 Series/CL210G-10
CarAtomMV101,Intel Atom MV101 Mini Automotive Computer,Industrial (Other),Industrial/Legacy Industrial/Legacy Industrial/Industrial (Other)
Caresyntax-FR202-PoE,Factor 202 Raspberry Pi Industrial Controller,FR202,Industrial/Small Form Factor/FR200 Series/FR202
CB-CL246G-VZW,CB-CL246G-VZW,CL210G-10,Industrial/Small Form Factor/CL200 Series/CL210G-10
CarIntelMV101-goss,LGX Intel MV101 Automotive System,Industrial (Other),Industrial/Legacy Industrial/Legacy Industrial/Industrial (Other)
AWL-HX500,OnLogic Helix 500 Intel Comet Lake Industrial Edge Computer,HX500,Industrial/Performance/HX500 Series/HX500
AWL-ML100G-31,AWL Fanless Industrial Intel Dawson Canyon NUC Computer,ML100G-31,Industrial/Entry/ML100 Series/ML100G-31
AWL-ML100G-31-UL,AWL UL Listed Fanless Industrial Intel Dawson Canyon NUC Computer,ML100G-31,Industrial/Entry/ML100 Series/ML100G-31
AWS-K700-SE-UL,Karbon 700 High-Performance Rugged Edge Computer,K700-SE,Rugged/Performance/K700 Series/K700-SE
AVCO-ML210G-10-8goo,Industrial Intel Bay Trail Fanless Computer,ML210G-10,Industrial/Gateway/ML200 Series/ML210G-10
AVBT-MC500,AvidBots MC500,MC510-50,Industrial/Fanned/MC500 Series/MC510-50
AMAROBO-ML600,Amazon Robotics ML600,ML600G-52,Industrial/Performance/ML600 Series/ML600G-52
ALTERG-CL100-c4og,AlterG CL100 v2,CL100,Industrial/Small Form Factor/CL100 Series/CL100
300061-01 / 1,Avidbots MC510,MC510-50,Industrial/Fanned/MC500 Series/MC510-50
416A-K700-SE,Adient - Karbon 700 High-Performance Rugged Edge Computer,K700-SE,Rugged/Performance/K700 Series/K700-SE
DX-1000,Cincoze Rugged 7th/6th Gen Intel Core High-Performance Compact Computer,DX-1000,Rugged/Mid Tier/DX Series/DX-1000
DS-1102-9w66,Cincoze Rugged Intel Skylake Fanless Computer with Dual Expansion,DS-1102,Rugged/Mid Tier/DS Series/DS-1102
DS-1102-DMLR-kcwk,Cincoze Rugged Intel Skylake Fanless Computer,,///
DRTI-DS-1301,Cincoze Rugged Intel 10th Gen Comet Lake Fanless Computer with PCI/PCIe,,///
DS-1101-s-g4sw-0o0g,Cincoze Rugged Intel Skylake Fanless Computer,,///
DS-1101-36ux,Cincoze Rugged Intel Skylake Fanless Computer with Expansion,,///
DS-1000-10-gkco,Cincoze Rugged Intel Haswell Fanless Computer,,///
DCCP847DYE-S,Commercial Intel NUC Computer with Sandy Bridge,Industrial (Other),Industrial/Legacy Industrial/Legacy Industrial/Industrial (Other)
CV-W115-P1001,"Cincoze Crystal 15.6"" Intel Bay Trail Industrial Panel PC",,///
CV-P2102-6ge4,Cincoze Intel Whiskey Lake Core i3/i5 Panel PC,CV-P2102,Panel/Cincoze Panel/P2000 Series/CV-P2102
CV-W121-P1001,"Cincoze Crystal 21.5"" Intel Bay Trail Industrial Panel PC",CV-P1001,Panel/Cincoze Panel/P1000 Series/CV-P1001
CV-P1001-sk08,Cincoze Intel Bay Trail Industrial Panel PC,CV-P1001,Panel/Cincoze Panel/P1000 Series/CV-P1001
CV-P2002-i3-0ggw,Cincoze P2002 Skylake i3-6100U Panel PC,CV-P2002,Panel/Cincoze Panel/P2000 Series/CV-P2002
DA-1000-cscs,Cincoze Rugged Ultra Compact Fanless Computer,,///
CV-Touch-108-BR1600,Cincoze Capacitive Industrial Touchscreen Display,,Components/Components/Components/
Core-MK100-NVR,1U Rackmount NVR Surveillance Computer,MK100 (Other),Server/1U & 1.5U Rackmount/MK100 Series/MK100 (Other)
Core-ML250CanusaRaid-40ww,ML250 Intel Core i3/i5/Celeron Fanless Industrial Computer,ML250 (Other),Industrial/Gateway/ML250 Series/ML250 (Other)
Core-ML250-sc0g,LGX ML250 Intel Celeron Fanless Industrial Computer,ML250 (Other),Industrial/Gateway/ML250 Series/ML250 (Other)
Core-ML-Shawcor-g8k8,ML250 Intel Core i3/i5/Celeron Fanless Industrial Computer,ML250 (Other),Industrial/Gateway/ML250 Series/ML250 (Other)
Core-ML250-0848,Industrial Intel Core Mini-ITX Computer,ML250 (Other),Industrial/Gateway/ML250 Series/ML250 (Other)
Core-ML300-gco0,LGX ML300 Fanless NUC Industrial Computer,ML300 (Other),Industrial/Gateway/ML300 Series/ML300 (Other)
Core-ML300-8ok4,Case Core-ML300,ML300 (Other),Industrial/Gateway/ML300 Series/ML300 (Other)
Core-MK100-oss0-ggwc,Intel Core 1U Rackmount Computer,MK100 (Other),Server/1U & 1.5U Rackmount/MK100 Series/MK100 (Other)
Core-MK150-Morton-o480,Intel Core 1.5U Rackmount Computer,MK150 (Other),Server/1U & 1.5U Rackmount/MK150 Series/MK150 (Other)
CNX-UBU-CL210G-11-coss,Cognex CL210G-11 with Ubuntu 18.04 Desktop,CL210G-11,Industrial/Small Form Factor/CL200 Series/CL210G-11
CNX-UBU-CL210G-11-WI,Cognex CL210G-11 with Ubuntu 18.04 Desktop (Without Image),CL210G-11,Industrial/Small Form Factor/CL200 Series/CL210G-11
CNX-K700-i7-w4oc-8048,Karbon 700 High-Performance Rugged Edge Computer,K700-SE,Rugged/Performance/K700 Series/K700-SE
CNX-K700-VSW-002,K700-X2 i5-9500 Win10 VPro WB (UL Pending),K700-X2,Rugged/Performance/K700 Series/K700-X2
CNX-WIN-CL210G-11W-gk04,Cognex CL210G-11 with Windows 10 IoT Enterprise 2016,,///
CNX-CL210G-11W-CT,Cognex CL210G-11 with Windows 10 IoT Enterprise 2016,,///
CBNC-MC500-gw0o,Canadian Bank Note Company MC500,,///
CBNC-MC500-i7,Canadian Bank Note Company MC500 - i7,,///
BMBR-ML250-8kwk,Bombardier ML250 Intel Core i5 Fanless Industrial Computer,ML200 (Other),Industrial/Gateway/ML200 Series/ML200 (Other)
BLUE-MK100-NF9G,Blue Origin MK100 NF9G,MK100 (Other),Server/1U & 1.5U Rackmount/MK100 Series/MK100 (Other)
BLUE-MK100B-51,Blue Origin Intel Skylake 1U Rackmount Computer,MK100B-51,Server/1U & 1.5U Rackmount/MK100 Series/MK100B-51
BODY-ML100G-52-LTE,Boston Dynamics ML100G-52 w/ WiFi & LTE,ML100G-52,Industrial/Entry/ML100 Series/ML100G-52
BOUM-MC510-AMD,Industrial Intel Coffee Lake Mini-ITX Computer,MC510-40,Industrial/Fanned/MC500 Series/MC510-40
BOSE600-52,Bose MC600-52,MC600-52,Industrial/Fanned/MC600 Series/MC600-52
Bosch-K804,OnLogic Karbon 804 High-Performance Rugged Computer w/ModBay & PCIe,K804,Rugged/Performance/K800 Series/K804
BLUE-ML100G-50,Blue Origin ML100G-50,ML100G-50,Industrial/Entry/ML100 Series/ML100G-50
AU910-OS-ck4o,Prism Auto AU910,Rugged (Other),Rugged/Legacy Rugged/Legacy Rugged/Rugged (Other)
AU970-oggg,Rugged Intel Ivy Bridge Fanless Computer,Rugged (Other),Rugged/Legacy Rugged/Legacy Rugged/Rugged (Other)
atom-ML250-RAID1-o4ok,atom-ML250-RAID1,ML250 (Other),Industrial/Gateway/ML250 Series/ML250 (Other)
AU957-gc4c,Custom: ST AU957,Rugged (Other),Rugged/Legacy Rugged/Legacy Rugged/Rugged (Other)
AU950XPTomra-88ks,AU950 Series Intel Sandy Bridge Fanless Rugged Computer,Rugged (Other),Rugged/Legacy Rugged/Legacy Rugged/Rugged (Other)
AU115-S-4ws4,LGX AU115 Atom N270 Fanless Extended Temperature Computer,Rugged (Other),Rugged/Legacy Rugged/Legacy Rugged/Rugged (Other)
AU970-wss8,Rugged Intel Ivy Bridge Fanless Computer,Rugged (Other),Rugged/Legacy Rugged/Legacy Rugged/Rugged (Other)
ALPINE-DS-1001-W10,Alpine DS-1001 w/ Windows 10,DS-1001,Rugged/Mid Tier/DS Series/DS-1001
ADT-ML500G-50,Fanless Industrial Intel 6th Gen Computer w/optional i7,ML500G-50,Industrial/Performance/ML500 Series/ML500G-50
ADT-ML100G-31-EU,Fanless Industrial Intel Dawson Canyon NUC Computer,ML100G-31,Industrial/Entry/ML100 Series/ML100G-31
ADT-ML500G-50-EU,Fanless Industrial Intel 6th Gen Computer w/optional i7,ML500G-50,Industrial/Performance/ML500 Series/ML500G-50
ALPINE-DS-1001-osko,Alpine DS-1001,,///
1VLT-NUC7i3-cz90,1VLT-NUC7i3,,Components/Motherboard Kits/NUC Series/
208639-R4-748e,Cymer iBox210,,///
DWLL-MC500,dwellingLIVE MC500,,///
DWYK-S,Commercial Intel NUC Computer with Haswell,Industrial (Other),Industrial/Legacy Industrial/Legacy Industrial/Industrial (Other)
DS-1100-S,Cincoze Rugged Intel Skylake Fanless Computer,DS-1100,Rugged/Mid Tier/DS Series/DS-1100
DX-1000-0g4w,Cincoze Rugged Intel 6th/7th Gen Compact Fanless Computer,,///
DX-1000-44ok,Cincoze Rugged Intel 6th/7th Gen Compact Fanless Computer,,///
DS-1100-S-k8cc,Cincoze Rugged Intel Skylake Fanless Computer,,///
DS-1100-S-gk88,Cincoze Rugged Intel Skylake Fanless Computer,,///
DS-1100-S-os4o,Cincoze Rugged Intel Skylake Fanless Computer,,///
DS-1100-S-ow48,Cincoze Rugged Intel Skylake Fanless Computer,,///
ds-1100-s-k8og,Cincoze Rugged Intel Skylake Fanless Computer,,///
DS-1100-S-cskk,Cincoze Rugged Intel Skylake Fanless Computer,DS-1100,Rugged/Mid Tier/DS Series/DS-1100
DS-1100-s-g4sw-g4go,Cincoze Rugged Intel Skylake Fanless Computer,,///
DS-1100-S-gs4o-s8k8,Cincoze Rugged Intel Skylake Fanless Computer,,///
DS-1100-PRPH,DS-1100-PRPH,,///
DA-1000-VERSA-ssw0,Cincoze Rugged Ultra Compact Fanless Computer,,///
DC53427HYE-S,Commercial Intel NUC Computer with Core i5,Industrial (Other),Industrial/Legacy Industrial/Legacy Industrial/Industrial (Other)
DC3217IYE-S,Commercial Intel NUC Computer with Core i3,Industrial (Other),Industrial/Legacy Industrial/Legacy Industrial/Industrial (Other)
DA-1100-b8j3,Cincoze Rugged Apollo Lake Ultra Compact Fanless Computer,,///
DA-1000-wg8s,Cincoze Rugged Ultra Compact Fanless Computer,,///
DC-1200-skok,Rugged Cincoze Intel Apollo Lake Compact Fanless Computer,,///
DA-1000-s5jn,Cincoze Rugged Ultra Compact Fanless Computer,DA-1000,Rugged/Entry/DA Series/DA-1000
CV-112H-P1001,"Cincoze Crystal 12.1"" High Res Intel Bay Trail Industrial Panel PC",,///
CV-112-P1001,"Cincoze Crystal 12.1"" Industrial Panel PC",P1001,Rugged/Entry/P1000 Series/P1001
CV-112-P1001-ocos,"Cincoze Crystal 12.1"" Industrial Panel PC",,///
cv-112-p1001-4ssw,"Cincoze Crystal 12.1"" Industrial Panel PC",,///
Core-MC500Spirae-cgog,MC500 Intel Core Embedded Mini Computer,MC500 (Other),Industrial/Fanned/MC500 Series/MC500 (Other)
Core-MC600,Commercial Intel Core Computer with Expansion,MC600 (Other),Industrial/Fanned/MC600 Series/MC600 (Other)
Core-MC600-k008,Commercial Intel Core Computer with Expansion,MC600 (Other),Industrial/Fanned/MC600 Series/MC600 (Other)
Core-MC600-c4g0-4ck4,OnLogic Compact Intel i5 Computer with Expansion,MC600-50,Industrial/Fanned/MC600 Series/MC600-50
Core-MC600-4o4g,Commercial Intel Core Computer with Expansion,MC600 (Other),Industrial/Fanned/MC600 Series/MC600 (Other)
Core-MC600-08k8,OnLogic Compact Intel Core i Computer with Expansion,MC600-50,Industrial/Fanned/MC600 Series/MC600-50
Core-MC600-ckk8,Commercial Intel Core Computer with Expansion,MC600 (Other),Industrial/Fanned/MC600 Series/MC600 (Other)
Core-MC600-gs40,Commercial Intel Core Computer with Expansion,MC600 (Other),Industrial/Fanned/MC600 Series/MC600 (Other)
Core-MC500-Sensen-wso0,MC500 Intel Core Embedded Mini Computer,,///
CL210G-11-wcg8,Ultra Small Quad Core Fanless Industrial Edge Computer,CL210G-11,Industrial/Small Form Factor/CL200 Series/CL210G-11
CL210G-11-wnri,Ultra Small Quad Core Fanless Industrial Edge Computer,CL210G-11,Industrial/Small Form Factor/CL200 Series/CL210G-11
CL210G-11-myx0,Ultra Small Quad Core Fanless Industrial Edge Computer,CL210G-11,Industrial/Small Form Factor/CL200 Series/CL210G-11
CL210G-10-1w0l,Fanless Industrial USFF Edge Device w/ Dual LAN,CL210G-10,Industrial/Small Form Factor/CL200 Series/CL210G-10
CL210G-11-rxp0,Ultra Small Quad Core Fanless Industrial Edge Computer,CL210G-11,Industrial/Small Form Factor/CL200 Series/CL210G-11
CL210G-11-swck,Ultra Small Quad Core Fanless Industrial Edge Computer,,///
cl210g-10-c8ow,Industrial USFF Edge Device w/ Dual LAN,CL210G-10,Industrial/Small Form Factor/CL200 Series/CL210G-10
CL210G-11-q24q,Ultra Small Quad Core Fanless Industrial Edge Computer,,///
CL210G-11-o04o,Ultra Small Quad Core Fanless Industrial Edge Computer,CL210G-11,Industrial/Small Form Factor/CL200 Series/CL210G-11
CBNC-MC500,Canadian Bank Note Company MC500,MC500-30,Industrial/Fanned/MC500 Series/MC500-30
CBNC-MC510-55-W11,CBN Next Gen Prototype- Industrial Intel Core Mini-ITX Computer,MC510-55,Industrial/Fanned/MC500 Series/MC510-55
CBNC-MC510-55-W10-i3-FrontEnd-PROTO,CBN Next Gen Prototype- Industrial Intel Core Mini-ITX Computer,MC510-55,Industrial/Fanned/MC500 Series/MC510-55
CBNC-MC500-W10,Canadian Bank Note Company MC500 Windows 10,MC500-30,Industrial/Fanned/MC500 Series/MC500-30
CBNC-MC500-W10-V2-00w4,Canadian Bank Note Gen 2 Workstation Prototype,,///
CBNC-MC510-W10-v2,Industrial Intel Coffee Lake Mini-ITX Computer,MC510-10,Industrial/Fanned/MC500 Series/MC510-10
BLRI-MC610-50,Industrial Intel Coffee Lake Mini-ITX Expandable Computer,MC610-50,Industrial/Fanned/MC600 Series/MC610-50
Atom-MK100-owg8,MK100 Intel Atom 1U Mini Rackmount Computer,MK100 (Other),Server/1U & 1.5U Rackmount/MK100 Series/MK100 (Other)
Atom-MK100-s8so,ACL MK100,MK100 (Other),Server/1U & 1.5U Rackmount/MK100 Series/MK100 (Other)
AMW-ML510G-50,Compact Fanless Industrial Coffee Lake Computer,ML510G-50,Industrial/Performance/ML500 Series/ML510G-50
AMZNLogistics-2U-MidTierServer-PROTO-3,Amazon Logistics 2U Server - Mid Tier,,///
AMZN-HX511-LVM,OnLogic Helix 511 Fanless Intel 12th Gen Edge Computer,HX511,Industrial/Performance/HX500 Series/HX511
AoL-ML100G-30,Age of Learning ML100G-30,ML100G-30,Industrial/Entry/ML100 Series/ML100G-30
Atom-MC500-0sk4,Unbranded MC500 Prototype with European LTE,MC500 (Other),Industrial/Fanned/MC500 Series/MC500 (Other)
ADUSA-CL100-0w8g,Ultra Compact Fanless 4K Media Player,CL100,Industrial/Small Form Factor/CL100 Series/CL100
ADUSA-AG960,ADUSA AG960 Industrial Computer,NC200 (Other),Industrial/Legacy Industrial/NC200 Series/NC200 (Other)
ADUSA-CL100-WIFI,ADUSA CL100 WiFi,CL100,Industrial/Small Form Factor/CL100 Series/CL100
ADUSA-ML100,ADUSA ML100,ML100G-30,Industrial/Entry/ML100 Series/ML100G-30
AEI-DA-1100-Embedded,AEI DA-1100 Embedded configuration,DA-1100,Rugged/Entry/DA Series/DA-1100
ADT-ML510G-50-IMG-EU,Adient - ML510G-50 FAM Tester with Custom Software Image,,///
ADT-ML510G-50-WiFi,"Adient - ML510G-50 with Intel i5 CPU, WiFi, and 2x COM",ML510G-50,Industrial/Performance/ML500 Series/ML510G-50
DutchDom-Atom-MK150(D)-w4os,Single UAS Information Server,MK150B-52,Server/1U & 1.5U Rackmount/MK150 Series/MK150B-52
DUKE-ML500G-30-2LAN,Duke Energy Industrial Intel 6th Gen Fanless Computer with 2 LAN,ML500G-30,Industrial/Performance/ML500 Series/ML500G-30
DutchDom-Atom-MC500-w0o4,Commercial Intel Atom Mini-ITX Computer,,///
DWL-MC500-51-sswk,Industrial Intel Skylake Mini-ITX Computer,MC500-51,Industrial/Fanned/MC500 Series/MC500-51
DETECT-K700-SE-RADAR,"Detect, Inc. Karbon 700 High-Performance Rugged Edge Computer (Radar configuration)",K700-SE,Rugged/Performance/K700 Series/K700-SE
DATA-AC101-DRR1,OnLogic Axial AC101 Rackmount Edge Server,AC101,Server/1U & 1.5U Rackmount/Axial Series/AC101
DATA-DA-1100-LAN-oisj,Cincoze Rugged Apollo Lake Ultra Compact Fanless Computer,DA-1100,Rugged/Entry/DA Series/DA-1100
DATA-DA-1100-R01,Cincoze Rugged Apollo Lake Ultra Compact Fanless Computer,DA-1100,Rugged/Entry/DA Series/DA-1100
DATA-DA-1100-R02,ACS Ultra Compact Fanless Controller with QR Label,DA-1100,Rugged/Entry/DA Series/DA-1100
D210-11KS-fzbh,Mitac 21.5” Thin Industrial Panel PC,D210-11KS,Panel/Mitac Panel/D Series/D210-11KS
d210-11ks-44yu,Mitac 21.5” Thin Industrial Panel PC,D210-11KS,Panel/Mitac Panel/D Series/D210-11KS
DATALOGIC-CL250,CL250 Ultra Small Fanless Industrial Edge Gateway,CL250,Industrial/Small Form Factor/CL200 Series/CL250
Datron-ML450-CAN-oo44,Industrial Intel Skylake Mini-ITX Computer,ML400G-51,Industrial/Performance/ML400 Series/ML400G-51
DATA-K801-V01-0wxa,OnLogic Karbon 801 Low-Profile High-Performance Rugged Computer,,///
Core-C292,Commercial Intel Core Computer with Single Expansion,Industrial (Other),Industrial/Legacy Industrial/Legacy Industrial/Industrial (Other)
Core-C292-4sck,Sterling C292,Industrial (Other),Industrial/Legacy Industrial/Legacy Industrial/Industrial (Other)
Core-ML320-s8k8,ML320 Fanless Haswell NUC Industrial Computer,ML300 (Other),Industrial/Gateway/ML300 Series/ML300 (Other)
Core-ML320-w0ks,ML320 Fanless Haswell NUC Industrial Computer,ML300 (Other),Industrial/Gateway/ML300 Series/ML300 (Other)
Core-JC111,Commercial Intel Core Expandable Low Profile Computer,Industrial (Other),Industrial/Legacy Industrial/Legacy Industrial/Industrial (Other)
Core-MC500-4cw4,MC500 Intel Core Embedded Mini Computer,MC500-30,Industrial/Fanned/MC500 Series/MC500-30
Core-MC500-cc8o,MC500 Intel Core Embedded Mini Computer,,///
Core-ML320UPSLunarlineORange-040s,ML320 Fanless Haswell NUC Industrial Computer,ML300 (Other),Industrial/Gateway/ML300 Series/ML300 (Other)
Core-MC500-ck0k,MC500 Intel Core Embedded Mini Computer,MC500 (Other),Industrial/Fanned/MC500 Series/MC500 (Other)
CL25-FR201+2-22xp,CL250 Ultra Small Fanless Industrial Edge Gateway,FR201,Industrial/Small Form Factor/FR200 Series/FR201
CLBR-CL200G-10-A,Fanless Industrial USFF Edge Device,CL200G-10,Industrial/Small Form Factor/CL200 Series/CL200G-10
CL210G-11-wbdh,Ultra Small Quad Core Fanless Industrial Edge Computer,CL210G-11,Industrial/Small Form Factor/CL200 Series/CL210G-11
CL210G-i254,Ultra Small Quad Core Fanless Industrial Edge Computer,CL210G-10,Industrial/Small Form Factor/CL200 Series/CL210G-10
CL210G-11-v8gj,Ultra Small Quad Core Fanless Industrial Edge Computer,CL210G-11,Industrial/Small Form Factor/CL200 Series/CL210G-11
CC-MAX-K300-arhb,Carrier Corp - Karbon 300 Compact Rugged Computer,,///
AXIS-K410-D1,Karbon 410 Intel Elkhart Lake Compact Rugged Computer,K410,Rugged/Entry/K400 Series/K410
Ax-M_v6.0.4-US,Fanless Industrial USFF Edge Device w/ Dual LAN,CL210G-11,Industrial/Small Form Factor/CL200 Series/CL210G-11
Ax-M_v5.5.1-US,Fanless Industrial USFF Edge Device w/ Dual LAN,CL210G-10,Industrial/Small Form Factor/CL200 Series/CL210G-10
Ax-M_v6.2.1-EU,OnLogic Helix 330 Intel Elkhart Lake Industrial Edge Computer w/Additional LAN,,///
Ax-M_v5.3.2,Fanless Industrial USFF Edge Device w/ Dual LAN,CL210G-11,Industrial/Small Form Factor/CL200 Series/CL210G-11
AWS-ML350G-10-D2,Low Profile Fanless Industrial Computer With Apollo Lake,,///
Ax-M-US-CL210G-11-RS,Ax-M US Quad Core Fanless Industrial Edge Device w/ Dual LAN (Pre-configured),CL210G-11,Industrial/Small Form Factor/CL200 Series/CL210G-11
AWS-MK100B-12-0k44,AWS Apollo Lake 1U Rackmount Computer w/ Ignition,,///
AWS-MK100B-12-ENG,AWS Apollo Lake 1U Rackmount Computer w/ Ignition - Prototype,,///
Axxon-DS-1100-8840,Cincoze Rugged Intel Skylake Fanless Computer,,///
ALPINE-P2002,Cincoze Intel Skylake Core i5 Panel PC,P2002,Rugged/Entry/P2000 Series/P2002
AL-CiMK100-cow4,Autolog Core i Mobile MK100 1U Rackmount Computer,MK100 (Other),Server/1U & 1.5U Rackmount/MK100 Series/MK100 (Other)
ag150-ookg,Custom LGX AG150 Intel Atom Fanless Mini Industrial Computer,ML200 (Other),Industrial/Gateway/ML200 Series/ML200 (Other)
DX-1000-gsw4,Cincoze Rugged Intel 6th/7th Gen Compact Fanless Computer,,///
DX-1000-kcwg,Cincoze Rugged Intel 6th/7th Gen Compact Fanless Computer,,///
DX-1000-ks0s,Cincoze Rugged Intel 6th/7th Gen Compact Fanless Computer,,///
DS-1201-k4oo,Cincoze Rugged Intel Coffee Lake Fanless Computer with Expansion,,///
DS-1200-m953,Cincoze Rugged Intel Coffee Lake Fanless Computer,,///
DS-1200-2yyk,Cincoze Rugged Intel Coffee Lake Fanless Computer,DS-1200,Rugged/Mid Tier/DS Series/DS-1200
DS-1201-so8k,Cincoze Rugged Intel Coffee Lake Fanless Computer with Expansion,,///
DI-1000,Cincoze Rugged Intel Skylake Compact Fanless Computer,DI-1000,Rugged/Mid Tier/DI Series/DI-1000
DGT-MV101-gs00,MV101 Automotive Mini-ITX Case Kit,Industrial (Other),Industrial/Legacy Industrial/Legacy Industrial/Industrial (Other)
DECO-CL250-920303,CL250 Ultra Small Fanless Industrial Edge Gateway,CL250,Industrial/Small Form Factor/CL200 Series/CL250
DI-1000-gk4w,Cincoze Diamond Intelligent Rugged Fanless Computer,,///
DI-1000-0wgw,Cincoze Rugged Intel Skylake Compact Fanless Computer,,///
DEDR-K802-mv5l,OnLogic Karbon 802 High-Performance Rugged Computer w/ModBay,,///
CV-117R-P1001-00gs,"Cincoze Crystal 17"" Industrial Panel PC",,///
CV-119-P1001-08cg,"Cincoze Crystal 19"" Industrial Panel PC",,///
CV-P1101-vo9u,Cincoze Rugged Panel PC,CV-P1101,Panel/Cincoze Panel/P1000 Series/CV-P1101
CV-P1101-xek7,Cincoze Rugged Panel PC,CV-P1101,Panel/Cincoze Panel/P1000 Series/CV-P1101
CS-119C-M1001-w0wg,Whitewater West CS-119C-M1001,,Components/Components/Components/
CV-115C-P1001-c80c,"Cincoze Crystal 15"" Intel Bay Trail Industrial Panel PC",,///
CV-119-P1001-w4g0,"Cincoze Crystal 19"" Industrial Panel PC",,///
COPR-CL210G-10,Fanless Industrial USFF Edge Device w/ Dual LAN,CL210G-10,Industrial/Small Form Factor/CL200 Series/CL210G-10
COLL-MK100B-54,Collins Aerospace - 1U Rackmount Intel Xeon E Edge Server,MK100B-54,Server/1U & 1.5U Rackmount/MK100 Series/MK100B-54
CL210G-11-0w8o,Ultra Small Quad Core Fanless Industrial Edge Computer with Ignition,,///
CL210G-11-0wg0,Ultra Small Quad Core Fanless Industrial Edge Computer,CL210G-11,Industrial/Small Form Factor/CL200 Series/CL210G-11
CL210G-11-4j3d,Ultra Small Quad Core Fanless Industrial Edge Computer,CL210G-11,Industrial/Small Form Factor/CL200 Series/CL210G-11
CL210G-10-o4ko,Industrial USFF Edge Device w/ Dual LAN,CL210G-10,Industrial/Small Form Factor/CL200 Series/CL210G-10
CL210G-10-cck4,Fanless Industrial USFF Edge Device w/ Dual LAN,CL210G-10,Industrial/Small Form Factor/CL200 Series/CL210G-10
CL210G-10-suas,Fanless Industrial USFF Edge Device w/ Dual LAN,CL210G-10,Industrial/Small Form Factor/CL200 Series/CL210G-10
CL210G-10-f0zz,Fanless Industrial USFF Edge Device w/ Dual LAN,CL210G-10,Industrial/Small Form Factor/CL200 Series/CL210G-10
CL210G-10-f9tl,Fanless Industrial USFF Edge Device w/ Dual LAN,,///
CL210G-10-ckkk,Fanless Industrial USFF Edge Device w/ Dual LAN,CL210G-10,Industrial/Small Form Factor/CL200 Series/CL210G-10
CL210G-10-cc8w,Industrial USFF Edge Device w/ Dual LAN,CL210G-10,Industrial/Small Form Factor/CL200 Series/CL210G-10
CL210G-10-RS-ado0,Fanless Industrial USFF Edge Device w/ Dual LAN (Pre-configured),CL210G-10,Industrial/Small Form Factor/CL200 Series/CL210G-10
CL210G-11-00ks,Ultra Small Quad Core Fanless Industrial Edge Computer,CL210G-11,Industrial/Small Form Factor/CL200 Series/CL210G-11
CL210G-11-4s84,Ultra Small Quad Core Fanless Edge Computer,CL210G-11,Industrial/Small Form Factor/CL200 Series/CL210G-11
BGTN-POC-351VTC,Brigantine Consulting - Neousys Rugged Compact Intel Apollo Lake In-Vehicle Computer,,///
BHT-CiD MC50-04ww,Baobab Health Trust Custom Core i5 Mini-ITX Computer,,///
BHT-Core-JC111,Baobab Health Trust Custom Core i5 Mini-ITX Computer,,Industrial/Fanned/Other/
BHT-Core-JC111-8ws4,Baobab Health Trust Custom Core i5 Mini-ITX Computer,Industrial (Other),Industrial/Legacy Industrial/Legacy Industrial/Industrial (Other)
Betfred-FR201,Factor 201 Raspberry Pi Industrial IoT Gateway,FR201,Industrial/Small Form Factor/FR200 Series/FR201
BRHE-K300-IGN200-LTE-PoE,"Rugged Edge Computer with Ignition Software, LTE, and PoE",K300 (IGN200),Rugged/Entry/K300 Series/K300 (IGN200)
BPCY-ML350G-10,Blackpoint Cyber NICOS Module,ML350G-10,Industrial/Gateway/ML300 Series/ML350G-10
Atom-C292,Commercial Intel Atom Computer with Single Expansion,Industrial (Other),Industrial/Legacy Industrial/Legacy Industrial/Industrial (Other)
Atom-M350-0k4o,Custom: Intel Atom D525 M350 Mini Embedded Computer,Industrial (Other),Industrial/Legacy Industrial/Legacy Industrial/Industrial (Other)
Atom-M350,Commercial Intel Atom Expandable Computer,Industrial (Other),Industrial/Legacy Industrial/Legacy Industrial/Industrial (Other)
ARDENNAISv2-Pro-wsk0,Pwnie Express Ardennais Pro Prototype,ML300 (Other),Industrial/Gateway/ML300 Series/ML300 (Other)
ARCE-MC500-808s,ArcelorMittal MC500 Server System,,///
Atom-5677-48s0,SolidLogic Intel Atom 5677 Mini Industrial Computer,Industrial (Other),Industrial/Legacy Industrial/Legacy Industrial/Industrial (Other)
Atom-GW-01,SolidLogic Intel Atom GW-01 Fanless Rugged Waterproof PC,Industrial (Other),Industrial/Legacy Industrial/Legacy Industrial/Industrial (Other)
Atom-5677-sc0o,Custom SolidLogic Intel Atom 5677 Mini Industrial Computer,Industrial (Other),Industrial/Legacy Industrial/Legacy Industrial/Industrial (Other)
Atom-JC111FW-ck4c,SolidLogic Intel Atom JC-111 DVR,Industrial (Other),Industrial/Legacy Industrial/Legacy Industrial/Industrial (Other)
DS-1100-S-0woc,Cincoze Rugged Intel Skylake Fanless Computer,,///
DS-1100-S-40cs,Cincoze Rugged Intel Skylake Fanless Computer,,///
DLPH-1101-r1-440g,Cincoze Rugged Intel Skylake Fanless Computer,,///
Diez-Nuvo-5095GC-800s,Nuvo-5095GC 6th Gen Rugged Platform with Optional GPU,,///
DE-1002,Cincoze Rugged Intel Atom Computer with Dual Expansion,,///
DE7000-ckgo,Custom: AOpen DE7000 Digital Engine Barebone,Industrial (Other),Industrial/Legacy Industrial/Legacy Industrial/Industrial (Other)
DBOX-ML210_r01-0wsw,D-Box ML210 r01,ML210G-10,Industrial/Gateway/ML200 Series/ML210G-10
DE-1001-wkso,Cincoze Rugged Intel Atom Fanless Computer with Expansion,,///
CV-110HC-M1001-gwgw,CH-110HC with M1001 Module,,///
CV-100C,Cincoze Crystal Industrial Panel PC,CV-P1001,Panel/Cincoze Panel/P1000 Series/CV-P1001
CV-100C-M1001-co08,Cincoze Capacitive or Resistive Industrial Touchscreen,,///
CV-100C-M1001-USCIS-c840,Cincoze Capacitive Industrial Touchscreen Display,,Components/Components/Components/
CV-100C-M1001-wcgk,Cincoze Capacitive Industrial Touchscreen Display,,///
Core-MC600-okkg,OnLogic Compact Intel Core i Computer with Expansion,MC600-50,Industrial/Fanned/MC600 Series/MC600-50
Core-MC600-o04c,Commercial Intel Core Computer with Expansion,MC600 (Other),Industrial/Fanned/MC600 Series/MC600 (Other)
Core-MC600-cwwc,Dividia Core-MC600,MC600 (Other),Industrial/Fanned/MC600 Series/MC600 (Other)
Core-MC600-MiniDis-w8o0,Core MC600 with 4 Mini Display Ports,MC600 (Other),Industrial/Fanned/MC600 Series/MC600 (Other)
Core-MK100-84k4,Intel Core 1U Rackmount Computer,MK100 (Other),Server/1U & 1.5U Rackmount/MK100 Series/MK100 (Other)
CL210G-11-888w,Ultra Small Quad Core Fanless Edge Computer,CL210G-11,Industrial/Small Form Factor/CL200 Series/CL210G-11
CL210G-11-88cg,Ultra Small Quad Core Fanless Industrial Edge Computer,CL210G-11,Industrial/Small Form Factor/CL200 Series/CL210G-11
CL210G-11-8fy8,Ultra Small Quad Core Fanless Industrial Edge Computer,CL210G-11,Industrial/Small Form Factor/CL200 Series/CL210G-11
CL210G-11-f4db,Ultra Small Quad Core Fanless Industrial Edge Computer,,///
CL210G-11-8gck,Ultra Small Quad Core Fanless Industrial Edge Computer,CL210G-11,Industrial/Small Form Factor/CL200 Series/CL210G-11
CL210G-11-8ibu,Ultra Small Quad Core Fanless Industrial Edge Computer,CL210G-11,Industrial/Small Form Factor/CL200 Series/CL210G-11
CL210G-11-9fez,Ultra Small Quad Core Fanless Industrial Edge Computer,CL210G-11,Industrial/Small Form Factor/CL200 Series/CL210G-11
CL210g-11-gc0o,Cognex CL210G-11 with 128GB SSD,CL210G-11,Industrial/Small Form Factor/CL200 Series/CL210G-11
CL210G-11-RS-0mpc,Quad Core Fanless Industrial Edge Device w/ Dual LAN (Pre-configured),CL210G-11,Industrial/Small Form Factor/CL200 Series/CL210G-11
CL210G-11-RS-f5o0,Quad Core Fanless Industrial Edge Device w/ Dual LAN (Pre-configured),,///
CL210G-11-ck0o,Industrial USFF Edge Device w/ Dual LAN,CL210G-11,Industrial/Small Form Factor/CL200 Series/CL210G-11
CC150,Internet of Things Gateway with Candi® IoT Server,ML200 (Other),Industrial/Gateway/ML200 Series/ML200 (Other)
CL100-rae0,Fanless Industrial Mini PC,CL100,Industrial/Small Form Factor/CL100 Series/CL100
CL100-SR,CL100 Industrial Fanless Mini PC - Ship-Ready,CL100,Industrial/Small Form Factor/CL100 Series/CL100
CL100-oo4w,Industrial Fanless Mini PC,CL100,Industrial/Small Form Factor/CL100 Series/CL100
CL100-Singlewire-FS1-wokw,Industrial Fanless Mini PC,CL100,Industrial/Small Form Factor/CL100 Series/CL100
CL100-nu7d,Fanless Industrial Mini PC,CL100,Industrial/Small Form Factor/CL100 Series/CL100
BWDG-ML210G-12,Industrial Intel Braswell Fanless Computer with Dual Gb LAN,ML210G-12,Industrial/Gateway/ML200 Series/ML210G-12
BWDG-ML210G-12-V5-kkso,Industrial Intel Braswell Fanless Computer with Dual Gb LAN,ML210G-12,Industrial/Gateway/ML200 Series/ML210G-12
Atom-ML250-o8wg,Baker ML250 with Raid 1,ML250 (Other),Industrial/Gateway/ML250 Series/ML250 (Other)
Atom-ML310,Industrial Fanless Intel Atom NUC Computer,ML300 (Other),Industrial/Gateway/ML300 Series/ML300 (Other)
Atom-MC600,Commercial Intel Atom Computer with Expansion,MC600 (Other),Industrial/Fanned/MC600 Series/MC600 (Other)
Atom-MK100-w088,Valcom MK100,MK100 (Other),Server/1U & 1.5U Rackmount/MK100 Series/MK100 (Other)
AMTK-ML340G-51,Ametek - Low Profile Fanless Industrial Skylake Computer,ML340G-51,Industrial/Gateway/ML300 Series/ML340G-51
AMW-CL100,American Woodmark CL100,CL100,Industrial/Small Form Factor/CL100 Series/CL100
AG150,Industrial Fanless Intel Atom Computer,ML200 (Other),Industrial/Gateway/ML200 Series/ML200 (Other)
AMW-ML350G-10,Low Profile Fanless Industrial Computer With Apollo Lake,ML350G-10,Industrial/Gateway/ML300 Series/ML350G-10
AMW-ML500G-51-8sks,Industrial Intel 8th Gen Fanless Computer w/optional i7,ML500G-51,Industrial/Performance/ML500 Series/ML500G-51
ag150-84ok,Custom: LGX AG150 Intel Atom Fanless Mini Industrial Computer,ML200 (Other),Industrial/Gateway/ML200 Series/ML200 (Other)
AGC-CL210G-11-V2-kh1j,AGC Program - Ultra Small Quad Core Fanless Industrial Edge Computer V2,CL210G-11,Industrial/Small Form Factor/CL200 Series/CL210G-11
ABB-K300-4G-HVP-250,Hitachi ABB Compact Rugged Gateway – 4G Only - HVP-250,K300,Rugged/Entry/K300 Series/K300
ABC_Atom-MC500-c4sk,ABC Warehouse MC500 Atom Mini-ITX Computer,Industrial (Other),Industrial/Legacy Industrial/Legacy Industrial/Industrial (Other)
ABC-ML100G-31,Fanless Industrial Intel Dawson Canyon NUC Computer,ML100G-31,Industrial/Entry/ML100 Series/ML100G-31
DTS-CT100-10,Intel Celeron Open Case Kiosk Computer,,Components/Components/Components/
DS-1002,Cincoze Rugged Intel Haswell Computer with Dual Expansion,DS-1002,Rugged/Mid Tier/DS Series/DS-1002
DS-1000-TECS-w8wc,Cincoze Rugged Intel Haswell Fanless Computer,,///
DS-1002-50-k8wc,Cincoze Rugged Intel Haswell Computer with Dual Expansion,,///
DS-1001-30-w8c4,Cincoze Rugged Intel Haswell Fanless Computer with Expansion,,///
DS-1000-cssw,Custom CCS America Cincoze DS-1000P,,///
DCP847SKEKIT-sw0c,Intel DCP847SKE Mainboard Kit,Industrial (Other),Industrial/Legacy Industrial/Legacy Industrial/Industrial (Other)
CTC-DE-1000v1,Corvallis Tool DE-1000 v1,DE-1000,Rugged/Mid Tier/DE Series/DE-1000
CST-Nuvis-3304-wsog,Nuvis-3304 HM76 Core i Fanless Computer,,///
CT100-Photobooth-0swg,High Performance Intel Skylake Kiosk Motherboard Kit,,Components/Components/Components/
CTDI-D210-11KS,Mitac 21.5” Thin Industrial Panel PC,D210-11KS,Panel/Mitac Panel/D Series/D210-11KS
CSTAtom-ML400-4g88,Custom Atom ML400 Fanless Mini-ITX System,ML400 (Other),Industrial/Performance/ML400 Series/ML400 (Other)
CT100skycop-04wk,CT100skycop,,Components/Components/Components/
CKT110,CKT110 Connect Kit by OnLogic,K300 (CKT110),Rugged/Entry/K300 Series/K300 (CKT110)
CL100-0rlk,Fanless Industrial Mini PC,CL100,Industrial/Small Form Factor/CL100 Series/CL100
CL100-gcgw,Industrial Fanless Mini PC,CL100,Industrial/Small Form Factor/CL100 Series/CL100
CL100-gk0o,Industrial Fanless Mini PC,CL100,Industrial/Small Form Factor/CL100 Series/CL100
CFP-ML100G-10-gkcg,Industrial Intel Bay Trail Fanless NUC Computer,ML100G-10,Industrial/Entry/ML100 Series/ML100G-10
CL100-ck0c,Fanless Industrial Mini PC,CL100,Industrial/Small Form Factor/CL100 Series/CL100
CL100-8w48,Industrial Fanless Mini PC,CL100,Industrial/Small Form Factor/CL100 Series/CL100
CL100-1vmw,Fanless Industrial Mini PC,,///
BRNY-MK100B-51,Breakfast NY MK100B-51,MK100B-51,Server/1U & 1.5U Rackmount/MK100 Series/MK100B-51
BRUK-K802-UL,OnLogic Karbon 802 High-Performance Rugged Computer w/ModBay,,///
BRX-CL250,BRX-CL250 Industrial Edge Gateway by OnLogic,CL250,Industrial/Small Form Factor/CL200 Series/CL250
BWDG-HX500-i3,BW Helix 500 Industrial Edge Computer,HX500,Industrial/Performance/HX500 Series/HX500
BTSBIOGAS-ML600G-52,BTS Biogas - Industrial Fanless Intel Skylake Computer,ML600G-52,Industrial/Performance/ML600 Series/ML600G-52
BRYXDEV-MK100-8wcs,Intel Haswell 1U Rackmount Computer,MK100B-50,Server/1U & 1.5U Rackmount/MK100 Series/MK100B-50
APS-DS1102,Applied Physical Sciences DS-1102,DS-1102,Rugged/Mid Tier/DS Series/DS-1102
APGprodPCI,Oldcastle Nuvo-3003 PCI,Nuvo-3000,Rugged/Legacy Rugged/Nuvo Series/Nuvo-3000
AppliedData_JBCF532,Fanless Bay Trail Celeron PC,Industrial (Other),Industrial/Legacy Industrial/Legacy Industrial/Industrial (Other)
AC101-e6tu,AC101 OnLogic Industrial 1U Edge Server,AC101,Server/1U & 1.5U Rackmount/Axial Series/AC101
HYTROL-TC401R,HYTROL-TC401R - OnLogic Tacton TC401 Intel 12th Gen All-in-one Panel PC,TC401,Panel/OnLogic Panel/Tacton Series/TC401
ASNT-TC401R-01,OnLogic Tacton TC401 Intel 12th Gen All-in-one Panel PC,TC401,Panel/OnLogic Panel/Tacton Series/TC401
TAC-TC401R-12,TAC Insight OnLogic Tacton TC401 Intel 12th Gen All-in-one Panel PC,TC401,Panel/OnLogic Panel/Tacton Series/TC401
CLAR-TC401R,Clarity - OnLogic Tacton TC401 Intel 12th Gen All-in-one Panel PC,TC401,Panel/OnLogic Panel/Tacton Series/TC401
MCP3-TC401R-15,Rolls-Royce PS - OnLogic Tacton TC401 Intel 12th Gen All-in-one Panel PC,TC401,Panel/OnLogic Panel/Tacton Series/TC401
K410-f97d,Karbon 410 Intel Elkhart Lake Compact Rugged Computer,K410,Rugged/Entry/K400 Series/K410
ML100G-53,Industrial Fanless Intel 11th Gen Tiger Lake NUC,ML100G-53,Industrial/Entry/ML100 Series/ML100G-53
AX303,OnLogic Axial AX303 3U Edge Server,AX303,Server/3U Rackmount/Axial Series/AX303
CSPLT1-HX500-NONBRD,Cargo Spectre - OnLogic Helix 500 Intel Comet Lake Industrial Edge Computer,HX500,Industrial/Performance/HX500 Series/HX500
HX600,OnLogic Helix 600 Intel Comet Lake Expanded Industrial Edge Computer,HX600,Industrial/Performance/HX600 Series/HX600
MK100B-53,1U Rackmount Intel Coffee Lake Computer,MK100B-53,Server/1U & 1.5U Rackmount/MK100 Series/MK100B-53
Pento-HX600,OnLogic Helix 600 Intel Comet Lake Expanded Industrial Edge Computer,HX600,Industrial/Performance/HX600 Series/HX600
TC401R,OnLogic Tacton TC401 Intel 12th Gen All-in-one Panel PC,TC401,Panel/OnLogic Panel/Tacton Series/TC401
MC610-55,OnLogic MC610-55 Intel® 13th Gen GPU Computer,MC610-55,Industrial/Fanned/MC600 Series/MC610-55
TEN-K801-SENS,Tenable - OnLogic Karbon 801 Low-Profile High-Performance Rugged Computer,K801,Rugged/Performance/K800 Series/K801
TEN-K801-ICPm,Tenable - OnLogic Karbon 801 Low-Profile High-Performance Rugged Computer,K801,Rugged/Performance/K800 Series/K801
BLAST-K410-4G,BlastShield® Gateway Intel Elkhart Lake 4G Compact Rugged Computer,K410,Rugged/Entry/K400 Series/K410
GDIT-K804-CTSE,OnLogic Karbon 804 High-Performance Rugged Computer w/ModBay & PCIe,K804,Rugged/Performance/K800 Series/K804
ZIMR-ML350G-10-V3-a8l7,Zimmer Biomet ML350G-10,ML350G-10,///ML350G-10
ZIMR-DI-1000-g044,Cincoze Rugged Intel Skylake Compact Fanless Computer,DI-1000,///DI-1000
cv-100c-m1101,Cincoze Capacitive or Resistive Industrial Touchscreen with M1101 Module,M1101,Panel by Cincoze/Components/Components/M1101
L3H-HX521-v01,L3HARRIS - Helix Industrial Performance Meteor Lake Fanless Computer,HX521,Industrial/Performance/HX500 Series/HX521
LNTC-TN101R,Lantic - OnLogic Tacton TN101 Industrial Display,TN101,Panel/OnLogic Panel/Tacton Series/TN101
CV-P1301-76f9,Modular Panel PC with Intel® Alder Lake-N Series Processor,CV-P1301,Panel/Cincoze Panel/P1000 Series/CV-P1301
MEDI-HX521-PROTO,Mediview Helix 521 Meteor Lake Fanless Computer Prototype,HX521,Industrial/Performance/HX500 Series/HX521
MCMC-HX401,OnLogic Helix 401 Fanless Hybrid-Core Computer,HX401,Industrial/Entry/HX400 Series/HX401
HYP-HX401,Hyphen - OnLogic Helix 401 Fanless Hybrid-Core Computer,HX401,Industrial/Entry/HX400 Series/HX401
MPA-HX401,OnLogic Helix 401 Fanless Hybrid-Core Computer,HX401,Industrial/Entry/HX400 Series/HX401
T&L-FTClient-OCC-HX401,OnLogic Helix 401 Fanless Hybrid-Core Computer,HX401,Industrial/Entry/HX400 Series/HX401
NOK-HX401-BIS,OnLogic Helix 401 Fanless Hybrid-Core Computer,HX401,Industrial/Entry/HX400 Series/HX401
UTMB-HX401,OnLogic Helix 401 Fanless Hybrid-Core Computer,HX401,Industrial/Entry/HX400 Series/HX401
SEC-HX401-RAID,SEC - OnLogic Helix 401 Fanless Hybrid-Core Computer,HX401,Industrial/Entry/HX400 Series/HX401
EVX-HX401-TC,Everfox - OnLogic Helix 401 Fanless Hybrid-Core Computer,HX401,Industrial/Entry/HX400 Series/HX401
ML510G-50,Compact Fanless Industrial Coffee Lake Computer,ML510G-50,Industrial/Performance/ML500 Series/ML510G-50
MK100B-53-2605,1U Rackmount Intel Coffee Lake Computer,MK100B-53,Server/1U & 1.5U Rackmount/MK100 Series/MK100B-53
K802,OnLogic Karbon 802 High-Performance Rugged Computer w/ModBay,K802,Rugged/Performance/K800 Series/K802
KVS-K804,OnLogic Karbon 804 High-Performance Rugged Computer w/ModBay & PCIe,K804,Rugged/Performance/K800 Series/K804
AGZN-K804-V1,OnLogic Karbon 804 High-Performance Rugged Computer w/ModBay & PCIe,K804,Rugged/Performance/K800 Series/K804
PECO-K802,PECO - OnLogic Karbon 802 High-Performance Rugged Computer w/ModBay,K802,Rugged/Performance/K800 Series/K802
DEDR-K804-65W-2GPUADA-f284,Dedrone (65W) - OnLogic Karbon 804 High-Performance Rugged Computer w/ModBay & PCIe,K804,Rugged/Performance/K800 Series/K804
CAL-K802,Calfrac - OnLogic Karbon 802 High-Performance Rugged Computer w/ModBay,K802,Rugged/Performance/K800 Series/K802
RICE-K802,Rice Lake - OnLogic Karbon 802 High-Performance Rugged Computer w/ModBay,K802,Rugged/Performance/K800 Series/K802
K802-2091,OnLogic Karbon 802 High-Performance Rugged Computer w/ModBay,K802,Rugged/Performance/K800 Series/K802
BOSI-K804-STDVSSM,BOS Innovation - OnLogic Karbon 804 High-Performance Rugged Computer w/ModBay & PCIe,K804,Rugged/Performance/K800 Series/K804
BOSI-K804-STDVSLRG,BOS Innovations - OnLogic Karbon 804 High-Performance Rugged Computer w/ModBay & PCIe,K804,Rugged/Performance/K800 Series/K804
CDW-K802,OnLogic Karbon 802 High-Performance Rugged Computer w/ModBay,K802,Rugged/Performance/K800 Series/K802
L3C3-K804,K804,K804,Rugged/Performance/K800 Series/K804
FLXA-K804,Flux Auto - OnLogic Karbon 804 High-Performance Rugged Computer w/ModBay & PCIe,K804,Rugged/Performance/K800 Series/K804
K802-41e4,OnLogic Karbon 802 High-Performance Rugged Computer w/ModBay,K802,Rugged/Performance/K800 Series/K802
ADT-K802,Adient - OnLogic Karbon 802 High-Performance Rugged Computer w/ModBay,K802,Rugged/Performance/K800 Series/K802
DVDA-K802,Dividia Technologies - OnLogic Karbon 802 High-Performance Rugged Computer w/ModBay,K802,Rugged/Performance/K800 Series/K802
NOK-K804-US-4G,OnLogic Karbon 804 High-Performance Rugged Computer w/ModBay & PCIe,K804,Rugged/Performance/K800 Series/K804
NOK-K804-US-WIFI,OnLogic Karbon 804 High-Performance Rugged Computer w/ModBay & PCIe,K804,Rugged/Performance/K800 Series/K804
NOK-K804-US-CO,OnLogic Karbon 804 High-Performance Rugged Computer w/ModBay & PCIe,K804,Rugged/Performance/K800 Series/K804
THRU-K802,Thruwave - OnLogic Karbon 802 High-Performance Rugged Computer w/ModBay,K802,Rugged/Performance/K800 Series/K802
SECO-K855-PALLADIO500RPL,OnLogic Karbon 804 High-Performance Rugged Computer w/ModBay & PCIe,K804,Rugged/Performance/K800 Series/K804
K804-b529,Adient- OnLogic Karbon 804 High-Performance Rugged Computer w/ModBay & PCIe,K804,Rugged/Performance/K800 Series/K804
SEMIL-2000GC,IP69K waterproof GPU computer with NVIDIA® L4 GPU,,Rugged/Rugged By Neousys//
p2002-nonUL,Cincoze Intel Skylake Core i5 Panel PC,P2002,Rugged/Entry/P2000 Series/P2002
P2002-i3-HYDR-gkwc,Cincoze Intel Skylake Core i3 Panel PC,,///
P1001E-80g8,Cincoze Intel Bay Trail Expandable Panel PC,CS-P1001,Panel/Cincoze Panel/P1000 Series/CS-P1001
Nuvo-5000LP-w0oc,Neousys Rugged Intel Skylake Low Profile Fanless Computer,,///
Nuvo-1003Progression-w448,Nuvo-1003Progression,,///
Nuvo-5000LP-o0c8,Neousys Rugged Intel Skylake Low Profile Fanless Computer,,///
Nuvo-5000LP-oo44,Neousys Rugged Intel Skylake Low Profile Fanless Computer,,///
Nuvo-5000LP-jxyi,Neousys Rugged Intel Skylake Low Profile Fanless Computer,,///
Nuvo-5000LP-k088,Neousys Rugged Intel Skylake Low Profile Fanless Computer,,///
nuvo-2510vtc-8kk8,Neousys Rugged Efficient In-Vehicle Computer with PoE,,///
Nuvo-5000LP-muh8,Neousys Rugged Intel Skylake Low Profile Fanless Computer,,///
N4200-Resistive-CV-P1101-FLS-3y3w,Cincoze Rugged Intel Apollo Lake Panel PC,CV-P1101,Panel/Cincoze Panel/P1000 Series/CV-P1101
ML600G-52-sggc,ML600G-52MACK,ML600G-52,Industrial/Performance/ML600 Series/ML600G-52
ML600G-52-SPTMicro-wwws,SPTMicro ML600G-52,ML600G-52,Industrial/Performance/ML600 Series/ML600G-52
ML600G-52-4480,Industrial Fanless Intel Skylake Computer,ML600G-52,Industrial/Performance/ML600 Series/ML600G-52
ML600G-52-c848-sgsw,Industrial Fanless Intel Skylake Computer,ML600G-52,Industrial/Performance/ML600 Series/ML600G-52
ML600G-52-ej1x,Fanless Industrial Intel Skylake Computer,ML600G-52,Industrial/Performance/ML600 Series/ML600G-52
ML600G-52-dyyj-xbsf,Fanless Industrial Intel Skylake Computer,,///
ML600G-52-k4sw,Industrial Fanless Intel Skylake Computer,ML600G-52,Industrial/Performance/ML600 Series/ML600G-52
ML600G-52-k044,Fanless Industrial Intel Skylake Computer,ML600G-52,Industrial/Performance/ML600 Series/ML600G-52
ml600g-52-wc4w,Industrial Fanless Intel Skylake Computer,ML600G-52,Industrial/Performance/ML600 Series/ML600G-52
ML320-UPS-o88k-c084,ML320-UPS,ML300 (Other),Industrial/Gateway/ML300 Series/ML300 (Other)
ML340G-50-m33s,Low Profile Fanless Industrial Intel Core i3/i5/i7 Computer,ML340G-50,Industrial/Gateway/ML300 Series/ML340G-50
ML340G-50-c0og,Low Profile Fanless Intel Core i3/i5/i7 Industrial Computer,ML340G-50,Industrial/Gateway/ML300 Series/ML340G-50
ML340G-50-g48s,Low Profile Fanless Intel Core i3/i5/i7 Industrial Computer,ML340G-50,Industrial/Gateway/ML300 Series/ML340G-50
ML310G-VEBAR-o8gg,Industrial Intel Bay Trail NUC Computer,ML300 (Other),Industrial/Gateway/ML300 Series/ML300 (Other)
ML340G-50-k0w8,Low Profile Fanless Intel Core i3/i5/i7 Industrial Computer,ML340G-50,Industrial/Gateway/ML300 Series/ML340G-50
ML340G-50-0g4o,Low Profile Fanless Intel Core i3/i5/i7 Industrial Computer,ML340G-50,Industrial/Gateway/ML300 Series/ML340G-50
ML340G-50-gckk,Low Profile Fanless Industrial Computer with Haswell i5,ML340G-50,Industrial/Gateway/ML300 Series/ML340G-50
ML340G-10-ESE-TC-ggg4,Low Profile Fanless Industrial Thin Client,ML340G-10,Industrial/Gateway/ML300 Series/ML340G-10
MK150b-51-s0g0,Rackmount Intel Xeon GPU Capable Computer,MK150B-51,Server/1U & 1.5U Rackmount/MK150 Series/MK150B-51
MK150B-52-sc0s,Intel Skylake 1.5U Rackmount Computer,,///
MK150B-54-7ldn,1.5U Rackmount Intel Coffee Lake Xeon E Edge Server,MK150B-54,Server/1U & 1.5U Rackmount/MK150 Series/MK150B-54
MK150B-54-qiie,1.5U Rackmount Intel Coffee Lake Xeon E Edge Server,,///
MK200-70-1zh1,2U Rackmount Intel Cascade Lake Xeon Scalable Edge Server,MK200-70,Server/2U Rackmount/MK200 Series/MK200-70
MK150B-53-6wvp,1.5U Rackmount Intel Coffee Lake Computer,MK150B-53,Server/1U & 1.5U Rackmount/MK150 Series/MK150B-53
ml100g-31 -iinb,Fanless Industrial Intel Dawson Canyon NUC Computer,,///
MC850-50-csko,Commercial Intel 6th Gen GPU Capable Computer,MC850-50,Server/Standalone/MC850 Series/MC850-50
mc850-50-88gk,Commercial Intel 6th Gen GPU Capable Computer,MC850-50,Server/Standalone/MC850 Series/MC850-50
MC850-50-4wgc,Commercial Intel 6th Gen GPU Capable Computer,MC850-50,Server/Standalone/MC850 Series/MC850-50
MC850-50-kswg-sw88,Commercial Intel 7th Gen GPU Capable Computer,,///
MC850-50-wk4g,Commercial Intel Skylake/Kaby Lake GPU Capable Computer,MC850-50,Server/Standalone/MC850 Series/MC850-50
MC850-50-k8k0,Commercial Intel 6th Gen GPU Capable Computer,MC850-50,Server/Standalone/MC850 Series/MC850-50
MC850-50-kswg,Commercial Intel 7th Gen GPU Capable Computer,MC850-50,Server/Standalone/MC850 Series/MC850-50
MC850-52-4gg4,Commercial-Grade High Performance Edge Computer With Xeon Processing,MC850-52,Server/Standalone/MC850 Series/MC850-52
MC850-40-c4gs,Compact Industrial AMD Ryzen Edge Server,MC850-40,Server/Standalone/MC850 Series/MC850-40
mc850-51--w0ck-gk8s,Commercial Intel 5th Gen Xeon Microserver,,///
LNX-MC600,Commercial Intel Core Computer with Expansion and Ubuntu Linux,MC600 (Other),Industrial/Fanned/MC600 Series/MC600 (Other)
LNX-ML100,Industrial Intel Broadwell Compact Fanless Computer with Ubuntu Linux,ML100G-30,Industrial/Entry/ML100 Series/ML100G-30
LOS-ML100G-52,Industrial Fanless Intel Whiskey Lake Embedded NUC With Dual LAN,ML100G-52,Industrial/Entry/ML100 Series/ML100G-52
LND-HX600,"OnLogic Helix 600 Intel Comet Lake Expanded Industrial Edge Computer for Linde, Inc.",HX600,Industrial/Performance/HX600 Series/HX600
LMA-HX500,OnLogic Helix 500 Intel Comet Lake Industrial Edge Computer,HX500,Industrial/Performance/HX500 Series/HX500
LMBC-ML250-V,Limbic Media Automotive ML250,ML250 (Other),Industrial/Gateway/ML250 Series/ML250 (Other)
Lontec-MC510-50,Lontec Industrial Intel Coffee Lake Mini-ITX Computer,MC510-50,Industrial/Fanned/MC500 Series/MC510-50
LOW-ML100GE-53,Industrial Fanless Intel 11th Gen Tiger Lake NUC,ML100G-53,Industrial/Entry/ML100 Series/ML100G-53
LMRMS-DI-1000,Lockheed Martin Rotary Mission Systems DI-1000,,///
K300-wkgo,Karbon 300 Compact Rugged Computer,,///
K300-lbjb,Karbon 300 Compact Rugged Computer,,///
K300-qepc,Karbon 300 Compact Rugged Computer,,///
K300-wokc,Karbon 300 Compact Rugged Computer,,///
K300-wv1s,Karbon 300 Compact Rugged Computer,K300,Rugged/Entry/K300 Series/K300
K300-n0qq,Karbon 300 Compact Rugged Computer,K300,Rugged/Entry/K300 Series/K300
ImageStreamFinal-g08g,Industrial Fanless Intel Haswell Computer with Hot Swap,ML600G-30,Industrial/Performance/ML600 Series/ML600G-30
ImageStreamSkylake-sgos,Industrial Intel Skylake Mini-ITX Computer,ML450G-52,Industrial/Performance/ML400 Series/ML450G-52
INNO-Nuvo-5095GC,Innovative Logistics Nuvo-5095GC,,///
INSPX-ML340,PECO Controls / Inspx ML340G-50,ML340G-50,Industrial/Gateway/ML300 Series/ML340G-50
IMS-Nuvo-5104VTC-4swg,Neousys Rugged Intel Skylake In-Vehicle Computer with PoE,,///
InLogK700-01,Karbon 700 High-Performance Rugged Edge Computer,K700-SE,Rugged/Performance/K700 Series/K700-SE
IMAX-ML100G-52-ETL,IMAX ETL Listed - Industrial Fanless Intel Whiskey Lake Embedded NUC With Dual LAN,ML100G-52,Industrial/Entry/ML100 Series/ML100G-52
IMS-Nuvo-5104VTC-k48s-cs84,Neousys Rugged Intel Skylake In-Vehicle Computer with PoE,,///
HX500-xcq9,OnLogic Helix 500 Intel Comet Lake Industrial Edge Computer,HX500,Industrial/Performance/HX500 Series/HX500
HX500-nkdu,OnLogic Helix 500 Intel Comet Lake Industrial Edge Computer,HX500,Industrial/Performance/HX500 Series/HX500
HX500-qlfs,OnLogic Helix 500 Intel Comet Lake Industrial Edge Computer,HX500,Industrial/Performance/HX500 Series/HX500
HX500-wbfm,OnLogic Helix 500 Intel Comet Lake Industrial Edge Computer,HX500,Industrial/Performance/HX500 Series/HX500
HX500-wcog,OnLogic Helix 500 Intel Comet Lake Industrial Edge Computer,HX500,Industrial/Performance/HX500 Series/HX500
HX500-hk6k-riz9,OnLogic Helix 500 Intel Comet Lake Industrial Edge Computer,HX500,Industrial/Performance/HX500 Series/HX500
HX500-i41e,OnLogic Helix 500 Intel Comet Lake Industrial Edge Computer,HX500,Industrial/Performance/HX500 Series/HX500
HX500-x6u1,OnLogic Helix 500 Intel Comet Lake Industrial Edge Computer,HX500,Industrial/Performance/HX500 Series/HX500
HAB-HX310,OnLogic Helix 310 Intel Elkhart Lake Industrial Edge Computer,HX310,Industrial/Gateway/HX300 Series/HX310
HE-K300-4G-HVP-250,Hitachi ABB Compact Rugged Gateway – 4G Only - HVP-250,,///
HAPG-K300,Karbon 300 Compact Rugged Computer,K300,Rugged/Entry/K300 Series/K300
HAN-P2002-UL-EU,Hanley P2002 (UL),CV-P2002,Panel/Cincoze Panel/P2000 Series/CV-P2002
Futureware-HX600,OnLogic Helix 600 Intel Comet Lake Expanded Industrial Edge Computer,HX600,Industrial/Performance/HX600 Series/HX600
Futureware-ML450,Futureware ML450,ML450G-50,Industrial/Performance/ML400 Series/ML450G-50
FTUR-SST-V03,Futuri Low-Profile Fanless Transmitter,,Components/Components/Components/
FUJ-DX-1100,Cincoze Rugged 9th/8th Gen Intel Core High-Performance Compact Computer,DX-1100,Rugged/Mid Tier/DX Series/DX-1100
FW100R,1U Rackmount Intel Atom Firewall with pfSense&reg; Software,MK100 (Other),Server/1U & 1.5U Rackmount/MK100 Series/MK100 (Other)
FW200B-10-kc0o,Industrial Compact Quad-Core Firewall with pfSense&reg; Software,MC500 (Other),Industrial/Fanned/MC500 Series/MC500 (Other)
nuvo-8208gc-za9s,Neousys Rugged Computer with Dual GPU Expansion,Nuvo-8208GC,Rugged/High Performance/Nuvo Series/Nuvo-8208GC
NWM-DS-1202,Cincoze Rugged Intel Coffee Lake Fanless Computer with Dual Expansion or GPU,DS-1202,Rugged/Mid Tier/DS Series/DS-1202
NWMM-DS-1202,Cincoze Rugged Intel Coffee Lake Fanless Computer with Dual Expansion or GPU,,///
Nuvo-6108GC-DyAt-8oco-8kww,Neousys Nuvo-6108GC,,///
NXE4-ML350G-11,Low Profile Fanless Industrial Computer With Apollo Lake,ML350G-10,Industrial/Gateway/ML300 Series/ML350G-10
Nuvo-6108GC-g84g,Neousys Rugged Intel 6th Gen Computer w/Optional GPU and Expansion,,///
NUUKA-ML350G-10-EU,Low Profile Fanless Industrial Computer With Apollo Lake,ML350G-10,Industrial/Gateway/ML300 Series/ML350G-10
NUC5I5MYHE-goos,Intel NUC5i5MYHE Maple Canyon Broadwell i5 NUC Barebone,,Components/Components/Components/
Nuvis-3304-Autoliv-g4ko,Autoliv Automotive PCI Computer,,///
NUC8I7HXK-kk88,Commercial Intel Kaby Lake G NUC with Built in AMD Vega Graphics,,///
MX1000,Rugged In-Vehicle NVR Certified for Milestone XProtect®,Rugged (Other),Rugged/Legacy Rugged/Legacy Rugged/Rugged (Other)
MVX-MC600D-8gck,MedVantx Core i Desktop MC600,MC600 (Other),Industrial/Fanned/MC600 Series/MC600 (Other)
Nettit2-ML340G-51-ow0g,Low Profile Fanless Industrial Skylake Computer,ML340G-51,Industrial/Gateway/ML300 Series/ML340G-51
ML450G-52-kkbr,Fanless Industrial Intel Skylake Mini-ITX Customizable Computer,ML450G-52,Industrial/Performance/ML400 Series/ML450G-52
ML450G-52-k4gk,Industrial Intel Skylake Mini-ITX Customizable Computer,ML450G-52,Industrial/Performance/ML400 Series/ML450G-52
ml450g-52-oco8,Industrial Intel Skylake Mini-ITX Customizable Computer,ML450G-52,Industrial/Performance/ML400 Series/ML450G-52
ML450G-52-8ssg,Industrial Intel Skylake Mini-ITX Customizable Computer,ML450G-52,Industrial/Performance/ML400 Series/ML450G-52
ML450G-52-soo4,Fanless Industrial Intel Skylake Mini-ITX Customizable Computer,ML450G-52,Industrial/Performance/ML400 Series/ML450G-52
ML500-Stratus-30-oggc,Industrial Intel 6th Gen Fanless Computer w/optional i7 and 4 COM,ML500G-30,Industrial/Performance/ML500 Series/ML500G-30
ml500g-30-0ow0,Industrial Intel 6th Gen Fanless Computer w/optional i7 and 4 COM,ML500G-30,Industrial/Performance/ML500 Series/ML500G-30
ML450G-gogo-server-gggg,Industrial Intel Bay Trail Celeron Computer with 5 LAN,ML400 (Other),Industrial/Performance/ML400 Series/ML400 (Other)
ML210G-12-sww8,Industrial Intel Braswell Fanless Computer with Dual Gb LAN,ML210G-12,Industrial/Gateway/ML200 Series/ML210G-12
ML210G-12-woc4,Industrial Intel Braswell Fanless Computer with Dual Gb LAN,ML210G-12,Industrial/Gateway/ML200 Series/ML210G-12
ML210G-50-Shawcor-400s,Industrial Intel Haswell i5 Thin Mini-ITX Computer,ML210G-50,Industrial/Gateway/ML200 Series/ML210G-50
ML210G-51-ssco,Industrial Low Profile Intel Skylake i5 Fanless Computer,ML210G-51,Industrial/Gateway/ML200 Series/ML210G-51
ML210G-50-4w0s,Industrial Intel Haswell i5 Thin Mini-ITX Computer,ML210G-50,Industrial/Gateway/ML200 Series/ML210G-50
ML250&Heatsink-44gs,ML250&Heatsink,ML250 (Other),Industrial/Gateway/ML250 Series/ML250 (Other)
ML100G-50-8gkw,Industrial Intel Skylake Fanless NUC Computer,ML100G-50,Industrial/Entry/ML100 Series/ML100G-50
ML100G-50,Fanless Industrial Intel Skylake NUC Computer,ML100G-50,Industrial/Entry/ML100 Series/ML100G-50
ML100G-40-IGL130-nulv,Compact Fanless AMD Ryzen Mini PC,,///
ML100G-40-i62i,Compact Fanless AMD Ryzen Mini PC for Mercury 360,ML100G-40,Industrial/Entry/ML100 Series/ML100G-40
ML100G-31-CustomBranding-sc4w,Industrial Intel Dawson Canyon Fanless NUC Computer,ML100G-31,Industrial/Entry/ML100 Series/ML100G-31
ML100G-31-gsso,Fanless Industrial Intel Dawson Canyon NUC Computer,ML100G-31,Industrial/Entry/ML100 Series/ML100G-31
ML100G-40-wkq6,Compact Fanless AMD Ryzen Mini PC,ML100G-40,Industrial/Entry/ML100 Series/ML100G-40
ML100G-41-dehl,Industrial Fanless AMD Ryzen 4000 Compact Computer,,///
ML100G-40-k484,Compact Fanless AMD Ryzen Mini PC,,///
MC500-52-gsk4,Commercial Intel Kaby Lake Mini-ITX Computer,MC500-52,Industrial/Fanned/MC500 Series/MC500-52
MC500-52-sg0w,Commercial Intel Kaby Lake Mini-ITX Computer,MC500-52,Industrial/Fanned/MC500 Series/MC500-52
MC500-51-so8g,Commercial Intel Skylake Mini-ITX Computer,MC500-51,Industrial/Fanned/MC500 Series/MC500-51
MC500B-10-8ccc,Commercial Intel Celeron Mini-ITX Computer,MC500-10,Industrial/Fanned/MC500 Series/MC500-10
MC500B-10-8w8c,Commercial Intel Celeron Mini-ITX Computer,MC500-10,Industrial/Fanned/MC500 Series/MC500-10
MC500-51-sk4w,Industrial Intel Skylake Mini-ITX Computer,MC500-51,Industrial/Fanned/MC500 Series/MC500-51
MC500-55-8woo,Industrial Intel Coffee Lake Mini-ITX Computer,MC500 (Other),Industrial/Fanned/MC500 Series/MC500 (Other)
MC500-LS450-10U16-40cc,Princeton Identity ML450G-10 (Ubuntu),ML450G-10,Industrial/Performance/ML400 Series/ML450G-10
MC500-DOCBOX-w0sk,Commercial Intel Skylake Mini-ITX Computer,MC500-51,Industrial/Fanned/MC500 Series/MC500-51
K802-pgpx,OnLogic Karbon 802 High-Performance Rugged Computer w/ModBay,,///
K802-n7fh-l10v,OnLogic Karbon 802 High-Performance Rugged Computer w/ModBay w/ RAID1,,///
K804-j02r,OnLogic Karbon 804 High-Performance Rugged Computer w/ModBay & PCIe,K804,Rugged/Performance/K800 Series/K804
K804-uyvt,OnLogic Karbon 804 High-Performance Rugged Computer w/ModBay & PCIe,K804,Rugged/Performance/K800 Series/K804
K804-zzfn,OnLogic Karbon 804 High-Performance Rugged Computer w/ModBay & PCIe,K804,Rugged/Performance/K800 Series/K804
KARC2-K700-X2,Karbon 700 Expanded High-Performance Rugged Edge Computer for Kärcher,K700-X2,Rugged/Performance/K700 Series/K700-X2
K802-t3vy,OnLogic Karbon 802 High-Performance Rugged Computer w/ModBay,K802,Rugged/Performance/K800 Series/K802
ITW-ML600-sgk4,ITW ML600,ML600G-52,Industrial/Performance/ML600 Series/ML600G-52
iVIS-200,Neousys iVIS-200 Intel Bay Trail Smart Camera,Rugged (Other),Rugged/Legacy Rugged/Legacy Rugged/Rugged (Other)
ITFG-MC800-B J68274-300,ITFG-MC800-B J68274-300,MC800 (Other),Server/Standalone/MC800 Series/MC800 (Other)
ITFG-MC800-D J68277-300,Intel Fog MC800 D J68277-300,MC800 (Other),Server/Standalone/MC800 Series/MC800 (Other)
IGL100,Low Profile Industrial IGEL Ready thin client,ML350G-10 (IGL100),Industrial/Gateway/ML300 Series/ML350G-10 (IGL100)
IGL100-6mnn,Low Profile Industrial IGEL Ready thin client,ML350G-10 (IGL100),Industrial/Gateway/ML300 Series/ML350G-10 (IGL100)
ICS-IMB170-i3-K,ICS i3 Motherboard Kit,,Components/Components/Components/
ICS-MC500-0owc,ICS MC500 Coffee Lake ITX Motherboard H310\t,MC510-50,Industrial/Fanned/MC500 Series/MC510-50
Idea4pinRackmount-w88o,Intel Bay Trail 1U Rackmount Computer,MK100B-10,Server/1U & 1.5U Rackmount/MK100 Series/MK100B-10
Idea4pinRackmount-w88o-488w,Intel Bay Trail 1U Rackmount Computer,MK100B-10,Server/1U & 1.5U Rackmount/MK100 Series/MK100B-10
IES-K430,Karbon 430 Intel Elkhart Lake Compact Rugged Computer with Expansion,K430,Rugged/Entry/K400 Series/K430
ICS-MC610-50,Industrial Intel Coffee Lake Mini-ITX Expandable Computer,MC610-50,Industrial/Fanned/MC600 Series/MC610-50
IEM-CV-P2002-UL-80s8,Cincoze Intel Skylake Core i3/i5 Panel PC,CV-P2002,Panel/Cincoze Panel/P2000 Series/CV-P2002
IGL200-refl,Ultra-small Fanless IGEL Ready Thin Client,CL210G-10 (IGL200),Industrial/Small Form Factor/CL200 Series/CL210G-10 (IGL200)
HVP-DS-1200C7,Hitachi Gateway - Cincoze Rugged Intel Coffee Lake Fanless Computer,DS-1200,Rugged/Mid Tier/DS Series/DS-1200
HVP-K804-451-ME1,OnLogic Karbon 804 High-Performance Rugged Computer w/ModBay & PCIe,K804,Rugged/Performance/K800 Series/K804
HTC-ML210G-10-8cgs,Industrial Fanless Computer for HTC parking,ML210G-10,Industrial/Gateway/ML200 Series/ML210G-10
HVA-ML450,HVA-ML450 with OpenUPS,ML400 (Other),Industrial/Performance/ML400 Series/ML400 (Other)
GAST-ML100G-30,Gastops ML100G-30,ML100G-30,Industrial/Entry/ML100 Series/ML100G-30
GATE-DA-1100,Cincoze Rugged Apollo Lake Ultra Compact Fanless Computer,DA-1100,Rugged/Entry/DA Series/DA-1100
GATE-P2102,Cincoze Rugged Intel 8th Gen Core i3/i5 Slim Fanless Computer,P2102,Rugged/Mid Tier/P2000 Series/P2102
GB-MV101,Global Baggage MV101 Automotive System,,Industrial/Fanned/Other/
GBRO-ML350G-10-8ggs,Low Profile Fanless Industrial Computer With Apollo Lake,,///
GATE-MK400-40-PROTO2,Gatekeeper 4U Server Prototype 2,,///
EXTH-MC510V2,ExtraHop EDA 1200 Mini-ITX System,MC510-50,Industrial/Fanned/MC500 Series/MC510-50
EXTRL-ML350G-10,Low Profile Fanless Industrial Computer With Apollo Lake,ML350G-10,Industrial/Gateway/ML300 Series/ML350G-10
ExtHop-MC600-gs08,ExtraHop LCD MC600,MC600 (Other),Industrial/Fanned/MC600 Series/MC600 (Other)
p2002-cs0o,Cincoze Intel Skylake Core i5 Panel PC,,///
P2002-FORMEX_R01-sogo,Cincoze Intel Skylake Core i Panel PC,,///
p2002-s44w,Cincoze Intel Skylake Core i5 Panel PC,CV-P2002,Panel/Cincoze Panel/P2000 Series/CV-P2002
P2002-socs,Cincoze Intel Skylake Core i5 Panel PC,,///
NXEA-CL210G-11-V2,NextEra - Fanless Industrial USFF Edge Device w/ Dual SIM,CL210G-11,Industrial/Small Form Factor/CL200 Series/CL210G-11
nuvo-3003e-dio,Nuvo-3003E with DIO option,,///
Nuvo-3005LP-30,Rugged Intel Core i Fanless Computer,,///
Nuvo-2510VTC-egum,Neousys Rugged Efficient In-Vehicle Computer with PoE,,///
Nuvo-3003-0k0w,Carline Nuvo-3003,,///
Nuvo-3003E-50-084g,Rugged Intel Core i Fanless Computer,,///
NG200F,Fanless Intel Core Network Gateway with Untangle,ML250 (Other),Industrial/Gateway/ML250 Series/ML250 (Other)
NG100F-wsc4,Custom: Fanless Intel Atom Network Gateway with Untangle,ML200 (Other),Industrial/Gateway/ML200 Series/ML200 (Other)
NG100B,Industrial Intel Atom Network Gateway with Untangle,MC500 (Other),Industrial/Fanned/MC500 Series/MC500 (Other)
NG100W-10,Industrial Quad-Core Fanless Network Gateway with Untangle,NG100W-10,Industrial/Entry/ML100 Series/NG100W-10
NIX18-V2-ML100G-53,Industrial Fanless Intel 11th Gen Tiger Lake NUC,ML100G-53,Industrial/Entry/ML100 Series/ML100G-53
NGSW-MK100,Ngaged Software LGX Core i MK100 Rackmount Computer,MK100 (Other),Server/1U & 1.5U Rackmount/MK100 Series/MK100 (Other)
ML600G-52-044w,Industrial Fanless Intel Skylake Computer,ML600G-52,Industrial/Performance/ML600 Series/ML600G-52
ML600G-51-08cs,Industrial Fanless Server with Xeon,ML600G-51,Industrial/Performance/ML600 Series/ML600G-51
ML600G-51-HOC-8gk8,Industrial Fanless Server with Xeon,ML600G-51,Industrial/Performance/ML600 Series/ML600G-51
ML350G-10-wsgc,Low Profile Fanless Industrial Computer With Apollo Lake,ML350G-10,Industrial/Gateway/ML300 Series/ML350G-10
ML350G-10-wo4y,Low Profile Fanless Industrial Computer With Apollo Lake,,///
ML350G-10-ko80,Low Profile Fanless Industrial Computer With Apollo Lake,ML350G-10,Industrial/Gateway/ML300 Series/ML350G-10
ML350G-10-m3mr,Low Profile Fanless Industrial Computer With Apollo Lake,,///
ML350G-10-uuho,Low Profile Fanless Industrial Computer With Apollo Lake,,///
ML350G-10-hqxb,Low Profile Fanless Industrial Computer With Apollo Lake,,///
ML350G-HDTMN-kgs4,Industrial Low Profile Fanless Computer With Apollo Lake,ML350G-10,Industrial/Gateway/ML300 Series/ML350G-10
ML350G-10-ogcw,Low Profile Fanless Industrial Computer With Apollo Lake,,///
ML350G-10-g4s4,Low Profile Fanless Industrial Computer With Apollo Lake,ML350G-10,Industrial/Gateway/ML300 Series/ML350G-10
ML100G-30-ggco,Industrial Intel Broadwell Fanless NUC Computer,ML100G-30,Industrial/Entry/ML100 Series/ML100G-30
ml100g-30-08sc-sgg4,Industrial Intel Broadwell Fanless NUC Computer,ML100G-30,Industrial/Entry/ML100 Series/ML100G-30
ML100G-30-44gk,Industrial Intel Broadwell Fanless NUC Computer,ML100G-30,Industrial/Entry/ML100 Series/ML100G-30
ML100G-10-ARC-0g8o,Industrial Intel Bay Trail Fanless NUC Computer,ML100G-10,Industrial/Entry/ML100 Series/ML100G-10
ML100G-30_CSN-0gwc,Industrial Intel Broadwell Fanless NUC Computer,ML100G-30,Industrial/Entry/ML100 Series/ML100G-30
ML100G-30-s4kk,Industrial Intel Broadwell Fanless NUC Computer,ML100G-30,Industrial/Entry/ML100 Series/ML100G-30
ML100G-10-g4w8,Industrial Intel Bay Trail Fanless NUC Computer,ML100G-10,Industrial/Entry/ML100 Series/ML100G-10
ML100G-30-valley-o804,Industrial Intel Broadwell Fanless NUC Computer,ML100G-30,Industrial/Entry/ML100 Series/ML100G-30
MECHAT-HX600,OnLogic Helix 600 Intel Comet Lake Expanded Industrial Edge Computer,HX600,Industrial/Performance/HX600 Series/HX600
MK100B-51-ks8k,Intel Skylake 1U Rackmount Computer,MK100B-51,Server/1U & 1.5U Rackmount/MK100 Series/MK100B-51
MEDV-HX600,OnLogic Helix 600 Intel Comet Lake Expanded Industrial Edge Computer,HX600,Industrial/Performance/HX600 Series/HX600
MK100B-50-ss8c,Radiant Tech 1U rackmount - IMB-1211-D,MK100B-50,Server/1U & 1.5U Rackmount/MK100 Series/MK100B-50
MK100B-51-gw0o,Intel Skylake 1U Rackmount Computer,MK100B-51,Server/1U & 1.5U Rackmount/MK100 Series/MK100B-51
Mercedes-Nuvo-6108GC,Mercedes Nuvo-6108GC,,///
MC510-50-ws8k-gsg0,Industrial Intel Coffee Lake Mini-ITX Computer,MC510-50,Industrial/Fanned/MC500 Series/MC510-50
MC510-50-xqsu,Industrial Intel Coffee Lake Mini-ITX Computer,,///
mc600-51-4w4k,Commercial Intel Xeon Compact Server Computer,MC600-51,Industrial/Fanned/MC600 Series/MC600-51
MC600-51-c444,Commercial Intel Xeon Compact Server Computer,MC600-51,Industrial/Fanned/MC600 Series/MC600-51
MC600-52-0004,Commercial Intel Skylake Computer with Expansion,MC600-52,Industrial/Fanned/MC600 Series/MC600-52
MC600 Cook Security-8k8c,MC600 Cook Security,MC600 (Other),Industrial/Fanned/MC600 Series/MC600 (Other)
M350-80g0,Building Logix _r3,ML300 (Other),Industrial/Gateway/ML300 Series/ML300 (Other)
K700-sg4c,Karbon 700 Prototype,K700-SE,Rugged/Performance/K700 Series/K700-SE
K700-ssc4,Karbon 700 Prototype,K700-SE,Rugged/Performance/K700 Series/K700-SE
K700-SE-gs4s,Karbon 700 High-Performance Rugged Edge Computer,K700-SE,Rugged/Performance/K700 Series/K700-SE
K700-SE-h710,Karbon 700 High-Performance Rugged Edge Computer with Google Coral for Thinglogix,K700-SE,Rugged/Performance/K700 Series/K700-SE
K700-SE-lqnh,Karbon 700 High-Performance Rugged Edge Computer,K700-SE,Rugged/Performance/K700 Series/K700-SE
K700-SE-ms4x,Karbon 700 High-Performance Rugged Edge Computer,K700-SE,Rugged/Performance/K700 Series/K700-SE
K700-SE-wk8w,Karbon 700 High-Performance Rugged Edge Computer,K700-SE,Rugged/Performance/K700 Series/K700-SE
K700-SE-kwgw,Karbon 700 High-Performance Rugged Edge Computer,K700-SE,Rugged/Performance/K700 Series/K700-SE
K700-SE-nci1,Karbon 700 High-Performance Rugged Edge Computer,K700-SE,Rugged/Performance/K700 Series/K700-SE
K700-SE-teh3,Karbon 700 High-Performance Rugged Edge Computer,K700-SE,Rugged/Performance/K700 Series/K700-SE
K700-SE-s4g4,Karbon 700 High-Performance Rugged Edge Computer,K700-SE,Rugged/Performance/K700 Series/K700-SE
ISMD-CL210G-11,Image Stream Ultra Small Quad Core Fanless Industrial Edge Computer,,///
ITB-Nuvo-5000-0004,Neousys Rugged Intel Skylake Fanless Computer,,///
K300-0kg8,Cognex Karbon 300 Compact Rugged Computer,,///
K300-0gws,Karbon 300 Compact Rugged Computer,K300,Rugged/Entry/K300 Series/K300
ITB-Nuvo-5000-gk4s,Neousys Rugged Intel Skylake Fanless Computer,,///
ITC-10470,Intellicyt 10470 AG150 Fanless Intel Atom Computer,ML200 (Other),Industrial/Gateway/ML200 Series/ML200 (Other)
IMB-180,ASRock IMB-180 Haswell Mobile Industrial Mini-ITX Motherboard,,Components/Components/Components/
IGL600,"10"" IGEL Ready Touch Screen Thin Client Terminal",P100-10AS,Panel/Mitac Panel/P100 Series/P100-10AS
IMB-170,ASRock IMB-170 Ivy Bridge Mobile Industrial Mini-ITX Motherboard,,Components/Components/Components/
HX500-05rj,OnLogic Helix 500 Intel Comet Lake Industrial Edge Computer,HX500,Industrial/Performance/HX500 Series/HX500
HX500-01tc,OnLogic Helix 500 Intel Comet Lake Industrial Edge Computer,HX500,Industrial/Performance/HX500 Series/HX500
HX5-K41-K802-A-orhx,OnLogic Helix 500 Intel Comet Lake Industrial Edge Computer,,///
HX500-3nmt,OnLogic Helix 500 Intel Comet Lake Industrial Edge Computer,HX500,Industrial/Performance/HX500 Series/HX500
HX500-4z93,OnLogic Helix 500 Intel Comet Lake Industrial Edge Computer,HX500,Industrial/Performance/HX500 Series/HX500
HX401-uyl3,OnLogic Helix 401 Fanless Hybrid-Core Computer,HX401,Industrial/Entry/HX400 Series/HX401
HX500-63ps,OnLogic Helix 500 Intel Comet Lake Industrial Edge Computer,HX500,Industrial/Performance/HX500 Series/HX500
HX401-lvtz,OnLogic Helix 401 Fanless Hybrid-Core Computer,HX401,Industrial/Entry/HX400 Series/HX401
HX500-18vb,OnLogic Helix 500 Intel Comet Lake Industrial Edge Computer,HX500,Industrial/Performance/HX500 Series/HX500
GEAD-K700-X2,Karbon 700 Expanded High-Performance Rugged Edge Computer,K700-X2,Rugged/Performance/K700 Series/K700-X2
GSI-TM100-4kw8,Industrial Compact Thin Client with ThinManager,,///
GEDY-ML100-88cw,General Dynamics Mission Systems ML100,ML100G-30,Industrial/Entry/ML100 Series/ML100G-30
GOTOK-HX500-V2,GoTo Kiosk Helix 500 Intel Comet Lake Industrial Edge Computer,HX500,Industrial/Performance/HX500 Series/HX500
GRAC-MC500,Groupe Access MC500,,///
Flexologic_ML400G-50-wc80,Industrial Intel Haswell Performance Mini-ITX Computer,ML400G-50,Industrial/Performance/ML400 Series/ML400G-50
EXHP-MC510-50-040k,Industrial Intel Coffee Lake Mini-ITX Computer,MC510-50,Industrial/Fanned/MC500 Series/MC510-50
FLAN-P2002,Cincoze Intel Skylake Core i5 Panel PC,CS-P2002,Panel/Cincoze Panel/P2000 Series/CS-P2002
Flexologic-MC600-Proto-gck0,Commercial Intel Core Computer with Expansion,MC600 (Other),Industrial/Fanned/MC600 Series/MC600 (Other)
FKS-ML450G-50,FKS ML450G-50,ML450G-50,Industrial/Performance/ML400 Series/ML450G-50
P1101,Cincoze Rugged Intel Apollo Lake Slim Fanless Computer,P1101,Rugged/Entry/P1000 Series/P1101
Nuvo-7000LP-3slz,Neousys Rugged Intel® Coffee Lake Low Profile Fanless Computer,,///
Nuvo-7000E-wwgc,Neousys Rugged Intel Coffee Lake Fanless Computer,,///
Nuvo-7000LP-8c8c,Neousys Rugged Intel® Coffee Lake Low Profile Fanless Computer RAID 1 Array,,///
Nuvo-7000LP-yuu3,Neousys Rugged Intel® Coffee Lake Low Profile Fanless Computer,Nuvo-7000LP,Rugged/Performance/Nuvo Series/Nuvo-7000LP
nuvo-6108gc-gs8k,Neousys Rugged Intel 6th Gen Computer w/Optional GPU and Expansion,,///
Nuvo-7000E-kptz,Neousys Rugged Intel Coffee Lake Fanless Computer,Nuvo-7000E,Rugged/Performance/Nuvo Series/Nuvo-7000E
Nuvo-6108GC-g8ss-c4wk,Neousys Rugged Intel 6th Gen Computer w/Optional GPU and Expansion,,///
Nuvo-3100VTC-50,Rugged Intel Ivy Bridge Automotive Computer,,///
NUC5i5MYBE,"Intel NUC5i5MYBE ""Maple Canyon"" Broadwell i5 NUC Motherboard",,Components/Components/Components/
Nuvo-3005LP-ww0w,Radix Nuvo-3005LP,,///
Nuvo-3005_2TB-k80c,DocBox 3005TB,,///
NUC5i5MYBE-0sos,Civiq NUC5i5MYBE BOM v3,,Components/Components/Components/
Nettit1-ML450G-51-484s,Industrial Intel Skylake Mini-ITX Computer,ML450G-51,Industrial/Performance/ML400 Series/ML450G-51
NDC-MK100B-51,NDC Networks Intel Skylake 1U Rackmount Computer,MK100B-51,Server/1U & 1.5U Rackmount/MK100 Series/MK100B-51
NC220_INTEL,Industrial Intel Broadwell Fanless NUC Computer,NC200 (Other),Industrial/Legacy Industrial/NC200 Series/NC200 (Other)
ML600G-50-BITUMAR-4480,Industrial Fanless Intel Haswell Computer,ML600G-50,Industrial/Performance/ML600 Series/ML600G-50
ML600G-30,Fanless Industrial Intel Haswell Computer with Hot Swap,ML600G-30,Industrial/Performance/ML600 Series/ML600G-30
ML510G-50-1zky,Compact Fanless Industrial Coffee Lake Computer,ML510G-50,Industrial/Performance/ML500 Series/ML510G-50
ML510G-50-3t2r,Compact Fanless Industrial Coffee Lake Computer,,///
ML600G-50-ck44,Industrial Fanless Intel Haswell Computer,ML600G-50,Industrial/Performance/ML600 Series/ML600G-50
ML450G-52-40ws,Industrial Intel Skylake Mini-ITX Customizable Computer,ML450G-52,Industrial/Performance/ML400 Series/ML450G-52
ML510G-50-8ok0,Compact Fanless Industrial Coffee Lake Computer,,///
ML510G-50-401a,Compact Fanless Industrial Coffee Lake Computer,ML510G-50,Industrial/Performance/ML500 Series/ML510G-50
ML510G-50-yd4f,Compact Fanless Industrial Coffee Lake Computer,,///
ML340G-50-SR,Low Profile Fanless Intel Core i3/i5/i7 Industrial Computer - Ship-Ready,ML340G-50,Industrial/Gateway/ML300 Series/ML340G-50
ML340G-50-wcw4,Low Profile Fanless Industrial Computer with Haswell i5,ML340G-50,Industrial/Gateway/ML300 Series/ML340G-50
ML340G-51-ssck,Low Profile Fanless Industrial Skylake Computer,,///
ML340G-CormacTech-co4o,Low Profile Fanless Industrial Computer with Braswell,ML340G-50,Industrial/Gateway/ML300 Series/ML340G-50
ML340G-51-0s44-484w-wgok,Low Profile Fanless Intel Core i3/i5/i7 Industrial Computer,ML340G-51,Industrial/Gateway/ML300 Series/ML340G-51
ML340G-51-o4o0,Low Profile Fanless Industrial Skylake Computer,ML340G-51,Industrial/Gateway/ML300 Series/ML340G-51
ml340g-51-8s4c,Low Profile Fanless Industrial Skylake Computer,ML340G-51,Industrial/Gateway/ML300 Series/ML340G-51
ML100g-51-ccg4,Industrial Fanless Intel Whiskey Lake NUC With Dual LAN,,///
ML100G-51-o0so,Industrial Fanless Intel Whiskey Lake NUC With Dual LAN,ML100G-51,Industrial/Entry/ML100 Series/ML100G-51
ML100G-51-0ll9,Industrial Fanless Intel Whiskey Lake NUC With Dual LAN,ML100G-51,Industrial/Entry/ML100 Series/ML100G-51
ML100G-10-8kkc,Industrial Intel Bay Trail Fanless NUC Computer,ML100G-10,Industrial/Entry/ML100 Series/ML100G-10
MK400-60-6hzd,4U Rackmount AMD EPYC Edge Server,,///
ML100G-51-1b0g,Industrial Fanless Intel Whiskey Lake NUC With Dual LAN,ML100G-51,Industrial/Entry/ML100 Series/ML100G-51
MK400-70-4wcs,4U Rackmount Intel Cascade Lake Xeon Scalable Edge Server,,///
MDCO-i3MYBE-P-0ok4-ooco,Medeco NUC5i3MYBE System Kit,Industrial (Other),Industrial/Legacy Industrial/Legacy Industrial/Industrial (Other)
MC850-70-eyej,Industrial Intel Cascade Lake Xeon Scalable Edge Server,,///
MC850-Clearpath-51-8k4c,Commercial Intel Skylake Mini-ITX Computer,MC850-51,Server/Standalone/MC850 Series/MC850-51
MC850-53-0k4o,Commercial Intel 8th Gen GPU Capable Computer,MC850-53,Server/Standalone/MC850 Series/MC850-53
MC850-53-0ooo,Commercial Intel 8th Gen GPU Capable Computer,,///
MC850-53-gc84,Commercial Intel 8th Gen GPU Capable Computer,MC850-53,Server/Standalone/MC850 Series/MC850-53
MDCO-N3160-V4,Medeco N3160 Mobo Kit with Windows 10 IoT,,Components/Components/Components/
MC500 -8g4w,AK MC500 Kit,Industrial (Other),Industrial/Legacy Industrial/Legacy Industrial/Industrial (Other)
MBKit - Don't use,Custom Motherboard Kit for Jabit Circuit,,///
MC500-30-co80,Commercial Intel Haswell Desktop Mini-ITX Computer,MC500-30,Industrial/Fanned/MC500 Series/MC500-30
MC500-30-co80-kww8-4w4o,Commercial Intel Haswell Desktop Mini-ITX Computer,MC500-30,Industrial/Fanned/MC500 Series/MC500-30
Mauser-P1101,Cincoze Rugged Intel Apollo Lake Slim Fanless Computer,CV-P1101,Panel/Cincoze Panel/P1000 Series/CV-P1101
MC500 Groupe Access-kwgk,MC500 Groupe Access,MC500 (Other),Industrial/Fanned/MC500 Series/MC500 (Other)
MC500-51-5rn0,Industrial Intel Skylake Mini-ITX Computer,MC500-51,Industrial/Fanned/MC500 Series/MC500-51
LegolandV2-MC500-10,LegolandV2-MC500-10,MC500-10,Industrial/Fanned/MC500 Series/MC500-10
LambWestonPrototype-2GPU,Rugged GPU Computing System with Intel® R680E Chipset and 5 PCIe Slots,,///
Lanco-MC850-50,Commercial Intel 6th Gen GPU Capable Computer,MC850-50,Server/Standalone/MC850 Series/MC850-50
LCC-ML600G-52-48sk,Industrial Fanless Intel Skylake Computer,ML600G-52,Industrial/Performance/ML600 Series/ML600G-52
LD-DS-1001_r01-WIFI,Louis Dreyfus DS-1001 r01 WiFi,,///
LCBS-APIQ-44w0,Leica Biosystems APIQ Hub,NC200 (Other),Industrial/Legacy Industrial/NC200 Series/NC200 (Other)
k700-48sg,Karbon 700 High-Performance Rugged Edge Computer,K700-SE,Rugged/Performance/K700 Series/K700-SE
K700-m3ed,Karbon 700 High-Performance Rugged Edge Computer,,///
K700-cosc,Karbon 700 High-Performance Rugged Edge Computer,K700-SE,Rugged/Performance/K700 Series/K700-SE
K700-gss0,Karbon 700 Prototype,K700-SE,Rugged/Performance/K700 Series/K700-SE
IMB-1214,ASRock IMB-1214 Mini-ITX Motherboard,,///
IMB-110D,ASRock IMB-110D Intel Pineview Atom D525 Industrial Mini-ITX Motherboard,,Components/Components/Components/
IMB-150-9r9q,ASRock IMB-150 Intel Bay Trail Celeron J1900 Mini-ITX Motherboard,,Components/Components/Components/
IMB-154-e33a,ASRock IMB-154 Intel Braswell Industrial Mini-ITX Motherboard,,Components/Motherboard Kits/IMB Series/
HX600-3rh4,OnLogic Helix 600 Intel Comet Lake Expanded Industrial Edge Computer,HX600,Industrial/Performance/HX600 Series/HX600
HX310-v4qz,OnLogic Helix 310 Intel Elkhart Lake Industrial Edge Computer,HX310,Industrial/Gateway/HX300 Series/HX310
HX600-8g0g,OnLogic Helix 600 Intel Comet Lake Expanded Industrial Edge Computer,HX600,Industrial/Performance/HX600 Series/HX600
HX310-guka,OnLogic Helix 310 Intel Elkhart Lake Industrial Edge Computer,HX310,Industrial/Gateway/HX300 Series/HX310
HX600-0uj5,OnLogic Helix 600 Intel Comet Lake Expanded Industrial Edge Computer,HX600,Industrial/Performance/HX600 Series/HX600
HX511-dlho,OnLogic HX511,HX511,Industrial/Performance/HX500 Series/HX511
GULF-ML450,Gulfstream ML450G-51,ML450G-51,Industrial/Performance/ML400 Series/ML450G-51
GTL-HX600,OnLogic Helix 600 Intel Comet Lake Expanded Industrial Edge Computer,HX600,Industrial/Performance/HX600 Series/HX600
HLGC-ML450G-51,Hologic Fanless Industrial Intel Skylake Mini-ITX Computer,ML450G-51,Industrial/Performance/ML400 Series/ML450G-51
FR201,Factor 201 Raspberry Pi Industrial IoT Gateway,FR201,Industrial/Small Form Factor/FR200 Series/FR201
FR201-57li-7mvj,Factor 201 Raspberry Pi Industrial IoT Gateway,FR201,Industrial/Small Form Factor/FR200 Series/FR201
FR201-x2en,Factor 201 Raspberry Pi Industrial IoT Gateway,FR201,Industrial/Small Form Factor/FR200 Series/FR201
FR201-bds5,Factor 201 Raspberry Pi Industrial IoT Gateway,FR201,Industrial/Small Form Factor/FR200 Series/FR201
FR201-p5z2,Factor 201 Raspberry Pi Industrial IoT Gateway,FR201,Industrial/Small Form Factor/FR200 Series/FR201
FR201-ssul,Factor 201 Raspberry Pi Industrial IoT Gateway,FR201,Industrial/Small Form Factor/FR200 Series/FR201
FR201-d2g3,Factor 201 Raspberry Pi Industrial IoT Gateway,FR201,Industrial/Small Form Factor/FR200 Series/FR201
Nuvo-5100VTC-0woc,Neousys Rugged Intel Skylake In-Vehicle Computer with PoE,,///
Nuvo-5100vtc-0wog,Neousys Rugged Intel Skylake In-Vehicle Computer with PoE,,///
Nuvo-5095GC-MBenz-kkss,Neousys Rugged Intel Skylake Computer with Optional GPU,,///
nuvo-5026E-gs0k,Neousys Rugged Intel Skylake Fanless Computer with Dual PCIe Slot Expansion Cassette,,///
NF9HG-2930,Jetway NF9HG-2930 Bay Trail Networking Thin Mini-ITX Motherboard,,Components/Components/Components/
NG-MK150-o04k,MK150 Intel Atom 1.5U Rackmount Expandable Computer,MK150 (Other),Server/1U & 1.5U Rackmount/MK150 Series/MK150 (Other)
NF9HQL-525-kgs4,NF9H motherboard test plus 4gb ram,,Components/Components/Components/
ML500G-30-k0gc,Fanless Industrial Intel 6th Gen Computer w/optional i7 and 4 COM,ML500G-30,Industrial/Performance/ML500 Series/ML500G-30
ML500g-30-gssw,Industrial Intel 6th Gen Fanless Computer w/optional i7 and 4 COM,ML500G-30,Industrial/Performance/ML500 Series/ML500G-30
ML500G-30-488s,Fanless Industrial Intel 6th Gen Computer w/optional i7 and 4 COM,ML500G-30,Industrial/Performance/ML500 Series/ML500G-30
ML500G-30-4g8k,Industrial Intel 6th Gen Fanless Computer w/optional i7 and 4 COM,ML500G-30,Industrial/Performance/ML500 Series/ML500G-30
ML500G-30-so4g,Industrial Intel 6th Gen Fanless Computer w/optional i7 and 4 COM,ML500G-30,Industrial/Performance/ML500 Series/ML500G-30
ML500G-50-4s0w,Industrial Intel 6th Gen Fanless Computer w/optional i7,ML500G-50,Industrial/Performance/ML500 Series/ML500G-50
ML500G-30-w8s0,Fanless Industrial Intel 6th Gen Computer w/optional i7 and 4 COM,,///
ML500G-30-ogw0,Industrial Intel 6th Gen Fanless Computer w/optional i7 and 4 COM,ML500G-30,Industrial/Performance/ML500 Series/ML500G-30
ML210G-12,Fanless Industrial Intel Braswell Computer with Dual Gb LAN,ML210G-12,Industrial/Gateway/ML200 Series/ML210G-12
ML210G-12-kgsk,Industrial Intel Braswell Fanless Computer with Dual Gb LAN,ML210G-12,Industrial/Gateway/ML200 Series/ML210G-12
ML210G-12-Komatsu-os4c,Industrial Intel Braswell Fanless Computer with Dual Gb LAN,ML210G-12,Industrial/Gateway/ML200 Series/ML210G-12
ML350G-10-8cs8,Low Profile Fanless Industrial Computer With Apollo Lake,,///
ML210G-10-ProvisionCCC-sksg,Industrial Intel Bay Trail Fanless Computer,ML210G-10,Industrial/Gateway/ML200 Series/ML210G-10
ML210G-12-Bell-4goc,Industrial Intel Braswell Fanless Computer with Dual Gb LAN,ML210G-12,Industrial/Gateway/ML200 Series/ML210G-12
ML340G-Mitsu-k80c,Low Profile Fanless Industrial Computer with Haswell i7,ML340G-50,Industrial/Gateway/ML300 Series/ML340G-50
ML350G-10-0c4o,Low Profile Fanless Industrial Computer With Apollo Lake,ML350G-10,Industrial/Gateway/ML300 Series/ML350G-10
ML210G-10-sh60,Fanless Industrial Intel Bay Trail Computer,ML210G-10,Industrial/Gateway/ML200 Series/ML210G-10
ML210G-12-0w8g,Industrial Intel Braswell Fanless Computer with Dual Gb LAN,ML210G-12,Industrial/Gateway/ML200 Series/ML210G-12
MK020-50-8kos,Fanless Intel Haswell 2U Rackmount Computer,,Server/Other//
MK100B-50-408g-4cw0,Intel Haswell 1U Rackmount Computer,MK100B-50,Server/1U & 1.5U Rackmount/MK100 Series/MK100B-50
MK100B-40-ewlq,1U Rackmount AMD Ryzen Server,,///
MK100-80-fz5f,Kapsch TrafficCom 1U Server,,///
MK100B-50-4c4w,Intel Skylake 1U Rackmount Computer - ACSi GP 1RU,MK100B-50,Server/1U & 1.5U Rackmount/MK100 Series/MK100B-50
MK100B-40-7sn6,1U Rackmount AMD Ryzen Server,,///
MK100B-10-oo80,Intel Bay Trail 1U Rackmount Computer,MK100B-10,Server/1U & 1.5U Rackmount/MK100 Series/MK100B-10
MC610-55-FAB-EU,OnLogic MC610-55 Intel® 13th Gen GPU Computer,MC610-55,Industrial/Fanned/MC600 Series/MC610-55
MC610-51,Industrial Intel 10th Gen Comet Lake Mini-ITX Expandable Computer,,///
MC610-50-cw0o-wo4g,Industrial Intel Coffee Lake Mini-ITX Expandable Computer,MC610-50,Industrial/Fanned/MC600 Series/MC610-50
MC610-50-ha3k,Industrial Intel Coffee Lake Mini-ITX Expandable Computer,,///
MC610-50-vb42,Industrial Intel Coffee Lake Mini-ITX Expandable Computer,,///
MC610-50-bync,Industrial Intel Coffee Lake Mini-ITX Expandable Computer,MC610-50,Industrial/Fanned/MC600 Series/MC610-50
MC610-50-5elj,Industrial Intel Coffee Lake Mini-ITX Expandable Computer,,///
L3H-MK200-TAA-typ4,2U Rackmount Intel Cascade Lake Xeon Scalable Edge Server,,///
L3MK200-Mid Tier,2U Rackmount Intel 2nd Gen Xeon SP Server,MK200 (Other),Server/2U Rackmount/MK200 Series/MK200 (Other)
LRPC-Nuvo-7160GC-PoE-xzwn,"Liberty Reach Nuvo-7160GC with PoE, RAID 1, and 3060Ti",,///
LRPC-LS1060-1T-cg0w,Commercial Intel 6th Gen GPU Capable Computer,MC850-50,Server/Standalone/MC850 Series/MC850-50
K700-SE-g6ow-kdu3,Karbon 700 High-Performance Rugged Edge Computer with 2x 256GB SSD and RAID 1,K700-SE,Rugged/Performance/K700 Series/K700-SE
K700-SE-6ojp,Karbon 700 High-Performance Rugged Edge Computer,K700-SE,Rugged/Performance/K700 Series/K700-SE
K700-SE-4zvs,Karbon 700 High-Performance Rugged Edge Computer,K700-SE,Rugged/Performance/K700 Series/K700-SE
K700-SE-g8ws,Karbon 700 High-Performance Rugged Edge Computer,K700-SE,Rugged/Performance/K700 Series/K700-SE
K700-SE-cgkw,Karbon 700 High-Performance Rugged Edge Computer,K700-SE,Rugged/Performance/K700 Series/K700-SE
K700-X2-zk71,Karbon 700 Expanded High-Performance Rugged Edge Computer,K700-X2,Rugged/Performance/K700 Series/K700-X2
JFTS-MC610-10,Industrial Intel Apollo Lake Mini-ITX Expandable Computer,MC610-10,Industrial/Fanned/MC600 Series/MC610-10
JOT-CL210G-11,JOT Ultra Small Quad Core Fanless Industrial Edge Computer,CL210G-11,Industrial/Small Form Factor/CL200 Series/CL210G-11
JOT-MK100-i350NIC-oogc,Intel Haswell 1U Rackmount with Jetway Intel i350 NIC,MK100B-50,Server/1U & 1.5U Rackmount/MK100 Series/MK100B-50
JP-BERNEX-K801,OnLogic Karbon 801 Low-Profile High-Performance Rugged Computer,,///
JoDe-K802-Mex,OnLogic Karbon 802 High-Performance Rugged Computer w/ModBay,,///
IBM-ML210,IBM ML210,ML210G-12,Industrial/Gateway/ML200 Series/ML210G-12
HX610-avbh,Onlogic Helix 610 Intel Comet Lake Industrial Edge Computer With Optional Hot Swap Storage,HX610,Industrial/Performance/HX600 Series/HX610
HX600-zch9,OnLogic Helix 600 Intel Comet Lake Expanded Industrial Edge Computer,HX600,Industrial/Performance/HX600 Series/HX600
HX600-zo4s,OnLogic Helix 600 Intel Comet Lake Expanded Industrial Edge Computer,HX600,Industrial/Performance/HX600 Series/HX600
HX610-WIN10-S-udy3,Onlogic Helix 610 Intel Comet Lake Industrial Edge Computer With Optional Hot Swap Storage,HX610,Industrial/Performance/HX600 Series/HX610
HX610-3ui6,Onlogic Helix 610 Intel Comet Lake Industrial Edge Computer With Optional Hot Swap Storage,HX610,Industrial/Performance/HX600 Series/HX610
HX610-oejn,Onlogic Helix 610 Intel Comet Lake Industrial Edge Computer With Optional Hot Swap/RAID Storage + 4G for Tunstall,HX610,Industrial/Performance/HX600 Series/HX610
HX600-sgqo,OnLogic Helix 600 Intel Comet Lake Expanded Industrial Edge Computer,HX600,Industrial/Performance/HX600 Series/HX600
HX500-h7oz,OnLogic Helix 500 Intel Comet Lake Industrial Edge Computer,HX500,Industrial/Performance/HX500 Series/HX500
HX310-9n0e,OnLogic Helix 310 Intel Elkhart Lake Industrial Edge Computer,HX310,Industrial/Gateway/HX300 Series/HX310
GYRS-HX310,Helix 310 Industrial Computer,HX310,Industrial/Gateway/HX300 Series/HX310
GYST-K700-SE,Karbon 700 High-Performance Rugged Edge Computer,K700-SE,Rugged/Performance/K700 Series/K700-SE
Fargo-K300,Karbon 300 Compact Rugged Computer,,///
FIT-100-LTE,AlterG FIT 100 Ultra Small PC w/ LTE,CL100,Industrial/Small Form Factor/CL100 Series/CL100
FIN-W-CL210G-11,Ultra Small Quad Core Fanless Industrial Edge Computer,CL210G-11,Industrial/Small Form Factor/CL200 Series/CL210G-11
FCA+-ML500G-50,Petrolink FCA System,ML500G-50,Industrial/Performance/ML500 Series/ML500G-50
FAA-CL100-LTSB,Fanless Industrial Mini PC,CL100,Industrial/Small Form Factor/CL100 Series/CL100
P2102-IGN320-mt5h,Rugged Panel PC with Intel Core i3/i5 CPU and Ignition Software - UL Listed,,///
OldCastle- Nuvo-3003P-ssoo,OldCastle- Nuvo-3003P,,///
OldCastle PCIe -sc0w,OldCastle PCIe,,///
OSSY-Nuvis-3304-4PoE,Osram Sylvania Nuvis-3304 4PoE,,///
OPBR-OpenBox,OPBR-OpenBox,ML210G-10,Industrial/Gateway/ML200 Series/ML210G-10
OC-IGL100-DIN,"Owens Corning Low Profile Industrial IGEL Ready thin client DIN Rail, DC Power",ML350G-10 (IGL100),Industrial/Gateway/ML300 Series/ML350G-10 (IGL100)
Nuvis-5306RT-4goo,Neousys Rugged Intel Skylake Machine Vision Computer w/Optional GPU,Nuvis-5306RT,Rugged/Legacy Rugged/Nuvis Series/Nuvis-5306RT
Nuvis-3304-V-k0ss,Nuvis-3304 HM76 Core i Fanless In-Vehicle Computer,,///
NM-Celeron557,"7280817 Rev A PC,MINI,WIN7,SSD",,Industrial/Fanned/Other/
NM-Pentium557RAID1-koc0,Nordson March Pentium Computer w/ RAID 1,Industrial (Other),Industrial/Legacy Industrial/Legacy Industrial/Industrial (Other)
Nuvis-3304-s0os,Nuvis-3304 HM76 Core i Fanless Computer,,///
Nuvis-3304-V-o8oo,Neousys Rugged Intel Ivy Bridge Automotive Computer,,///
Nuvo-1003A-wgso,Nuvo-1003 System,,///
MPW-P2002,MPW Industrial Services P2002,P2002,Rugged/Entry/P2000 Series/P2002
MPW-P2102,Cincoze Rugged Intel 8th Gen Core i3/i5 Slim Fanless Computer,P2102,Rugged/Mid Tier/P2000 Series/P2102
MSCN-ATOM,MSCN Atom Rackmount System,MK100 (Other),Server/1U & 1.5U Rackmount/MK100 Series/MK100 (Other)
MSE_MK100-UPS-0gkw,MK100 Industrial 1U Rackmount Computer with Uninterruptible Power Supply,MK100 (Other),Server/1U & 1.5U Rackmount/MK100 Series/MK100 (Other)
MUTL-IMB-150-BIOS,ASRock IMB-150 Intel Bay Trail Celeron J1900 Mini-ITX Motherboard,,///
ML400G-51-oggg,Industrial Intel Haswell Performance Mini-ITX Computer,ML400G-51,Industrial/Performance/ML400 Series/ML400G-51
ML400G-ooks,Industrial Intel Bay Trail Celeron Mini-ITX Computer,ML400G-10,Industrial/Performance/ML400 Series/ML400G-10
ML400G-52,Industrial Intel Skylake or Kaby Lake Core i Mini-ITX Computer,ML400G-52,Industrial/Performance/ML400 Series/ML400G-52
ML450G-10-g4cw,Industrial Intel Bay Trail Celeron Mini-ITX Computer,ML450G-10,Industrial/Performance/ML400 Series/ML450G-10
ML450G-10-c88g,Industrial Intel Braswell Celeron Mini-ITX Computer,ML450G-10,Industrial/Performance/ML400 Series/ML450G-10
ML450G-10-Spark-k48g,Industrial Intel Braswell Celeron Mini-ITX Computer,ML450G-10,Industrial/Performance/ML400 Series/ML450G-10
ML450-50-extrahop-0w4w,Industrial Intel Haswell Core i3/i5 Mini-ITX Computer,ML450G-50,Industrial/Performance/ML400 Series/ML450G-50
ML450G-11-k8o4,Fanless Industrial Intel Apollo Lake Mini-ITX Computer,ML450G-11,Industrial/Performance/ML400 Series/ML450G-11
ML450G-11-84os,Fanless Industrial Intel Apollo Lake Mini-ITX Computer,ML450G-11,Industrial/Performance/ML400 Series/ML450G-11
ML100G-31-88ws,Industrial Intel Dawson Canyon Fanless NUC Computer,ML100G-31,Industrial/Entry/ML100 Series/ML100G-31
ML100G-31-8owd,Fanless Industrial Intel Dawson Canyon NUC Computer,ML100G-31,Industrial/Entry/ML100 Series/ML100G-31
ML100G-31-8s8s,Industrial Intel Dawson Canyon Fanless NUC Computer,ML100G-31,Industrial/Entry/ML100 Series/ML100G-31
ML210G-10-c8ck,Industrial Intel Bay Trail Fanless Computer,ML210G-10,Industrial/Gateway/ML200 Series/ML210G-10
ML210G-10-cskg,Industrial Intel Bay Trail Fanless Computer,ML210G-10,Industrial/Gateway/ML200 Series/ML210G-10
MK020-50,Fanless Intel Haswell 2U Rackmount Computer,ML400G-51,Industrial/Performance/ML400 Series/ML400G-51
MK150B-40,1.5U Rackmount AMD Ryzen Server,MK150B-40,Server/1U & 1.5U Rackmount/MK150 Series/MK150B-40
MITS-CL210G-10,Fanless Industrial USFF Edge Device w/ Dual LAN,CL210G-10,Industrial/Small Form Factor/CL200 Series/CL210G-10
MK150 Smartmatic-skkw,SMARMATIC ELECTORAL SERVER,MK150 (Other),Server/1U & 1.5U Rackmount/MK150 Series/MK150 (Other)
MK150b-51-gkk0,Commercial Intel Xeon GPU Capable Computer,MK150B-51,Server/1U & 1.5U Rackmount/MK150 Series/MK150B-51
MK150-Westfield-co0k,1.5U i5 System with NVIDIA K2200,MK150 (Other),Server/1U & 1.5U Rackmount/MK150 Series/MK150 (Other)
LS450-10U16-IOM-Access-ID-200,Princeton Identity ML450G-10,ML450G-10,Industrial/Performance/ML400 Series/ML450G-10
LS450-10U18-IOM-Access-ID-200,Princeton Identity ML450G-10 (Ubuntu 18),ML450G-10,Industrial/Performance/ML400 Series/ML450G-10
M002852,Smuckers TM200,ML210G-10 (TM200),Industrial/Gateway/ML200 Series/ML210G-10 (TM200)
M0n0wallBridgeServices-oosc,M0n0wallBridgeServices,,///
LVT-AMK100,Leviton MK100 Intel Atom 1U Rackmount Computer,MK100 (Other),Server/1U & 1.5U Rackmount/MK100 Series/MK100 (Other)
LS450-02U18-IOM-Access-ID-100,Princeton Identity ML450G-02 (Ubuntu),ML450G-10,Industrial/Performance/ML400 Series/ML450G-10
Lumiguide-ml350g-10,Lumiguide Industrial Low Profile Fanless Computer With Apollo Lake,ML350G-10,Industrial/Gateway/ML300 Series/ML350G-10
K801-drw2,OnLogic Karbon 801 Low-Profile High-Performance Rugged Computer,K801,Rugged/Performance/K800 Series/K801
K802-ca4c,OnLogic Karbon 802 High-Performance Rugged Computer w/ModBay,,///
KSK-NC200,Intel NUC Kiosk Computer,NC200 (Other),Industrial/Legacy Industrial/NC200 Series/NC200 (Other)
K410-brle,Karbon 410 Intel Elkhart Lake Compact Rugged Computer,K410,Rugged/Entry/K400 Series/K410
K410-dzqa,Karbon 410 Intel Elkhart Lake Compact Rugged Computer,K410,Rugged/Entry/K400 Series/K410
IronBow-ML340-V8,Iron Bow ML340 V8 - i7 / Win 10 IoT,ML340G-51,Industrial/Gateway/ML300 Series/ML340G-51
Iron-ML100G-31-4gwc,Iron Bow ML100G-31,ML100G-31,Industrial/Entry/ML100 Series/ML100G-31
IronBow-ML340-V1,Iron Bow ML340 V1 - i7 / Win 10 Pro,ML340G-51,Industrial/Gateway/ML300 Series/ML340G-51
IronBow-ML340-V10,Iron Bow ML340 V10 - i7 / Win 7 Pro,ML340G-51,Industrial/Gateway/ML300 Series/ML340G-51
IPIPES-ML100,Industrial Piping Specialists,ML100G-10,Industrial/Entry/ML100 Series/ML100G-10
Iron-ML100Chassis-wgks,Iron Bow ML100 Chassis,,Components/Components/Components/
HX600-lbvt,OnLogic Helix 600 Intel Comet Lake Expanded Industrial Edge Computer,HX600,Industrial/Performance/HX600 Series/HX600
HX600-lgoq,OnLogic Helix 600 Intel Comet Lake Expanded Industrial Edge Computer,HX600,Industrial/Performance/HX600 Series/HX600
HX600-9zoj,OnLogic Helix 600 Intel Comet Lake Expanded Industrial Edge Computer,HX600,Industrial/Performance/HX600 Series/HX600
HX600-b9ix,OnLogic Helix 600 Intel Comet Lake Expanded Industrial Edge Computer,HX600,Industrial/Performance/HX600 Series/HX600
HX600-ornf,OnLogic Helix 600 Intel Comet Lake Expanded Industrial Edge Computer,HX600,Industrial/Performance/HX600 Series/HX600
HX600-mjm9,OnLogic Helix 600 Intel Comet Lake Expanded Industrial Edge Computer for Nettitude,HX600,Industrial/Performance/HX600 Series/HX600
HX600-fo7b,OnLogic Helix 600 Intel Comet Lake Expanded Industrial Edge Computer,HX600,Industrial/Performance/HX600 Series/HX600
HFGO-ML350G-10-w0wk,Industrial Low Profile Fanless Computer With Apollo Lake,ML350G-10,Industrial/Gateway/ML300 Series/ML350G-10
HFMT-DX-1100-v3,Honeywell - 8th Generation Intel Core High-Performance Compact Rugged Computer (4 x M12 ports and 4 x RJ45 ports),DX-1100,Rugged/Mid Tier/DX Series/DX-1100
HE-K300-HVP-250,Hitachi ABB Compact Rugged Gateway – Wifi Only - HVP-250,,///
FR202-ymtb-1,Factor 202 Raspberry Pi Industrial Controller,FR202,Industrial/Small Form Factor/FR200 Series/FR202
FR202-4ktd-ygp3,Factor 202 Raspberry Pi Industrial Controller,FR202,Industrial/Small Form Factor/FR200 Series/FR202
FREQ-K801-UL,OnLogic Karbon 801 Low-Profile High-Performance Rugged Computer,,///
FRAC-K801,OnLogic Karbon 801 Low-Profile High-Performance Rugged Computer,K801,Rugged/Performance/K800 Series/K801
Nuvo-5000-40gk,Test,,///
Nuvo-5000-4440,Neousys Rugged Intel Skylake Fanless Computer,,///
Nuvo-5000-88go,Neousys Rugged Intel Skylake Fanless Computer,,///
Nuvo-5000-70pe,Neousys Rugged Intel Skylake Fanless Computer,,///
Nuvo-5000-kw44,Neousys Rugged Intel Skylake Fanless Computer,,///
nuvo-5000-8wgc,Neousys Rugged Intel Skylake Fanless Computer,,///
Nuvo-5000-c80o,Neousys Rugged Intel Skylake Fanless Computer,,///
Nuvo-5000LP-AQUA-wsoo,Neousys Rugged Intel Skylake Low Profile Fanless Computer,,///
Nuvo-5000LP-ECC-ws0c,Neousys Rugged Intel Skylake Low Profile Fanless Computer,,///
Nuvo-3616VR-0oo4,Nuvo-3616VR Ivy Bridge Core i Fanless Computer with 16 PoE,,///
NokianHX310-FactoryWindows-1,OnLogic Helix 310 Intel Elkhart Lake Industrial Edge Computer,HX310,Industrial/Gateway/HX300 Series/HX310
NokianHX310-US,OnLogic Helix 310 Intel Elkhart Lake Industrial Edge Computer,HX310,Industrial/Gateway/HX300 Series/HX310
NOVA-01-STD,Ultra Small Quad Core Fanless Industrial Edge Computer,CL210G-10 (Other),Industrial/Small Form Factor/CL200 Series/CL210G-10 (Other)
NokianHX310-FactoryWindows-US,OnLogic Helix 310 Intel Elkhart Lake Industrial Edge Computer,HX310,Industrial/Gateway/HX300 Series/HX310
NokianHX310-US-exbm,OnLogic Helix 310 Intel Elkhart Lake Industrial Edge Computer,HX310,Industrial/Gateway/HX300 Series/HX310
NOVA-01-STD-LAN,CL210G-11 with LAN Only (No WiFi),CL210G-11,Industrial/Small Form Factor/CL200 Series/CL210G-11
Novo-ML350G-N4200-k8g8,Industrial Low Profile Fanless Computer With Apollo Lake and Single LAN,ML350G-10,Industrial/Gateway/ML300 Series/ML350G-10
Novo-ML350G-N4200C,Industrial Low Profile Fanless Computer With Apollo Lake and Single Storage Drive,ML350G-10,Industrial/Gateway/ML300 Series/ML350G-10
NOF-CL100,National Office Furniture CL100,CL100,Industrial/Small Form Factor/CL100 Series/CL100
NOF-04ws,Industrial Fanless Mini PC,CL100,Industrial/Small Form Factor/CL100 Series/CL100
MLv1C159NF,Mutualink Custom C159 NF92 Mini-ITX Rackmount System,MK100 (Other),Server/1U & 1.5U Rackmount/MK100 Series/MK100 (Other)
MTA-DS-1100-w8oo-gkss,Cincoze Rugged Intel Skylake Fanless Computer,,///
MTA-sg4k,Cincoze Rugged Intel 6th/7th Gen Compact Fanless Computer,,///
MTA-DS-1100-w8oo-44g0,Cincoze Rugged Intel Skylake Fanless Computer,,///
MTAA-5000-K,"MTA Mounting Plate, Sled and Cable",,Components/Components/Components/
ML450G-51,Fanless Industrial Intel Skylake Mini-ITX Computer,ML450G-51,Industrial/Performance/ML400 Series/ML450G-51
ML450G-51-c8e8,Fanless Industrial Intel Skylake Mini-ITX Computer,,///
ML450G-51-cc40,Industrial Intel Skylake Mini-ITX Computer,ML450G-51,Industrial/Performance/ML400 Series/ML450G-51
ML450G-51-4wwg,Industrial Intel Skylake Mini-ITX Computer,ML450G-51,Industrial/Performance/ML400 Series/ML450G-51
ML450G-51-BP-4gkw,Industrial Intel Skylake Mini-ITX Computer,ML450G-51,Industrial/Performance/ML400 Series/ML450G-51
ML450G-51-8g0o,Fanless Industrial Intel Skylake Mini-ITX Computer,,///
ML450G-51-cok8,Industrial Intel Skylake Mini-ITX Computer,ML450G-51,Industrial/Performance/ML400 Series/ML450G-51
ml450g-50-wcoo,Industrial Intel Haswell Core i3/i5 Mini-ITX Computer,ML450G-50,Industrial/Performance/ML400 Series/ML450G-50
ML100G-51-sk0k,Industrial Fanless Intel Whiskey Lake NUC With Dual LAN,ML100G-51,Industrial/Entry/ML100 Series/ML100G-51
ML250-Intrado-8wws,ML250,ML250 (Other),Industrial/Gateway/ML250 Series/ML250 (Other)
ML100G-51-o0w0,Industrial Fanless Intel Whiskey Lake NUC With Dual LAN,,///
ML100G-52-408k,Industrial Fanless Intel Whiskey Lake NUC With Dual LAN,,///
ML250Checkpoint-wo8s,ML250Checkpoint,ML250 (Other),Industrial/Gateway/ML250 Series/ML250 (Other)
ML100G-52-cvod,Industrial Fanless Intel Whiskey Lake Embedded NUC With Dual LAN,,///
ML100G-51-wzyo,Industrial Fanless Intel Whiskey Lake NUC With Dual LAN,,///
MK100B-53-gcgw,Intel Coffee Lake 1U Rackmount Computer,,///
MK100B-53-gs0g,Intel Coffee Lake 1U Rackmount Computer,MK100B-53,Server/1U & 1.5U Rackmount/MK100 Series/MK100B-53
SKY-MK100B-53,Skyhelm - 1U Rackmount Intel Coffee Lake Computer,,///
MK200-70-ko32,MK200-70 2U Rackmount Intel 2nd Gen Xeon SP Server,,///
MK100B-51-wgo8,Intel Skylake 1U Rackmount Computer,,///
MK100B-51-wk48,Intel Skylake 1U Rackmount Computer,MK100B-51,Server/1U & 1.5U Rackmount/MK100 Series/MK100B-51
MK100B-53-ne4e,1U Rackmount Intel Coffee Lake Computer,,///
MK400-40-AR-FP-qrlq,Amazon Robotics 4U Server Prototype - Sparrow,,///
MK200-70-uugc,2U Rackmount Intel Cascade Lake Xeon Scalable Edge Server,,///
MK200-70-Proto-jr4k,2U Rackmount Intel Cascade Lake Xeon Scalable Edge Server,MK200-70,Server/2U Rackmount/MK200 Series/MK200-70
MK400-40-AR-CARDINAL-L-Proto-071,Amazon Robotics 4U Server Prototype - CARDINAL LONG,,///
MK100B-53-vcuo,1U Rackmount Intel Coffee Lake Computer,,///
MC610-10-400g,Efficient Intel Apollo Lake Mini-ITX Expandable Computer,MC610-10,Industrial/Fanned/MC600 Series/MC610-10
MC610-10,Industrial Intel Apollo Lake Mini-ITX Expandable Computer,MC610-10,Industrial/Fanned/MC600 Series/MC610-10
MC600-UPS,Expandable Compact Computer with Built-In UPS,MC600 (Other),Industrial/Fanned/MC600 Series/MC600 (Other)
MC600-52-g8oc,Commercial Intel Skylake Computer with Expansion,MC600-52,Industrial/Fanned/MC600 Series/MC600-52
MC600-52-pfke,Industrial Intel Skylake Expandable Computer,,///
MC600-52-ca1t,Industrial Intel Skylake Expandable Computer,MC600-52,Industrial/Fanned/MC600 Series/MC600-52
MC610-50,Industrial Intel Coffee Lake Mini-ITX Expandable Computer,MC610-50,Industrial/Fanned/MC600 Series/MC610-50
MC600-Vipond-R2-k08g,Industrial Video Wall Digital Media Player,MC600-50,Industrial/Fanned/MC600 Series/MC600-50
MC600-Thermo-NI-o4co,Commercial Intel Skylake Mini-ITX Computer,MC600-52,Industrial/Fanned/MC600 Series/MC600-52
MC600-52-w8os,Commercial Intel Skylake Computer with Expansion,MC600-52,Industrial/Fanned/MC600 Series/MC600-52
MC610-50-1xon,Industrial Intel Coffee Lake Mini-ITX Expandable Computer,MC610-50,Industrial/Fanned/MC600 Series/MC610-50
MC600-52-wc08,Commercial Intel Skylake Computer with Expansion,MC600-52,Industrial/Fanned/MC600 Series/MC600-52
MC600-hydrographics-8kok,Hydrographics1,MC600 (Other),Industrial/Fanned/MC600 Series/MC600 (Other)
MC6008Lan-8gs0,MC6008Lan,MC600 (Other),Industrial/Fanned/MC600 Series/MC600 (Other)
KODK-K410,Karbon 410 Intel Elkhart Lake Compact Rugged Computer,K410,Rugged/Entry/K400 Series/K410
KOMP-ML350G-10,KOMP-ML350G-10 - 1x CAN & 1x COM,ML350G-10,Industrial/Gateway/ML300 Series/ML350G-10
Kistler ML250 -0ksg,Kistler ML250,ML250 (Other),Industrial/Gateway/ML250 Series/ML250 (Other)
KARL-IMB-150,ASRock IMB-150 Intel Bay Trail Celeron J1900 Mini-ITX Motherboard,,Components/Components/Components/
KR-MC510-50,Intel Coffee Lake Mini-ITX Computer,MC510-50,Industrial/Fanned/MC500 Series/MC510-50
K300-6qbw,Karbon 300 Compact Rugged Computer,,///
K300-50-4wgk,Karbon 300 Compact Rugged Computer,,///
K700-SE-04xr,Karbon 700 High-Performance Rugged Edge Computer,K700-SE,Rugged/Performance/K700 Series/K700-SE
K700-SE-03r4,Karbon 700 High-Performance Rugged Edge Computer,K700-SE,Rugged/Performance/K700 Series/K700-SE
K700-se-0gos,Karbon 700 High-Performance Rugged Edge Computer,K700-SE,Rugged/Performance/K700 Series/K700-SE
K700-SE-2n5j,Adient - Karbon 700 High-Performance Rugged Edge Computer,K700-SE,Rugged/Performance/K700 Series/K700-SE
IMB-A180M,ASRock IMB-A180M AMD Fusion GX-415 Mini-ITX Motherboard,,Components/Components/Components/
imb-195-8oko,ASRock IMB-195 Skylake Desktop Industrial Mini-ITX Motherboard,,///
"IMC Chile- MG150 8.4"" Panel PC-ggsc",MG150 Series Industrial Fanless HMI Panel PC,,///
iBox-210D-IoTium-0cow,Panasonic iBOX-210D,Industrial (Other),Industrial/Legacy Industrial/Legacy Industrial/Industrial (Other)
ICS-2010D,Embux ICS-2010 NXP i.MX6 Compact Box ARM Computer,Industrial (Other),Industrial/Legacy Industrial/Legacy Industrial/Industrial (Other)
ICM-2010D,"Embux ICM-2010 2.5"" NXP i.MX6 ARM Motherboard",,Components/Components/Components/
ICS-CV155C-ccco,"Cincoze Crystal 15"" Industrial Panel PC",,///
ICS-IMB-185-i3-K,ICS IMB185 KIT,,Components/Components/Components/
ICG-x86-M,Low Profile Fanless Industrial Computer With Apollo Lake,ML350G-10,Industrial/Gateway/ML300 Series/ML350G-10
ICM-3011D-84kg,"Embux ICM-3011 3.5"" NXP i.MX6 Motherboard",,Components/Components/Components/
GOGO-ML500G-30-WIFI,Industrial Intel 6th Gen Fanless Computer w/Sparklan WiFi (P49159-102 and Rev C),ML500G-30,Industrial/Performance/ML500 Series/ML500G-30
Google-K300-Win,Karbon 300 Compact Rugged Computer,K300,Rugged/Entry/K300 Series/K300
FRST-EXAMPLE-o0gs,Example FRST System,,///
GD-FR201,Factor 201 Raspberry Pi Industrial IoT Gateway,FR201,Industrial/Small Form Factor/FR200 Series/FR201
GDMS-K700-SE,Karbon 700 High-Performance Rugged Edge Computer,K700-SE,Rugged/Performance/K700 Series/K700-SE
Nuvo-8108GC,Neousys Rugged Edge AI Computer,Nuvo-8108GC,Rugged/High Performance/Nuvo Series/Nuvo-8108GC
Nuvo-5501-ssk4,Neousys Rugged Intel Skylake Fanless Computer,,///
Nuvo-6000,Neousys Rugged Intel 6th Gen Computer w/Optional GPU and Expansion,Nuvo-6000,Rugged/High Performance/Nuvo Series/Nuvo-6000
Nuvo-3100VTC-wscg,Neousys Rugged Intel Ivy Bridge Compact In-Vehicle Computer,,///
Nuvo-3120-84g4,Nuvo-3120 Fanless Wide-Temperature Computer,,///
Nuvo-5100VTC-k804-wkoc-ksw0,Neousys Rugged Intel Skylake In-Vehicle Computer with PoE,K804,Rugged/Performance/K800 Series/K804
Nuvo-5100VTC-4gww,Neousys Rugged Intel Skylake In-Vehicle Computer with PoE,,///
Nuvo-3120-4o88,Nuvo-3120 Fanless Wide-Temperature Computer,,///
NC100-50,Industrial NUC i7/i5/i3 Computer with Dual HDMI,NC100-50,Industrial/Legacy Industrial/NC100 Series/NC100-50
NBCU-ML340-WIFI,NBCUniversal ML340 WiFi,ML340G-50,Industrial/Gateway/ML300 Series/ML340G-50
NC100-LNMR-owk8,Industrial Intel Broadwell Fanless NUC Computer,NC100-50,Industrial/Legacy Industrial/NC100 Series/NC100-50
NC100-50-88o8,Commercial Intel® Kaby Lake NUC Computer,NC100-50,Industrial/Legacy Industrial/NC100 Series/NC100-50
ML500G-51,Industrial Intel Coffee Lake Mini-ITX Computer,ML500G-51,Industrial/Performance/ML500 Series/ML500G-51
ML500G-50-cgso,AMW ML500G-50,ML500G-50,Industrial/Performance/ML500 Series/ML500G-50
ML500G-50-kcso,Industrial Intel 6th Gen Fanless Computer w/optional i7,ML500G-50,Industrial/Performance/ML500 Series/ML500G-50
ML600G-52-ws80,Industrial Fanless Intel Skylake Computer,ML600G-52,Industrial/Performance/ML600 Series/ML600G-52
ML600G-ACSIS-8000,Industrial Fanless Intel Haswell Computer,ML600G-50,Industrial/Performance/ML600 Series/ML600G-50
ML600G-L3T-1-gcs4,Industrial Fanless Intel Skylake Computer,ML600G-52,Industrial/Performance/ML600 Series/ML600G-52
ML600G-520-woc0,Industrial Fanless Intel Skylake Computer,ML600G-52,Industrial/Performance/ML600 Series/ML600G-52
ML500G-50-woko,Industrial Intel 6th Gen Fanless Computer w/optional i7,ML500G-50,Industrial/Performance/ML500 Series/ML500G-50
ML400B-30,Industrial Intel Haswell ULV Core i5 Mini-ITX Computer,ML400 (Other),Industrial/Performance/ML400 Series/ML400 (Other)
ML400B-50,Industrial Intel Haswell Core i3/i5 Mini-ITX Computer,ML400B-50,Industrial/Performance/ML400 Series/ML400B-50
ML400B-10,Industrial Intel Bay Trail Celeron Mini-ITX Computer,ML400G-10,Industrial/Performance/ML400 Series/ML400G-10
ML400B-50-MK,Industrial Haswell Core i3/i5 Fanless Rackmount Computer,,///
ML400G-10-g444,Industrial Intel Bay Trail Celeron Mini-ITX Computer,ML400G-10,Industrial/Performance/ML400 Series/ML400G-10
ML400G-10-owck,Industrial Intel Bay Trail Celeron Mini-ITX Computer,,///
ML400G-50-sksw,Industrial Intel Haswell Core i3/i5 Mini-ITX Computer,ML450G-50,Industrial/Performance/ML400 Series/ML450G-50
ML400G-51-4wcw,Industrial Intel Haswell Performance Mini-ITX Computer,ML400G-51,Industrial/Performance/ML400 Series/ML400G-51
ML400G-10-v5sj,Fanless Industrial Intel Bay Trail Celeron Mini-ITX Computer,ML400G-10,Industrial/Performance/ML400 Series/ML400G-10
ML400G-14-sc8g,Industrial Intel Braswell Celeron Mini-ITX Computer,ML400G-14,Industrial/Performance/ML400 Series/ML400G-14
MK100B-54-zfjc,1U Rackmount Intel Xeon E Edge Server,MK100B-54,Server/1U & 1.5U Rackmount/MK100 Series/MK100B-54
MK100B-70,1U Rackmount Scalable Xeon Edge Server with PCIe expansion,MK100B-70,Server/1U & 1.5U Rackmount/MK100 Series/MK100B-70
MK100B-54-mb6u,1U Rackmount Intel Xeon E Edge Server,MK100B-54,Server/1U & 1.5U Rackmount/MK100 Series/MK100B-54
MK100B-54-o04w,Intel Coffee Lake Xeon 1U Rackmount Computer,,///
MK100B-54-v27p,1U Rackmount Intel Xeon E Edge Server,,///
MK100CIU-w0go,MK100 Core I Rackmount System w/ UPS,MK100 (Other),Server/1U & 1.5U Rackmount/MK100 Series/MK100 (Other)
MK100B-54-2y1m,1U Rackmount Intel Xeon E Edge Server,,///
MK100B-54-00ph,1U Rackmount Intel Xeon E Edge Server,MK100B-54,Server/1U & 1.5U Rackmount/MK100 Series/MK100B-54
MC510-10-c8c4,Commercial Intel Apollo Lake Mini-ITX Computer,MC510-10,Industrial/Fanned/MC500 Series/MC510-10
MC510-12-so4w,Industrial Intel Apollo Lake Mini-ITX Computer,MC500 (Other),Industrial/Fanned/MC500 Series/MC500 (Other)
MC510-50-0ogk,Industrial Intel Coffee Lake Mini-ITX Computer,MC510-50,Industrial/Fanned/MC500 Series/MC510-50
MC510-50-llj3,Industrial Intel Coffee Lake Mini-ITX Computer,,///
MC500G-31-cwcw,Industrial Intel Skylake Mini-ITX Computer,,///
MC510-50-sgsw,Industrial Intel Coffee Lake Mini-ITX Computer,,///
mc500xTan-08ko,Custom MC500X,,///
LineView-HX500-wocc,OnLogic Helix 500 Intel Comet Lake Industrial Edge Computer,HX500,Industrial/Performance/HX500 Series/HX500
LineV-ML510G-50-kg8k,Compact Fanless Industrial Coffee Lake Computer,ML510G-50,Industrial/Performance/ML500 Series/ML510G-50
LINE-CV-119-P1001,"Lineview Crystal 19"" Industrial Capacitive Panel PC",CV-P1001,Panel/Cincoze Panel/P1000 Series/CV-P1001
LILLY-CL250,CL250 Ultra Small Fanless Industrial Edge Gateway,CL250,Industrial/Small Form Factor/CL200 Series/CL250
LGS DS-1102-k0wc,LGS Innovations DS-1102,,///
K700-X2-ykay,Karbon 700 Expanded High-Performance Rugged Edge Computer,K700-X2,Rugged/Performance/K700 Series/K700-X2
K700-X2-yprs,Karbon 700 Expanded High-Performance Rugged Edge Computer,K700-X2,Rugged/Performance/K700 Series/K700-X2
k700-x2-qhsu,Karbon 700 Expanded High-Performance Rugged Edge Computer for XOcean,K700-X2,Rugged/Performance/K700 Series/K700-X2
K700-X2-o8g4-s0go,Karbon 700 Expanded High-Performance Rugged Edge Computer,K700-X2,Rugged/Performance/K700 Series/K700-X2
K700-X2-r6f3,Karbon 700 Expanded High-Performance Rugged Edge Computer for XOcean,K700-X2,Rugged/Performance/K700 Series/K700-X2
K700-X2-oe98,Karbon 700 Expanded High-Performance Rugged Edge Computer,K700-X2,Rugged/Performance/K700 Series/K700-X2
K700-X2-nt8o,Karbon 700 Expanded High-Performance Rugged Edge Computer,K700-X2,Rugged/Performance/K700 Series/K700-X2
K700-X2-wogw,Karbon 700 Expanded High-Performance Rugged Edge Computer,K700-X2,Rugged/Performance/K700 Series/K700-X2
K700-X2-wc48,Karbon 700 Expanded High-Performance Rugged Edge Computer,K700-X2,Rugged/Performance/K700 Series/K700-X2
JCI-ML210G-50-1TB-k4c4,Johnson Controls ML210G-50,ML210G-50,Industrial/Gateway/ML200 Series/ML210G-50
JCI-ML350G-V2,JCI Branded Low Profile Fanless Industrial Computer,ML350G-10,Industrial/Gateway/ML300 Series/ML350G-10
JCI-ML210,Johnson Controls ML210G-10,ML210G-10,Industrial/Gateway/ML200 Series/ML210G-10
JC111-AtomBC-04g8,Broadcom Corporation Atom-JC111 Computer,Industrial (Other),Industrial/Legacy Industrial/Legacy Industrial/Industrial (Other)
IGN320-9hqp,Rugged Panel PC with Intel Core i3/i5 CPU and Ignition Software,P2102 (IGN320),Panel/Cincoze Panel/P2000 Series/P2102 (IGN320)
IGN320-o8ea,Rugged Panel PC with Intel Core i3/i5 CPU and Ignition Software,P2102 (IGN320),Panel/Cincoze Panel/P2000 Series/P2102 (IGN320)
IGN400,Rugged Wide-Temp MQTT Gateway with Ignition,K700-SE (IGN400),Rugged/Performance/K700 Series/K700-SE (IGN400)
IGN100,Industrial Edge Computer with Ignition Software,ML350G-10 (IGN100),Industrial/Gateway/ML300 Series/ML350G-10 (IGN100)
IGN600,Compact Fanless Edge Gateway with Ignition,CL210G-10 (IGN600),Industrial/Small Form Factor/CL200 Series/CL210G-10 (IGN600)
IGN310,Rugged Panel PC with Intel Pentium CPU and Ignition Software,P1101 (IGN310),Panel/Cincoze Panel/P2000 Series/P1101 (IGN310)
IGN200,Rugged Edge Computer with Ignition Software,K300 (IGN200),Rugged/Entry/K300 Series/K300 (IGN200)
IGN600-go0k,Compact Fanless Edge Gateway with Ignition,,///
G4S-MK150B-52,G4S MK150B-52,MK150B-52,Server/1U & 1.5U Rackmount/MK150 Series/MK150B-52
ONLG-HX401-000000001,OnLogic Helix 401 Fanless Hybrid-Core Computer,HX401,Industrial/Entry/HX400 Series/HX401
OLIS-HX401-V1,OnLogic Helix 401 Fanless Hybrid-Core Computer,HX401,Industrial/Entry/HX400 Series/HX401
OLMEC-3355-DS1002-kksc,Cincoze DS-1002 Rugged Intel Haswell Fanless Computer,,///
Nuvo-8208GC,Neousys Rugged Computer with Dual GPU Expansion,Nuvo-8208GC,Rugged/High Performance/Nuvo Series/Nuvo-8208GC
P2102-IGN320-8sd2,Rugged Panel PC with Intel Core i3/i5 CPU and Ignition Software - UL Listed,,///
p2002-0gsw,Cincoze Intel Skylake Core i Panel PC,,///
OUTFRONT-HX310,OnLogic Helix 310 Intel Elkhart Lake Industrial Edge Computer,HX310,Industrial/Gateway/HX300 Series/HX310
Nuvo-7200VTC-c4ww,Neousys Rugged Intel® Coffee Lake Low Profile Fanless Computer,,///
Nuvo-7160GC-mi0h,Neousys Rugged Intel Coffee Lake Computer with Optional GPU,,///
NTA-MC510-50,National Technologies Associates - Industrial Intel Coffee Lake Mini-ITX Computer,,///
Novus8GB-ML350G-10-8sgw,Low Profile Fanless Industrial Computer With Apollo Lake - 8GB RAM,ML350G-10,Industrial/Gateway/ML300 Series/ML350G-10
NEXT-ML450G-52,Fanless Industrial Intel Skylake Mini-ITX Customizable Computer,,///
NEWBLACK-ML350G-10,Low Profile Fanless Industrial Computer With Apollo Lake,ML350G-10,Industrial/Gateway/ML300 Series/ML350G-10
NRT-MC500v2,NRT Technology Corp MC500v2,MC500 (Other),Industrial/Fanned/MC500 Series/MC500 (Other)
NF592-Q170-g44k,SecurityMetrics 8 LAN Component BOM v2,,Components/Components/Components/
NAVY-CV-P2002,Cincoze Rugged Intel Skylake Core i3/i5 Panel PC,CV-P2002,Panel/Cincoze Panel/P2000 Series/CV-P2002
ML350G-10-8r5p,Low Profile Fanless Industrial Computer With Apollo Lake,ML350G-10,Industrial/Gateway/ML300 Series/ML350G-10
ML350G-10-BW-0awf,Low Profile Fanless Industrial Computer With Apollo Lake,,///
ML350G-10-a82g,Low Profile Fanless Industrial Computer With Apollo Lake,,///
ML350G-10-dq14,Low Profile Fanless Industrial Computer With Apollo Lake,,///
ML350G-10-e62l,Low Profile Fanless Industrial Computer With Apollo Lake,,///
ML450G-51-k8sg,Industrial Intel Skylake Mini-ITX Computer,ML450G-51,Industrial/Performance/ML400 Series/ML450G-51
ML450G-51_Smartrac-ccsg,Industrial Intel Skylake Mini-ITX Computer,ML450G-51,Industrial/Performance/ML400 Series/ML450G-51
ML350g-10-d2i9,Low Profile Fanless Industrial Computer With Apollo Lake,ML350G-10,Industrial/Gateway/ML300 Series/ML350G-10
ML450G-51-PRAU-w4gk,Industrial Intel Skylake Mini-ITX Computer,ML450G-51,Industrial/Performance/ML400 Series/ML450G-51
ML100G-53-2z5f,Industrial Fanless Intel 11th Gen Tiger Lake NUC,ML100G-53,Industrial/Entry/ML100 Series/ML100G-53
ML100G-53-4fkn,Industrial Fanless Intel 11th Gen Tiger Lake NUC,ML100G-53,Industrial/Entry/ML100 Series/ML100G-53
ML100G-53-4frh,Industrial Fanless Intel 11th Gen Tiger Lake NUC,,///
ML100G-52-rshu,Industrial Fanless Intel Whiskey Lake Embedded NUC With Dual LAN,,///
ML100G-52-s48w,Industrial Fanless Intel Whiskey Lake Embedded NUC With Dual LAN,,///
ML100G-52-w080,Industrial Fanless Intel Whiskey Lake NUC With Dual LAN,ML100G-52,Industrial/Entry/ML100 Series/ML100G-52
ML100G-53-bxoa,Industrial Fanless Intel 11th Gen Tiger Lake NUC,ML100G-53,Industrial/Entry/ML100 Series/ML100G-53
ML100G-53-ms24,Industrial Fanless Intel 11th Gen Tiger Lake NUC,ML100G-53,Industrial/Entry/ML100 Series/ML100G-53
ML100G-53-ka95,Industrial Fanless Intel 11th Gen Tiger Lake NUC,,///
ML210G-10-4084,Industrial Intel Bay Trail Fanless Computer,ML210G-10,Industrial/Gateway/ML200 Series/ML210G-10
ML210G-10-4owg,Industrial Intel Bay Trail Fanless Computer,ML210G-10,Industrial/Gateway/ML200 Series/ML210G-10
ML100G-53-88xh,Industrial Fanless Intel 11th Gen Tiger Lake NUC,ML100G-53,Industrial/Entry/ML100 Series/ML100G-53
ML100G-52-owcs,Industrial Fanless Intel Whiskey Lake Embedded NUC With Dual LAN,,///
MFG-ML400G-50,High-Performance Fanless Manufacturing Workstation,ML400G-50,Industrial/Performance/ML400 Series/ML400G-50
MFG-PL15,IP65-Rated HMI Manufacturing Panel PC,,///
MIC-AG150-R1,Micros LGX AG150 Fanless Compact Industrial Computer,ML200 (Other),Industrial/Gateway/ML200 Series/ML200 (Other)
MACK-DI-1000-w80c,Cincoze Rugged Intel Skylake Compact Fanless Computer,,///
MARO-CV-110HC-P1001-V,"Cincoze Crystal 10.4"" Industrial Panel PC",,///
K700-X2,(1st Gen) Karbon 700 Expanded Rugged Edge Computer [9-48 VDC Input],K700-X2,Rugged/Performance/K700 Series/K700-X2
K700-X2-08y2-wtry,Karbon 700 Expanded High-Performance Rugged Edge Computer,K700-X2,Rugged/Performance/K700 Series/K700-X2
K700-X2-0gk8,Karbon 700 Expanded High-Performance Rugged Edge Computer with E-2278GEL Processor,K700-X2,Rugged/Performance/K700 Series/K700-X2
K700-X2-c084-leca,Karbon 700 Expanded High-Performance Rugged Edge Computer for Kärcher,K700-X2,Rugged/Performance/K700 Series/K700-X2
K700-X2-c80s,Karbon 700 Expanded High-Performance Rugged Edge Computer,K700-X2,Rugged/Performance/K700 Series/K700-X2
K700-X2-kcnr,Karbon 700 Expanded High-Performance Rugged Edge Computer,K700-X2,Rugged/Performance/K700 Series/K700-X2
k700-x2-6p0m,Karbon 700 Expanded High-Performance Rugged Edge Computer for Kärcher,K700-X2,Rugged/Performance/K700 Series/K700-X2
k700-X2-2-w27f,Karbon 700-X2-2 Expanded High-Performance Rugged Edge Computer,K700-X2-2,Rugged/Performance/K700 Series/K700-X2-2
K700-X2-lnlw,Karbon 700 Expanded High-Performance Rugged Edge Computer,K700-X2,Rugged/Performance/K700 Series/K700-X2
K700-X2-4c84,Karbon 700 Expanded High-Performance Rugged Edge Computer,K700-X2,Rugged/Performance/K700 Series/K700-X2
K700-X2-2-ax5h,Karbon 700-X2-2 Expanded High-Performance Rugged Edge Computer,K700-X2-2,Rugged/Performance/K700 Series/K700-X2-2
JBC371F35W-S,Jetway Industrial AMD Brazos Compact Computer,Industrial (Other),Industrial/Legacy Industrial/Legacy Industrial/Industrial (Other)
JacooilNuvo3003-8c88,JacooilNuvo3003,,///
INT-NC220-R02,Intersection Mini i5 Compute,NC200 (Other),Industrial/Legacy Industrial/NC200 Series/NC200 (Other)
Intersection-NC220_R01-8k4c,Intersection Compact NC220 System,NC200 (Other),Industrial/Legacy Industrial/NC200 Series/NC200 (Other)
HX500-9gkq,OnLogic Helix 500 Intel Comet Lake Industrial Edge Computer,HX500,Industrial/Performance/HX500 Series/HX500
HX500-AC-KAYE,OnLogic Helix 500 Intel Comet Lake Industrial Edge Computer,HX500,Industrial/Performance/HX500 Series/HX500
HX500-e62n,OnLogic Helix 500 Intel Comet Lake Industrial Edge Computer,HX500,Industrial/Performance/HX500 Series/HX500
HX500-cib4,OnLogic Helix 500 Intel Comet Lake Industrial Edge Computer,HX500,Industrial/Performance/HX500 Series/HX500
GEOS-ML350G-10-w0cg,Industrial Low Profile Fanless Computer With Apollo Lake,ML350G-10,Industrial/Gateway/ML300 Series/ML350G-10
GES-ML210G,GES-ML210G,ML210G-10,Industrial/Gateway/ML200 Series/ML210G-10
GES-ML210G-o0w8,GES-ML210G,ML210G-10,Industrial/Gateway/ML200 Series/ML210G-10
GER-ML400G-10,Gerdau ML400G-10,ML400G-10,Industrial/Performance/ML400 Series/ML400G-10
GM-1000-87py,Cincoze Rugged Intel 9th/8th Gen GPU Computer,,///
GM-1000-iakm,Cincoze Rugged Intel 9th/8th Gen GPU Computer,,///
GO-15UR-k8oc,Grocery Outlet Atom 1.5U Rackmount System,MK150 (Other),Server/1U & 1.5U Rackmount/MK150 Series/MK150 (Other)
GeorgiaTech-3304-0cok,Neousys Rugged Intel Ivy Bridge In-Vehicle Computer,,///
K410-NIDEC-IND,Nidec Industrial Karbon 410 Intel Elkhart Lake Compact Rugged Computer,K410,Rugged/Entry/K400 Series/K410
CBNC-MC510-55-W10-i3-NMNK,CBN Next Gen MP - Industrial Intel Core Mini-ITX Computer,MC510-55,Industrial/Fanned/MC500 Series/MC510-55
HX524,Helix 524 Meteor Lake PCIe Fanless Computer,HX524,Industrial/Performance/HX500 Series/HX524
NHLI-K801,Nimble Hub - OnLogic Karbon 801 Low-Profile High-Performance Rugged Computer,K801,Rugged/Performance/K800 Series/K801
ELX-HX500-US,Helix 500 US Intel Comet Lake Industrial Edge Computer,HX500,Industrial/Performance/HX500 Series/HX500
CNX-K700-SPSS,Airport Baggage and Handling (SPSS),K700-SE,Rugged/Performance/K700 Series/K700-SE
AMZL-2U-HighTier-PROTO,Amazon Logistics 2U Server - High Tier,MK200 (Other),Server/2U Rackmount/MK200 Series/MK200 (Other)
LMB-K801-HP,OnLogic Karbon 801 Custom Limab Computer (High-Performance),K801,Rugged/Performance/K800 Series/K801
Trudvang-128GB-HX310,OnLogic Helix 310 Intel Elkhart Lake Industrial Edge Computer,HX310,Industrial/Gateway/HX300 Series/HX310
Midgaard-512GB-HX310,OnLogic Helix 310 Intel Elkhart Lake Industrial Edge Computer,HX310,Industrial/Gateway/HX300 Series/HX310
HX610-5532,Onlogic Helix 610 Intel Comet Lake Industrial Edge Computer With Optional Hot Swap Storage,HX610,Industrial/Performance/HX600 Series/HX610
STAB-HX401,OnLogic Helix 401 Fanless Hybrid-Core Computer,HX401,Industrial/Entry/HX400 Series/HX401
USPS-DS-1201-APO,USPS w/ AutoPwr - Rugged Intel Coffee Lake Fanless Computer with Expansion,DS-1201,Rugged/Mid Tier/DS Series/DS-1201
WWW-CS-W124CL-M1001,WhiteWater West CS-W124CL-M1001,,Components/Components/Components/
VIDYO-ML100G-30-ccw8,Industrial Intel Broadwell Fanless NUC Computer,ML100G-30,Industrial/Entry/ML100 Series/ML100G-30
VMED-MK150-SYS-0290-c008,VMED-MK150,MK150 (Other),Server/1U & 1.5U Rackmount/MK150 Series/MK150 (Other)
VMED-MK150-ssos,VMED-MK150-ssos,MK150 (Other),Server/1U & 1.5U Rackmount/MK150 Series/MK150 (Other)
VOLA-DS-1200,Cincoze Rugged Intel Coffee Lake Fanless Computer,DS-1200,Rugged/Mid Tier/DS Series/DS-1200
VMED-MK150-SYS-0319,Veran Medical VMED-MK150,MK150 (Other),Server/1U & 1.5U Rackmount/MK150 Series/MK150 (Other)
VOLT-MK100B-53,1U Rackmount Intel Coffee Lake Computer,,///
SVL-ALERT-0ksg,SVL-ALERT,,///
SVL-MK150-0ks8,Rackmount NVR,MK150 (Other),Server/1U & 1.5U Rackmount/MK150 Series/MK150 (Other)
SNGL-CL200-R0,Singlewire CL200,,///
SMSO-CV-P2102,Smarter Sourcing - Cincoze Intel Whiskey Lake Core i3/i5 Panel PC,CV-P2102,Panel/Cincoze Panel/P2000 Series/CV-P2102
SNDC-ML340,Sound ML340,ML340G-50,Industrial/Gateway/ML300 Series/ML340G-50
SNGL-FS100,Singlewire FS100,CL100,Industrial/Small Form Factor/CL100 Series/CL100
SN-MC600-52-w84s,Sagenet Four Output Skylake Computer,MC600-52,Industrial/Fanned/MC600 Series/MC600-52
Sharecom-DS-1002-50-4kc8,Cincoze Rugged Intel Haswell Computer with Dual Expansion,,///
SMO-MC600G-52,SMO-MC600G-52,ML600G-52,Industrial/Performance/ML600 Series/ML600G-52
RJNT-K802-01,OnLogic Karbon 802 High-Performance Rugged Computer w/ModBay,,///
ROB-K700,Karbon 700 Expanded High-Performance Rugged Edge Computer,K700-X2-2,Rugged/Performance/K700 Series/K700-X2-2
RGS-8805GC-rieh,RGS-8805GC - Neousys Rugged High Performance Server,RGS-8805GC,Rugged/High Performance/Nuvo Series/RGS-8805GC
RGS-8805GC-xj8j,RGS-8805GC - Neousys Rugged High Performance Server,RGS-8805GC,Rugged/High Performance/Nuvo Series/RGS-8805GC
RICE-DA-1100,Cincoze Rugged Apollo Lake Ultra Compact Fanless Computer,DA-1100,Rugged/Entry/DA Series/DA-1100
RoPhi-CVP1101,Cincoze Rugged Intel Apollo Lake Panel PC,CV-P1101,Panel/Cincoze Panel/P1000 Series/CV-P1101
PURO-HX500,Purolator Helix 500 Intel Comet Lake Industrial Edge Computer,HX500,Industrial/Performance/HX500 Series/HX500
PROGRP-MC600G-53-c4s4,Prometheus Group i5 MC600 Prototype,MC610-50,Industrial/Fanned/MC600 Series/MC610-50
PURO-ML510G-50-2nrc,Purolator Compact Fanless Industrial Coffee Lake Computer,,///
PRX-CV-P1101,Precision X-Ray Cincoze Rugged Panel PC,CV-P1101,Panel/Cincoze Panel/P1000 Series/CV-P1101
P1001E,Cincoze Intel Bay Trail Expandable Panel PC,,///
ParkIT-NA-ML210G-0c4s,Industrial Intel Bay Trail Fanless Computer,ML210G-10,Industrial/Gateway/ML200 Series/ML210G-10
PVHS-K410,Karbon 410 Intel Elkhart Lake Compact Rugged Computer,K410,Rugged/Entry/K400 Series/K410
ADT-DS-1302-PCI-v01,Adient Cincoze Rugged Intel 10th Gen Comet Lake Fanless Computer with 2 PCI/PCIe,DS-1302,Rugged/Mid Tier/DS Series/DS-1302
SYTECH-MC510-55-i5,Systems Tech - OnLogic MC510-55 Intel® 13th Gen Edge Computer,MC510-55,Industrial/Fanned/MC500 Series/MC510-55
EVO-HX610,Evolugen - Onlogic Helix 610 Intel Comet Lake Industrial Edge Computer With Optional Hot Swap Storage,HX610,Industrial/Performance/HX600 Series/HX610
TSB-GM-1000-R02,Benchmark - Cincoze Rugged Intel 9th/8th Gen GPU Computer,GM-1000,Rugged/Performance/GM Series/GM-1000
NCBU-HX600-Proto-2000,NBCUniversal - OnLogic Helix 600 Intel Comet Lake Expanded Industrial Edge Computer,HX600,Industrial/Performance/HX600 Series/HX600
SCAN-K801,OnLogic Karbon 801 Low-Profile High-Performance Rugged Computer,K801,Rugged/Performance/K800 Series/K801
GDL-FR201,GDL Electric - Factor 201 Raspberry Pi Industrial IoT Gateway,FR201,Industrial/Small Form Factor/FR200 Series/FR201
MOV-HX500,OnLogic Helix 500 Intel Comet Lake Industrial Edge Computer,HX500,Industrial/Performance/HX500 Series/HX500
WDTS-ML100G-52,Industrial Fanless Intel Whiskey Lake Embedded NUC With Dual LAN,ML100G-52,Industrial/Entry/ML100 Series/ML100G-52
WEID-FR201-FA,Factor 201 Raspberry Pi Industrial IoT Gateway,FR201,Industrial/Small Form Factor/FR200 Series/FR201
SVL-POC210,Rugged Compact NVR,POC-200,Rugged/Legacy Rugged/POC Series/POC-200
SVL-RT135,Automotive Surveillance Computer with M12 PoE ports,Rugged (Other),Rugged/Legacy Rugged/Legacy Rugged/Rugged (Other)
SICK-K700-M32-1X1T-WIoTC-zxdt,Karbon 700 High-Performance Rugged Edge Computer,,///
SharpMC500-gcw8,Commercial Intel Atom Mini-ITX Computer,,///
SICK-K700-SE-12T-WIoT,"K700SE, M32, 1x2T Innodisk SSD, Windows 10 IoT Enterprise 2019 LTSC High End",K700-SE,Rugged/Performance/K700 Series/K700-SE
SICK-K700-SE-R16-NOS-SB,Karbon 700 High-Performance Rugged Edge Computer,K700-SE,Rugged/Performance/K700 Series/K700-SE
SIAG-K700-SE,Karbon 700 High-Performance Rugged Edge Computer,K700-SE,Rugged/Performance/K700 Series/K700-SE
SICK-K700-SE-NSSD-NOS-EUB,Karbon 700 High-Performance Rugged Edge Computer,K700-SE,Rugged/Performance/K700 Series/K700-SE
RT130-CDO-cwgw,Rugged Intel Ivy Bridge In-Vehicle Computer,Rugged (Other),Rugged/Legacy Rugged/Legacy Rugged/Rugged (Other)
R400N-AR-SPARROW,"Amazon Robotics ""Sparrow"" Prototype",MK400 (Other),Server/4U Rackmount/MK400 Series/MK400 (Other)
RT100-osck,Rugged Intel Atom Automotive Computer,Rugged (Other),Rugged/Legacy Rugged/Legacy Rugged/Rugged (Other)
RT10GEMandC-0o8c,Ivy Bridge Rugged In-Vehicle PC,Rugged (Other),Rugged/Legacy Rugged/Legacy Rugged/Rugged (Other)
RT130-GPS_CDOTech-kgos,Ivy Bridge Rugged In-Vehicle PC,Rugged (Other),Rugged/Legacy Rugged/Legacy Rugged/Rugged (Other)
PR-TC401-ZWART-3chk,Pre-Release TC401 SAMPLE for Zwart,TC401,Panel/OnLogic Panel/Tacton Series/TC401
Pro-CL210G-11,ProVision CL210G-11 Access Pro,CL210G-11,Industrial/Small Form Factor/CL200 Series/CL210G-11
Presidio-K700-X2-tsp3,Karbon 700 Expanded High-Performance Rugged Edge Computer,K700-X2,Rugged/Performance/K700 Series/K700-X2
Pro-ML210g-10-g8sw,Provision ML210G-10 R2,ML210G-10,Industrial/Gateway/ML200 Series/ML210G-10
PRMX-ML100G-30,Primex Plastics ML100G-30,ML100G-30,Industrial/Entry/ML100 Series/ML100G-30
PECO-K700-xie2,Karbon 700 High-Performance Rugged Edge Computer,,///
PECO-ML600,PECO ML600,ML600G-52,Industrial/Performance/ML600 Series/ML600G-52
PECO-ML600-004w,Industrial Fanless Intel Skylake Computer,ML600G-52,Industrial/Performance/ML600 Series/ML600G-52
PEdge-ML100G-41,Industrial Fanless AMD Ryzen 4000 Compact Computer,ML100G-41,Industrial/Entry/ML100 Series/ML100G-41
COGNI-AC101,OnLogic Axial AC101 Rackmount Edge Server,AC101,Server/1U & 1.5U Rackmount/Axial Series/AC101
GEN-K801,Genasys OnLogic Karbon 801 Low-Profile High-Performance Rugged Computer,K801,Rugged/Performance/K800 Series/K801
K801-312a,Copy of OnLogic Karbon 801 Low-Profile High-Performance Rugged Computer,K801,Rugged/Performance/K800 Series/K801
FAA-CL250-RMMv01,FAA - CL250 Ultra Small Fanless Industrial Edge Gateway,CL250,Industrial/Small Form Factor/CL200 Series/CL250
MC510-55-SOPHOS,OnLogic MC510-55 Intel® 13th Gen Edge Computer,MC510-55,Industrial/Fanned/MC500 Series/MC510-55
1862-HX500,Elucent Medical - OnLogic Helix 500 Intel Comet Lake Industrial Edge Computer,HX500,Industrial/Performance/HX500 Series/HX500
DPI-ML100G-41-2,DPI-ML100G-41-2 Industrial Fanless AMD Ryzen 4000 Compact Computer,ML100G-41,Industrial/Entry/ML100 Series/ML100G-41
GOGO-K410-WIFI,Karbon 410 Intel Elkhart Lake Compact Rugged Computer,K410,Rugged/Entry/K400 Series/K410
X570D4U-2L2T,ASRock Rack X570D4U-2L2T Micro-ATX Motherboard,,///
XDPRO-CL100,Fanless Industrial Mini PC with Pentium & 256GB SSD,CL100,Industrial/Small Form Factor/CL100 Series/CL100
XCELL-Nuvo-5000-44ow,Xcell Automation Nuvo-5000,,///
XCELL-Nuvo-5000-c44c,Xcell Automation Nuvo-5000,,///
xcell-core-ml250,xcell-core-ml250,ML250 (Other),Industrial/Gateway/ML250 Series/ML250 (Other)
VENT-ML350G-10,Low Profile Fanless Industrial Computer With Apollo Lake,ML350G-10,Industrial/Gateway/ML300 Series/ML350G-10
VIDYO-NC200-g4co,Vidyo NUC Platform,NC200 (Other),Industrial/Legacy Industrial/NC200 Series/NC200 (Other)
VIC-HX500,OnLogic Helix 500 Intel Comet Lake Industrial Edge Computer,HX500,Industrial/Performance/HX500 Series/HX500
VELENT-ML500G-30,Velentium - Fanless Industrial Intel 6th Gen Computer w/optional i7 and 4 COM,ML500G-30,Industrial/Performance/ML500 Series/ML500G-30
Veridos-ML600G-52-8004,Industrial Fanless Intel Skylake Core i5-6500TE Computer,ML600G-52,Industrial/Performance/ML600 Series/ML600G-52
Veroduco-W121C-P1001,Veroduco-W121C-P1001,,///
Wart-ML340G-51,Low Profile Fanless Industrial Skylake Computer,ML340G-51,Industrial/Gateway/ML300 Series/ML340G-51
TMT-ML100,Industrial Fanless Intel 11th Gen Tiger Lake NUC,,///
TMT-K410,Karbon 410 Intel Elkhart Lake Compact Rugged Computer,K410,Rugged/Entry/K400 Series/K410
TNM-S-HX330,OnLogic Helix 330 Intel Elkhart Lake Industrial Edge Computer w/Additional LAN,,///
Toshiba-Cl100-s40c,Industrial Fanless Mini PC,CL100,Industrial/Small Form Factor/CL100 Series/CL100
Sunsort-Nuvo-6108GC,Sunkist Nuvo-6108GC Computer for Sunsort,Nuvo-6108GC,Rugged/Legacy Rugged/Nuvo Series/Nuvo-6108GC
SUNVERGE-POC-120,Sunverge POC-120,POC-120,Rugged/Legacy Rugged/POC Series/POC-120
SUPSMALL-ML100,SUPSMALL-ML100,ML100G-10,Industrial/Entry/ML100 Series/ML100G-10
Streamconnect,Industrial Intel Apollo Lake Mini-ITX Computer,MC500 (Other),Industrial/Fanned/MC500 Series/MC500 (Other)
StreamVue-Core-MK100-k8oc,MK100 Intel Core Industrial 1U Rackmount Computer,MK100 (Other),Server/1U & 1.5U Rackmount/MK100 Series/MK100 (Other)
Stab1-HX600,OnLogic Helix 600 Intel Comet Lake Expanded Industrial Edge Computer,HX600,Industrial/Performance/HX600 Series/HX600
SUSY-CL200G-10-8qm3,Fanless Industrial USFF Edge Device,,///
SUSY-CL200G-10-q4jo,Fanless Industrial USFF Edge Device,,///
Stein-K410,Karbon 410 Intel Elkhart Lake Compact Rugged Computer,K410,Rugged/Entry/K400 Series/K410
STEINWEG-ML500G-30,STEINWEG-ML500G-30,ML500G-30,Industrial/Performance/ML500 Series/ML500G-30
Roth-CL210G-11,Ultra Small Quad Core Fanless Industrial Edge Computer,,///
Rovi-HX500,OnLogic Helix 500 Intel Comet Lake Industrial Edge Computer,HX500,Industrial/Performance/HX500 Series/HX500
RR-MC510-50,Industrial Intel Coffee Lake Mini-ITX Computer,MC510-50,Industrial/Fanned/MC500 Series/MC510-50
RT100,Rugged Intel Atom In-Vehicle Computer,Rugged (Other),Rugged/Legacy Rugged/Legacy Rugged/Rugged (Other)
RSI-ML450G-51-ksws,Industrial Intel Skylake Mini-ITX Computer,ML450G-51,Industrial/Performance/ML400 Series/ML450G-51
RT100-g8c8,Wide-Temp Intel Atom Automotive System,Rugged (Other),Rugged/Legacy Rugged/Legacy Rugged/Rugged (Other)
POC-212_State-Department -c08o,POC-212_State-Department,,///
POC-222-8ooc,Custom POC-222,,///
poc-300-okcg,Neousys Rugged Compact Fanless Intel Apollo Lake Computer,POC-300,Rugged/Entry/POC Series/POC-300
POC-351Parsons-nowifi,Neousys Rugged Compact Intel Apollo Lake In-Vehicle Computer,,///
POC-222_State-Department -0k04,POC-222_State-Department,,///
PAR-K300-INDIANA,Karbon 300 Compact Rugged Computer,K300,Rugged/Entry/K300 Series/K300
Panasonic ML251-088o,Panasonic ML251,ML250 (Other),Industrial/Gateway/ML250 Series/ML250 (Other)
PanasonicML251-80g4,PanasonicML251,ML250 (Other),Industrial/Gateway/ML250 Series/ML250 (Other)
PAR-K300-MICHIGAN,Parsons Karbon 300 Compact Rugged Computer,K300,Rugged/Entry/K300 Series/K300
HX511-KAYE-NONBRD,Crossnokaye - OnLogic Helix 511 Fanless Intel 12th Gen Edge Computer,HX511,Industrial/Performance/HX500 Series/HX511
TRMK-HMI-HX310,Trimark - OnLogic Helix 310 Intel Elkhart Lake Industrial Edge Computer,HX310,Industrial/Gateway/HX300 Series/HX310
FPT-CL250,Freeport - CL250 Ultra Small Fanless Industrial Edge Gateway,CL250,Industrial/Small Form Factor/CL200 Series/CL250
ADT-HX511,Adient - OnLogic Helix 511 Fanless Intel 12th Gen Edge Computer,HX511,Industrial/Performance/HX500 Series/HX511
DETE-K801-SERVER,Detect w/ Win Server 2022 - OnLogic Karbon 801 Low-Profile High-Performance Rugged Computer,K801,Rugged/Performance/K800 Series/K801
BOU-HX600-WITHOUTGPU,OnLogic Helix 600 Intel Comet Lake Expanded Industrial Edge Computer,HX600,Industrial/Performance/HX600 Series/HX600
WRA AU140-o4kc,AU140 Intel Atom Wide Temp Industrial Control Computer,Rugged (Other),Rugged/Legacy Rugged/Legacy Rugged/Rugged (Other)
WRA-FR201,Factor 201 Raspberry Pi Industrial IoT Gateway,FR201,Industrial/Small Form Factor/FR200 Series/FR201
WSLr05,Washing Systems CL100,CL100,Industrial/Small Form Factor/CL100 Series/CL100
WSP-ML300-UPS,ML300 Fanless NUC Industrial Computer with Uninterruptible Power Supply,ML300 (Other),Industrial/Gateway/ML300 Series/ML300 (Other)
VuWall-MK100B-51,VuWall Intel Skylake 1U Rackmount Computer with LCD,MK100B-51,Server/1U & 1.5U Rackmount/MK100 Series/MK100B-51
VW-K300-E3950-8-owo4,Karbon 300 Rugged Ultra Compact Computer,K300,Rugged/Entry/K300 Series/K300
VPRT-HX500-ETL,OnLogic Helix 500 Intel Comet Lake Industrial Edge Computer,HX500,Industrial/Performance/HX500 Series/HX500
VPND-ML600G-51,Vipond ML600G-51,ML600G-51,Industrial/Performance/ML600 Series/ML600G-51
VPND-CL100,Vipond CL100,CL100,Industrial/Small Form Factor/CL100 Series/CL100
VRS100-30-w440,Industrial Intel Broadwell Fanless NUC Computer,ML100G-30,Industrial/Entry/ML100 Series/ML100G-30
UOI-MC510-10,Industrial Intel Apollo Lake Mini-ITX Computer,MC510-10,Industrial/Fanned/MC500 Series/MC510-10
UPC-V315-QM77-88so,"15"" Full IP65 Intel Core Rugged Panel PC",,///
USPS-DS-1101,USPS Rugged Intel Skylake Fanless Computer with Expansion,DS-1101,Rugged/Mid Tier/DS Series/DS-1101
USPS-DS-1201,USPS Rugged Intel Coffee Lake Fanless Computer with Expansion,DS-1201,Rugged/Mid Tier/DS Series/DS-1201
UPK-HX401-UL,OnLogic Helix 401 Fanless Hybrid-Core Computer,HX401,Industrial/Entry/HX400 Series/HX401
UPS-HX310,OnLogic Helix 310 Intel Elkhart Lake Industrial Edge Computer,HX310,Industrial/Gateway/HX300 Series/HX310
TM600,Industrial Five Display Thin Client with ThinManager,MC600 (Other),Industrial/Fanned/MC600 Series/MC600 (Other)
TM110-WiFi,Ultra Small Fanless Edge Computer with ThinManager,,///
TRWG-ML340G-50,Torwegge ML340G-50 with custom power switch,ML340G-10,Industrial/Gateway/ML300 Series/ML340G-10
TM200-JCI,Johnson Controls TM200-JCI,,///
TRS-DS1000_PLSM-g4wk,Cincoze Rugged Automotive Intel Haswell Fanless Computer,,///
TRS-DS-1000-c4s4-4s4c,Cincoze Rugged Automotive Intel Haswell Fanless Computer,,///
SONNY-HX500,Sonny's Helix 500 Intel Comet Lake Industrial Edge Computer,HX500,Industrial/Performance/HX500 Series/HX500
SONNY-HX500-V2,Sonny's Helix 500 Intel Comet Lake Industrial Edge Computer,HX500,Industrial/Performance/HX500 Series/HX500
SOL4-ML510G-50,Compact Fanless Industrial Coffee Lake Computer,ML510G-50,Industrial/Performance/ML500 Series/ML510G-50
SOEL-ML600G-52,Fanless Industrial Intel Skylake Computer,,///
RW-DS-1202-ckwc,RW Machines Cincoze Rugged Intel Coffee Lake Fanless Computer with Dual Expansion or GPU,,///
RWE-ML350G-10,Low Profile Fanless Industrial Computer With Apollo Lake,ML350G-10,Industrial/Gateway/ML300 Series/ML350G-10
RWS-Nuvo-3120,RWS Nuvo-3120 Fanless Wide-Temperature Computer,,///
SCRT-CL210G-10,Industrial USFF Edge Device w/ Dual LAN,CL210G-10,Industrial/Small Form Factor/CL200 Series/CL210G-10
SCRT-CL210G-10-US-8cww,SecurityMetrics Domestically Assembled CL210 Scanning Device,CL210G-10,Industrial/Small Form Factor/CL200 Series/CL210G-10
QGr-CiMC500,Quad Graphics Core i MC500 System,MC500 (Other),Industrial/Fanned/MC500 Series/MC500 (Other)
QPMA-ML350G-10-WIN,Low Profile Fanless Industrial Computer With Apollo Lake,ML350G-10,Industrial/Gateway/ML300 Series/ML350G-10
QTroller-CL210,Quick Quack Car Wash CL210,CL210G-10,Industrial/Small Form Factor/CL200 Series/CL210G-10
Pep-HX500r2-AVEVAr1,PepsiCo Helix500 Industrial Edge Computer with Aveva InTouch,HX500,Industrial/Performance/HX500 Series/HX500
Pep-HX500r2-LTSC,PepsiCo Helix500 Industrial Edge Computer with Windows 10 IoT LTSC,HX500,Industrial/Performance/HX500 Series/HX500
Pep-K700-R01,Karbon 700 OIT High-Performance Rugged Computer,K700-SE-2,Rugged/Performance/K700 Series/K700-SE-2
EXMO-CV-P2202-17HB-21f1,Panel PC with 12th Gen. Intel Core Processor,CV-P2202,Panel/Cincoze Panel/P2000 Series/CV-P2202
Asis-K801,OnLogic Karbon 801 Low-Profile High-Performance Rugged Computer,K801,Rugged/Performance/K800 Series/K801
FH-CL250v1.3,"Flower Hub, version 1.3",CL250,Industrial/Small Form Factor/CL200 Series/CL250
ALS-HX500-A,OnLogic Helix 500 Intel Comet Lake Industrial Edge Computer,HX500,Industrial/Performance/HX500 Series/HX500
RGS-8805GC-UL-OLG-TWA,RGS-8805GC - Neousys Rugged High Performance Server,RGS-8805GC,Rugged/High Performance/Nuvo Series/RGS-8805GC
Xona-ML350G-10,Xona Branded ML350G-10,ML350G-10,Industrial/Gateway/ML300 Series/ML350G-10
Ziegler_MC500G-10-cwck,Intel Celeron Mini-ITX Computer with VGA and DVI,MC500-10,Industrial/Fanned/MC500 Series/MC500-10
VZ-HVP-DS-1200C2,Hitachi Gateway - HVP-400 - Cincoze Rugged Intel Coffee Lake Fanless Computer,DS-1200,Rugged/Mid Tier/DS Series/DS-1200
VZ-HVP-DS-1202,Hitachi Vantara - HVP-450 - Cincoze DS-1202 Coffee Lake Rugged Platform with Dual PCI/PCIe Expansion,DS-1202,Rugged/Mid Tier/DS Series/DS-1202
w/GPS-ggw0,Neousys Rugged Intel Skylake Low Profile Fanless Computer,,///
TYT-CT100v02-0s4k,Tykma Custom Celeron CT100 Mini-ITX System,,Components/Components/Components/
TYT-CT100v02,Tykma Technologies Baytrail CT100 Computer,,Components/Components/Components/
TMS100,1U Rackmount Server with ThinManager,,///
TheSiteController ML210-0s00,Industrial Intel Bay Trail Celeron Thin Mini-ITX Computer,ML210G-11,Industrial/Gateway/ML200 Series/ML210G-11
THERMA-ML500G-30,THERMA-ML500G-30,ML500G-30,Industrial/Performance/ML500 Series/ML500G-30
TheSiteControllerML210-Win10,TheSiteControllerML210 Windows 10,ML210G-11,Industrial/Gateway/ML200 Series/ML210G-11
TMT-CSP2102-ESP,Cincoze Rugged Intel 8th Gen Core i3/i5 High-Brightness Panel PC,,///
TESLA-DS-1100-S,Tesla Cincoze Rugged Intel Skylake Fanless Computer,DS-1100,Rugged/Mid Tier/DS Series/DS-1100
TheSiteController-POC-300,The Site Controller POC-300,POC-300,Rugged/Entry/POC Series/POC-300
TGBL-MC500XC-owwc,Tangible MC500,MC500 (Other),Industrial/Fanned/MC500 Series/MC500 (Other)
SPM-MC510-50,Industrial Intel Coffee Lake Mini-ITX Computer,MC510-50,Industrial/Fanned/MC500 Series/MC510-50
SPCN-CL210G-11,Ultra Small Quad Core Fanless Industrial Edge Computer,,///
SPKT-HX310-WiFi,Sprocket HX310 Industrial Edge Computer,HX310,Industrial/Gateway/HX300 Series/HX310
Seinsa-Core-MC500-sk4g,Commercial Intel Core Mini-ITX Computer,MC500 (Other),Industrial/Fanned/MC500 Series/MC500 (Other)
SELO-HX500,OnLogic Helix 500 Intel Comet Lake Industrial Edge Computer,HX500,Industrial/Performance/HX500 Series/HX500
SEN-MK100B-54,1U Rackmount Intel Xeon E Edge Server,,///
SE-HX401-MEX,OnLogic Helix 401 Fanless Hybrid-Core Computer,HX401,Industrial/Entry/HX400 Series/HX401
SEGMENTOACTIVOML300-gwg4,SegmentoML300,ML300 (Other),Industrial/Gateway/ML300 Series/ML300 (Other)
SEAW-ML100G-53,Industrial Fanless Intel 11th Gen Tiger Lake NUC,ML100G-53,Industrial/Entry/ML100 Series/ML100G-53
SE-HX610-EU,Onlogic Helix 610 Intel Comet Lake Industrial Edge Computer With Optional Hot Swap Storage,HX610,Industrial/Performance/HX600 Series/HX610
SE-HX500-CHIN,OnLogic Helix 500 Intel Comet Lake Industrial Edge Computer,HX500,Industrial/Performance/HX500 Series/HX500
PwnieR4-40ss,PwnieR4,Industrial (Other),Industrial/Legacy Industrial/Legacy Industrial/Industrial (Other)
PWNE-ML340-proto,PWNE-ML340-proto,ML340G-50,Industrial/Gateway/ML300 Series/ML340G-50
PL21-WCR,"21.5"" 16:9 Core i5 Fanless Panel PC",,///
PL19-IPCR,"Industrial 19"" Intel Core i5 IP65 Fanless Panel PC",,///
POC-100-cgw0,Neousys Rugged Compact Fanless Intel Atom Computer,,///
POC-100-w4sg,Neousys POC-100 Compact Fanless Intel Atom D525 Computer,,///
FPT-HX310,Freeport Technologies - OnLogic Helix 310 Intel Elkhart Lake Industrial Edge Computer,HX310,Industrial/Gateway/HX300 Series/HX310
STE-HX310,OnLogic Helix 310 Intel Elkhart Lake Industrial Edge Computer,HX310,Industrial/Gateway/HX300 Series/HX310
WENG-HX500-WIN11,Wenger - OnLogic Helix 500 Intel Comet Lake Industrial Edge Computer,HX500,Industrial/Performance/HX500 Series/HX500
AETH-CL250-V2,Aethon - CL250 Ultra Small Fanless Industrial Edge Gateway,CL250,Industrial/Small Form Factor/CL200 Series/CL250
Euro-Tech-HX511,OnLogic Helix 511 Fanless Intel 12th Gen Edge Computer,HX511,Industrial/Performance/HX500 Series/HX511
APEEL-ML100G-53,Apeel - Industrial Fanless Intel 11th Gen Tiger Lake NUC,ML100G-53,Industrial/Entry/ML100 Series/ML100G-53
HC-FR201,Hoist & Crane Factor 201 Raspberry Pi Industrial IoT Gateway,FR201,Industrial/Small Form Factor/FR200 Series/FR201
DPI-ML100G-41-4,Industrial Fanless AMD Ryzen 4000 Compact Computer,ML100G-41,Industrial/Entry/ML100 Series/ML100G-41
LILLY-CL250-WIFI,CL250 Ultra Small Fanless Industrial Edge Gateway,CL250,Industrial/Small Form Factor/CL200 Series/CL250
UBER-Nuvo-5000LP-WiFi,UBER-Nuvo-5000LP-WiFi,,///
ubi-K300,ubitricity Karbon 300 Compact Rugged Computer,K300,Rugged/Entry/K300 Series/K300
Trinware ML210-kc4c,AG150 Intel Atom Fanless Mini Industrial Computer,ML200 (Other),Industrial/Gateway/ML200 Series/ML200 (Other)
Trotter-ML350G-10-0oog,Industrial Low Profile Fanless Computer With Apollo Lake,ML350G-10,Industrial/Gateway/ML300 Series/ML350G-10
TRMK-DX-1100-128GB-RT,8th Generation Intel® Core™ High-Performance Compact Rugged Computer (2x 128 GB SSD - Regular Temp. Op Temp 0°C to 50°C),,///
TM110,TM110 Ultra Small Fanless Edge Computer with ThinManager,CL210G-10 (TM110),Industrial/Small Form Factor/CL200 Series/CL210G-10 (TM110)
TIMS-500,Foresight TIMS-500v2 Win10,,Industrial/Fanned/Other/
TIMS-2000-HDv2-4wcc,Foresight TIMS-2000v2,,///
SR200,MIL-STD i7 Ultra-Rugged Fanless Computer with NVIDIA GT730M,Rugged (Other),Rugged/Legacy Rugged/Legacy Rugged/Rugged (Other)
SCA-HX500,OnLogic Helix 500 Intel Comet Lake Industrial Edge Computer,HX500,Industrial/Performance/HX500 Series/HX500
Scanmeg-ML450G,Scanmeg-ML450G,ML450G-52,Industrial/Performance/ML400 Series/ML450G-52
SCG-CiMK100,Scanmeg Core i Series MK100 Rackmount System,MK100 (Other),Server/1U & 1.5U Rackmount/MK100 Series/MK100 (Other)
PVH-K700-SE-2,Karbon 700-SE-2 High-Performance Rugged Edge Computer,K700-SE-2,Rugged/Performance/K700 Series/K700-SE-2
PictureU-Quad-o0co,Industrial Fanless Intel Avoton Server Computer,ML600G-10,Industrial/Performance/ML600 Series/ML600G-10
Pilgrim -1URacmount-s8k0,1U Rackmount Intel Atom Network Gateway with Untangle,MK100 (Other),Server/1U & 1.5U Rackmount/MK100 Series/MK100 (Other)
PHOT-MC510-64-i3,Photon Kinetics MC510 with Windows 10 Pro 64-bit,MC510-50,Industrial/Fanned/MC500 Series/MC510-50
PHX-ML450G-Kaby-kgks,Phoenix Technology Services Kaby Lake ML450,ML450G-53,Industrial/Performance/ML400 Series/ML450G-53
POC-200-c8g0,Neousys POC-200 Fanless Intel Atom E3845 Computer,,///
POC-200-ogs4,Neousys Rugged Compact Fanless Intel Bay Trail Computer,,///
BAUW-K430-PROTO,Karbon 430 Intel Elkhart Lake Compact Rugged Computer with Expansion,K430,Rugged/Entry/K400 Series/K430
MPWR-HX500-RMMv01,MetroPower - OnLogic Helix 500 Intel Comet Lake Industrial Edge Computer,HX500,Industrial/Performance/HX500 Series/HX500
EPM-18992037-TM710,East Penn - Ultra Compact Industrial Thin Client with ThinManager,CL250 (TM710),Industrial/Small Form Factor/CL200 Series/CL250 (TM710)
ZEDEDA-HX310,OnLogic Helix 310 Fanless Industrial Edge Computer powered by ZEDEDA,HX310,Industrial/Gateway/HX300 Series/HX310
VICT-K410,Karbon 410 Intel Elkhart Lake Compact Rugged Computer,K410,Rugged/Entry/K400 Series/K410
HAWK-K430-R01,Karbon 430 Intel Elkhart Lake Compact Rugged Computer with Expansion,K430,Rugged/Entry/K400 Series/K430
AXIS-K410-MEX,Axis Communications Karbon 410 Intel Elkhart Lake Compact Rugged Computer for Mexican market,K410,Rugged/Entry/K400 Series/K410
PAR-K300-NEBRASKA,Nebraska DOT Karbon 300 Compact Rugged Computer,K300,Rugged/Entry/K300 Series/K300
WM-HX610,Onlogic Helix 610 Intel Comet Lake Industrial Edge Computer With Optional Hot Swap Storage,HX610,Industrial/Performance/HX600 Series/HX610
WIZATA-ML100G-52-cgk4,Industrial Fanless Intel Whiskey Lake Embedded NUC With Dual LAN,ML100G-52,Industrial/Entry/ML100 Series/ML100G-52
WAST-HX500,OnLogic Helix 500 Intel Comet Lake Industrial Edge Computer,HX500,Industrial/Performance/HX500 Series/HX500
VCCU-C-M12-HDD-04os,Neousys Rugged Intel Skylake In-Vehicle Computer with PoE,Nuvo-5100VTC,Rugged/Legacy Rugged/Nuvo Series/Nuvo-5100VTC
VBI-ML210G-50-UK,VBI-ML210G-50-UK,ML210G-50,Industrial/Gateway/ML200 Series/ML210G-50
VBI-ML340G-52-g48g,VBI-ML340G-52,ML300 (Other),Industrial/Gateway/ML300 Series/ML300 (Other)
VCCU-C-HDD,Bombardier Neousys Intel Skylake Fanless Computer (HDD),,///
VBI-ML210G-50-Inno-c84o,VBI-ML210G-50,ML210G-50,Industrial/Gateway/ML200 Series/ML210G-50
Tangent ML320 UPS,Tangent ML320 Fanless i5 NUC with UPS,ML300 (Other),Industrial/Gateway/ML300 Series/ML300 (Other)
SIGS-ML350G-10,Low Profile Fanless Industrial Computer With Apollo Lake,ML350G-10,Industrial/Gateway/ML300 Series/ML350G-10
SDD-CT100-NF692G6,SDD-CT100-NF692G6,,Components/Components/Components/
SICKAG-K700-b40r,Karbon 700 High-Performance Rugged Edge Computer,K700-SE-2,Rugged/Performance/K700 Series/K700-SE-2
SDI-ML250-sws8,Steel Dynamics Core-ML250,ML250 (Other),Industrial/Gateway/ML250 Series/ML250 (Other)
REFO-ML510G-50,Remarkable Foods - Compact Fanless Industrial Coffee Lake Computer,ML510G-50,Industrial/Performance/ML500 Series/ML510G-50
REMCON-ML400G,Remote Concepts ML400G-10,ML400G-10,Industrial/Performance/ML400 Series/ML400G-10
RADIX-Nuvis-3304-v2-4POE,Radix Nuvis-3304 v2 4POE,,///
HX511-7e11,OnLogic Helix 511 Fanless Intel 12th Gen Edge Computer,HX511,Industrial/Performance/HX500 Series/HX511
CHSV-K803-A1000,OnLogic Karbon 803 High-Performance Rugged Computer w/PCIe,K803,Rugged/Performance/K800 Series/K803
COPR-CL210G-11,CopperTree - Ultra Small Quad Core Fanless Industrial Edge Computer,CL210G-11,Industrial/Small Form Factor/CL200 Series/CL210G-11
ONLG-HX401-24VPWRv01,Automated Logic - OnLogic Helix 401 Fanless Hybrid-Core Computer,HX401,Industrial/Entry/HX400 Series/HX401
DATA-K700-SE-2-NPDEx,DATA-K700-SE-2-NPDEx : Karbon 700-SE-2 High-Performance Rugged Edge Computer,K700-SE-2,Rugged/Performance/K700 Series/K700-SE-2
TRJKT-HX500,Trajekt Sports - OnLogic Helix 500 Intel Comet Lake Industrial Edge Computer,HX500,Industrial/Performance/HX500 Series/HX500
MC610-55-0fb9,OnLogic MC610-55 Intel® 13th Gen GPU Computer,MC610-55,Industrial/Fanned/MC600 Series/MC610-55
VBI-HX500-EU,VBI HX500 EU,HX500,Industrial/Performance/HX500 Series/HX500
VBI-HX500-AU,VBI HX500 (Australia),HX500,Industrial/Performance/HX500 Series/HX500
VBI-HX500-NA-3YWT-hm26,VBI HX500 Computer with 3 year Warranty,HX500,Industrial/Performance/HX500 Series/HX500
Vandebron-FR201,Factor 201 Raspberry Pi Industrial IoT Gateway,FR201,Industrial/Small Form Factor/FR200 Series/FR201
VAST-ML350G-10-UL,Low Profile Fanless Industrial Computer With Apollo Lake,ML350G-10,Industrial/Gateway/ML300 Series/ML350G-10
Vaco-MK100B-51-v2-wcgk,Intel Skylake 1U Rackmount Computer,MK100B-51,Server/1U & 1.5U Rackmount/MK100 Series/MK100B-51
Vale-RT130-c0gg,Ivy Bridge Rugged In-Vehicle PC,Rugged (Other),Rugged/Legacy Rugged/Legacy Rugged/Rugged (Other)
TM800,TM800 Four Display Industrial Thin Client with ThinManager,MC510-40 (TM800),Industrial/Fanned/MC500 Series/MC510-40 (TM800)
TMC-AG960C-rev2-s0c0,The Marlin Company TMC-AG960C-rev2 Signage Computer,NC200 (Other),Industrial/Legacy Industrial/NC200 Series/NC200 (Other)
TMS-CL210G-11-v2,Total Meter Services CL210G-11,CL210G-11,Industrial/Small Form Factor/CL200 Series/CL210G-11
TMS-ML400G-10-o08s,Industrial Intel Bay Trail Celeron Mini-ITX Computer,ML400G-10,Industrial/Performance/ML400 Series/ML400G-10
TM610-wws8,Industrial Five HDMI Display Thin Client with ThinManager,,///
TMCAG960-ssok,Marlin NUC,NC200 (Other),Industrial/Legacy Industrial/NC200 Series/NC200 (Other)
SKOUT-ML450G-52,Skout Fanless Industrial Intel Skylake Mini-ITX Computer,ML450G-52,Industrial/Performance/ML400 Series/ML450G-52
SKOUT-CL210G-11-CO,Ultra Small Quad Core Fanless Industrial Edge Computer (consigned),,///
SLIS-CL250,CL250 Ultra Small Fanless Industrial Edge Gateway,CL250,Industrial/Small Form Factor/CL200 Series/CL250
Sensor100-INDL-4TB,Commercial Intel 5th Gen Xeon Microserver,MC850-51,Server/Standalone/MC850 Series/MC850-51
Sensor100-Rack-2TB,Intel 5th Gen 1.5U Rackmount Computer,MK150 (Other),Server/1U & 1.5U Rackmount/MK150 Series/MK150 (Other)
SB-MK0200-001W,Intel Coffee Lake 1U Rackmount Computer,MK100B-53,Server/1U & 1.5U Rackmount/MK100 Series/MK100B-53
Sensor100-Rack-2TB-s8oc,Intel Coffee Lake 1.5U Rackmount Computer,MK150 (Other),Server/1U & 1.5U Rackmount/MK150 Series/MK150 (Other)
SBC-300-g8sc,PWNE-SBC-300,,Components/Components/Components/
DETE-K801-RADAR-BIS,"DeTect, Inc. - OnLogic Karbon 801 Low-Profile High-Performance Rugged Computer",K801,Rugged/Performance/K800 Series/K801
FORM-K801,Form Energy Karbon 801 Low-Profile High-Performance Rugged Computer,K801,Rugged/Performance/K800 Series/K801
SX-K803-V1,OnLogic Karbon 803 High-Performance Rugged Computer w/PCIe,K803,Rugged/Performance/K800 Series/K803
MTRN-CL250-DGN,CL250 Ultra Small Fanless Industrial Edge Gateway,CL250,Industrial/Small Form Factor/CL200 Series/CL250
BNL-FR201-UL,Brookhaven - Factor 201 Raspberry Pi Industrial IoT Gateway,FR201,Industrial/Small Form Factor/FR200 Series/FR201
OLGC-FR201-V5,Budderfly - Factor 201 Raspberry Pi Industrial IoT Gateway,FR201,Industrial/Small Form Factor/FR200 Series/FR201
DNACR-HX330,OnLogic Helix 330 Intel Elkhart Lake Industrial Edge Computer w/Additional LAN,HX330,Industrial/Gateway/HX300 Series/HX330
TOMR-K801-LOW,OnLogic Karbon 801 Low-Profile High-Performance Rugged Computer,K801,Rugged/Performance/K800 Series/K801
CBNC-MC510-55-W10-i3-MP-DRAFT,CBN Next Gen MP - Industrial Intel Core Mini-ITX Computer,MC510-55,Industrial/Fanned/MC500 Series/MC510-55
OLYM-K801,Olympus Control - OnLogic Karbon 801 Low-Profile High-Performance Rugged Computer,K801,Rugged/Performance/K800 Series/K801
CATP-4U-PROTO-74b7,Custom ICE Lake 4U-US Prototype,MK400-60,Server/4U Rackmount/MK400 Series/MK400-60
Zund-DS-1302,Cincoze Rugged Intel 10th Gen Comet Lake Fanless Computer with 2 PCI/PCIe,DS-1302,Rugged/Mid Tier/DS Series/DS-1302
FR201-xxoa,Factor 201 Raspberry Pi Industrial IoT Gateway,FR201,Industrial/Small Form Factor/FR200 Series/FR201
MEWB-K410,Karbon 410 Intel Elkhart Lake Compact Rugged Computer,K410,Rugged/Entry/K400 Series/K410
UOI-MC500-Braswell-44g8,Unified Office Braswell MC500,MC500 (Other),Industrial/Fanned/MC500 Series/MC500 (Other)
UOI-MC500-51,Industrial Intel Skylake Mini-ITX Computer,,///
UNICO-MC500-10,Commercial Intel Celeron Mini-ITX Computer,MC500-10,Industrial/Fanned/MC500 Series/MC500-10
UniStu_DS1000-cw0o,Cincoze Rugged Intel Haswell Fanless Computer,,///
TWA-Nuvo-8108GC-Carriage,Neousys Rugged Edge AI Computer,Nuvo-8108GC,Rugged/High Performance/Nuvo Series/Nuvo-8108GC
Tyk-ML350G-10,Tykma ML350G-10,ML350G-10,Industrial/Gateway/ML300 Series/ML350G-10
TXTR-Nuvo-3005,Textron TXTR-Nuvo-3005,Nuvo-3000LP,Rugged/Legacy Rugged/Nuvo Series/Nuvo-3000LP
TV-HX310-DigitalMediaPC,OnLogic Helix 310 Intel Elkhart Lake Industrial Edge Computer,HX310,Industrial/Gateway/HX300 Series/HX310
TVU-MKKIT-NL-s4ok,TVU MK100 Rackmount Kit,,Components/Components/Components/
TSCO-ML350G-10,Tessco - Low Profile Fanless Industrial Computer With Apollo Lake,ML350G-10,Industrial/Gateway/ML300 Series/ML350G-10
TYSTAR-CV-P1001,Tystar Cincoze Intel Bay Trail Industrial Panel PC,CV-P1001,Panel/Cincoze Panel/P1000 Series/CV-P1001
TERA-MK100-40-R4-5950X,Industrial 1U AMD Ryzen Rackmount Server with Integrated Power Supply No UL,,///
TERA-MK100-40-cw4g,Teradyne 1U AMD Ryzen Rackmount Server,,///
TCS-RT130,Telecommunication Systems RT130,Rugged (Other),Rugged/Legacy Rugged/Legacy Rugged/Rugged (Other)
TCS Nuvo 3304-kc4s,Neousys Rugged Intel Ivy Bridge Computer with Hot Swap,,///
TERA-MK100-40-R2,Industrial 1U AMD Ryzen Rackmount Server with Integrated Power Supply,MK100 (Other),Server/1U & 1.5U Rackmount/MK100 Series/MK100 (Other)
SNST-K300,Sensitech TempTale RF Gateway,K300,Rugged/Entry/K300 Series/K300
S&S ML210G-50-8cko,Industrial Intel Haswell i5 Thin Mini-ITX Computer,ML210G-50,Industrial/Gateway/ML200 Series/ML210G-50
RevCon-CL100-SG,RevCon Sign Computer,CL100,Industrial/Small Form Factor/CL100 Series/CL100
PL17-AR,"17"" Intel Atom D2550 Fanless Panel PC",,///
POC-500,Neousys Rugged Compact AMD Ryzen Computer,POC-500,Rugged/Mid Tier/POC Series/POC-500
PR-TC401-HANLEY-1a2b,Pre-Release TC401 SAMPLE for Hanley,TC401,Panel/OnLogic Panel/Tacton Series/TC401
PR-TC401-MITEK-yl8g,Pre-Release TC401 SAMPLE for Mitek,TC401,Panel/OnLogic Panel/Tacton Series/TC401
PL17-CR-c8ko,"17"" Intel Ivy Bridge Fanless Panel PC",,///
PR-TC401-AMCOP-rhau,Pre-Release TC401 SAMPLE for AMCOP,,///
EPM163-scow,Industrial USFF Edge Device w/ Dual LAN,,Components/Components/Components/
EasyIO-ML100G-10,EasyIO ML100G-10,ML100G-10,Industrial/Entry/ML100 Series/ML100G-10
ECX9-K803-VCCI,OnLogic Karbon 803 High-Performance Rugged Computer w/PCIe,K803,Rugged/Performance/K800 Series/K803
DS-1000,Cincoze Rugged Intel Haswell Fanless Computer,DS-1000,Rugged/Mid Tier/DS Series/DS-1000
DRW-K410,Karbon 410 Intel Elkhart Lake Compact Rugged Computer,K410,Rugged/Entry/K400 Series/K410
DS-1200-4oww,Cincoze Rugged Intel Coffee Lake Fanless Computer,DS-1200,Rugged/Mid Tier/DS Series/DS-1200
DS-1200-8s04,Cincoze Rugged Intel Coffee Lake Fanless Computer,DS-1200,Rugged/Mid Tier/DS Series/DS-1200
DS-1000-10-cgoo,Cincoze Rugged Intel Haswell Fanless Computer,,///
DS-1000-10-cgs4,Cincoze Rugged Intel Haswell Fanless Computer,,///
DS-1000-10-ogs0,Cincoze Rugged Intel Haswell Fanless Computer,,///
DS-1000-ggg0,Cincoze Rugged Intel Haswell Fanless Computer,,///
DS-1102-Maximus-w0s4,Cincoze Rugged Intel Skylake Fanless Computer,,///
DC-1100-LENSEC-256SSD-8sgs,Cincoze Rugged Intel Bay Trail Compact Fanless Computer,,///
DC-1100-LENSEC-512SSD-k888,Cincoze Rugged Intel Bay Trail Compact Fanless Computer,,///
DC-1200-wooc,Rugged Cincoze Apollo Lake Compact Fanless Computer,,///
DC-1100-o0wk,Cincoze Rugged Intel Bay Trail Compact Fanless Computer,,///
DC3217BY-S,"Intel DC3217BY-S ""Box Canyon"" NUC Computer with Thunderbolt",Industrial (Other),Industrial/Legacy Industrial/Legacy Industrial/Industrial (Other)
DC-1200-cg8s,Rugged Cincoze Intel Apollo Lake Compact Fanless Computer,,///
DC-1100-owck,Cincoze Rugged Intel Bay Trail Compact Fanless Computer,,///
DC-1200-zxol,Rugged Cincoze Intel Apollo Lake Compact Fanless Computer,,///
CV-P2002,Cincoze Rugged Intel 6th Gen Core i3/i5 Panel PC,CV-P2002,Panel/Cincoze Panel/P2000 Series/CV-P2002
CV-117-P2002E-Leidos-g0k4,"Cincoze Crystal 17"" Industrial Panel PC",,///
CV-117-P1001,"Cincoze Crystal 17"" Industrial Panel PC",P1001,Rugged/Entry/P1000 Series/P1001
CV-115-P2002,"Cincoze Crystal 15"" Industrial Panel PC",,///
CV-115HC-R11_P2102-i5-R10-D2,Cincoze Rugged Intel 8th Gen Core i3/i5 Panel PC,CV-P2102,Panel/Cincoze Panel/P2000 Series/CV-P2102
CV-115C-P1001-gkws,"Cincoze Crystal 15"" Intel Bay Trail Industrial Panel PC",,///
CMC-HX600-NA,OnLogic Helix 600 Intel Comet Lake Expanded Industrial Edge Computer,HX600,Industrial/Performance/HX600 Series/HX600
CiD-MC500-01-go48,Custom LGX MC500 Intel Core i Desktop Mini Industrial Computer,MC500 (Other),Industrial/Fanned/MC500 Series/MC500 (Other)
CiM-C292-sgcc,SolidLogic CiM-C292 Intel Core i Mobile Mini Computer,Industrial (Other),Industrial/Legacy Industrial/Legacy Industrial/Industrial (Other)
CL100-ALTG,AlterG CL100 for the VIA 400,CL100,Industrial/Small Form Factor/CL100 Series/CL100
CiM-ML250-V-s044,Limbic Auto ML250 with P10 setting,ML250 (Other),Industrial/Gateway/ML250 Series/ML250 (Other)
CL210G-10-55ka,Fanless Industrial USFF Edge Device w/ Dual LAN,,///
Ci57-C159-0w8s,SolidLogic Core i Mobile C159-ATX Rackmount Mini-ITX Computer,MK100 (Other),Server/1U & 1.5U Rackmount/MK100 Series/MK100 (Other)
AXE-ML100G-10-Win7,AXE-ML100G-10-Win7,ML100G-10,Industrial/Entry/ML100 Series/ML100G-10
AWS-BMS-EPMS-K700,AWS BMS/EPMS Fanless Xeon System,K700-SE,Rugged/Performance/K700 Series/K700-SE
AWS-CL210G-10,Fanless Industrial USFF Edge Device w/ Dual LAN,CL210G-10,Industrial/Small Form Factor/CL200 Series/CL210G-10
AWS-GM-1000,Cincoze Rugged Intel 9th/8th Gen GPU Computer,,///
Ax-M_v5.5.1-EU,Fanless Industrial USFF Edge Device w/ Dual LAN,CL210G-11,Industrial/Small Form Factor/CL200 Series/CL210G-11
AXIS-K410-V1,Karbon 410 Intel Elkhart Lake Compact Rugged Computer,K410,Rugged/Entry/K400 Series/K410
Ax-M-EU-CL210G-11-RS,Ax-M EU Quad Core Fanless Industrial Edge Device w/ Dual LAN (Pre-configured),CL210G-11,Industrial/Small Form Factor/CL200 Series/CL210G-11
Ax-M_v6.0.4-EU,Fanless Industrial USFF Edge Device w/ Dual LAN,,///
ADT-ML510G-50,Adient - Compact Fanless Industrial Coffee Lake Computer,ML510G-50,Industrial/Performance/ML500 Series/ML510G-50
ADT-ML500G-50-1TB,Adient - Fanless Industrial Intel 6th Gen Computer w/ 1 TB SSD,ML500G-50,Industrial/Performance/ML500 Series/ML500G-50
ADUSA-CL100,ADUSA CL100,CL100,Industrial/Small Form Factor/CL100 Series/CL100
ADT-ML510G-50-EU,Adient - Compact Fanless Industrial Coffee Lake Computer,ML510G-50,Industrial/Performance/ML500 Series/ML510G-50
ADC-CtrlPC-L,Automated Design MC500 Industrial Linux Computer,MC500 (Other),Industrial/Fanned/MC500 Series/MC500 (Other)
ADVCMP-ML100G-30-kg44,Industrial Intel Broadwell Fanless NUC Computer,ML100G-30,Industrial/Entry/ML100 Series/ML100G-30
AER-AFL17A,"Aeroflex 17"" Intel Atom N270 Fanless Panel PC",,///
AEI-POC200v1-EMBEDDED-80s0,AEI-POC200v1-EMBEDDED_4GB_RAM,,///
ERVS1/1TB-4G,Elbex Rugged Video Server,DA-1000,Rugged/Entry/DA Series/DA-1000
EPM-ML400,EPM-ML400,ML400G-10,Industrial/Performance/ML400 Series/ML400G-10
DTS-RT130,Rugged In-Vehicle Digital Media Player,Rugged (Other),Rugged/Legacy Rugged/Legacy Rugged/Rugged (Other)
DVDAv2-MC600-3TB-deif,Dividia Technologies v2 MC600 3TB,,///
DVDAv2-MC600-3TB-wj6b,Dividia Technologies v2 MC600 3TB,MC610-10,Industrial/Fanned/MC600 Series/MC610-10
DutchDom-Atom-MK150(A)-4s08,(A) - MK150 Intel Atom 1.5U Rackmount Expandable Computer,MK150 (Other),Server/1U & 1.5U Rackmount/MK150 Series/MK150 (Other)
DutchDom-Atom-MK150(C)-sc4w,Single UAS-Core Server,MK150B-52,Server/1U & 1.5U Rackmount/MK150 Series/MK150B-52
DutchDom-Atom-MK150(A)-gwo8,Intel Atom 1.5U Rackmount Computer,MK150 (Other),Server/1U & 1.5U Rackmount/MK150 Series/MK150 (Other)
DutchDom-Atom-MC500-0c8k,Commercial Intel Atom Mini-ITX Computer,,///
DIVERSIFIED-MC850-ggso,Diversified Media MC850-50,MC850-50,Server/Standalone/MC850 Series/MC850-50
DLPH-1102-kcoo,Cincoze Rugged Intel Skylake Fanless Computer,,///
DLTK-ML210-4448,Dealertack Intel Bay Trail Fanless Print Server,ML210G-10,Industrial/Gateway/ML200 Series/ML210G-10
DE-1001-30-kow4,Cincoze Rugged Intel Atom Fanless Computer with Expansion,,///
DE3815TYKHE-S,Commercial Intel NUC Computer with Bay Trail,Industrial (Other),Industrial/Legacy Industrial/Legacy Industrial/Industrial (Other)
DE-1000L,Cincoze Fanless Intel Atom E3845 Computer,,///
DE-1001-ocww-cck4,Cincoze Rugged Intel Atom Fanless Computer with Expansion,,///
DCP847SKE-ccwg,"Intel DCP847SKE ""Ski Lake"" NUC Compact Motherboard",Industrial (Other),Industrial/Legacy Industrial/Legacy Industrial/Industrial (Other)
DE-1001-ocww,Cincoze Rugged Intel Atom Fanless Computer with Expansion,,///
DE-1000-scs0-0gs8,Cincoze Rugged Intel Atom Fanless Computer,,///
CV-W115-P1001-8oo4,"Cincoze Crystal 15"" Industrial Panel PC",,///
CYLN-K300-PoE-01,AAM Karbon 300 Building Automation Computer with PoE 1S9NT910,K300,Rugged/Entry/K300 Series/K300
CV-100R-8k04,Cincoze Crystal Industrial Panel PC,,///
Cymer ML100-c8o0,Industrial Intel Bay Trail Fanless NUC Computer,ML100G-10,Industrial/Entry/ML100 Series/ML100G-10
CYLN-K300-01,Cylon Karbon 300 Building Automation Computer - 1S9NT910,K300,Rugged/Entry/K300 Series/K300
CV-100H-Ozinga-M1001-0wco,Cincoze Crystal Industrial Resisitve Touchscreen Monitor,,///
CV-Touch-108-BR1000,Cincoze Capacitive Industrial Touchscreen Display,,///
Core-MC500-wg8o,Commercial Intel Core Mini-ITX Computer,MC500 (Other),Industrial/Fanned/MC500 Series/MC500 (Other)
Core-MC500-sww8,Commercial Intel Core Mini-ITX Computer,,///
Core-MC600-g44c,Commercial Intel Core Computer with Expansion,MC600 (Other),Industrial/Fanned/MC600 Series/MC600 (Other)
Core-MC600-gw4w,Commercial Intel Core Computer with Expansion,MC600 (Other),Industrial/Fanned/MC600 Series/MC600 (Other)
Core-MC500,Commercial Intel Core Mini-ITX Computer,MC500 (Other),Industrial/Fanned/MC500 Series/MC500 (Other)
Core-MC500-0so4,Commercial Intel Core Mini-ITX Computer,,///
Core-MC600-0sw0,OnLogic Compact Intel Core i Computer with Expansion,MC600-50,Industrial/Fanned/MC600 Series/MC600-50
Core-MC600 AD-owc4,Adflow Core i MC-600,MC600 (Other),Industrial/Fanned/MC600 Series/MC600 (Other)
Core-CT100-s0g4,CT100 Intel Core Embedded Mini Computer,,Components/Components/Components/
Core-MC500-wswg,Commercial Intel Core Mini-ITX Computer,MC500-51,Industrial/Fanned/MC500 Series/MC500-51
CL210G-11-h7k3,Ultra Small Quad Core Fanless Industrial Edge Computer,CL210G-11,Industrial/Small Form Factor/CL200 Series/CL210G-11
CL210G-11-j59r,Ultra Small Quad Core Fanless Industrial Edge Computer,,///
CL210G-11-hrcj,Ultra Small Quad Core Fanless Industrial Edge Computer,CL210G-11,Industrial/Small Form Factor/CL200 Series/CL210G-11
CL210G-11-jqb9,Ultra Small Quad Core Fanless Industrial Edge Computer,CL210G-11,Industrial/Small Form Factor/CL200 Series/CL210G-11
CL210G-11-8skg,Ultra Small Quad Core Fanless Industrial Edge Computer,CL210G-11,Industrial/Small Form Factor/CL200 Series/CL210G-11
CL210G-11-ceo3,Ultra Small Quad Core Fanless Industrial Edge Computer,CL210G-11,Industrial/Small Form Factor/CL200 Series/CL210G-11
CL100-ok0c,Industrial Fanless Mini PC,CL100,Industrial/Small Form Factor/CL100 Series/CL100
CCM-ML100G-51,Industrial Fanless Intel Whiskey Lake NUC With Dual LAN,,///
BEAM-ML450G-11-w4gk,Industrial Intel Apollo Lake Mini-ITX Computer,ML450G-11,Industrial/Performance/ML400 Series/ML450G-11
BFBS-DS-1202,Cincoze Rugged Intel Coffee Lake Fanless Computer with Dual Expansion or GPU,DS-1202,Rugged/Mid Tier/DS Series/DS-1202
BRHE-K300-IGN200,Rugged Edge Computer with Ignition Software,K300 (IGN200),Rugged/Entry/K300 Series/K300 (IGN200)
BBRUG-TM300-k040,Rugged Wide-Temp Thin Client with ThinManager,,///
AMEC-AU110-0sgs,Replacement AMEC AU110,Rugged (Other),Rugged/Legacy Rugged/Legacy Rugged/Rugged (Other)
AMLD-K700-c84s,Amazon Last Mile K700,K700-SE,Rugged/Performance/K700 Series/K700-SE
AMW-ML400-WIFI,American Woodmark Core i Fanless ML400 Computer with WiFi,ML400 (Other),Industrial/Performance/ML400 Series/ML400 (Other)
AMW-ML210-WIFI,American Woodmark ML210 WiFi,ML200 (Other),Industrial/Gateway/ML200 Series/ML200 (Other)
AMTK-ML340G-51-0mc7,Low Profile Fanless Industrial Skylake Computer,,///
AMOS-3002-1D10A1-0ww0,VIA AMOS Barebone,Industrial (Other),Industrial/Legacy Industrial/Legacy Industrial/Industrial (Other)
3DS-F4-ML450,3D Systems Figure 4 Industrial Fanless Computer,ML450G-10,Industrial/Performance/ML400 Series/ML450G-10
5BY2-DA-1000,5BY2-DA-1000,DA-1000,Rugged/Entry/DA Series/DA-1000
5BY2-DS-1000,5BY2-DS-1000,DS-1000,Rugged/Mid Tier/DS Series/DS-1000
6043-2100-8400_ML350G-10,Low Profile Fanless Industrial Computer With Apollo Lake,ML350G-10,Industrial/Gateway/ML300 Series/ML350G-10
DX-1100-4k4k,8th Generation Intel Core High-Performance Compact Rugged Computer,,///
DX-1100-4g1a,8th Generation Intel Core High-Performance Compact Rugged Computer,DX-1100,Rugged/Mid Tier/DX Series/DX-1100
DX-1100-fxm7,Cincoze Rugged 9th/8th Gen Intel Core High-Performance Compact Computer,DX-1100,Rugged/Mid Tier/DX Series/DX-1100
DX-1000-MTA-sc0k,Cincoze Rugged Intel 6th/7th Gen Compact Fanless Computer,,///
DX-1100-71ef,8th Generation Intel Core High-Performance Compact Rugged Computer,,///
DX-1000-ok48,Cincoze Rugged Intel 6th/7th Gen Compact Fanless Computer,,///
DX-1100-4s0o,8th Generation Intel® Core™ High-Performance Compact Rugged Computer,,///
DX-1000-swg4,Custom DX-1000; 10 x RS-232,,///
DS-1100-S-boks,Cincoze Rugged Intel Skylake Fanless Computer,,///
DS-1100-S-c48o,Cincoze Rugged Intel Skylake Fanless Computer,DS-1100,Rugged/Mid Tier/DS Series/DS-1100
DTS-CT100-50-88ko,High Performance Intel Skylake Kiosk Computer,,Components/Components/Components/
DS-1100-S-8008,Cincoze Rugged Intel Skylake Fanless Computer,,///
DS-1100-S-84k0,Cincoze Rugged Intel Skylake Fanless Computer,DS-1100,Rugged/Mid Tier/DS Series/DS-1100
DS-1100-o0sg,Cincoze Rugged Intel Skylake Fanless Computer,,///
DS-1300-e4mb,Cincoze Rugged Intel 10th Gen Comet Lake Fanless Computer,,///
DTS-CT100-50-scok,High Performance Intel Skylake Kiosk Computer,,///
DS-1100-S-cg09-4g0w,Cincoze Rugged Intel Skylake Fanless Computer,,///
DS-ZOLO-cw4g,Cincoze Rugged Intel Haswell Computer,,///
DI-1000-8ook,Cincoze Rugged Intel Skylake Compact Fanless Computer,,///
DI-1000-8s48,Cincoze Rugged Intel Skylake Compact Fanless Computer,,///
DI-1000-i7Bast-8g84,Cincoze Rugged Intel Skylake Compact Fanless Computer,,///
DEDR-AC101,OnLogic Axial AC101 Rackmount Edge Server,AC101,Server/1U & 1.5U Rackmount/Axial Series/AC101
Del-K700-SE-40o8,Karbon 700 High-Performance Rugged Edge Computer,K700-SE,Rugged/Performance/K700 Series/K700-SE
DECO-CL250-bqv9,CL250 Ultra Small Fanless Industrial Edge Gateway,CL250,Industrial/Small Form Factor/CL200 Series/CL250
DBSTRY-K700-SE,Karbon 700 High-Performance Rugged Edge Computer,K700-SE,Rugged/Performance/K700 Series/K700-SE
DC-1100,Cincoze Rugged Intel Bay Trail Compact Fanless Computer,DC-1100,Rugged/Entry/DC Series/DC-1100
DC-1100-3G-kkgc,Cincoze Rugged Intel Bay Trail Compact Fanless Computer,,///
DC-1100-ADVKSK-k84k,Cincoze Rugged Intel Bay Trail Compact Fanless Computer,,///
DC-1100-INet-oo04,Cincoze Rugged Intel Bay Trail Compact Fanless Computer,,///
DC-1100-LENSEC-1TBSSD-go0w,Cincoze Rugged Intel Bay Trail Compact Fanless Computer,,///
DC-1100-10-Grandwell-c8g8,Cincoze Rugged Intel Bay Trail Compact Fanless Computer,,///
DC-1100-10FindIT-wowg,Cincoze Rugged Intel Bay Trail Compact Fanless Computer,,///
DC-1100-ccgw,Cincoze Rugged Intel Bay Trail Compact Fanless Computer,,///
Core-ML320,Industrial Intel Core NUC Computer with Haswell,ML300 (Other),Industrial/Gateway/ML300 Series/ML300 (Other)
Core-ML320UPSLunarlineblk-soo0,ML320 Fanless Haswell NUC Industrial Computer,ML300 (Other),Industrial/Gateway/ML300 Series/ML300 (Other)
Core-MC500-gssk,MC500 Intel Core Embedded Mini Computer,MC500-30,Industrial/Fanned/MC500 Series/MC500-30
Core-C292-ksgk,IEC C292,Industrial (Other),Industrial/Legacy Industrial/Legacy Industrial/Industrial (Other)
Core-ML320-w8c0,ML320 Fanless Haswell NUC Industrial Computer,ML300 (Other),Industrial/Gateway/ML300 Series/ML300 (Other)
Core-C292-k4g4,Custom Core 2 Duo C292 Mini-ITX System,Industrial (Other),Industrial/Legacy Industrial/Legacy Industrial/Industrial (Other)
ComCon-ML100-Server-kggs,Industrial Intel Broadwell Fanless NUC Computer,ML100G-30,Industrial/Entry/ML100 Series/ML100G-30
Concera-HX500-RAID1,OnLogic Helix 500 Intel Comet Lake Industrial Edge Computer,HX500,Industrial/Performance/HX500 Series/HX500
COLL-MK100B-52,Intel Skylake 1U Rackmount Computer,MK100B-52,Server/1U & 1.5U Rackmount/MK100 Series/MK100B-52
Control-ML350G-11,Control Portals Low Profile Fanless Industrial Computer With Apollo Lake,ML350G-10,Industrial/Gateway/ML300 Series/ML350G-10
CL210G-11-0o8g,Industrial USFF Edge Device w/ Dual LAN,CL210G-11,Industrial/Small Form Factor/CL200 Series/CL210G-11
CL210G-11-5k2r,Ultra Small Quad Core Fanless Industrial Edge Computer,CL210G-11,Industrial/Small Form Factor/CL200 Series/CL210G-11
CL210G-10-wwok,Industrial USFF Edge Device w/ Dual LAN,CL210G-10,Industrial/Small Form Factor/CL200 Series/CL210G-10
CL210G-11-2zrl,Ultra Small Quad Core Fanless Industrial Edge Computer,,///
CL210G-11-4s88,Ultra Small Quad Core Fanless Industrial Edge Computer,,///
CL210G-10-RS-n3o1,Fanless Industrial USFF Edge Device w/ Dual LAN (Pre-configured),CL210G-10,Industrial/Small Form Factor/CL200 Series/CL210G-10
CL210G-10-quxy,Fanless Industrial USFF Edge Device w/ Dual LAN,CL210G-10,Industrial/Small Form Factor/CL200 Series/CL210G-10
CL210G-10-ws80,Industrial USFF Edge Device w/ Dual LAN,CL210G-10,Industrial/Small Form Factor/CL200 Series/CL210G-10
Baker-ML100G-41,Industrial Fanless AMD Ryzen 4000 Compact Computer,,///
AR-4U-XE-GPU-80gg,Amazon Robotics Robin Workstation 4U Prototype Platform,Industrial (Other),Industrial/Legacy Industrial/Legacy Industrial/Industrial (Other)
AMD-MK100,MK100 AMD 1U Mini Rackmount Computer,MK100 (Other),Server/1U & 1.5U Rackmount/MK100 Series/MK100 (Other)
AMD-5689,SolidLogic AMD Fusion 5689 Mini-ITX Computer,Industrial (Other),Industrial/Legacy Industrial/Legacy Industrial/Industrial (Other)
ALS-HX500,OnLogic Helix 500 Intel Comet Lake Industrial Edge Computer,HX500,Industrial/Performance/HX500 Series/HX500
Amazon-Robotics-3UServer-PROTO,Amazon Robotics 3U Short Server Prototype,,///
ALTS-DX-1000-sgwk,Cincoze Rugged Intel 6th/7th Gen Compact Fanless Computer,,///
ADF-Nuvo-7006LP-P,ADF Informatique Neousys Rugged Intel® Coffee Lake Low Profile Fanless Computer,,///
ELX-HX500,ELX-HX500 Industrial Edge Computer by OnLogic,HX500,Industrial/Performance/HX500 Series/HX500
ELM-ML350G-10-WIFI4G,ELM Fieldsight ML350G-10 WIFI4G Low Profile Fanless Industrial Computer With Apollo Lake,ML350G-10,Industrial/Gateway/ML300 Series/ML350G-10
EPG-DI-1000-8oo8,Cincoze Rugged Intel Skylake Compact Fanless Computer,,///
Envoy-200,Active Identity Envoy-200,POC-200,Rugged/Legacy Rugged/POC Series/POC-200
EOG-Poc-300,EOG Resources Rugged Compact Fanless Intel Apollo Lake Computer,,///
ENW-Nuvo-7000DE-sccg,Neousys Rugged Intel Coffee Lake Fanless Computer w/Dual PCIe Slots,Nuvo-7000DE,Rugged/Legacy Rugged/Nuvo Series/Nuvo-7000DE
DS-1101-ITRS-wsoc,Cincoze Rugged Intel Skylake Fanless Computer,,///
DS-1102-CANON-01-oksw,Cincoze Rugged Intel Skylake Computer with Dual Expansion,,///
DS-1102-Canon-owk0,Cincoze Rugged Intel Skylake Computer with Dual Expansion,,///
DS-1102-cscs,Cincoze Rugged Intel Skylake Fanless Computer with Dual Expansion,DS-1102,Rugged/Mid Tier/DS Series/DS-1102
DS-1102-848c,Cincoze Rugged Intel Skylake Computer with Dual Expansion,,///
DS-1101-sw8k,Cincoze Rugged Intel Skylake Fanless Computer with Expansion,,///
DS-1200-4c4k-w8c4,Cincoze Rugged Intel Coffee Lake Fanless Computer,,///
DETECT-K700-SE-DRONE,Detect Karbon 700 High-Performance Rugged Edge Computer,K700-SE,Rugged/Performance/K700 Series/K700-SE
DATA-DA-1100-R03,ACS Gen 2 Compact Fanless Controller with 4x LAN,DA-1100,Rugged/Entry/DA Series/DA-1100
DATA-FPPC-P2-CH112,Cincoze Rugged Intel Skylake Core i3/i5 Panel PC,CV-P2002,Panel/Cincoze Panel/P2000 Series/CV-P2002
DA-1100-tg0p,Cincoze Rugged Apollo Lake Ultra Compact Fanless Computer,,///
DA-1100-goow,Cincoze Rugged Apollo Lake Ultra Compact Fanless Computer,,///
CV-100R-s8k0,Cincoze Crystal Intel Bay Trail Industrial Panel PC,,///
CV-108-P1001,"Cincoze Crystal 8.4"" Intel Bay Trail Industrial Panel PC",CV-P1001,Panel/Cincoze Panel/P1000 Series/CV-P1001
cv-112-p1001-c888,"Cincoze Crystal 12.1"" Industrial Panel PC",,///
CV-112H-P2002,"Cincoze Crystal 12.1"" Industrial Panel PC",,///
CV-112-P1001-sscc,"Cincoze Crystal 12.1"" Industrial Panel PC",,///
CV-112C-P1001-cggo,"Cincoze Crystal 12.1"" Industrial Panel PC",,///
cv-112-p1001-ogc4,"Cincoze Crystal 12.1"" Industrial Panel PC",,///
CV-110C-P1001ARC-o0ow,"Cincoze Crystal 10.4"" Intel Bay Trail Industrial Panel PC",,///
CV-112-P1001-40c4,"Cincoze Crystal 12.1"" Industrial Panel PC",,///
CV-110-BR-sko0,"Cincoze Crystal 10.4"" Industrial Panel PC",,///
CNBN-SVR-8o0g,Canadian Bank Note 2U Server with Dual Low-End CPU,,///
CNBN-SVR-os48,Canadian Bank Note 2U Server with Low-End CPU,,///
Core-5677,Commercial Intel Core Computer with Built-In Mounting,Industrial (Other),Industrial/Legacy Industrial/Legacy Industrial/Industrial (Other)
CN-BERNEX-K801,OnLogic Karbon 801 Low-Profile High-Performance Rugged Computer,K801,Rugged/Performance/K800 Series/K801
CNP-MK103-C900,Cineplex MK103 C900,MK100 (Other),Server/1U & 1.5U Rackmount/MK100 Series/MK100 (Other)
CL210G-10-80go,Fanless Industrial USFF Edge Device w/ Dual LAN,CL210G-10,Industrial/Small Form Factor/CL200 Series/CL210G-10
cl210g-10-1ozp,Fanless Industrial USFF Edge Device w/ Dual LAN,,///
CL210G-11-sg19,Ultra Small Quad Core Fanless Industrial Edge Computer,CL210G-11,Industrial/Small Form Factor/CL200 Series/CL210G-11
CL210G-10-mf5u,Fanless Industrial USFF Edge Device w/ Dual LAN,CL210G-10,Industrial/Small Form Factor/CL200 Series/CL210G-10
CL210G-11-xy63,Ultra Small Quad Core Fanless Industrial Edge Computer,,///
CL210G-10-owk8,Fanless Industrial USFF Edge Device w/ Dual LAN,CL210G-10,Industrial/Small Form Factor/CL200 Series/CL210G-10
CL210G-10-KMC-00sk,Industrial USFF Edge Device w/ Dual LAN,CL210G-10,Industrial/Small Form Factor/CL200 Series/CL210G-10
Ceragon_ML400B-10-8ock,Industrial Intel Bay Trail Celeron Mini-ITX Computer,ML400G-10,Industrial/Performance/ML400 Series/ML400G-10
BLUE-MK100B-51-o4k0-cg0c,Blue Origin Intel Skylake 1U Rackmount Computer,MK100B-51,Server/1U & 1.5U Rackmount/MK100 Series/MK100B-51
BLUE-MK100B-51-sgkw,Blue Origin Intel Skylake 1U Rackmount Computer w/ Windows 10 Pro,MK100B-51,Server/1U & 1.5U Rackmount/MK100 Series/MK100B-51
BODY-ML100G-51,Boston Dynamics Industrial Fanless Intel Whiskey Lake NUC With Dual LAN,ML100G-51,Industrial/Entry/ML100 Series/ML100G-51
BODY-ML100G-51-V2,Boston Dynamics ML100G-51 w/ WiFi & LTE,ML100G-51,Industrial/Entry/ML100 Series/ML100G-51
BLUE-MK100B-51-V2,Blue Origin Intel Skylake 1U Rackmount Computer w/Additional Storage,MK100B-51,Server/1U & 1.5U Rackmount/MK100 Series/MK100B-51
BOS-DS-1200,Cincoze Rugged Intel Coffee Lake Fanless Computer,,///
BOSCH-ML340,Bosch ML340G-50,ML340G-50,Industrial/Gateway/ML300 Series/ML340G-50
AMZN-HX600-THEA-01,OnLogic Helix 600 Intel Comet Lake Expanded Industrial Edge Computer,HX600,Industrial/Performance/HX600 Series/HX600
AMW-ML500G-7,AMW-ML500G-7,,///
Atom-5677-s8wk,SolidLogic Intel Atom 5677 Mini Industrial Computer,Industrial (Other),Industrial/Legacy Industrial/Legacy Industrial/Industrial (Other)
Atom-MC500-ocso,Unbranded MC500 Prototype with North American LTE,MC500 (Other),Industrial/Fanned/MC500 Series/MC500 (Other)
ASI-DS-1200-g800,ASI Rugged/Automotive PC w/M12 LAN - Pre-Production,,///
AMZN-K804-Proto-zwp4,Amazon Prototype - Karbon 804 High-Performance Rugged Edge Computer,K804,Rugged/Performance/K800 Series/K804
Atom-MK100-kos4,Quad-Core Networking Rackmount Computer,MK100 (Other),Server/1U & 1.5U Rackmount/MK100 Series/MK100 (Other)
Atom-MC500-0kgc,Commercial Intel Atom Mini-ITX Computer,,///
911Inform-CL210G-10,911 Inform CL210G-10,CL210G-10,Industrial/Small Form Factor/CL200 Series/CL210G-10
HX610-GALLO,Gallo Glass Helix 610 Intel Comet Lake Industrial Edge Computer With Optional Hot Swap Storage,HX610,Industrial/Performance/HX600 Series/HX610
AX302,OnLogic Axial AX302 3U Edge Server,AX302,Server/3U Rackmount/Axial Series/AX302
AX307,OnLogic Axial AX307 3U Edge Server,AX307,Server/3U Rackmount/Axial Series/AX307
JETAGX,Aetina Jetson NVIDIA AGX Orin Fanless AI Computer,,///
ETN-FPPC-P2-CW215-R01,Cincoze Intel Skylake Core i3/i5 Panel PC - UL,CV-P2002,Panel/Cincoze Panel/P2000 Series/CV-P2002
EMPR-ML450G-52,Emprise ML450G-52,ML450G-52,Industrial/Performance/ML400 Series/ML450G-52
EL00-CL210G-11,Fanless Industrial USFF PC Base Ecolab Windows 10 IoT OS,,///
DS-1202-ZCCS,Zund Cutter Computer System - Non-Branded,,///
DS-1300,Cincoze Rugged Intel 10th Gen Comet Lake Fanless Computer,DS-1300,Rugged/Mid Tier/DS Series/DS-1300
DS-1302-9d6l,Cincoze DS-1302 Comet Lake Rugged Platform with Dual PCI/PCIe Expansion,,///
DS-1302-g6es-US,Cincoze DS-1302 Comet Lake Rugged Platform with Dual PCI/PCIe Expansion,,///
DS-1202-w8gg,Cincoze Rugged Intel Coffee Lake Fanless Computer with Dual Expansion or GPU,,///
DS-1201-kco4,Cincoze Rugged Intel Coffee Lake Fanless Computer with Expansion,,///
DS-1202-wvai,Cincoze Rugged Intel Coffee Lake Fanless Computer with Dual Expansion or GPU,,///
DE-1000,Cincoze Rugged Intel Atom Computer,DE-1000,Rugged/Mid Tier/DE Series/DE-1000
DDI-MC600-52-04s8,Display Devices MC600-52,MC600-52,Industrial/Fanned/MC600 Series/MC600-52
CV-P2002-d6ii,Cincoze Rugged Intel Skylake Core i3/i5 Panel PC,CV-P2002,Panel/Cincoze Panel/P2000 Series/CV-P2002
CV-121C-M1001-os0o,"Cincoze 21.5"" Capacitive Industrial Touchscreen Display",,Components/Components/Components/
DA-1000-g440,Cincoze Rugged Ultra Compact Fanless Computer,,///
DA-1000-g0sg,Cincoze Rugged Ultra Compact Fanless Computer,,///
CV-P2102-6ge4-avzm,Cincoze Intel Whiskey Lake Core i3/i5 Panel PC,CV-P2102,Panel/Cincoze Panel/P2000 Series/CV-P2102
CV-P2102-kjt6,Cincoze Rugged Intel 8th Gen Core i3/i5 Panel PC,CV-P2102,Panel/Cincoze Panel/P2000 Series/CV-P2102
da-1000-cg4k,Cincoze Rugged Ultra Compact Fanless Computer,,///
CS-100,Cincoze Capacitive or Resistive Sunlight-Readable Industrial Touchscreen,,///
CrunchIT-MC500,Crunch IT MC500,,///
Core-MK100-gscg,Intel Core 1U Rackmount Computer,MK100 (Other),Server/1U & 1.5U Rackmount/MK100 Series/MK100 (Other)
CS-P2102-dmgq,Cincoze Rugged Intel 8th Gen Core i3/i5 High-Brightness Panel PC,CS-P2102,Panel/Cincoze Panel/P2000 Series/CS-P2102
CPTD-MC510-wo00,Captain D's MC510 Back Office PC,MC510-50,Industrial/Fanned/MC500 Series/MC510-50
Core-MK100-gk0o,Intel Core 1U Rackmount Computer,MK100 (Other),Server/1U & 1.5U Rackmount/MK100 Series/MK100 (Other)
CPRi7-IMB-1232-WV,CPRi7-IMB-1232-WV,MC510-55,Industrial/Fanned/MC500 Series/MC510-55
CNX-CL210G-10U,Cognex CL210G-10 with Ubuntu 18.04 Desktop,CL210G-10,Industrial/Small Form Factor/CL200 Series/CL210G-10
CNX-POC-300-W10,Neousys Rugged Compact Fanless Intel Apollo Lake Computer,POC-300,Rugged/Entry/POC Series/POC-300
CNX-DX1100,Cincoze Rugged 9th/8th Gen Intel Core High-Performance Compact Computer,DX-1100,Rugged/Mid Tier/DX Series/DX-1100
CNX-K700-i7-w4oc,Karbon 700 High-Performance Rugged Edge Computer,K700-SE,Rugged/Performance/K700 Series/K700-SE
CNX-K700-VA-CT,Vision Accelerator,,///
CNP-ML320,Cineplex ML320,ML300 (Other),Industrial/Gateway/ML300 Series/ML300 (Other)
CNX-WIN-CL210G-11W,Cognex CL210G-11 with Windows 10 IoT Enterprise 2016,,///
CNX-CL210G-11W-8o4c,Cognex CL210G-11 with Windows 10 IoT Enterprise 2016,,///
CL210G-10,Fanless Industrial USFF Edge Device w/ Dual LAN,CL210G-10,Industrial/Small Form Factor/CL200 Series/CL210G-10
CL200G-10-kc4o,Industrial USFF Edge Device,CL200G-10,Industrial/Small Form Factor/CL200 Series/CL200G-10
CL200G-11-n9cf,Industrial Edge Device with Dual-Core Intel Celeron N3350,,///
CL200G-11-oht9,Industrial Edge Device with Dual-Core Intel Celeron N3350,CL200G-11,Industrial/Small Form Factor/CL200 Series/CL200G-11
CL210G-10-04sk-0kwk,Industrial USFF Edge Device w/ Dual LAN,CL210G-10,Industrial/Small Form Factor/CL200 Series/CL210G-10
CL200G-11-RS-a7r7,Quick-Start Industrial IoT Gateway (Pre-built),,///
Blubit-HX600-China,OnLogic Helix 600 Intel Comet Lake Expanded Industrial Edge Computer,HX600,Industrial/Performance/HX600 Series/HX600
Blyo-HX500,OnLogic Helix 500 Intel Comet Lake Industrial Edge Computer,HX500,Industrial/Performance/HX500 Series/HX500
BLUE-MK100B-51-n4cs,Blue Origin Intel Skylake 1U Rackmount Computer,MK100B-51,Server/1U & 1.5U Rackmount/MK100 Series/MK100B-51
AU912,AU912 Intel Core i Mobile Fanless Rugged Computer,Rugged (Other),Rugged/Legacy Rugged/Legacy Rugged/Rugged (Other)
AUDI-IMB-1212,ASRock IMB-1212 Coffee Lake Desktop Industrial Mini-ITX Motherboard,,///
ASI-DS-1200,ASI Cincoze Rugged Intel Coffee Lake Fanless Computer,,///
Ardennais-kg04,Pwnie Express Ardennais,ML300 (Other),Industrial/Gateway/ML300 Series/ML300 (Other)
ADT-K700-SE-EU,Adient - Karbon 700 High-Performance Rugged Edge Computer,K700-SE,Rugged/Performance/K700 Series/K700-SE
ADT-K700-SE-IMG,Adient - Karbon 700 FAM Tester with Custom Software Image,K700-SE,Rugged/Performance/K700 Series/K700-SE
ALPINE-DS-1001-w0ow,Alpine DS-1001 w/ Windows 10 - 32 bit,,///
ADT-ML100G-40,Adient - Compact Fanless AMD Ryzen Mini PC,ML100G-40,Industrial/Entry/ML100 Series/ML100G-40
ALPINE-DS-1001-W10-s8ok,Alpine DS-1001 w/ Windows 10 Pro 32-bit,,///
1VLT-NUC7i5-l66u,1VLT-NUC7i5,,///
ETE-ML500G-30,Fanless Industrial Intel 6th Gen Computer w/optional i7 and 4 COM,,///
EUR-ML350G-10,Low Profile Fanless Industrial Computer With Apollo Lake,ML350G-10,Industrial/Gateway/ML300 Series/ML350G-10
ESC-DS1001-wkko,ESC Controls FLIR NVR,,///
ETN-FPPC-P2-CW215-R01-08kw,Cincoze Intel Skylake Core i3/i5 Panel PC - UL,,///
DS-1200-so8w,Cincoze Rugged Intel Coffee Lake Fanless Computer,DS-1200,Rugged/Mid Tier/DS Series/DS-1200
DS-1201,Cincoze Rugged Intel Coffee Lake Fanless Computer with Expansion,DS-1201,Rugged/Mid Tier/DS Series/DS-1201
DS-1200-c448,Cincoze Rugged Intel Coffee Lake Fanless Computer,DS-1200,Rugged/Mid Tier/DS Series/DS-1200
DS-1201-e9g5,Cincoze Rugged Intel Coffee Lake Fanless Computer with Expansion,,///
DVDAv2-MC600-6TB,Dividia Technologies v2 MC600 6TB,MC600 (Other),Industrial/Fanned/MC600 Series/MC600 (Other)
DVDAv2-MK150-3TB,Dividia Technologies v2 MK150 3TB,MK150 (Other),Server/1U & 1.5U Rackmount/MK150 Series/MK150 (Other)
DS-1102-wzji,Cincoze Rugged Intel Skylake Fanless Computer with Dual Expansion,,///
DS-1201-c0kw,Cincoze Rugged Intel Coffee Lake Fanless Computer with Expansion,,///
ds-1200-obsv,Cincoze Rugged Intel Coffee Lake Fanless Computer,DS-1200,Rugged/Mid Tier/DS Series/DS-1200
DWL-MC510-0wks,Dwelling Live DWL-MC500,MC500 (Other),Industrial/Fanned/MC500 Series/MC500 (Other)
DS-1200-8tan,Rugged Intel Coffee Lake Fanless Computer w/ CAN & DIO,,///
DATA-MC500-4g0w,Commercial Intel Celeron Mini-ITX Computer,MC500-10,Industrial/Fanned/MC500 Series/MC500-10
DataSensing-K804,OnLogic Karbon 804 High-Performance Rugged Computer w/ModBay & PCIe,K804,Rugged/Performance/K800 Series/K804
DATA-K801-V01-3btw,OnLogic Karbon 801 Low-Profile High-Performance Rugged Computer,,///
CUSTOM-kocw,SolidLogic Core i7 JC111 Mini-ITX Computer,Industrial (Other),Industrial/Legacy Industrial/Legacy Industrial/Industrial (Other)
CUDD-ML450G-4skk,Industrial Intel Braswell Celeron Mini-ITX Computer,ML450G-10,Industrial/Performance/ML400 Series/ML450G-10
COSTAIN-P2002-ogcc,Cincoze Intel Skylake Core i Panel PC,,///
CoreC292-0go8,Core Desktop Haswell C292 System,Industrial (Other),Industrial/Legacy Industrial/Legacy Industrial/Industrial (Other)
CUDD-VBOX-o44c,cudd-VBOX,Rugged (Other),Rugged/Legacy Rugged/Legacy Rugged/Rugged (Other)
CPC-EXM161-Mobo-Kit-cgc0,CPC MOBO Kit for EXM161,,Components/Components/Components/
CUSTOM-skwo,Custom Core-MC500,,///
CNX-K700-VSW-031,K700-X2 i5-9500 Win10 VPro Custom01 includes Gemalto Dongle,K700-X2,Rugged/Performance/K700 Series/K700-X2
Core-MK100-80ow,Intel Core 1U Rackmount Computer,MK100 (Other),Server/1U & 1.5U Rackmount/MK100 Series/MK100 (Other)
Core-MK100-c84s,Intel Core 1U Rackmount Computer,MK100 (Other),Server/1U & 1.5U Rackmount/MK100 Series/MK100 (Other)
CNX-K700-XEON-0g4s-cgco,Karbon 700 High-Performance Rugged Edge Computer,,///
Core-MC600-wksw,Commercial Intel Core Computer with Expansion,MC600 (Other),Industrial/Fanned/MC600 Series/MC600 (Other)
Core-MC600-ooc8,Commercial Intel Core Computer with Expansion,MC600 (Other),Industrial/Fanned/MC600 Series/MC600 (Other)
Core-MC600-skok-o8g0,Commercial Intel Core Computer with Expansion,MC600 (Other),Industrial/Fanned/MC600 Series/MC600 (Other)
CL210G-11-owko,CL210G-11 - Linux Capture System,CL210G-11,Industrial/Small Form Factor/CL200 Series/CL210G-11
CL210G-11-ksks-0c8g,Ultra Small Quad Core Fanless Industrial Edge Computer,CL210G-11,Industrial/Small Form Factor/CL200 Series/CL210G-11
CL210G-11-qcac,Ultra Small Quad Core Fanless Industrial Edge Computer,CL210G-11,Industrial/Small Form Factor/CL200 Series/CL210G-11
CL210G-11-RS-ml0d,Quad Core Fanless Industrial Edge Device w/ Dual LAN (Pre-configured),CL210G-11,Industrial/Small Form Factor/CL200 Series/CL210G-11
CL210G-11-ko4s,Ultra Small Quad Core Fanless Industrial Edge Computer,CL210G-11,Industrial/Small Form Factor/CL200 Series/CL210G-11
CL210G-11-RS-wsma,Quad Core Fanless Industrial Edge Device w/ Dual LAN (Pre-configured),,///
CL200G-10,Fanless Industrial USFF Edge Device,CL200G-10,Industrial/Small Form Factor/CL200 Series/CL200G-10
CL200G-10-cg4g,Fanless Industrial USFF Edge Device,CL200G-10,Industrial/Small Form Factor/CL200 Series/CL200G-10
CL100-ww0w,Fanless Industrial Mini PC,CL100,Industrial/Small Form Factor/CL100 Series/CL100
CL200G-10-uy3f,Fanless Industrial USFF Edge Device,CL200G-10,Industrial/Small Form Factor/CL200 Series/CL200G-10
CL200G-10-w8kk,Industrial USFF Edge Device,CL200G-10,Industrial/Small Form Factor/CL200 Series/CL200G-10
CL200G-10-0k0o,Industrial USFF Edge Device,CL200G-10,Industrial/Small Form Factor/CL200 Series/CL200G-10
CL200G-10-27vw,Fanless Industrial USFF Edge Device,CL200G-10,Industrial/Small Form Factor/CL200 Series/CL200G-10
CL200G-11-2smc,Industrial Edge Device with Dual-Core Intel Celeron N3350,CL200G-11,Industrial/Small Form Factor/CL200 Series/CL200G-11
CL200G-10-6h87,Fanless Industrial USFF Edge Device,,///
BRYX-MK150B-52,Intel Skylake 1U Rackmount Computer,MK100B-52,Server/1U & 1.5U Rackmount/MK100 Series/MK100B-52
BRIGG-ML100G-10,Briggs & Stratton Fanless Industrial Intel Bay Trail NUC Computer,ML100G-10,Industrial/Entry/ML100 Series/ML100G-10
BWDG-ML350G-R01,Low Profile Fanless Industrial Computer With Apollo Lake,,///
Atom-ML250-RAID1-8ggo,ML250 Intel Atom Fanless Mini Industrial Computer,ML250 (Other),Industrial/Gateway/ML250 Series/ML250 (Other)
Atom-ML251,Industrial Intel Atom Mini-ITX Computer with LCD Display,ML250 (Other),Industrial/Gateway/ML250 Series/ML250 (Other)
AU110,AU110 Intel Atom Fanless Mini Rugged Computer,Rugged (Other),Rugged/Legacy Rugged/Legacy Rugged/Rugged (Other)
Atom-ML250-gc04,LGX ML250 Intel Atom Fanless Mini Industrial Computer,ML250 (Other),Industrial/Gateway/ML250 Series/ML250 (Other)
Atom-MK102-ogsc,MK100 Intel Atom 1U Mini Rackmount Computer,MK100 (Other),Server/1U & 1.5U Rackmount/MK100 Series/MK100 (Other)
Atom-MC500X-8gwk,MC500 Intel Atom Mini Expandable Industrial Computer,MC500 (Other),Industrial/Fanned/MC500 Series/MC500 (Other)
Atom-ML250-4skg,LGX ML250 Intel Atom Fanless Mini Industrial Compute,ML250 (Other),Industrial/Gateway/ML250 Series/ML250 (Other)
Atom-ML250-0oco,Secovac-ML250,ML250 (Other),Industrial/Gateway/ML250 Series/ML250 (Other)
MCMC-TC401R-12,OnLogic Tacton TC401 Intel 12th Gen All-in-one Panel PC,TC401,Panel/OnLogic Panel/Tacton Series/TC401
KNTK-TC401-21IN,Kinetik - OnLogic Tacton TC401 Intel 12th Gen All-in-one Panel PC,TC401,Panel/OnLogic Panel/Tacton Series/TC401
EQREF-FR201,Factor 201 Raspberry Pi Industrial IoT Gateway,FR201,Industrial/Small Form Factor/FR200 Series/FR201
EE-HX610-i5-eoxy-sz7i,Enbridge Onlogic Helix 610 Intel Comet Lake Industrial Edge Computer With Optional Hot Swap Storage,HX610,Industrial/Performance/HX600 Series/HX610
dx-1000-s8g8,Cincoze Rugged Intel 6th/7th Gen Compact Fanless Computer,,///
EC-DS-1002_r01,Environment Canada DS-1002 r01,,///
ECats-cwso,Intel Atom 1U Rackmount Computer,MK100 (Other),Server/1U & 1.5U Rackmount/MK100 Series/MK100 (Other)
ECL1-RSB,1U Rackmount Intel Coffee Lake Computer,,///
DS-1100-S-sgck,Cincoze Rugged Intel Skylake Fanless Computer,,///
DS-1100-S-w4k4,Cincoze Rugged Intel Skylake Fanless Computer,,///
DS-1100-S-j3w0,Cincoze Rugged Intel Skylake Fanless Computer,,///
DS-1100-S-sggw,Cincoze Rugged Intel Skylake Fanless Computer,,///
DS-1100-S-kssw,Cincoze Rugged Intel Skylake Fanless Computer,,///
DS-1100-S-g4cw,APS DS-1100,,///
DS-1100-S-gkks,Cincoze Rugged Intel Skylake Fanless Computer,,///
DS-1100-S-oss0,Cincoze Rugged Intel Skylake Fanless Computer,,///
DS-1100-s-wkkc,Cincoze Rugged Intel Skylake Fanless Computer,,///
DENTSU-STD-HX310,OnLogic Helix 310 Intel Elkhart Lake Industrial Edge Computer,HX310,Industrial/Gateway/HX300 Series/HX310
DOTS-FR201,Factor 201 Raspberry Pi Industrial IoT Gateway,FR201,Industrial/Small Form Factor/FR200 Series/FR201
DLTK-ML210-44ks,Dealertrack Custom Print Server Prototype,ML210G-10,Industrial/Gateway/ML200 Series/ML210G-10
DA-1000-SR,Cincoze Rugged Ultra Compact Fanless Computer - Ship-Ready,,///
DA-1000-owgg,Cincoze Rugged Ultra Compact Fanless Computer,,///
DA-1100-gk00,Cincoze Rugged Apollo Lake Ultra Compact Fanless Computer,,///
DA-1100-46rj,Cincoze Rugged Apollo Lake Ultra Compact Fanless Computer,,///
DA-1100-8o4c,Cincoze Rugged Apollo Lake Ultra Compact Fanless Computer,,///
CST-MK150-wsgw,Custom Core 2 Duo 1.5U Rackmoun,MK150 (Other),Server/1U & 1.5U Rackmount/MK150 Series/MK150 (Other)
CST-MK150-4080,Custom: Custom Core 2 Duo 1.5U Rackmount w/ Parallel Port,MK150 (Other),Server/1U & 1.5U Rackmount/MK150 Series/MK150 (Other)
CT100-X570-Proto-ckw4,Compact Industrial AMD Ryzen Edge Server,,Components/Components/Components/
CSN-ML350G-10-gk44,Industrial Low Profile Fanless Computer With Apollo Lake,ML350G-10,Industrial/Gateway/ML300 Series/ML350G-10
CV-P2002-48cc-x7ep,Cincoze Rugged Intel Skylake Core i3/i5 Panel PC,CV-P2002,Panel/Cincoze Panel/P2000 Series/CV-P2002
CBNC-MC510-NoOS,Industrial Intel Coffee Lake Mini-ITX Computer,MC510-50,Industrial/Fanned/MC500 Series/MC510-50
CBNC-MC610-W10-128GB-ikpy,CBN Next Gen Prototype Large Footprint- Industrial Intel Core Mini-ITX Computer,,///
CB-ML350G-10-kwcw,Cleaver Brooks Industrial Low Profile Fanless Gateway Prototype,ML350G-10,Industrial/Gateway/ML300 Series/ML350G-10
CAFEX-ML500G-30,Industrial Intel 6th Gen Fanless Computer w/optional i7 and 4 COM,ML500G-30,Industrial/Performance/ML500 Series/ML500G-30
CarAtomMV101-0ks0,Custom CarAtomMV101,Industrial (Other),Industrial/Legacy Industrial/Legacy Industrial/Industrial (Other)
C2D-C292-ggcw,Vision Engineering Custom Core 2 Duo C292 Mini-ITX System,Industrial (Other),Industrial/Legacy Industrial/Legacy Industrial/Industrial (Other)
CAE-DX-1000-i5KL,CAE DX-1000,DX-1000,Rugged/Mid Tier/DX Series/DX-1000
CarIntelMV101-okwg,LGX Intel MV101 Automotive System,Industrial (Other),Industrial/Legacy Industrial/Legacy Industrial/Industrial (Other)
CAPTIVATE_AG150_XP-gg80,Captivate Intel Atom AG150 Fanless Mini Computer with XP,ML200 (Other),Industrial/Gateway/ML200 Series/ML200 (Other)
Avoton-MK150-wswo,Custom Avoton 1.5U Rackmount Server,MK150 (Other),Server/1U & 1.5U Rackmount/MK150 Series/MK150 (Other)
Bald-Nuvo-6000,Neousys Rugged Intel 6th Gen Computer w/Optional GPU and Expansion,Nuvo-6000,Rugged/High Performance/Nuvo Series/Nuvo-6000
BB-KIT,Amazon BeagleBone Kit,Industrial (Other),Industrial/Legacy Industrial/Legacy Industrial/Industrial (Other)
AJ-PD10BI-WS7P64-o0o8,A. J. PD10BI Thin Mini-ITX Kit with Embedded 7,,///
AG960-ADUSA-kwoc,AG960-ADUSA,NC200 (Other),Industrial/Legacy Industrial/NC200 Series/NC200 (Other)
ABCS-ML100g-52,Industrial Fanless Intel Whiskey Lake Embedded NUC With Dual LAN,,///
ABB-FPPC-P2-CW156-01,Cincoze Rugged Intel Skylake Core i3/i5 Panel PC,CV-P2002,Panel/Cincoze Panel/P2000 Series/CV-P2002
ABB-HV-K300-4G,Hitachi ABB Compact Rugged Gateway – Wifi and 4G - HVP-250,,///
ABCS-HX500-1,OnLogic Helix 500 Intel Comet Lake Industrial Edge Computer,HX500,Industrial/Performance/HX500 Series/HX500
9SLTNS-MC500,9Solutions - MC500,Industrial (Other),Industrial/Legacy Industrial/Legacy Industrial/Industrial (Other)
300061-02,Industrial Intel Coffee Lake Mini-ITX Computer,MC510-50,Industrial/Fanned/MC500 Series/MC510-50
Envera-ML340G-50,Envera ML340G-50,ML340G-50,Industrial/Gateway/ML300 Series/ML340G-50
EMPR-ML450G-52-0oog,Industrial Intel Skylake Mini-ITX Customizable Computer,ML450G-52,Industrial/Performance/ML400 Series/ML450G-52
DX-1100-ww80,8th Generation Intel® Core™ High-Performance Compact Rugged Computer,,///
DX-1100-kksg,8th Generation Intel® Core™ High-Performance Compact Rugged Computer,,///
DX-1100-kksg-rev01-0gcg,8th Generation Intel® Core™ High-Performance Compact Rugged Computer,,///
DX-1100-ooc8,8th Generation Intel® Core™ High-Performance Compact Rugged Computer,,///
DX-1100-4skk,Cincoze High-Performance Compact Rugged Computer,,///
E-P-ES-0103-HX500,OnLogic Helix 500 Intel Comet Lake Industrial Edge Computer,HX500,Industrial/Performance/HX500 Series/HX500
DS-1000-Hidden,Cincoze DS-1000 Series Haswell Fanless Computer,,///
DS-1000-s08o-4c0k,Cincoze Rugged Intel Haswell Fanless Computer,,///
DS-1100-S-488k,Cincoze Rugged Intel Skylake Fanless Computer,,///
DS-1100-S-4okg,Cincoze Rugged Intel Skylake Fanless Computer,DS-1100,Rugged/Mid Tier/DS Series/DS-1100
DS-1001-30-k8sk,Cincoze Rugged Intel Haswell Fanless Computer with Expansion,,///
DS-1001-30-wws0,ESC Controls FLIR NVR,,///
DS-1001-wcw4,Cincoze Rugged Intel Haswell Fanless Computer with Expansion,,///
DS-1002-ZOLO-kcsc,Cincoze Rugged Intel Haswell Computer with Dual Expansion,,///
DS-1001P-sc0o,Cincoze Rugged Intel Haswell Fanless Computer with PoE,,///
DEDR-K804-i5,OnLogic Karbon 804 High-Performance Rugged Computer w/ModBay & PCIe,K804,Rugged/Performance/K800 Series/K804
D700610-Iclean-10.4-CS-P1101,Cincoze Rugged Sunlight Readable Panel PC,CS-P1101,Panel/Cincoze Panel/P1000 Series/CS-P1101
DA-1000 Geocomp-8go0,Cincoze Rugged Ultra Compact Fanless Computer,,///
DA-1000-40cs,Cincoze Rugged Ultra Compact Fanless Computer,DA-1000,Rugged/Entry/DA Series/DA-1000
Core-ML300-kcg0,Custom Rotschy Core-ML300,ML300 (Other),Industrial/Gateway/ML300 Series/ML300 (Other)
Core-ML300-ko0k,LongBridge ML300 Fanless Ivy Bridge NUC Industrial Computer,ML300 (Other),Industrial/Gateway/ML300 Series/ML300 (Other)
Core-MK150-skw4-80wo-cggo,Intel Core 1.5U Rackmount Computer,MK150 (Other),Server/1U & 1.5U Rackmount/MK150 Series/MK150 (Other)
Core-MK150-skw4,Intel Core 1.5U Rackmount Computer,MK150 (Other),Server/1U & 1.5U Rackmount/MK150 Series/MK150 (Other)
Core-MK100-w84w,MK100 Intel Core Industrial 1U Rackmount Computer,MK100 (Other),Server/1U & 1.5U Rackmount/MK100 Series/MK100 (Other)
Core-MK100-woow,MK100 Intel Core Industrial 1U Rackmount Computer,MK100 (Other),Server/1U & 1.5U Rackmount/MK100 Series/MK100 (Other)
Core-ML250V-o0ss,LGX Core ML250 Automotive System,ML250 (Other),Industrial/Gateway/ML250 Series/ML250 (Other)
Core-ML250Spirae-g8o0,ML250 Intel Core i3/i5/Celeron Fanless Industrial Computer,ML250 (Other),Industrial/Gateway/ML250 Series/ML250 (Other)
Core-ML300-84ow,ML300 Fanless Ivy Bridge NUC Industrial Computer,ML300 (Other),Industrial/Gateway/ML300 Series/ML300 (Other)
Core-ML250-ckos,Team One Core-ML250,ML250 (Other),Industrial/Gateway/ML250 Series/ML250 (Other)
Core-ML300-cw48,LGX ML300 Fanless NUC Industrial Computer,ML300 (Other),Industrial/Gateway/ML300 Series/ML300 (Other)
CLR-ML350G-10,Clarios ML350G-10 Low Profile Fanless Industrial Computer With Apollo Lake,,///
cl100-ko44,Industrial Fanless Mini PC,CL100,Industrial/Small Form Factor/CL100 Series/CL100
CL100-0w4c,Industrial Fanless Mini PC,CL100,Industrial/Small Form Factor/CL100 Series/CL100
CIML-ML210G-12,Cimarron Lumber Fanless Low-Profile Computer,ML210G-12,Industrial/Gateway/ML200 Series/ML210G-12
CL100-nwcs,Fanless Industrial Mini PC,,///
CL100-dasp,Fanless Industrial Mini PC,CL100,Industrial/Small Form Factor/CL100 Series/CL100
CL100-q53y,Fanless Industrial Mini PC,,///
CL100-53wq,Fanless Industrial Mini PC,CL100,Industrial/Small Form Factor/CL100 Series/CL100
BEPM-ML600G-52,BEPM-ML600G-52,ML600G-52,Industrial/Performance/ML600 Series/ML600G-52
BESIDE-MK100B-51,Beside Intel Skylake 1U Rackmount Computer,MK100B-51,Server/1U & 1.5U Rackmount/MK100 Series/MK100B-51
BESIDE-ML100G-31,Fanless Industrial Intel Dawson Canyon NUC Computer,ML100G-31,Industrial/Entry/ML100 Series/ML100G-31
BLAC-MC610-10v2,Blackberry IIM Mini-ITXcomputer with consigned components,,///
BIOG-HX401-UL,OnLogic Helix 401 Fanless Hybrid-Core Computer,HX401,Industrial/Entry/HX400 Series/HX401
BL-MC500v1,Building Logix MC500 v1,MC500 (Other),Industrial/Fanned/MC500 Series/MC500 (Other)
Aporta-Nuvo-3100VTC-g0s8,Nuvo-3100VTC Fanless In-Vehicle Computer,,///
Aptiv-DS-1301,Cincoze Rugged Intel 10th Gen Comet Lake Fanless Computer with PCI/PCIe,DS-1301,Rugged/Mid Tier/DS Series/DS-1301
APM P2002-kc84,APM Skylake P2002,,///
ACT-DS-1201,Cincoze Rugged Intel Coffee Lake Fanless Computer with Expansion,,///
ac101-8js5,AC101 OnLogic Industrial 1U Edge Server,AC101,Server/1U & 1.5U Rackmount/Axial Series/AC101
100-K804-104695,OnLogic Karbon 804 High-Performance Rugged Computer w/ModBay & PCIe,K804,Rugged/Performance/K800 Series/K804
[not sync] Midgaard-HX310-512Nvme-16GB,OnLogic Helix 310 Intel Elkhart Lake Industrial Edge Computer,HX310,Industrial/Gateway/HX300 Series/HX310
HX511,OnLogic Helix 511 Fanless Intel 12th Gen Edge Computer,HX511,Industrial/Performance/HX500 Series/HX511
DSI-15431-K803,OnLogic Karbon 803 High-Performance Rugged Computer w/PCIe,K803,Rugged/Performance/K800 Series/K803
TSL-DS-1101,Cincoze Rugged Intel Skylake Fanless Computer,DS-1100,Rugged/Mid Tier/DS Series/DS-1100
IMB-150,ASRock IMB-150 Intel Bay Trail Celeron J1900 Mini-ITX Motherboard,,Components/Components/Components/
FR202,Factor 202 Raspberry Pi Industrial Controller,FR202,Industrial/Small Form Factor/FR200 Series/FR202
BLAST-K410,BlastShield® Gateway Intel Elkhart Lake Compact Rugged Computer,K410,Rugged/Entry/K400 Series/K410
TECZ-MK100B-40,TECZZ 1U Rackmount AMD Ryzen Server,MK100B-40,Server/1U & 1.5U Rackmount/MK100 Series/MK100B-40
RGS-8805GC,Neousys Rugged AMD EPYC HPC Server with NVIDIA GPU,RGS-8805GC,Rugged/High Performance/Nuvo Series/RGS-8805GC
911-CL210G-11,911 Inform Non-LTE CL210G-11,CL210G-11,///CL210G-11
NBCU-CS-110HC-V2,NBCUniversal Cincoze Capacitive or Resistive Industrial Touchscreen with M1101 Module,M1101,Panel by Cincoze/Components/Components/M1101
RYSC-HX524-1397-PROTO,RaySecur - Helix 521 Meteor Lake Fanless Computer,HX524,Industrial/Performance/HX500 Series/HX524
TN101R,OnLogic Tacton TN101 Industrial Display,TN101,Panel/OnLogic Panel/Tacton Series/TN101
HX500-E29933,OnLogic Helix 500 Intel Comet Lake Industrial Edge Computer,HX500,Industrial/Performance/HX500 Series/HX500
3DS-HX401-QGP-r01,3DS - OnLogic Helix 401 Fanless Hybrid-Core Computer,HX401,Industrial/Entry/HX400 Series/HX401
INIT-TM130,INIT Group-HX401 (ThinManagerReady + Maritime),HX401 (TM130),Industrial/Entry/HX400 Series/HX401 (TM130)
HX401-SDC-7868,OnLogic Helix 401 Fanless Hybrid-Core Computer,HX401,Industrial/Entry/HX400 Series/HX401
ASNT-HX401,Assurant - OnLogic Helix 401 Fanless Hybrid-Core Computer,HX401,Industrial/Entry/HX400 Series/HX401
SML-HX401,OnLogic Helix 401 Fanless Hybrid-Core Computer,HX401,Industrial/Entry/HX400 Series/HX401
Mii2-HX401-Win11-v01,MiTek - OnLogic Helix 401 Fanless Hybrid-Core Computer,HX401,Industrial/Entry/HX400 Series/HX401
HUGH-HX401-BIS,OnLogic Helix 401 Fanless Hybrid-Core Computer,HX401,Industrial/Entry/HX400 Series/HX401
DGS-K802,Digital Global Systems Karbon 802 High-Performance Rugged Computer w/ModBay,K802,Rugged/Performance/K800 Series/K802
K802-2955,Tier 1 XTO Energy Karbon 802 High-Performance Rugged Computer w/ModBay,K802,Rugged/Performance/K800 Series/K802
DEDR-K804-65W-2GPUADA,Dedrone - OnLogic Karbon 804 High-Performance Rugged Computer w/ModBay & PCIe,K804,Rugged/Performance/K800 Series/K804
ADVR-K804-POE-UL,OnLogic Karbon 804 High-Performance Rugged Computer w/ModBay & PCIe,K804,Rugged/Performance/K800 Series/K804
XOCEAN-K802-Survey-Geo,OnLogic Karbon 802 High-Performance Rugged Computer w/ModBay,K802,Rugged/Performance/K800 Series/K802
NOK-K804-2year,OnLogic Karbon 804 High-Performance Rugged Computer w/ModBay & PCIe,K804,Rugged/Performance/K800 Series/K804
AMZN-HX600-METIS-UK,OnLogic Helix 600 Intel Comet Lake Expanded Industrial Edge Computer,HX600,Industrial/Performance/HX600 Series/HX600
BOSI-K804-AIVSLRG,BOS Innovation - OnLogic Karbon 804 High-Performance Rugged Computer w/ModBay & PCIe,K804,Rugged/Performance/K800 Series/K804
AMZN-HX600-METIS-NA,OnLogic Helix 600 Intel Comet Lake Expanded Industrial Edge Computer,HX600,Industrial/Performance/HX600 Series/HX600
AGT-K804,AGT Robotics - OnLogic Karbon 804 High-Performance Rugged Computer w/ModBay & PCIe,K804,Rugged/Performance/K800 Series/K804
ESC-K804,OnLogic Karbon 804 High-Performance Rugged Computer w/ModBay & PCIe,K804,Rugged/Performance/K800 Series/K804
SECO-K857-PALLADIO500RPL,OnLogic Karbon 804 High-Performance Rugged Computer w/ModBay & PCIe,K804,Rugged/Performance/K800 Series/K804
ML100G-42,Fanless AMD Ryzen 8000 Industrial NUC,ML100G-42,Industrial/Entry/ML100 Series/ML100G-42
ProovStation-K802,OnLogic Karbon 802 High-Performance Rugged Computer w/ModBay,K802,Rugged/Performance/K800 Series/K802
GEAD-K804-APC-r01,OnLogic Karbon 804 High-Performance Rugged Computer w/ModBay & PCIe,K804,Rugged/Performance/K800 Series/K804
NXRS-CL210G-11,Nexceris - Ultra Small Quad Core Fanless Industrial Edge Computer,CL210G-11,Industrial/Small Form Factor/CL200 Series/CL210G-11
NRU-162S-AWP,IP66 MIL Rugged Jetson Orin/NX,,Rugged/Rugged By Neousys//
NOK-K804-EU-CO,OnLogic Karbon 804 High-Performance Rugged Computer w/ModBay & PCIe,K804,Rugged/Performance/K800 Series/K804
SAGR-K803,SAGR - OnLogic Karbon 803 High-Performance Rugged Computer w/PCIe,K803,Rugged/Performance/K800 Series/K803
