id,name,display_name,location_id/id,warehouse_id/id,usage,company_id/id
__setup__.stock_location_grey_shelving,Grey Shelving,Grey Shelving,stock.stock_location_stock,stock.warehouse0,view,base.main_company
__setup__.stock_location_1202_A_1,Grey Shelving/1202_A_1,Grey Shelving/1202_A_1,__setup__.stock_location_grey_shelving,stock.warehouse0,internal,base.main_company
__setup__.stock_location_1202_A_2,Grey Shelving/1202_A_2,Grey Shelving/1202_A_2,__setup__.stock_location_grey_shelving,stock.warehouse0,internal,base.main_company
__setup__.stock_location_1202_A_3,Grey Shelving/1202_A_3,Grey Shelving/1202_A_3,__setup__.stock_location_grey_shelving,stock.warehouse0,internal,base.main_company
__setup__.stock_location_1202_A_4,Grey Shelving/1202_A_4,Grey Shelving/1202_A_4,__setup__.stock_location_grey_shelving,stock.warehouse0,internal,base.main_company
__setup__.stock_location_1202_B_1,Grey Shelving/1202_B_1,Grey Shelving/1202_B_1,__setup__.stock_location_grey_shelving,stock.warehouse0,internal,base.main_company
__setup__.stock_location_1202_B_2,Grey Shelving/1202_B_2,Grey Shelving/1202_B_2,__setup__.stock_location_grey_shelving,stock.warehouse0,internal,base.main_company
__setup__.stock_location_1202_B_3,Grey Shelving/1202_B_3,Grey Shelving/1202_B_3,__setup__.stock_location_grey_shelving,stock.warehouse0,internal,base.main_company
__setup__.stock_location_1202_B_4,Grey Shelving/1202_B_4,Grey Shelving/1202_B_4,__setup__.stock_location_grey_shelving,stock.warehouse0,internal,base.main_company
__setup__.stock_location_1202_C_1,Grey Shelving/1202_C_1,Grey Shelving/1202_C_1,__setup__.stock_location_grey_shelving,stock.warehouse0,internal,base.main_company
__setup__.stock_location_1202_C_2,Grey Shelving/1202_C_2,Grey Shelving/1202_C_2,__setup__.stock_location_grey_shelving,stock.warehouse0,internal,base.main_company
__setup__.stock_location_1202_C_3,Grey Shelving/1202_C_3,Grey Shelving/1202_C_3,__setup__.stock_location_grey_shelving,stock.warehouse0,internal,base.main_company
__setup__.stock_location_1202_C_4,Grey Shelving/1202_C_4,Grey Shelving/1202_C_4,__setup__.stock_location_grey_shelving,stock.warehouse0,internal,base.main_company
__setup__.stock_location_1202_D_1,Grey Shelving/1202_D_1,Grey Shelving/1202_D_1,__setup__.stock_location_grey_shelving,stock.warehouse0,internal,base.main_company
__setup__.stock_location_1202_D_2,Grey Shelving/1202_D_2,Grey Shelving/1202_D_2,__setup__.stock_location_grey_shelving,stock.warehouse0,internal,base.main_company
__setup__.stock_location_1202_D_3,Grey Shelving/1202_D_3,Grey Shelving/1202_D_3,__setup__.stock_location_grey_shelving,stock.warehouse0,internal,base.main_company
__setup__.stock_location_1202_D_4,Grey Shelving/1202_D_4,Grey Shelving/1202_D_4,__setup__.stock_location_grey_shelving,stock.warehouse0,internal,base.main_company
__setup__.stock_location_1202_E_1,Grey Shelving/1202_E_1,Grey Shelving/1202_E_1,__setup__.stock_location_grey_shelving,stock.warehouse0,internal,base.main_company
__setup__.stock_location_1202_E_2,Grey Shelving/1202_E_2,Grey Shelving/1202_E_2,__setup__.stock_location_grey_shelving,stock.warehouse0,internal,base.main_company
__setup__.stock_location_1202_E_3,Grey Shelving/1202_E_3,Grey Shelving/1202_E_3,__setup__.stock_location_grey_shelving,stock.warehouse0,internal,base.main_company
__setup__.stock_location_1202_E_4,Grey Shelving/1202_E_4,Grey Shelving/1202_E_4,__setup__.stock_location_grey_shelving,stock.warehouse0,internal,base.main_company
__setup__.stock_location_1302_A_1,Grey Shelving/1302_A_1,Grey Shelving/1302_A_1,__setup__.stock_location_grey_shelving,stock.warehouse0,internal,base.main_company
__setup__.stock_location_1302_A_2,Grey Shelving/1302_A_2,Grey Shelving/1302_A_2,__setup__.stock_location_grey_shelving,stock.warehouse0,internal,base.main_company
__setup__.stock_location_1302_A_3,Grey Shelving/1302_A_3,Grey Shelving/1302_A_3,__setup__.stock_location_grey_shelving,stock.warehouse0,internal,base.main_company
__setup__.stock_location_1302_A_4,Grey Shelving/1302_A_4,Grey Shelving/1302_A_4,__setup__.stock_location_grey_shelving,stock.warehouse0,internal,base.main_company
__setup__.stock_location_1302_B_1,Grey Shelving/1302_B_1,Grey Shelving/1302_B_1,__setup__.stock_location_grey_shelving,stock.warehouse0,internal,base.main_company
__setup__.stock_location_1302_B_2,Grey Shelving/1302_B_2,Grey Shelving/1302_B_2,__setup__.stock_location_grey_shelving,stock.warehouse0,internal,base.main_company
__setup__.stock_location_1302_B_3,Grey Shelving/1302_B_3,Grey Shelving/1302_B_3,__setup__.stock_location_grey_shelving,stock.warehouse0,internal,base.main_company
__setup__.stock_location_1302_B_4,Grey Shelving/1302_B_4,Grey Shelving/1302_B_4,__setup__.stock_location_grey_shelving,stock.warehouse0,internal,base.main_company
__setup__.stock_location_1302_C_1,Grey Shelving/1302_C_1,Grey Shelving/1302_C_1,__setup__.stock_location_grey_shelving,stock.warehouse0,internal,base.main_company
__setup__.stock_location_1302_C_2,Grey Shelving/1302_C_2,Grey Shelving/1302_C_2,__setup__.stock_location_grey_shelving,stock.warehouse0,internal,base.main_company
__setup__.stock_location_1302_C_3,Grey Shelving/1302_C_3,Grey Shelving/1302_C_3,__setup__.stock_location_grey_shelving,stock.warehouse0,internal,base.main_company
__setup__.stock_location_1302_C_4,Grey Shelving/1302_C_4,Grey Shelving/1302_C_4,__setup__.stock_location_grey_shelving,stock.warehouse0,internal,base.main_company
__setup__.stock_location_1302_D_1,Grey Shelving/1302_D_1,Grey Shelving/1302_D_1,__setup__.stock_location_grey_shelving,stock.warehouse0,internal,base.main_company
__setup__.stock_location_1302_D_2,Grey Shelving/1302_D_2,Grey Shelving/1302_D_2,__setup__.stock_location_grey_shelving,stock.warehouse0,internal,base.main_company
__setup__.stock_location_1302_D_3,Grey Shelving/1302_D_3,Grey Shelving/1302_D_3,__setup__.stock_location_grey_shelving,stock.warehouse0,internal,base.main_company
__setup__.stock_location_1302_D_4,Grey Shelving/1302_D_4,Grey Shelving/1302_D_4,__setup__.stock_location_grey_shelving,stock.warehouse0,internal,base.main_company
__setup__.stock_location_1302_E_1,Grey Shelving/1302_E_1,Grey Shelving/1302_E_1,__setup__.stock_location_grey_shelving,stock.warehouse0,internal,base.main_company
__setup__.stock_location_1302_E_2,Grey Shelving/1302_E_2,Grey Shelving/1302_E_2,__setup__.stock_location_grey_shelving,stock.warehouse0,internal,base.main_company
__setup__.stock_location_1302_E_3,Grey Shelving/1302_E_3,Grey Shelving/1302_E_3,__setup__.stock_location_grey_shelving,stock.warehouse0,internal,base.main_company
__setup__.stock_location_1302_E_4,Grey Shelving/1302_E_4,Grey Shelving/1302_E_4,__setup__.stock_location_grey_shelving,stock.warehouse0,internal,base.main_company
__setup__.stock_location_1411_A_1,Grey Shelving/1411_A_1,Grey Shelving/1411_A_1,__setup__.stock_location_grey_shelving,stock.warehouse0,internal,base.main_company
__setup__.stock_location_1411_A_2,Grey Shelving/1411_A_2,Grey Shelving/1411_A_2,__setup__.stock_location_grey_shelving,stock.warehouse0,internal,base.main_company
__setup__.stock_location_1411_A_3,Grey Shelving/1411_A_3,Grey Shelving/1411_A_3,__setup__.stock_location_grey_shelving,stock.warehouse0,internal,base.main_company
__setup__.stock_location_1411_A_4,Grey Shelving/1411_A_4,Grey Shelving/1411_A_4,__setup__.stock_location_grey_shelving,stock.warehouse0,internal,base.main_company
__setup__.stock_location_1411_A_5,Grey Shelving/1411_A_5,Grey Shelving/1411_A_5,__setup__.stock_location_grey_shelving,stock.warehouse0,internal,base.main_company
__setup__.stock_location_1411_B_1,Grey Shelving/1411_B_1,Grey Shelving/1411_B_1,__setup__.stock_location_grey_shelving,stock.warehouse0,internal,base.main_company
__setup__.stock_location_1411_B_2,Grey Shelving/1411_B_2,Grey Shelving/1411_B_2,__setup__.stock_location_grey_shelving,stock.warehouse0,internal,base.main_company
__setup__.stock_location_1411_B_3,Grey Shelving/1411_B_3,Grey Shelving/1411_B_3,__setup__.stock_location_grey_shelving,stock.warehouse0,internal,base.main_company
__setup__.stock_location_1411_B_4,Grey Shelving/1411_B_4,Grey Shelving/1411_B_4,__setup__.stock_location_grey_shelving,stock.warehouse0,internal,base.main_company
__setup__.stock_location_1411_B_5,Grey Shelving/1411_B_5,Grey Shelving/1411_B_5,__setup__.stock_location_grey_shelving,stock.warehouse0,internal,base.main_company
__setup__.stock_location_1411_C_1,Grey Shelving/1411_C_1,Grey Shelving/1411_C_1,__setup__.stock_location_grey_shelving,stock.warehouse0,internal,base.main_company
__setup__.stock_location_1411_C_2,Grey Shelving/1411_C_2,Grey Shelving/1411_C_2,__setup__.stock_location_grey_shelving,stock.warehouse0,internal,base.main_company
__setup__.stock_location_1411_C_3,Grey Shelving/1411_C_3,Grey Shelving/1411_C_3,__setup__.stock_location_grey_shelving,stock.warehouse0,internal,base.main_company
__setup__.stock_location_1411_C_4,Grey Shelving/1411_C_4,Grey Shelving/1411_C_4,__setup__.stock_location_grey_shelving,stock.warehouse0,internal,base.main_company
__setup__.stock_location_1411_C_5,Grey Shelving/1411_C_5,Grey Shelving/1411_C_5,__setup__.stock_location_grey_shelving,stock.warehouse0,internal,base.main_company
__setup__.stock_location_1411_D_1,Grey Shelving/1411_D_1,Grey Shelving/1411_D_1,__setup__.stock_location_grey_shelving,stock.warehouse0,internal,base.main_company
__setup__.stock_location_1411_D_2,Grey Shelving/1411_D_2,Grey Shelving/1411_D_2,__setup__.stock_location_grey_shelving,stock.warehouse0,internal,base.main_company
__setup__.stock_location_1411_D_3,Grey Shelving/1411_D_3,Grey Shelving/1411_D_3,__setup__.stock_location_grey_shelving,stock.warehouse0,internal,base.main_company
__setup__.stock_location_1411_D_4,Grey Shelving/1411_D_4,Grey Shelving/1411_D_4,__setup__.stock_location_grey_shelving,stock.warehouse0,internal,base.main_company
__setup__.stock_location_1411_D_5,Grey Shelving/1411_D_5,Grey Shelving/1411_D_5,__setup__.stock_location_grey_shelving,stock.warehouse0,internal,base.main_company
__setup__.stock_location_1411_E_1,Grey Shelving/1411_E_1,Grey Shelving/1411_E_1,__setup__.stock_location_grey_shelving,stock.warehouse0,internal,base.main_company
__setup__.stock_location_1411_E_2,Grey Shelving/1411_E_2,Grey Shelving/1411_E_2,__setup__.stock_location_grey_shelving,stock.warehouse0,internal,base.main_company
__setup__.stock_location_1411_E_3,Grey Shelving/1411_E_3,Grey Shelving/1411_E_3,__setup__.stock_location_grey_shelving,stock.warehouse0,internal,base.main_company
__setup__.stock_location_1411_E_4,Grey Shelving/1411_E_4,Grey Shelving/1411_E_4,__setup__.stock_location_grey_shelving,stock.warehouse0,internal,base.main_company
__setup__.stock_location_1411_E_5,Grey Shelving/1411_E_5,Grey Shelving/1411_E_5,__setup__.stock_location_grey_shelving,stock.warehouse0,internal,base.main_company
__setup__.stock_location_1412_A_1,Grey Shelving/1412_A_1,Grey Shelving/1412_A_1,__setup__.stock_location_grey_shelving,stock.warehouse0,internal,base.main_company
__setup__.stock_location_1412_A_2,Grey Shelving/1412_A_2,Grey Shelving/1412_A_2,__setup__.stock_location_grey_shelving,stock.warehouse0,internal,base.main_company
__setup__.stock_location_1412_A_3,Grey Shelving/1412_A_3,Grey Shelving/1412_A_3,__setup__.stock_location_grey_shelving,stock.warehouse0,internal,base.main_company
__setup__.stock_location_1412_A_4,Grey Shelving/1412_A_4,Grey Shelving/1412_A_4,__setup__.stock_location_grey_shelving,stock.warehouse0,internal,base.main_company
__setup__.stock_location_1412_A_5,Grey Shelving/1412_A_5,Grey Shelving/1412_A_5,__setup__.stock_location_grey_shelving,stock.warehouse0,internal,base.main_company
__setup__.stock_location_1412_B_1,Grey Shelving/1412_B_1,Grey Shelving/1412_B_1,__setup__.stock_location_grey_shelving,stock.warehouse0,internal,base.main_company
__setup__.stock_location_1412_B_2,Grey Shelving/1412_B_2,Grey Shelving/1412_B_2,__setup__.stock_location_grey_shelving,stock.warehouse0,internal,base.main_company
__setup__.stock_location_1412_B_3,Grey Shelving/1412_B_3,Grey Shelving/1412_B_3,__setup__.stock_location_grey_shelving,stock.warehouse0,internal,base.main_company
__setup__.stock_location_1412_B_4,Grey Shelving/1412_B_4,Grey Shelving/1412_B_4,__setup__.stock_location_grey_shelving,stock.warehouse0,internal,base.main_company
__setup__.stock_location_1412_B_5,Grey Shelving/1412_B_5,Grey Shelving/1412_B_5,__setup__.stock_location_grey_shelving,stock.warehouse0,internal,base.main_company
__setup__.stock_location_1412_C_1,Grey Shelving/1412_C_1,Grey Shelving/1412_C_1,__setup__.stock_location_grey_shelving,stock.warehouse0,internal,base.main_company
__setup__.stock_location_1412_C_2,Grey Shelving/1412_C_2,Grey Shelving/1412_C_2,__setup__.stock_location_grey_shelving,stock.warehouse0,internal,base.main_company
__setup__.stock_location_1412_C_3,Grey Shelving/1412_C_3,Grey Shelving/1412_C_3,__setup__.stock_location_grey_shelving,stock.warehouse0,internal,base.main_company
__setup__.stock_location_1412_C_4,Grey Shelving/1412_C_4,Grey Shelving/1412_C_4,__setup__.stock_location_grey_shelving,stock.warehouse0,internal,base.main_company
__setup__.stock_location_1412_C_5,Grey Shelving/1412_C_5,Grey Shelving/1412_C_5,__setup__.stock_location_grey_shelving,stock.warehouse0,internal,base.main_company
__setup__.stock_location_1412_D_1,Grey Shelving/1412_D_1,Grey Shelving/1412_D_1,__setup__.stock_location_grey_shelving,stock.warehouse0,internal,base.main_company
__setup__.stock_location_1412_D_2,Grey Shelving/1412_D_2,Grey Shelving/1412_D_2,__setup__.stock_location_grey_shelving,stock.warehouse0,internal,base.main_company
__setup__.stock_location_1412_D_3,Grey Shelving/1412_D_3,Grey Shelving/1412_D_3,__setup__.stock_location_grey_shelving,stock.warehouse0,internal,base.main_company
__setup__.stock_location_1412_D_4,Grey Shelving/1412_D_4,Grey Shelving/1412_D_4,__setup__.stock_location_grey_shelving,stock.warehouse0,internal,base.main_company
__setup__.stock_location_1412_D_5,Grey Shelving/1412_D_5,Grey Shelving/1412_D_5,__setup__.stock_location_grey_shelving,stock.warehouse0,internal,base.main_company
__setup__.stock_location_1412_E_1,Grey Shelving/1412_E_1,Grey Shelving/1412_E_1,__setup__.stock_location_grey_shelving,stock.warehouse0,internal,base.main_company
__setup__.stock_location_1412_E_2,Grey Shelving/1412_E_2,Grey Shelving/1412_E_2,__setup__.stock_location_grey_shelving,stock.warehouse0,internal,base.main_company
__setup__.stock_location_1412_E_3,Grey Shelving/1412_E_3,Grey Shelving/1412_E_3,__setup__.stock_location_grey_shelving,stock.warehouse0,internal,base.main_company
__setup__.stock_location_1412_E_4,Grey Shelving/1412_E_4,Grey Shelving/1412_E_4,__setup__.stock_location_grey_shelving,stock.warehouse0,internal,base.main_company
__setup__.stock_location_1412_E_5,Grey Shelving/1412_E_5,Grey Shelving/1412_E_5,__setup__.stock_location_grey_shelving,stock.warehouse0,internal,base.main_company
__setup__.stock_location_1413_A_1,Grey Shelving/1413_A_1,Grey Shelving/1413_A_1,__setup__.stock_location_grey_shelving,stock.warehouse0,internal,base.main_company
__setup__.stock_location_1413_A_2,Grey Shelving/1413_A_2,Grey Shelving/1413_A_2,__setup__.stock_location_grey_shelving,stock.warehouse0,internal,base.main_company
__setup__.stock_location_1413_A_3,Grey Shelving/1413_A_3,Grey Shelving/1413_A_3,__setup__.stock_location_grey_shelving,stock.warehouse0,internal,base.main_company
__setup__.stock_location_1413_A_4,Grey Shelving/1413_A_4,Grey Shelving/1413_A_4,__setup__.stock_location_grey_shelving,stock.warehouse0,internal,base.main_company
__setup__.stock_location_1413_A_5,Grey Shelving/1413_A_5,Grey Shelving/1413_A_5,__setup__.stock_location_grey_shelving,stock.warehouse0,internal,base.main_company
__setup__.stock_location_1413_B_1,Grey Shelving/1413_B_1,Grey Shelving/1413_B_1,__setup__.stock_location_grey_shelving,stock.warehouse0,internal,base.main_company
__setup__.stock_location_1413_B_2,Grey Shelving/1413_B_2,Grey Shelving/1413_B_2,__setup__.stock_location_grey_shelving,stock.warehouse0,internal,base.main_company
__setup__.stock_location_1413_B_3,Grey Shelving/1413_B_3,Grey Shelving/1413_B_3,__setup__.stock_location_grey_shelving,stock.warehouse0,internal,base.main_company
__setup__.stock_location_1413_B_4,Grey Shelving/1413_B_4,Grey Shelving/1413_B_4,__setup__.stock_location_grey_shelving,stock.warehouse0,internal,base.main_company
__setup__.stock_location_1413_B_5,Grey Shelving/1413_B_5,Grey Shelving/1413_B_5,__setup__.stock_location_grey_shelving,stock.warehouse0,internal,base.main_company
__setup__.stock_location_1413_C_1,Grey Shelving/1413_C_1,Grey Shelving/1413_C_1,__setup__.stock_location_grey_shelving,stock.warehouse0,internal,base.main_company
__setup__.stock_location_1413_C_2,Grey Shelving/1413_C_2,Grey Shelving/1413_C_2,__setup__.stock_location_grey_shelving,stock.warehouse0,internal,base.main_company
__setup__.stock_location_1413_C_3,Grey Shelving/1413_C_3,Grey Shelving/1413_C_3,__setup__.stock_location_grey_shelving,stock.warehouse0,internal,base.main_company
__setup__.stock_location_1413_C_4,Grey Shelving/1413_C_4,Grey Shelving/1413_C_4,__setup__.stock_location_grey_shelving,stock.warehouse0,internal,base.main_company
__setup__.stock_location_1413_C_5,Grey Shelving/1413_C_5,Grey Shelving/1413_C_5,__setup__.stock_location_grey_shelving,stock.warehouse0,internal,base.main_company
__setup__.stock_location_1413_D_1,Grey Shelving/1413_D_1,Grey Shelving/1413_D_1,__setup__.stock_location_grey_shelving,stock.warehouse0,internal,base.main_company
__setup__.stock_location_1413_D_2,Grey Shelving/1413_D_2,Grey Shelving/1413_D_2,__setup__.stock_location_grey_shelving,stock.warehouse0,internal,base.main_company
__setup__.stock_location_1413_D_3,Grey Shelving/1413_D_3,Grey Shelving/1413_D_3,__setup__.stock_location_grey_shelving,stock.warehouse0,internal,base.main_company
__setup__.stock_location_1413_D_4,Grey Shelving/1413_D_4,Grey Shelving/1413_D_4,__setup__.stock_location_grey_shelving,stock.warehouse0,internal,base.main_company
__setup__.stock_location_1413_D_5,Grey Shelving/1413_D_5,Grey Shelving/1413_D_5,__setup__.stock_location_grey_shelving,stock.warehouse0,internal,base.main_company
__setup__.stock_location_1413_E_1,Grey Shelving/1413_E_1,Grey Shelving/1413_E_1,__setup__.stock_location_grey_shelving,stock.warehouse0,internal,base.main_company
__setup__.stock_location_1413_E_2,Grey Shelving/1413_E_2,Grey Shelving/1413_E_2,__setup__.stock_location_grey_shelving,stock.warehouse0,internal,base.main_company
__setup__.stock_location_1413_E_3,Grey Shelving/1413_E_3,Grey Shelving/1413_E_3,__setup__.stock_location_grey_shelving,stock.warehouse0,internal,base.main_company
__setup__.stock_location_1413_E_4,Grey Shelving/1413_E_4,Grey Shelving/1413_E_4,__setup__.stock_location_grey_shelving,stock.warehouse0,internal,base.main_company
__setup__.stock_location_1413_E_5,Grey Shelving/1413_E_5,Grey Shelving/1413_E_5,__setup__.stock_location_grey_shelving,stock.warehouse0,internal,base.main_company
__setup__.stock_location_1414_A_1,Grey Shelving/1414_A_1,Grey Shelving/1414_A_1,__setup__.stock_location_grey_shelving,stock.warehouse0,internal,base.main_company
__setup__.stock_location_1414_A_2,Grey Shelving/1414_A_2,Grey Shelving/1414_A_2,__setup__.stock_location_grey_shelving,stock.warehouse0,internal,base.main_company
__setup__.stock_location_1414_A_3,Grey Shelving/1414_A_3,Grey Shelving/1414_A_3,__setup__.stock_location_grey_shelving,stock.warehouse0,internal,base.main_company
__setup__.stock_location_1414_A_4,Grey Shelving/1414_A_4,Grey Shelving/1414_A_4,__setup__.stock_location_grey_shelving,stock.warehouse0,internal,base.main_company
__setup__.stock_location_1414_A_5,Grey Shelving/1414_A_5,Grey Shelving/1414_A_5,__setup__.stock_location_grey_shelving,stock.warehouse0,internal,base.main_company
__setup__.stock_location_1414_B_1,Grey Shelving/1414_B_1,Grey Shelving/1414_B_1,__setup__.stock_location_grey_shelving,stock.warehouse0,internal,base.main_company
__setup__.stock_location_1414_B_2,Grey Shelving/1414_B_2,Grey Shelving/1414_B_2,__setup__.stock_location_grey_shelving,stock.warehouse0,internal,base.main_company
__setup__.stock_location_1414_B_3,Grey Shelving/1414_B_3,Grey Shelving/1414_B_3,__setup__.stock_location_grey_shelving,stock.warehouse0,internal,base.main_company
__setup__.stock_location_1414_B_4,Grey Shelving/1414_B_4,Grey Shelving/1414_B_4,__setup__.stock_location_grey_shelving,stock.warehouse0,internal,base.main_company
__setup__.stock_location_1414_B_5,Grey Shelving/1414_B_5,Grey Shelving/1414_B_5,__setup__.stock_location_grey_shelving,stock.warehouse0,internal,base.main_company
__setup__.stock_location_1414_C_1,Grey Shelving/1414_C_1,Grey Shelving/1414_C_1,__setup__.stock_location_grey_shelving,stock.warehouse0,internal,base.main_company
__setup__.stock_location_1414_C_2,Grey Shelving/1414_C_2,Grey Shelving/1414_C_2,__setup__.stock_location_grey_shelving,stock.warehouse0,internal,base.main_company
__setup__.stock_location_1414_C_3,Grey Shelving/1414_C_3,Grey Shelving/1414_C_3,__setup__.stock_location_grey_shelving,stock.warehouse0,internal,base.main_company
__setup__.stock_location_1414_C_4,Grey Shelving/1414_C_4,Grey Shelving/1414_C_4,__setup__.stock_location_grey_shelving,stock.warehouse0,internal,base.main_company
__setup__.stock_location_1414_C_5,Grey Shelving/1414_C_5,Grey Shelving/1414_C_5,__setup__.stock_location_grey_shelving,stock.warehouse0,internal,base.main_company
__setup__.stock_location_1414_D_1,Grey Shelving/1414_D_1,Grey Shelving/1414_D_1,__setup__.stock_location_grey_shelving,stock.warehouse0,internal,base.main_company
__setup__.stock_location_1414_D_2,Grey Shelving/1414_D_2,Grey Shelving/1414_D_2,__setup__.stock_location_grey_shelving,stock.warehouse0,internal,base.main_company
__setup__.stock_location_1414_D_3,Grey Shelving/1414_D_3,Grey Shelving/1414_D_3,__setup__.stock_location_grey_shelving,stock.warehouse0,internal,base.main_company
__setup__.stock_location_1414_D_4,Grey Shelving/1414_D_4,Grey Shelving/1414_D_4,__setup__.stock_location_grey_shelving,stock.warehouse0,internal,base.main_company
__setup__.stock_location_1414_D_5,Grey Shelving/1414_D_5,Grey Shelving/1414_D_5,__setup__.stock_location_grey_shelving,stock.warehouse0,internal,base.main_company
__setup__.stock_location_1414_E_1,Grey Shelving/1414_E_1,Grey Shelving/1414_E_1,__setup__.stock_location_grey_shelving,stock.warehouse0,internal,base.main_company
__setup__.stock_location_1414_E_2,Grey Shelving/1414_E_2,Grey Shelving/1414_E_2,__setup__.stock_location_grey_shelving,stock.warehouse0,internal,base.main_company
__setup__.stock_location_1414_E_3,Grey Shelving/1414_E_3,Grey Shelving/1414_E_3,__setup__.stock_location_grey_shelving,stock.warehouse0,internal,base.main_company
__setup__.stock_location_1414_E_4,Grey Shelving/1414_E_4,Grey Shelving/1414_E_4,__setup__.stock_location_grey_shelving,stock.warehouse0,internal,base.main_company
__setup__.stock_location_1414_E_5,Grey Shelving/1414_E_5,Grey Shelving/1414_E_5,__setup__.stock_location_grey_shelving,stock.warehouse0,internal,base.main_company
__setup__.stock_location_1415_A_1,Grey Shelving/1415_A_1,Grey Shelving/1415_A_1,__setup__.stock_location_grey_shelving,stock.warehouse0,internal,base.main_company
__setup__.stock_location_1415_A_2,Grey Shelving/1415_A_2,Grey Shelving/1415_A_2,__setup__.stock_location_grey_shelving,stock.warehouse0,internal,base.main_company
__setup__.stock_location_1415_A_3,Grey Shelving/1415_A_3,Grey Shelving/1415_A_3,__setup__.stock_location_grey_shelving,stock.warehouse0,internal,base.main_company
__setup__.stock_location_1415_A_4,Grey Shelving/1415_A_4,Grey Shelving/1415_A_4,__setup__.stock_location_grey_shelving,stock.warehouse0,internal,base.main_company
__setup__.stock_location_1415_A_5,Grey Shelving/1415_A_5,Grey Shelving/1415_A_5,__setup__.stock_location_grey_shelving,stock.warehouse0,internal,base.main_company
__setup__.stock_location_1415_B_1,Grey Shelving/1415_B_1,Grey Shelving/1415_B_1,__setup__.stock_location_grey_shelving,stock.warehouse0,internal,base.main_company
__setup__.stock_location_1415_B_2,Grey Shelving/1415_B_2,Grey Shelving/1415_B_2,__setup__.stock_location_grey_shelving,stock.warehouse0,internal,base.main_company
__setup__.stock_location_1415_B_3,Grey Shelving/1415_B_3,Grey Shelving/1415_B_3,__setup__.stock_location_grey_shelving,stock.warehouse0,internal,base.main_company
__setup__.stock_location_1415_B_4,Grey Shelving/1415_B_4,Grey Shelving/1415_B_4,__setup__.stock_location_grey_shelving,stock.warehouse0,internal,base.main_company
__setup__.stock_location_1415_B_5,Grey Shelving/1415_B_5,Grey Shelving/1415_B_5,__setup__.stock_location_grey_shelving,stock.warehouse0,internal,base.main_company
__setup__.stock_location_1415_C_1,Grey Shelving/1415_C_1,Grey Shelving/1415_C_1,__setup__.stock_location_grey_shelving,stock.warehouse0,internal,base.main_company
__setup__.stock_location_1415_C_2,Grey Shelving/1415_C_2,Grey Shelving/1415_C_2,__setup__.stock_location_grey_shelving,stock.warehouse0,internal,base.main_company
__setup__.stock_location_1415_C_3,Grey Shelving/1415_C_3,Grey Shelving/1415_C_3,__setup__.stock_location_grey_shelving,stock.warehouse0,internal,base.main_company
__setup__.stock_location_1415_C_4,Grey Shelving/1415_C_4,Grey Shelving/1415_C_4,__setup__.stock_location_grey_shelving,stock.warehouse0,internal,base.main_company
__setup__.stock_location_1415_C_5,Grey Shelving/1415_C_5,Grey Shelving/1415_C_5,__setup__.stock_location_grey_shelving,stock.warehouse0,internal,base.main_company
__setup__.stock_location_1415_D_1,Grey Shelving/1415_D_1,Grey Shelving/1415_D_1,__setup__.stock_location_grey_shelving,stock.warehouse0,internal,base.main_company
__setup__.stock_location_1415_D_2,Grey Shelving/1415_D_2,Grey Shelving/1415_D_2,__setup__.stock_location_grey_shelving,stock.warehouse0,internal,base.main_company
__setup__.stock_location_1415_D_3,Grey Shelving/1415_D_3,Grey Shelving/1415_D_3,__setup__.stock_location_grey_shelving,stock.warehouse0,internal,base.main_company
__setup__.stock_location_1415_D_4,Grey Shelving/1415_D_4,Grey Shelving/1415_D_4,__setup__.stock_location_grey_shelving,stock.warehouse0,internal,base.main_company
__setup__.stock_location_1415_D_5,Grey Shelving/1415_D_5,Grey Shelving/1415_D_5,__setup__.stock_location_grey_shelving,stock.warehouse0,internal,base.main_company
__setup__.stock_location_1415_E_1,Grey Shelving/1415_E_1,Grey Shelving/1415_E_1,__setup__.stock_location_grey_shelving,stock.warehouse0,internal,base.main_company
__setup__.stock_location_1415_E_2,Grey Shelving/1415_E_2,Grey Shelving/1415_E_2,__setup__.stock_location_grey_shelving,stock.warehouse0,internal,base.main_company
__setup__.stock_location_1415_E_3,Grey Shelving/1415_E_3,Grey Shelving/1415_E_3,__setup__.stock_location_grey_shelving,stock.warehouse0,internal,base.main_company
__setup__.stock_location_1415_E_4,Grey Shelving/1415_E_4,Grey Shelving/1415_E_4,__setup__.stock_location_grey_shelving,stock.warehouse0,internal,base.main_company
__setup__.stock_location_1415_E_5,Grey Shelving/1415_E_5,Grey Shelving/1415_E_5,__setup__.stock_location_grey_shelving,stock.warehouse0,internal,base.main_company
__setup__.stock_location_1416_A_1,Grey Shelving/1416_A_1,Grey Shelving/1416_A_1,__setup__.stock_location_grey_shelving,stock.warehouse0,internal,base.main_company
__setup__.stock_location_1416_A_2,Grey Shelving/1416_A_2,Grey Shelving/1416_A_2,__setup__.stock_location_grey_shelving,stock.warehouse0,internal,base.main_company
__setup__.stock_location_1416_A_3,Grey Shelving/1416_A_3,Grey Shelving/1416_A_3,__setup__.stock_location_grey_shelving,stock.warehouse0,internal,base.main_company
__setup__.stock_location_1416_A_4,Grey Shelving/1416_A_4,Grey Shelving/1416_A_4,__setup__.stock_location_grey_shelving,stock.warehouse0,internal,base.main_company
__setup__.stock_location_1416_A_5,Grey Shelving/1416_A_5,Grey Shelving/1416_A_5,__setup__.stock_location_grey_shelving,stock.warehouse0,internal,base.main_company
__setup__.stock_location_1416_B_1,Grey Shelving/1416_B_1,Grey Shelving/1416_B_1,__setup__.stock_location_grey_shelving,stock.warehouse0,internal,base.main_company
__setup__.stock_location_1416_B_2,Grey Shelving/1416_B_2,Grey Shelving/1416_B_2,__setup__.stock_location_grey_shelving,stock.warehouse0,internal,base.main_company
__setup__.stock_location_1416_B_3,Grey Shelving/1416_B_3,Grey Shelving/1416_B_3,__setup__.stock_location_grey_shelving,stock.warehouse0,internal,base.main_company
__setup__.stock_location_1416_B_4,Grey Shelving/1416_B_4,Grey Shelving/1416_B_4,__setup__.stock_location_grey_shelving,stock.warehouse0,internal,base.main_company
__setup__.stock_location_1416_B_5,Grey Shelving/1416_B_5,Grey Shelving/1416_B_5,__setup__.stock_location_grey_shelving,stock.warehouse0,internal,base.main_company
__setup__.stock_location_1416_C_1,Grey Shelving/1416_C_1,Grey Shelving/1416_C_1,__setup__.stock_location_grey_shelving,stock.warehouse0,internal,base.main_company
__setup__.stock_location_1416_C_2,Grey Shelving/1416_C_2,Grey Shelving/1416_C_2,__setup__.stock_location_grey_shelving,stock.warehouse0,internal,base.main_company
__setup__.stock_location_1416_C_3,Grey Shelving/1416_C_3,Grey Shelving/1416_C_3,__setup__.stock_location_grey_shelving,stock.warehouse0,internal,base.main_company
__setup__.stock_location_1416_C_4,Grey Shelving/1416_C_4,Grey Shelving/1416_C_4,__setup__.stock_location_grey_shelving,stock.warehouse0,internal,base.main_company
__setup__.stock_location_1416_C_5,Grey Shelving/1416_C_5,Grey Shelving/1416_C_5,__setup__.stock_location_grey_shelving,stock.warehouse0,internal,base.main_company
__setup__.stock_location_1416_D_1,Grey Shelving/1416_D_1,Grey Shelving/1416_D_1,__setup__.stock_location_grey_shelving,stock.warehouse0,internal,base.main_company
__setup__.stock_location_1416_D_2,Grey Shelving/1416_D_2,Grey Shelving/1416_D_2,__setup__.stock_location_grey_shelving,stock.warehouse0,internal,base.main_company
__setup__.stock_location_1416_D_3,Grey Shelving/1416_D_3,Grey Shelving/1416_D_3,__setup__.stock_location_grey_shelving,stock.warehouse0,internal,base.main_company
__setup__.stock_location_1416_D_4,Grey Shelving/1416_D_4,Grey Shelving/1416_D_4,__setup__.stock_location_grey_shelving,stock.warehouse0,internal,base.main_company
__setup__.stock_location_1416_D_5,Grey Shelving/1416_D_5,Grey Shelving/1416_D_5,__setup__.stock_location_grey_shelving,stock.warehouse0,internal,base.main_company
__setup__.stock_location_1416_E_1,Grey Shelving/1416_E_1,Grey Shelving/1416_E_1,__setup__.stock_location_grey_shelving,stock.warehouse0,internal,base.main_company
__setup__.stock_location_1416_E_2,Grey Shelving/1416_E_2,Grey Shelving/1416_E_2,__setup__.stock_location_grey_shelving,stock.warehouse0,internal,base.main_company
__setup__.stock_location_1416_E_3,Grey Shelving/1416_E_3,Grey Shelving/1416_E_3,__setup__.stock_location_grey_shelving,stock.warehouse0,internal,base.main_company
__setup__.stock_location_1416_E_4,Grey Shelving/1416_E_4,Grey Shelving/1416_E_4,__setup__.stock_location_grey_shelving,stock.warehouse0,internal,base.main_company
__setup__.stock_location_1416_E_5,Grey Shelving/1416_E_5,Grey Shelving/1416_E_5,__setup__.stock_location_grey_shelving,stock.warehouse0,internal,base.main_company
__setup__.stock_location_1417_A_1,Grey Shelving/1417_A_1,Grey Shelving/1417_A_1,__setup__.stock_location_grey_shelving,stock.warehouse0,internal,base.main_company
__setup__.stock_location_1417_A_2,Grey Shelving/1417_A_2,Grey Shelving/1417_A_2,__setup__.stock_location_grey_shelving,stock.warehouse0,internal,base.main_company
__setup__.stock_location_1417_A_3,Grey Shelving/1417_A_3,Grey Shelving/1417_A_3,__setup__.stock_location_grey_shelving,stock.warehouse0,internal,base.main_company
__setup__.stock_location_1417_A_4,Grey Shelving/1417_A_4,Grey Shelving/1417_A_4,__setup__.stock_location_grey_shelving,stock.warehouse0,internal,base.main_company
__setup__.stock_location_1417_A_5,Grey Shelving/1417_A_5,Grey Shelving/1417_A_5,__setup__.stock_location_grey_shelving,stock.warehouse0,internal,base.main_company
__setup__.stock_location_1417_B_1,Grey Shelving/1417_B_1,Grey Shelving/1417_B_1,__setup__.stock_location_grey_shelving,stock.warehouse0,internal,base.main_company
__setup__.stock_location_1417_B_2,Grey Shelving/1417_B_2,Grey Shelving/1417_B_2,__setup__.stock_location_grey_shelving,stock.warehouse0,internal,base.main_company
__setup__.stock_location_1417_B_3,Grey Shelving/1417_B_3,Grey Shelving/1417_B_3,__setup__.stock_location_grey_shelving,stock.warehouse0,internal,base.main_company
__setup__.stock_location_1417_B_4,Grey Shelving/1417_B_4,Grey Shelving/1417_B_4,__setup__.stock_location_grey_shelving,stock.warehouse0,internal,base.main_company
__setup__.stock_location_1417_B_5,Grey Shelving/1417_B_5,Grey Shelving/1417_B_5,__setup__.stock_location_grey_shelving,stock.warehouse0,internal,base.main_company
__setup__.stock_location_1417_C_1,Grey Shelving/1417_C_1,Grey Shelving/1417_C_1,__setup__.stock_location_grey_shelving,stock.warehouse0,internal,base.main_company
__setup__.stock_location_1417_C_2,Grey Shelving/1417_C_2,Grey Shelving/1417_C_2,__setup__.stock_location_grey_shelving,stock.warehouse0,internal,base.main_company
__setup__.stock_location_1417_C_3,Grey Shelving/1417_C_3,Grey Shelving/1417_C_3,__setup__.stock_location_grey_shelving,stock.warehouse0,internal,base.main_company
__setup__.stock_location_1417_C_4,Grey Shelving/1417_C_4,Grey Shelving/1417_C_4,__setup__.stock_location_grey_shelving,stock.warehouse0,internal,base.main_company
__setup__.stock_location_1417_C_5,Grey Shelving/1417_C_5,Grey Shelving/1417_C_5,__setup__.stock_location_grey_shelving,stock.warehouse0,internal,base.main_company
__setup__.stock_location_1417_D_1,Grey Shelving/1417_D_1,Grey Shelving/1417_D_1,__setup__.stock_location_grey_shelving,stock.warehouse0,internal,base.main_company
__setup__.stock_location_1417_D_2,Grey Shelving/1417_D_2,Grey Shelving/1417_D_2,__setup__.stock_location_grey_shelving,stock.warehouse0,internal,base.main_company
__setup__.stock_location_1417_D_3,Grey Shelving/1417_D_3,Grey Shelving/1417_D_3,__setup__.stock_location_grey_shelving,stock.warehouse0,internal,base.main_company
__setup__.stock_location_1417_D_4,Grey Shelving/1417_D_4,Grey Shelving/1417_D_4,__setup__.stock_location_grey_shelving,stock.warehouse0,internal,base.main_company
__setup__.stock_location_1417_D_5,Grey Shelving/1417_D_5,Grey Shelving/1417_D_5,__setup__.stock_location_grey_shelving,stock.warehouse0,internal,base.main_company
__setup__.stock_location_1417_E_1,Grey Shelving/1417_E_1,Grey Shelving/1417_E_1,__setup__.stock_location_grey_shelving,stock.warehouse0,internal,base.main_company
__setup__.stock_location_1417_E_2,Grey Shelving/1417_E_2,Grey Shelving/1417_E_2,__setup__.stock_location_grey_shelving,stock.warehouse0,internal,base.main_company
__setup__.stock_location_1417_E_3,Grey Shelving/1417_E_3,Grey Shelving/1417_E_3,__setup__.stock_location_grey_shelving,stock.warehouse0,internal,base.main_company
__setup__.stock_location_1417_E_4,Grey Shelving/1417_E_4,Grey Shelving/1417_E_4,__setup__.stock_location_grey_shelving,stock.warehouse0,internal,base.main_company
__setup__.stock_location_1417_E_5,Grey Shelving/1417_E_5,Grey Shelving/1417_E_5,__setup__.stock_location_grey_shelving,stock.warehouse0,internal,base.main_company
__setup__.stock_location_1511_A_1,Grey Shelving/1511_A_1,Grey Shelving/1511_A_1,__setup__.stock_location_grey_shelving,stock.warehouse0,internal,base.main_company
__setup__.stock_location_1511_A_2,Grey Shelving/1511_A_2,Grey Shelving/1511_A_2,__setup__.stock_location_grey_shelving,stock.warehouse0,internal,base.main_company
__setup__.stock_location_1511_A_3,Grey Shelving/1511_A_3,Grey Shelving/1511_A_3,__setup__.stock_location_grey_shelving,stock.warehouse0,internal,base.main_company
__setup__.stock_location_1511_A_4,Grey Shelving/1511_A_4,Grey Shelving/1511_A_4,__setup__.stock_location_grey_shelving,stock.warehouse0,internal,base.main_company
__setup__.stock_location_1511_A_5,Grey Shelving/1511_A_5,Grey Shelving/1511_A_5,__setup__.stock_location_grey_shelving,stock.warehouse0,internal,base.main_company
__setup__.stock_location_1511_B_1,Grey Shelving/1511_B_1,Grey Shelving/1511_B_1,__setup__.stock_location_grey_shelving,stock.warehouse0,internal,base.main_company
__setup__.stock_location_1511_B_2,Grey Shelving/1511_B_2,Grey Shelving/1511_B_2,__setup__.stock_location_grey_shelving,stock.warehouse0,internal,base.main_company
__setup__.stock_location_1511_B_3,Grey Shelving/1511_B_3,Grey Shelving/1511_B_3,__setup__.stock_location_grey_shelving,stock.warehouse0,internal,base.main_company
__setup__.stock_location_1511_B_4,Grey Shelving/1511_B_4,Grey Shelving/1511_B_4,__setup__.stock_location_grey_shelving,stock.warehouse0,internal,base.main_company
__setup__.stock_location_1511_B_5,Grey Shelving/1511_B_5,Grey Shelving/1511_B_5,__setup__.stock_location_grey_shelving,stock.warehouse0,internal,base.main_company
__setup__.stock_location_1511_C_1,Grey Shelving/1511_C_1,Grey Shelving/1511_C_1,__setup__.stock_location_grey_shelving,stock.warehouse0,internal,base.main_company
__setup__.stock_location_1511_C_2,Grey Shelving/1511_C_2,Grey Shelving/1511_C_2,__setup__.stock_location_grey_shelving,stock.warehouse0,internal,base.main_company
__setup__.stock_location_1511_C_3,Grey Shelving/1511_C_3,Grey Shelving/1511_C_3,__setup__.stock_location_grey_shelving,stock.warehouse0,internal,base.main_company
__setup__.stock_location_1511_C_4,Grey Shelving/1511_C_4,Grey Shelving/1511_C_4,__setup__.stock_location_grey_shelving,stock.warehouse0,internal,base.main_company
__setup__.stock_location_1511_C_5,Grey Shelving/1511_C_5,Grey Shelving/1511_C_5,__setup__.stock_location_grey_shelving,stock.warehouse0,internal,base.main_company
__setup__.stock_location_1511_D_1,Grey Shelving/1511_D_1,Grey Shelving/1511_D_1,__setup__.stock_location_grey_shelving,stock.warehouse0,internal,base.main_company
__setup__.stock_location_1511_D_2,Grey Shelving/1511_D_2,Grey Shelving/1511_D_2,__setup__.stock_location_grey_shelving,stock.warehouse0,internal,base.main_company
__setup__.stock_location_1511_D_3,Grey Shelving/1511_D_3,Grey Shelving/1511_D_3,__setup__.stock_location_grey_shelving,stock.warehouse0,internal,base.main_company
__setup__.stock_location_1511_D_4,Grey Shelving/1511_D_4,Grey Shelving/1511_D_4,__setup__.stock_location_grey_shelving,stock.warehouse0,internal,base.main_company
__setup__.stock_location_1511_D_5,Grey Shelving/1511_D_5,Grey Shelving/1511_D_5,__setup__.stock_location_grey_shelving,stock.warehouse0,internal,base.main_company
__setup__.stock_location_1511_E_1,Grey Shelving/1511_E_1,Grey Shelving/1511_E_1,__setup__.stock_location_grey_shelving,stock.warehouse0,internal,base.main_company
__setup__.stock_location_1511_E_2,Grey Shelving/1511_E_2,Grey Shelving/1511_E_2,__setup__.stock_location_grey_shelving,stock.warehouse0,internal,base.main_company
__setup__.stock_location_1511_E_3,Grey Shelving/1511_E_3,Grey Shelving/1511_E_3,__setup__.stock_location_grey_shelving,stock.warehouse0,internal,base.main_company
__setup__.stock_location_1511_E_4,Grey Shelving/1511_E_4,Grey Shelving/1511_E_4,__setup__.stock_location_grey_shelving,stock.warehouse0,internal,base.main_company
__setup__.stock_location_1511_E_5,Grey Shelving/1511_E_5,Grey Shelving/1511_E_5,__setup__.stock_location_grey_shelving,stock.warehouse0,internal,base.main_company
__setup__.stock_location_1512_A_1,Grey Shelving/1512_A_1,Grey Shelving/1512_A_1,__setup__.stock_location_grey_shelving,stock.warehouse0,internal,base.main_company
__setup__.stock_location_1512_A_2,Grey Shelving/1512_A_2,Grey Shelving/1512_A_2,__setup__.stock_location_grey_shelving,stock.warehouse0,internal,base.main_company
__setup__.stock_location_1512_A_3,Grey Shelving/1512_A_3,Grey Shelving/1512_A_3,__setup__.stock_location_grey_shelving,stock.warehouse0,internal,base.main_company
__setup__.stock_location_1512_A_4,Grey Shelving/1512_A_4,Grey Shelving/1512_A_4,__setup__.stock_location_grey_shelving,stock.warehouse0,internal,base.main_company
__setup__.stock_location_1512_A_5,Grey Shelving/1512_A_5,Grey Shelving/1512_A_5,__setup__.stock_location_grey_shelving,stock.warehouse0,internal,base.main_company
__setup__.stock_location_1512_B_1,Grey Shelving/1512_B_1,Grey Shelving/1512_B_1,__setup__.stock_location_grey_shelving,stock.warehouse0,internal,base.main_company
__setup__.stock_location_1512_B_2,Grey Shelving/1512_B_2,Grey Shelving/1512_B_2,__setup__.stock_location_grey_shelving,stock.warehouse0,internal,base.main_company
__setup__.stock_location_1512_B_3,Grey Shelving/1512_B_3,Grey Shelving/1512_B_3,__setup__.stock_location_grey_shelving,stock.warehouse0,internal,base.main_company
__setup__.stock_location_1512_B_4,Grey Shelving/1512_B_4,Grey Shelving/1512_B_4,__setup__.stock_location_grey_shelving,stock.warehouse0,internal,base.main_company
__setup__.stock_location_1512_B_5,Grey Shelving/1512_B_5,Grey Shelving/1512_B_5,__setup__.stock_location_grey_shelving,stock.warehouse0,internal,base.main_company
__setup__.stock_location_1512_C_1,Grey Shelving/1512_C_1,Grey Shelving/1512_C_1,__setup__.stock_location_grey_shelving,stock.warehouse0,internal,base.main_company
__setup__.stock_location_1512_C_2,Grey Shelving/1512_C_2,Grey Shelving/1512_C_2,__setup__.stock_location_grey_shelving,stock.warehouse0,internal,base.main_company
__setup__.stock_location_1512_C_3,Grey Shelving/1512_C_3,Grey Shelving/1512_C_3,__setup__.stock_location_grey_shelving,stock.warehouse0,internal,base.main_company
__setup__.stock_location_1512_C_4,Grey Shelving/1512_C_4,Grey Shelving/1512_C_4,__setup__.stock_location_grey_shelving,stock.warehouse0,internal,base.main_company
__setup__.stock_location_1512_C_5,Grey Shelving/1512_C_5,Grey Shelving/1512_C_5,__setup__.stock_location_grey_shelving,stock.warehouse0,internal,base.main_company
__setup__.stock_location_1512_D_1,Grey Shelving/1512_D_1,Grey Shelving/1512_D_1,__setup__.stock_location_grey_shelving,stock.warehouse0,internal,base.main_company
__setup__.stock_location_1512_D_2,Grey Shelving/1512_D_2,Grey Shelving/1512_D_2,__setup__.stock_location_grey_shelving,stock.warehouse0,internal,base.main_company
__setup__.stock_location_1512_D_3,Grey Shelving/1512_D_3,Grey Shelving/1512_D_3,__setup__.stock_location_grey_shelving,stock.warehouse0,internal,base.main_company
__setup__.stock_location_1512_D_4,Grey Shelving/1512_D_4,Grey Shelving/1512_D_4,__setup__.stock_location_grey_shelving,stock.warehouse0,internal,base.main_company
__setup__.stock_location_1512_D_5,Grey Shelving/1512_D_5,Grey Shelving/1512_D_5,__setup__.stock_location_grey_shelving,stock.warehouse0,internal,base.main_company
__setup__.stock_location_1512_E_1,Grey Shelving/1512_E_1,Grey Shelving/1512_E_1,__setup__.stock_location_grey_shelving,stock.warehouse0,internal,base.main_company
__setup__.stock_location_1512_E_2,Grey Shelving/1512_E_2,Grey Shelving/1512_E_2,__setup__.stock_location_grey_shelving,stock.warehouse0,internal,base.main_company
__setup__.stock_location_1512_E_3,Grey Shelving/1512_E_3,Grey Shelving/1512_E_3,__setup__.stock_location_grey_shelving,stock.warehouse0,internal,base.main_company
__setup__.stock_location_1512_E_4,Grey Shelving/1512_E_4,Grey Shelving/1512_E_4,__setup__.stock_location_grey_shelving,stock.warehouse0,internal,base.main_company
__setup__.stock_location_1512_E_5,Grey Shelving/1512_E_5,Grey Shelving/1512_E_5,__setup__.stock_location_grey_shelving,stock.warehouse0,internal,base.main_company
__setup__.stock_location_1513_A_1,Grey Shelving/1513_A_1,Grey Shelving/1513_A_1,__setup__.stock_location_grey_shelving,stock.warehouse0,internal,base.main_company
__setup__.stock_location_1513_A_2,Grey Shelving/1513_A_2,Grey Shelving/1513_A_2,__setup__.stock_location_grey_shelving,stock.warehouse0,internal,base.main_company
__setup__.stock_location_1513_A_3,Grey Shelving/1513_A_3,Grey Shelving/1513_A_3,__setup__.stock_location_grey_shelving,stock.warehouse0,internal,base.main_company
__setup__.stock_location_1513_A_4,Grey Shelving/1513_A_4,Grey Shelving/1513_A_4,__setup__.stock_location_grey_shelving,stock.warehouse0,internal,base.main_company
__setup__.stock_location_1513_A_5,Grey Shelving/1513_A_5,Grey Shelving/1513_A_5,__setup__.stock_location_grey_shelving,stock.warehouse0,internal,base.main_company
__setup__.stock_location_1513_B_1,Grey Shelving/1513_B_1,Grey Shelving/1513_B_1,__setup__.stock_location_grey_shelving,stock.warehouse0,internal,base.main_company
__setup__.stock_location_1513_B_2,Grey Shelving/1513_B_2,Grey Shelving/1513_B_2,__setup__.stock_location_grey_shelving,stock.warehouse0,internal,base.main_company
__setup__.stock_location_1513_B_3,Grey Shelving/1513_B_3,Grey Shelving/1513_B_3,__setup__.stock_location_grey_shelving,stock.warehouse0,internal,base.main_company
__setup__.stock_location_1513_B_4,Grey Shelving/1513_B_4,Grey Shelving/1513_B_4,__setup__.stock_location_grey_shelving,stock.warehouse0,internal,base.main_company
__setup__.stock_location_1513_B_5,Grey Shelving/1513_B_5,Grey Shelving/1513_B_5,__setup__.stock_location_grey_shelving,stock.warehouse0,internal,base.main_company
__setup__.stock_location_1513_C_1,Grey Shelving/1513_C_1,Grey Shelving/1513_C_1,__setup__.stock_location_grey_shelving,stock.warehouse0,internal,base.main_company
__setup__.stock_location_1513_C_2,Grey Shelving/1513_C_2,Grey Shelving/1513_C_2,__setup__.stock_location_grey_shelving,stock.warehouse0,internal,base.main_company
__setup__.stock_location_1513_C_3,Grey Shelving/1513_C_3,Grey Shelving/1513_C_3,__setup__.stock_location_grey_shelving,stock.warehouse0,internal,base.main_company
__setup__.stock_location_1513_C_4,Grey Shelving/1513_C_4,Grey Shelving/1513_C_4,__setup__.stock_location_grey_shelving,stock.warehouse0,internal,base.main_company
__setup__.stock_location_1513_C_5,Grey Shelving/1513_C_5,Grey Shelving/1513_C_5,__setup__.stock_location_grey_shelving,stock.warehouse0,internal,base.main_company
__setup__.stock_location_1513_D_1,Grey Shelving/1513_D_1,Grey Shelving/1513_D_1,__setup__.stock_location_grey_shelving,stock.warehouse0,internal,base.main_company
__setup__.stock_location_1513_D_2,Grey Shelving/1513_D_2,Grey Shelving/1513_D_2,__setup__.stock_location_grey_shelving,stock.warehouse0,internal,base.main_company
__setup__.stock_location_1513_D_3,Grey Shelving/1513_D_3,Grey Shelving/1513_D_3,__setup__.stock_location_grey_shelving,stock.warehouse0,internal,base.main_company
__setup__.stock_location_1513_D_4,Grey Shelving/1513_D_4,Grey Shelving/1513_D_4,__setup__.stock_location_grey_shelving,stock.warehouse0,internal,base.main_company
__setup__.stock_location_1513_D_5,Grey Shelving/1513_D_5,Grey Shelving/1513_D_5,__setup__.stock_location_grey_shelving,stock.warehouse0,internal,base.main_company
__setup__.stock_location_1513_E_1,Grey Shelving/1513_E_1,Grey Shelving/1513_E_1,__setup__.stock_location_grey_shelving,stock.warehouse0,internal,base.main_company
__setup__.stock_location_1513_E_2,Grey Shelving/1513_E_2,Grey Shelving/1513_E_2,__setup__.stock_location_grey_shelving,stock.warehouse0,internal,base.main_company
__setup__.stock_location_1513_E_3,Grey Shelving/1513_E_3,Grey Shelving/1513_E_3,__setup__.stock_location_grey_shelving,stock.warehouse0,internal,base.main_company
__setup__.stock_location_1513_E_4,Grey Shelving/1513_E_4,Grey Shelving/1513_E_4,__setup__.stock_location_grey_shelving,stock.warehouse0,internal,base.main_company
__setup__.stock_location_1513_E_5,Grey Shelving/1513_E_5,Grey Shelving/1513_E_5,__setup__.stock_location_grey_shelving,stock.warehouse0,internal,base.main_company
__setup__.stock_location_1514_A_1,Grey Shelving/1514_A_1,Grey Shelving/1514_A_1,__setup__.stock_location_grey_shelving,stock.warehouse0,internal,base.main_company
__setup__.stock_location_1514_A_2,Grey Shelving/1514_A_2,Grey Shelving/1514_A_2,__setup__.stock_location_grey_shelving,stock.warehouse0,internal,base.main_company
__setup__.stock_location_1514_A_3,Grey Shelving/1514_A_3,Grey Shelving/1514_A_3,__setup__.stock_location_grey_shelving,stock.warehouse0,internal,base.main_company
__setup__.stock_location_1514_A_4,Grey Shelving/1514_A_4,Grey Shelving/1514_A_4,__setup__.stock_location_grey_shelving,stock.warehouse0,internal,base.main_company
__setup__.stock_location_1514_A_5,Grey Shelving/1514_A_5,Grey Shelving/1514_A_5,__setup__.stock_location_grey_shelving,stock.warehouse0,internal,base.main_company
__setup__.stock_location_1514_B_1,Grey Shelving/1514_B_1,Grey Shelving/1514_B_1,__setup__.stock_location_grey_shelving,stock.warehouse0,internal,base.main_company
__setup__.stock_location_1514_B_2,Grey Shelving/1514_B_2,Grey Shelving/1514_B_2,__setup__.stock_location_grey_shelving,stock.warehouse0,internal,base.main_company
__setup__.stock_location_1514_B_3,Grey Shelving/1514_B_3,Grey Shelving/1514_B_3,__setup__.stock_location_grey_shelving,stock.warehouse0,internal,base.main_company
__setup__.stock_location_1514_B_4,Grey Shelving/1514_B_4,Grey Shelving/1514_B_4,__setup__.stock_location_grey_shelving,stock.warehouse0,internal,base.main_company
__setup__.stock_location_1514_B_5,Grey Shelving/1514_B_5,Grey Shelving/1514_B_5,__setup__.stock_location_grey_shelving,stock.warehouse0,internal,base.main_company
__setup__.stock_location_1514_C_1,Grey Shelving/1514_C_1,Grey Shelving/1514_C_1,__setup__.stock_location_grey_shelving,stock.warehouse0,internal,base.main_company
__setup__.stock_location_1514_C_2,Grey Shelving/1514_C_2,Grey Shelving/1514_C_2,__setup__.stock_location_grey_shelving,stock.warehouse0,internal,base.main_company
__setup__.stock_location_1514_C_3,Grey Shelving/1514_C_3,Grey Shelving/1514_C_3,__setup__.stock_location_grey_shelving,stock.warehouse0,internal,base.main_company
__setup__.stock_location_1514_C_4,Grey Shelving/1514_C_4,Grey Shelving/1514_C_4,__setup__.stock_location_grey_shelving,stock.warehouse0,internal,base.main_company
__setup__.stock_location_1514_C_5,Grey Shelving/1514_C_5,Grey Shelving/1514_C_5,__setup__.stock_location_grey_shelving,stock.warehouse0,internal,base.main_company
__setup__.stock_location_1514_D_1,Grey Shelving/1514_D_1,Grey Shelving/1514_D_1,__setup__.stock_location_grey_shelving,stock.warehouse0,internal,base.main_company
__setup__.stock_location_1514_D_2,Grey Shelving/1514_D_2,Grey Shelving/1514_D_2,__setup__.stock_location_grey_shelving,stock.warehouse0,internal,base.main_company
__setup__.stock_location_1514_D_3,Grey Shelving/1514_D_3,Grey Shelving/1514_D_3,__setup__.stock_location_grey_shelving,stock.warehouse0,internal,base.main_company
__setup__.stock_location_1514_D_4,Grey Shelving/1514_D_4,Grey Shelving/1514_D_4,__setup__.stock_location_grey_shelving,stock.warehouse0,internal,base.main_company
__setup__.stock_location_1514_D_5,Grey Shelving/1514_D_5,Grey Shelving/1514_D_5,__setup__.stock_location_grey_shelving,stock.warehouse0,internal,base.main_company
__setup__.stock_location_1514_E_1,Grey Shelving/1514_E_1,Grey Shelving/1514_E_1,__setup__.stock_location_grey_shelving,stock.warehouse0,internal,base.main_company
__setup__.stock_location_1514_E_2,Grey Shelving/1514_E_2,Grey Shelving/1514_E_2,__setup__.stock_location_grey_shelving,stock.warehouse0,internal,base.main_company
__setup__.stock_location_1514_E_3,Grey Shelving/1514_E_3,Grey Shelving/1514_E_3,__setup__.stock_location_grey_shelving,stock.warehouse0,internal,base.main_company
__setup__.stock_location_1514_E_4,Grey Shelving/1514_E_4,Grey Shelving/1514_E_4,__setup__.stock_location_grey_shelving,stock.warehouse0,internal,base.main_company
__setup__.stock_location_1514_E_5,Grey Shelving/1514_E_5,Grey Shelving/1514_E_5,__setup__.stock_location_grey_shelving,stock.warehouse0,internal,base.main_company
__setup__.stock_location_1515_A_1,Grey Shelving/1515_A_1,Grey Shelving/1515_A_1,__setup__.stock_location_grey_shelving,stock.warehouse0,internal,base.main_company
__setup__.stock_location_1515_A_2,Grey Shelving/1515_A_2,Grey Shelving/1515_A_2,__setup__.stock_location_grey_shelving,stock.warehouse0,internal,base.main_company
__setup__.stock_location_1515_A_3,Grey Shelving/1515_A_3,Grey Shelving/1515_A_3,__setup__.stock_location_grey_shelving,stock.warehouse0,internal,base.main_company
__setup__.stock_location_1515_A_4,Grey Shelving/1515_A_4,Grey Shelving/1515_A_4,__setup__.stock_location_grey_shelving,stock.warehouse0,internal,base.main_company
__setup__.stock_location_1515_A_5,Grey Shelving/1515_A_5,Grey Shelving/1515_A_5,__setup__.stock_location_grey_shelving,stock.warehouse0,internal,base.main_company
__setup__.stock_location_1515_B_1,Grey Shelving/1515_B_1,Grey Shelving/1515_B_1,__setup__.stock_location_grey_shelving,stock.warehouse0,internal,base.main_company
__setup__.stock_location_1515_B_2,Grey Shelving/1515_B_2,Grey Shelving/1515_B_2,__setup__.stock_location_grey_shelving,stock.warehouse0,internal,base.main_company
__setup__.stock_location_1515_B_3,Grey Shelving/1515_B_3,Grey Shelving/1515_B_3,__setup__.stock_location_grey_shelving,stock.warehouse0,internal,base.main_company
__setup__.stock_location_1515_B_4,Grey Shelving/1515_B_4,Grey Shelving/1515_B_4,__setup__.stock_location_grey_shelving,stock.warehouse0,internal,base.main_company
__setup__.stock_location_1515_B_5,Grey Shelving/1515_B_5,Grey Shelving/1515_B_5,__setup__.stock_location_grey_shelving,stock.warehouse0,internal,base.main_company
__setup__.stock_location_1515_C_1,Grey Shelving/1515_C_1,Grey Shelving/1515_C_1,__setup__.stock_location_grey_shelving,stock.warehouse0,internal,base.main_company
__setup__.stock_location_1515_C_2,Grey Shelving/1515_C_2,Grey Shelving/1515_C_2,__setup__.stock_location_grey_shelving,stock.warehouse0,internal,base.main_company
__setup__.stock_location_1515_C_3,Grey Shelving/1515_C_3,Grey Shelving/1515_C_3,__setup__.stock_location_grey_shelving,stock.warehouse0,internal,base.main_company
__setup__.stock_location_1515_C_4,Grey Shelving/1515_C_4,Grey Shelving/1515_C_4,__setup__.stock_location_grey_shelving,stock.warehouse0,internal,base.main_company
__setup__.stock_location_1515_C_5,Grey Shelving/1515_C_5,Grey Shelving/1515_C_5,__setup__.stock_location_grey_shelving,stock.warehouse0,internal,base.main_company
__setup__.stock_location_1515_D_1,Grey Shelving/1515_D_1,Grey Shelving/1515_D_1,__setup__.stock_location_grey_shelving,stock.warehouse0,internal,base.main_company
__setup__.stock_location_1515_D_2,Grey Shelving/1515_D_2,Grey Shelving/1515_D_2,__setup__.stock_location_grey_shelving,stock.warehouse0,internal,base.main_company
__setup__.stock_location_1515_D_3,Grey Shelving/1515_D_3,Grey Shelving/1515_D_3,__setup__.stock_location_grey_shelving,stock.warehouse0,internal,base.main_company
__setup__.stock_location_1515_D_4,Grey Shelving/1515_D_4,Grey Shelving/1515_D_4,__setup__.stock_location_grey_shelving,stock.warehouse0,internal,base.main_company
__setup__.stock_location_1515_D_5,Grey Shelving/1515_D_5,Grey Shelving/1515_D_5,__setup__.stock_location_grey_shelving,stock.warehouse0,internal,base.main_company
__setup__.stock_location_1515_E_1,Grey Shelving/1515_E_1,Grey Shelving/1515_E_1,__setup__.stock_location_grey_shelving,stock.warehouse0,internal,base.main_company
__setup__.stock_location_1515_E_2,Grey Shelving/1515_E_2,Grey Shelving/1515_E_2,__setup__.stock_location_grey_shelving,stock.warehouse0,internal,base.main_company
__setup__.stock_location_1515_E_3,Grey Shelving/1515_E_3,Grey Shelving/1515_E_3,__setup__.stock_location_grey_shelving,stock.warehouse0,internal,base.main_company
__setup__.stock_location_1515_E_4,Grey Shelving/1515_E_4,Grey Shelving/1515_E_4,__setup__.stock_location_grey_shelving,stock.warehouse0,internal,base.main_company
__setup__.stock_location_1515_E_5,Grey Shelving/1515_E_5,Grey Shelving/1515_E_5,__setup__.stock_location_grey_shelving,stock.warehouse0,internal,base.main_company
__setup__.stock_location_1516_A_1,Grey Shelving/1516_A_1,Grey Shelving/1516_A_1,__setup__.stock_location_grey_shelving,stock.warehouse0,internal,base.main_company
__setup__.stock_location_1516_A_2,Grey Shelving/1516_A_2,Grey Shelving/1516_A_2,__setup__.stock_location_grey_shelving,stock.warehouse0,internal,base.main_company
__setup__.stock_location_1516_A_3,Grey Shelving/1516_A_3,Grey Shelving/1516_A_3,__setup__.stock_location_grey_shelving,stock.warehouse0,internal,base.main_company
__setup__.stock_location_1516_A_4,Grey Shelving/1516_A_4,Grey Shelving/1516_A_4,__setup__.stock_location_grey_shelving,stock.warehouse0,internal,base.main_company
__setup__.stock_location_1516_A_5,Grey Shelving/1516_A_5,Grey Shelving/1516_A_5,__setup__.stock_location_grey_shelving,stock.warehouse0,internal,base.main_company
__setup__.stock_location_1516_B_1,Grey Shelving/1516_B_1,Grey Shelving/1516_B_1,__setup__.stock_location_grey_shelving,stock.warehouse0,internal,base.main_company
__setup__.stock_location_1516_B_2,Grey Shelving/1516_B_2,Grey Shelving/1516_B_2,__setup__.stock_location_grey_shelving,stock.warehouse0,internal,base.main_company
__setup__.stock_location_1516_B_3,Grey Shelving/1516_B_3,Grey Shelving/1516_B_3,__setup__.stock_location_grey_shelving,stock.warehouse0,internal,base.main_company
__setup__.stock_location_1516_B_4,Grey Shelving/1516_B_4,Grey Shelving/1516_B_4,__setup__.stock_location_grey_shelving,stock.warehouse0,internal,base.main_company
__setup__.stock_location_1516_B_5,Grey Shelving/1516_B_5,Grey Shelving/1516_B_5,__setup__.stock_location_grey_shelving,stock.warehouse0,internal,base.main_company
__setup__.stock_location_1516_C_1,Grey Shelving/1516_C_1,Grey Shelving/1516_C_1,__setup__.stock_location_grey_shelving,stock.warehouse0,internal,base.main_company
__setup__.stock_location_1516_C_2,Grey Shelving/1516_C_2,Grey Shelving/1516_C_2,__setup__.stock_location_grey_shelving,stock.warehouse0,internal,base.main_company
__setup__.stock_location_1516_C_3,Grey Shelving/1516_C_3,Grey Shelving/1516_C_3,__setup__.stock_location_grey_shelving,stock.warehouse0,internal,base.main_company
__setup__.stock_location_1516_C_4,Grey Shelving/1516_C_4,Grey Shelving/1516_C_4,__setup__.stock_location_grey_shelving,stock.warehouse0,internal,base.main_company
__setup__.stock_location_1516_C_5,Grey Shelving/1516_C_5,Grey Shelving/1516_C_5,__setup__.stock_location_grey_shelving,stock.warehouse0,internal,base.main_company
__setup__.stock_location_1516_D_1,Grey Shelving/1516_D_1,Grey Shelving/1516_D_1,__setup__.stock_location_grey_shelving,stock.warehouse0,internal,base.main_company
__setup__.stock_location_1516_D_2,Grey Shelving/1516_D_2,Grey Shelving/1516_D_2,__setup__.stock_location_grey_shelving,stock.warehouse0,internal,base.main_company
__setup__.stock_location_1516_D_3,Grey Shelving/1516_D_3,Grey Shelving/1516_D_3,__setup__.stock_location_grey_shelving,stock.warehouse0,internal,base.main_company
__setup__.stock_location_1516_D_4,Grey Shelving/1516_D_4,Grey Shelving/1516_D_4,__setup__.stock_location_grey_shelving,stock.warehouse0,internal,base.main_company
__setup__.stock_location_1516_D_5,Grey Shelving/1516_D_5,Grey Shelving/1516_D_5,__setup__.stock_location_grey_shelving,stock.warehouse0,internal,base.main_company
__setup__.stock_location_1516_E_1,Grey Shelving/1516_E_1,Grey Shelving/1516_E_1,__setup__.stock_location_grey_shelving,stock.warehouse0,internal,base.main_company
__setup__.stock_location_1516_E_2,Grey Shelving/1516_E_2,Grey Shelving/1516_E_2,__setup__.stock_location_grey_shelving,stock.warehouse0,internal,base.main_company
__setup__.stock_location_1516_E_3,Grey Shelving/1516_E_3,Grey Shelving/1516_E_3,__setup__.stock_location_grey_shelving,stock.warehouse0,internal,base.main_company
__setup__.stock_location_1516_E_4,Grey Shelving/1516_E_4,Grey Shelving/1516_E_4,__setup__.stock_location_grey_shelving,stock.warehouse0,internal,base.main_company
__setup__.stock_location_1516_E_5,Grey Shelving/1516_E_5,Grey Shelving/1516_E_5,__setup__.stock_location_grey_shelving,stock.warehouse0,internal,base.main_company
__setup__.stock_location_1517_A_1,Grey Shelving/1517_A_1,Grey Shelving/1517_A_1,__setup__.stock_location_grey_shelving,stock.warehouse0,internal,base.main_company
__setup__.stock_location_1517_A_2,Grey Shelving/1517_A_2,Grey Shelving/1517_A_2,__setup__.stock_location_grey_shelving,stock.warehouse0,internal,base.main_company
__setup__.stock_location_1517_A_3,Grey Shelving/1517_A_3,Grey Shelving/1517_A_3,__setup__.stock_location_grey_shelving,stock.warehouse0,internal,base.main_company
__setup__.stock_location_1517_A_4,Grey Shelving/1517_A_4,Grey Shelving/1517_A_4,__setup__.stock_location_grey_shelving,stock.warehouse0,internal,base.main_company
__setup__.stock_location_1517_A_5,Grey Shelving/1517_A_5,Grey Shelving/1517_A_5,__setup__.stock_location_grey_shelving,stock.warehouse0,internal,base.main_company
__setup__.stock_location_1517_B_1,Grey Shelving/1517_B_1,Grey Shelving/1517_B_1,__setup__.stock_location_grey_shelving,stock.warehouse0,internal,base.main_company
__setup__.stock_location_1517_B_2,Grey Shelving/1517_B_2,Grey Shelving/1517_B_2,__setup__.stock_location_grey_shelving,stock.warehouse0,internal,base.main_company
__setup__.stock_location_1517_B_3,Grey Shelving/1517_B_3,Grey Shelving/1517_B_3,__setup__.stock_location_grey_shelving,stock.warehouse0,internal,base.main_company
__setup__.stock_location_1517_B_4,Grey Shelving/1517_B_4,Grey Shelving/1517_B_4,__setup__.stock_location_grey_shelving,stock.warehouse0,internal,base.main_company
__setup__.stock_location_1517_B_5,Grey Shelving/1517_B_5,Grey Shelving/1517_B_5,__setup__.stock_location_grey_shelving,stock.warehouse0,internal,base.main_company
__setup__.stock_location_1517_C_1,Grey Shelving/1517_C_1,Grey Shelving/1517_C_1,__setup__.stock_location_grey_shelving,stock.warehouse0,internal,base.main_company
__setup__.stock_location_1517_C_2,Grey Shelving/1517_C_2,Grey Shelving/1517_C_2,__setup__.stock_location_grey_shelving,stock.warehouse0,internal,base.main_company
__setup__.stock_location_1517_C_3,Grey Shelving/1517_C_3,Grey Shelving/1517_C_3,__setup__.stock_location_grey_shelving,stock.warehouse0,internal,base.main_company
__setup__.stock_location_1517_C_4,Grey Shelving/1517_C_4,Grey Shelving/1517_C_4,__setup__.stock_location_grey_shelving,stock.warehouse0,internal,base.main_company
__setup__.stock_location_1517_C_5,Grey Shelving/1517_C_5,Grey Shelving/1517_C_5,__setup__.stock_location_grey_shelving,stock.warehouse0,internal,base.main_company
__setup__.stock_location_1517_D_1,Grey Shelving/1517_D_1,Grey Shelving/1517_D_1,__setup__.stock_location_grey_shelving,stock.warehouse0,internal,base.main_company
__setup__.stock_location_1517_D_2,Grey Shelving/1517_D_2,Grey Shelving/1517_D_2,__setup__.stock_location_grey_shelving,stock.warehouse0,internal,base.main_company
__setup__.stock_location_1517_D_3,Grey Shelving/1517_D_3,Grey Shelving/1517_D_3,__setup__.stock_location_grey_shelving,stock.warehouse0,internal,base.main_company
__setup__.stock_location_1517_D_4,Grey Shelving/1517_D_4,Grey Shelving/1517_D_4,__setup__.stock_location_grey_shelving,stock.warehouse0,internal,base.main_company
__setup__.stock_location_1517_D_5,Grey Shelving/1517_D_5,Grey Shelving/1517_D_5,__setup__.stock_location_grey_shelving,stock.warehouse0,internal,base.main_company
__setup__.stock_location_1517_E_1,Grey Shelving/1517_E_1,Grey Shelving/1517_E_1,__setup__.stock_location_grey_shelving,stock.warehouse0,internal,base.main_company
__setup__.stock_location_1517_E_2,Grey Shelving/1517_E_2,Grey Shelving/1517_E_2,__setup__.stock_location_grey_shelving,stock.warehouse0,internal,base.main_company
__setup__.stock_location_1517_E_3,Grey Shelving/1517_E_3,Grey Shelving/1517_E_3,__setup__.stock_location_grey_shelving,stock.warehouse0,internal,base.main_company
__setup__.stock_location_1517_E_4,Grey Shelving/1517_E_4,Grey Shelving/1517_E_4,__setup__.stock_location_grey_shelving,stock.warehouse0,internal,base.main_company
__setup__.stock_location_1517_E_5,Grey Shelving/1517_E_5,Grey Shelving/1517_E_5,__setup__.stock_location_grey_shelving,stock.warehouse0,internal,base.main_company
__setup__.stock_location_palletized,Palletized,Palletized,stock.stock_location_stock,stock.warehouse0,view,base.main_company
__setup__.stock_location_1701_A_,Palletized/1701_A_,Palletized/1701_A_,__setup__.stock_location_palletized,stock.warehouse0,internal,base.main_company
__setup__.stock_location_1701_B_,Palletized/1701_B_,Palletized/1701_B_,__setup__.stock_location_palletized,stock.warehouse0,internal,base.main_company
__setup__.stock_location_1701_C_,Palletized/1701_C_,Palletized/1701_C_,__setup__.stock_location_palletized,stock.warehouse0,internal,base.main_company
__setup__.stock_location_1702_A_,Palletized/1702_A_,Palletized/1702_A_,__setup__.stock_location_palletized,stock.warehouse0,internal,base.main_company
__setup__.stock_location_1702_B_,Palletized/1702_B_,Palletized/1702_B_,__setup__.stock_location_palletized,stock.warehouse0,internal,base.main_company
__setup__.stock_location_1702_C_,Palletized/1702_C_,Palletized/1702_C_,__setup__.stock_location_palletized,stock.warehouse0,internal,base.main_company
__setup__.stock_location_1703_A_,Palletized/1703_A_,Palletized/1703_A_,__setup__.stock_location_palletized,stock.warehouse0,internal,base.main_company
__setup__.stock_location_1703_B_,Palletized/1703_B_,Palletized/1703_B_,__setup__.stock_location_palletized,stock.warehouse0,internal,base.main_company
__setup__.stock_location_1703_C_,Palletized/1703_C_,Palletized/1703_C_,__setup__.stock_location_palletized,stock.warehouse0,internal,base.main_company
__setup__.stock_location_1704_A_,Palletized/1704_A_,Palletized/1704_A_,__setup__.stock_location_palletized,stock.warehouse0,internal,base.main_company
__setup__.stock_location_1704_B_,Palletized/1704_B_,Palletized/1704_B_,__setup__.stock_location_palletized,stock.warehouse0,internal,base.main_company
__setup__.stock_location_1704_C_,Palletized/1704_C_,Palletized/1704_C_,__setup__.stock_location_palletized,stock.warehouse0,internal,base.main_company
__setup__.stock_location_1705_A_,Palletized/1705_A_,Palletized/1705_A_,__setup__.stock_location_palletized,stock.warehouse0,internal,base.main_company
__setup__.stock_location_1705_B_,Palletized/1705_B_,Palletized/1705_B_,__setup__.stock_location_palletized,stock.warehouse0,internal,base.main_company
__setup__.stock_location_1705_C_,Palletized/1705_C_,Palletized/1705_C_,__setup__.stock_location_palletized,stock.warehouse0,internal,base.main_company
__setup__.stock_location_1706_A_,Palletized/1706_A_,Palletized/1706_A_,__setup__.stock_location_palletized,stock.warehouse0,internal,base.main_company
__setup__.stock_location_1706_B_,Palletized/1706_B_,Palletized/1706_B_,__setup__.stock_location_palletized,stock.warehouse0,internal,base.main_company
__setup__.stock_location_1706_C_,Palletized/1706_C_,Palletized/1706_C_,__setup__.stock_location_palletized,stock.warehouse0,internal,base.main_company
__setup__.stock_location_1707_A_,Palletized/1707_A_,Palletized/1707_A_,__setup__.stock_location_palletized,stock.warehouse0,internal,base.main_company
__setup__.stock_location_1707_B_,Palletized/1707_B_,Palletized/1707_B_,__setup__.stock_location_palletized,stock.warehouse0,internal,base.main_company
__setup__.stock_location_1707_C_,Palletized/1707_C_,Palletized/1707_C_,__setup__.stock_location_palletized,stock.warehouse0,internal,base.main_company
__setup__.stock_location_1710_A_,Palletized/1710_A_,Palletized/1710_A_,__setup__.stock_location_palletized,stock.warehouse0,internal,base.main_company
__setup__.stock_location_1710_B_,Palletized/1710_B_,Palletized/1710_B_,__setup__.stock_location_palletized,stock.warehouse0,internal,base.main_company
__setup__.stock_location_1710_C_,Palletized/1710_C_,Palletized/1710_C_,__setup__.stock_location_palletized,stock.warehouse0,internal,base.main_company
__setup__.stock_location_1711_A_,Palletized/1711_A_,Palletized/1711_A_,__setup__.stock_location_palletized,stock.warehouse0,internal,base.main_company
__setup__.stock_location_1711_B_,Palletized/1711_B_,Palletized/1711_B_,__setup__.stock_location_palletized,stock.warehouse0,internal,base.main_company
__setup__.stock_location_1711_C_,Palletized/1711_C_,Palletized/1711_C_,__setup__.stock_location_palletized,stock.warehouse0,internal,base.main_company
__setup__.stock_location_1712_A_,Palletized/1712_A_,Palletized/1712_A_,__setup__.stock_location_palletized,stock.warehouse0,internal,base.main_company
__setup__.stock_location_1712_B_,Palletized/1712_B_,Palletized/1712_B_,__setup__.stock_location_palletized,stock.warehouse0,internal,base.main_company
__setup__.stock_location_1712_C_,Palletized/1712_C_,Palletized/1712_C_,__setup__.stock_location_palletized,stock.warehouse0,internal,base.main_company
__setup__.stock_location_1713_A_,Palletized/1713_A_,Palletized/1713_A_,__setup__.stock_location_palletized,stock.warehouse0,internal,base.main_company
__setup__.stock_location_1713_B_,Palletized/1713_B_,Palletized/1713_B_,__setup__.stock_location_palletized,stock.warehouse0,internal,base.main_company
__setup__.stock_location_1713_C_,Palletized/1713_C_,Palletized/1713_C_,__setup__.stock_location_palletized,stock.warehouse0,internal,base.main_company
__setup__.stock_location_1714_A_,Palletized/1714_A_,Palletized/1714_A_,__setup__.stock_location_palletized,stock.warehouse0,internal,base.main_company
__setup__.stock_location_1714_B_,Palletized/1714_B_,Palletized/1714_B_,__setup__.stock_location_palletized,stock.warehouse0,internal,base.main_company
__setup__.stock_location_1714_C_,Palletized/1714_C_,Palletized/1714_C_,__setup__.stock_location_palletized,stock.warehouse0,internal,base.main_company
__setup__.stock_location_1715_A_,Palletized/1715_A_,Palletized/1715_A_,__setup__.stock_location_palletized,stock.warehouse0,internal,base.main_company
__setup__.stock_location_1715_B_,Palletized/1715_B_,Palletized/1715_B_,__setup__.stock_location_palletized,stock.warehouse0,internal,base.main_company
__setup__.stock_location_1715_C_,Palletized/1715_C_,Palletized/1715_C_,__setup__.stock_location_palletized,stock.warehouse0,internal,base.main_company
__setup__.stock_location_1716_A_,Palletized/1716_A_,Palletized/1716_A_,__setup__.stock_location_palletized,stock.warehouse0,internal,base.main_company
__setup__.stock_location_1716_B_,Palletized/1716_B_,Palletized/1716_B_,__setup__.stock_location_palletized,stock.warehouse0,internal,base.main_company
__setup__.stock_location_1716_C_,Palletized/1716_C_,Palletized/1716_C_,__setup__.stock_location_palletized,stock.warehouse0,internal,base.main_company
__setup__.stock_location_1717_A_,Palletized/1717_A_,Palletized/1717_A_,__setup__.stock_location_palletized,stock.warehouse0,internal,base.main_company
__setup__.stock_location_1717_B_,Palletized/1717_B_,Palletized/1717_B_,__setup__.stock_location_palletized,stock.warehouse0,internal,base.main_company
__setup__.stock_location_1717_C_,Palletized/1717_C_,Palletized/1717_C_,__setup__.stock_location_palletized,stock.warehouse0,internal,base.main_company
__setup__.stock_location_1718_A_,Palletized/1718_A_,Palletized/1718_A_,__setup__.stock_location_palletized,stock.warehouse0,internal,base.main_company
__setup__.stock_location_1718_B_,Palletized/1718_B_,Palletized/1718_B_,__setup__.stock_location_palletized,stock.warehouse0,internal,base.main_company
__setup__.stock_location_1718_C_,Palletized/1718_C_,Palletized/1718_C_,__setup__.stock_location_palletized,stock.warehouse0,internal,base.main_company
__setup__.stock_location_1719_A_,Palletized/1719_A_,Palletized/1719_A_,__setup__.stock_location_palletized,stock.warehouse0,internal,base.main_company
__setup__.stock_location_1719_B_,Palletized/1719_B_,Palletized/1719_B_,__setup__.stock_location_palletized,stock.warehouse0,internal,base.main_company
__setup__.stock_location_1719_C_,Palletized/1719_C_,Palletized/1719_C_,__setup__.stock_location_palletized,stock.warehouse0,internal,base.main_company
__setup__.stock_location_1720_A_,Palletized/1720_A_,Palletized/1720_A_,__setup__.stock_location_palletized,stock.warehouse0,internal,base.main_company
__setup__.stock_location_1720_B_,Palletized/1720_B_,Palletized/1720_B_,__setup__.stock_location_palletized,stock.warehouse0,internal,base.main_company
__setup__.stock_location_1720_C_,Palletized/1720_C_,Palletized/1720_C_,__setup__.stock_location_palletized,stock.warehouse0,internal,base.main_company
__setup__.stock_location_1721_A_,Palletized/1721_A_,Palletized/1721_A_,__setup__.stock_location_palletized,stock.warehouse0,internal,base.main_company
__setup__.stock_location_1721_B_,Palletized/1721_B_,Palletized/1721_B_,__setup__.stock_location_palletized,stock.warehouse0,internal,base.main_company
__setup__.stock_location_1721_C_,Palletized/1721_C_,Palletized/1721_C_,__setup__.stock_location_palletized,stock.warehouse0,internal,base.main_company
__setup__.stock_location_1722_A_,Palletized/1722_A_,Palletized/1722_A_,__setup__.stock_location_palletized,stock.warehouse0,internal,base.main_company
__setup__.stock_location_1722_B_,Palletized/1722_B_,Palletized/1722_B_,__setup__.stock_location_palletized,stock.warehouse0,internal,base.main_company
__setup__.stock_location_1722_C_,Palletized/1722_C_,Palletized/1722_C_,__setup__.stock_location_palletized,stock.warehouse0,internal,base.main_company
__setup__.stock_location_1723_A_,Palletized/1723_A_,Palletized/1723_A_,__setup__.stock_location_palletized,stock.warehouse0,internal,base.main_company
__setup__.stock_location_1723_B_,Palletized/1723_B_,Palletized/1723_B_,__setup__.stock_location_palletized,stock.warehouse0,internal,base.main_company
__setup__.stock_location_1723_C_,Palletized/1723_C_,Palletized/1723_C_,__setup__.stock_location_palletized,stock.warehouse0,internal,base.main_company
__setup__.stock_location_1724_A_,Palletized/1724_A_,Palletized/1724_A_,__setup__.stock_location_palletized,stock.warehouse0,internal,base.main_company
__setup__.stock_location_1724_B_,Palletized/1724_B_,Palletized/1724_B_,__setup__.stock_location_palletized,stock.warehouse0,internal,base.main_company
__setup__.stock_location_1724_C_,Palletized/1724_C_,Palletized/1724_C_,__setup__.stock_location_palletized,stock.warehouse0,internal,base.main_company
__setup__.stock_location_1801_A_,Palletized/1801_A_,Palletized/1801_A_,__setup__.stock_location_palletized,stock.warehouse0,internal,base.main_company
__setup__.stock_location_1801_B_,Palletized/1801_B_,Palletized/1801_B_,__setup__.stock_location_palletized,stock.warehouse0,internal,base.main_company
__setup__.stock_location_1801_C_,Palletized/1801_C_,Palletized/1801_C_,__setup__.stock_location_palletized,stock.warehouse0,internal,base.main_company
__setup__.stock_location_1802_A_,Palletized/1802_A_,Palletized/1802_A_,__setup__.stock_location_palletized,stock.warehouse0,internal,base.main_company
__setup__.stock_location_1802_B_,Palletized/1802_B_,Palletized/1802_B_,__setup__.stock_location_palletized,stock.warehouse0,internal,base.main_company
__setup__.stock_location_1802_C_,Palletized/1802_C_,Palletized/1802_C_,__setup__.stock_location_palletized,stock.warehouse0,internal,base.main_company
__setup__.stock_location_1803_A_,Palletized/1803_A_,Palletized/1803_A_,__setup__.stock_location_palletized,stock.warehouse0,internal,base.main_company
__setup__.stock_location_1803_B_,Palletized/1803_B_,Palletized/1803_B_,__setup__.stock_location_palletized,stock.warehouse0,internal,base.main_company
__setup__.stock_location_1803_C_,Palletized/1803_C_,Palletized/1803_C_,__setup__.stock_location_palletized,stock.warehouse0,internal,base.main_company
__setup__.stock_location_1804_A_,Palletized/1804_A_,Palletized/1804_A_,__setup__.stock_location_palletized,stock.warehouse0,internal,base.main_company
__setup__.stock_location_1804_B_,Palletized/1804_B_,Palletized/1804_B_,__setup__.stock_location_palletized,stock.warehouse0,internal,base.main_company
__setup__.stock_location_1804_C_,Palletized/1804_C_,Palletized/1804_C_,__setup__.stock_location_palletized,stock.warehouse0,internal,base.main_company
__setup__.stock_location_1805_A_,Palletized/1805_A_,Palletized/1805_A_,__setup__.stock_location_palletized,stock.warehouse0,internal,base.main_company
__setup__.stock_location_1805_B_,Palletized/1805_B_,Palletized/1805_B_,__setup__.stock_location_palletized,stock.warehouse0,internal,base.main_company
__setup__.stock_location_1805_C_,Palletized/1805_C_,Palletized/1805_C_,__setup__.stock_location_palletized,stock.warehouse0,internal,base.main_company
__setup__.stock_location_1806_A_,Palletized/1806_A_,Palletized/1806_A_,__setup__.stock_location_palletized,stock.warehouse0,internal,base.main_company
__setup__.stock_location_1806_B_,Palletized/1806_B_,Palletized/1806_B_,__setup__.stock_location_palletized,stock.warehouse0,internal,base.main_company
__setup__.stock_location_1806_C_,Palletized/1806_C_,Palletized/1806_C_,__setup__.stock_location_palletized,stock.warehouse0,internal,base.main_company
__setup__.stock_location_1807_A_,Palletized/1807_A_,Palletized/1807_A_,__setup__.stock_location_palletized,stock.warehouse0,internal,base.main_company
__setup__.stock_location_1807_B_,Palletized/1807_B_,Palletized/1807_B_,__setup__.stock_location_palletized,stock.warehouse0,internal,base.main_company
__setup__.stock_location_1807_C_,Palletized/1807_C_,Palletized/1807_C_,__setup__.stock_location_palletized,stock.warehouse0,internal,base.main_company
__setup__.stock_location_1810_A_,Palletized/1810_A_,Palletized/1810_A_,__setup__.stock_location_palletized,stock.warehouse0,internal,base.main_company
__setup__.stock_location_1810_B_,Palletized/1810_B_,Palletized/1810_B_,__setup__.stock_location_palletized,stock.warehouse0,internal,base.main_company
__setup__.stock_location_1810_C_,Palletized/1810_C_,Palletized/1810_C_,__setup__.stock_location_palletized,stock.warehouse0,internal,base.main_company
__setup__.stock_location_1811_A_,Palletized/1811_A_,Palletized/1811_A_,__setup__.stock_location_palletized,stock.warehouse0,internal,base.main_company
__setup__.stock_location_1811_B_,Palletized/1811_B_,Palletized/1811_B_,__setup__.stock_location_palletized,stock.warehouse0,internal,base.main_company
__setup__.stock_location_1811_C_,Palletized/1811_C_,Palletized/1811_C_,__setup__.stock_location_palletized,stock.warehouse0,internal,base.main_company
__setup__.stock_location_1812_A_,Palletized/1812_A_,Palletized/1812_A_,__setup__.stock_location_palletized,stock.warehouse0,internal,base.main_company
__setup__.stock_location_1812_B_,Palletized/1812_B_,Palletized/1812_B_,__setup__.stock_location_palletized,stock.warehouse0,internal,base.main_company
__setup__.stock_location_1812_C_,Palletized/1812_C_,Palletized/1812_C_,__setup__.stock_location_palletized,stock.warehouse0,internal,base.main_company
__setup__.stock_location_1813_A_,Palletized/1813_A_,Palletized/1813_A_,__setup__.stock_location_palletized,stock.warehouse0,internal,base.main_company
__setup__.stock_location_1813_B_,Palletized/1813_B_,Palletized/1813_B_,__setup__.stock_location_palletized,stock.warehouse0,internal,base.main_company
__setup__.stock_location_1813_C_,Palletized/1813_C_,Palletized/1813_C_,__setup__.stock_location_palletized,stock.warehouse0,internal,base.main_company
__setup__.stock_location_1814_A_,Palletized/1814_A_,Palletized/1814_A_,__setup__.stock_location_palletized,stock.warehouse0,internal,base.main_company
__setup__.stock_location_1814_B_,Palletized/1814_B_,Palletized/1814_B_,__setup__.stock_location_palletized,stock.warehouse0,internal,base.main_company
__setup__.stock_location_1814_C_,Palletized/1814_C_,Palletized/1814_C_,__setup__.stock_location_palletized,stock.warehouse0,internal,base.main_company
__setup__.stock_location_1815_A_,Palletized/1815_A_,Palletized/1815_A_,__setup__.stock_location_palletized,stock.warehouse0,internal,base.main_company
__setup__.stock_location_1815_B_,Palletized/1815_B_,Palletized/1815_B_,__setup__.stock_location_palletized,stock.warehouse0,internal,base.main_company
__setup__.stock_location_1815_C_,Palletized/1815_C_,Palletized/1815_C_,__setup__.stock_location_palletized,stock.warehouse0,internal,base.main_company
__setup__.stock_location_1816_A_,Palletized/1816_A_,Palletized/1816_A_,__setup__.stock_location_palletized,stock.warehouse0,internal,base.main_company
__setup__.stock_location_1816_B_,Palletized/1816_B_,Palletized/1816_B_,__setup__.stock_location_palletized,stock.warehouse0,internal,base.main_company
__setup__.stock_location_1816_C_,Palletized/1816_C_,Palletized/1816_C_,__setup__.stock_location_palletized,stock.warehouse0,internal,base.main_company
__setup__.stock_location_1817_A_,Palletized/1817_A_,Palletized/1817_A_,__setup__.stock_location_palletized,stock.warehouse0,internal,base.main_company
__setup__.stock_location_1817_B_,Palletized/1817_B_,Palletized/1817_B_,__setup__.stock_location_palletized,stock.warehouse0,internal,base.main_company
__setup__.stock_location_1817_C_,Palletized/1817_C_,Palletized/1817_C_,__setup__.stock_location_palletized,stock.warehouse0,internal,base.main_company
__setup__.stock_location_1818_A_,Palletized/1818_A_,Palletized/1818_A_,__setup__.stock_location_palletized,stock.warehouse0,internal,base.main_company
__setup__.stock_location_1818_B_,Palletized/1818_B_,Palletized/1818_B_,__setup__.stock_location_palletized,stock.warehouse0,internal,base.main_company
__setup__.stock_location_1818_C_,Palletized/1818_C_,Palletized/1818_C_,__setup__.stock_location_palletized,stock.warehouse0,internal,base.main_company
__setup__.stock_location_1819_A_,Palletized/1819_A_,Palletized/1819_A_,__setup__.stock_location_palletized,stock.warehouse0,internal,base.main_company
__setup__.stock_location_1819_B_,Palletized/1819_B_,Palletized/1819_B_,__setup__.stock_location_palletized,stock.warehouse0,internal,base.main_company
__setup__.stock_location_1819_C_,Palletized/1819_C_,Palletized/1819_C_,__setup__.stock_location_palletized,stock.warehouse0,internal,base.main_company
__setup__.stock_location_1820_A_,Palletized/1820_A_,Palletized/1820_A_,__setup__.stock_location_palletized,stock.warehouse0,internal,base.main_company
__setup__.stock_location_1820_B_,Palletized/1820_B_,Palletized/1820_B_,__setup__.stock_location_palletized,stock.warehouse0,internal,base.main_company
__setup__.stock_location_1820_C_,Palletized/1820_C_,Palletized/1820_C_,__setup__.stock_location_palletized,stock.warehouse0,internal,base.main_company
__setup__.stock_location_1821_A_,Palletized/1821_A_,Palletized/1821_A_,__setup__.stock_location_palletized,stock.warehouse0,internal,base.main_company
__setup__.stock_location_1821_B_,Palletized/1821_B_,Palletized/1821_B_,__setup__.stock_location_palletized,stock.warehouse0,internal,base.main_company
__setup__.stock_location_1821_C_,Palletized/1821_C_,Palletized/1821_C_,__setup__.stock_location_palletized,stock.warehouse0,internal,base.main_company
__setup__.stock_location_1822_A_,Palletized/1822_A_,Palletized/1822_A_,__setup__.stock_location_palletized,stock.warehouse0,internal,base.main_company
__setup__.stock_location_1822_B_,Palletized/1822_B_,Palletized/1822_B_,__setup__.stock_location_palletized,stock.warehouse0,internal,base.main_company
__setup__.stock_location_1822_C_,Palletized/1822_C_,Palletized/1822_C_,__setup__.stock_location_palletized,stock.warehouse0,internal,base.main_company
__setup__.stock_location_1823_A_,Palletized/1823_A_,Palletized/1823_A_,__setup__.stock_location_palletized,stock.warehouse0,internal,base.main_company
__setup__.stock_location_1823_B_,Palletized/1823_B_,Palletized/1823_B_,__setup__.stock_location_palletized,stock.warehouse0,internal,base.main_company
__setup__.stock_location_1823_C_,Palletized/1823_C_,Palletized/1823_C_,__setup__.stock_location_palletized,stock.warehouse0,internal,base.main_company
__setup__.stock_location_1824_A_,Palletized/1824_A_,Palletized/1824_A_,__setup__.stock_location_palletized,stock.warehouse0,internal,base.main_company
__setup__.stock_location_1824_B_,Palletized/1824_B_,Palletized/1824_B_,__setup__.stock_location_palletized,stock.warehouse0,internal,base.main_company
__setup__.stock_location_1824_C_,Palletized/1824_C_,Palletized/1824_C_,__setup__.stock_location_palletized,stock.warehouse0,internal,base.main_company
__setup__.stock_location_1901_A_,Palletized/1901_A_,Palletized/1901_A_,__setup__.stock_location_palletized,stock.warehouse0,internal,base.main_company
__setup__.stock_location_1901_B_,Palletized/1901_B_,Palletized/1901_B_,__setup__.stock_location_palletized,stock.warehouse0,internal,base.main_company
__setup__.stock_location_1901_C_,Palletized/1901_C_,Palletized/1901_C_,__setup__.stock_location_palletized,stock.warehouse0,internal,base.main_company
__setup__.stock_location_1902_A_,Palletized/1902_A_,Palletized/1902_A_,__setup__.stock_location_palletized,stock.warehouse0,internal,base.main_company
__setup__.stock_location_1902_B_,Palletized/1902_B_,Palletized/1902_B_,__setup__.stock_location_palletized,stock.warehouse0,internal,base.main_company
__setup__.stock_location_1902_C_,Palletized/1902_C_,Palletized/1902_C_,__setup__.stock_location_palletized,stock.warehouse0,internal,base.main_company
__setup__.stock_location_1903_A_,Palletized/1903_A_,Palletized/1903_A_,__setup__.stock_location_palletized,stock.warehouse0,internal,base.main_company
__setup__.stock_location_1903_B_,Palletized/1903_B_,Palletized/1903_B_,__setup__.stock_location_palletized,stock.warehouse0,internal,base.main_company
__setup__.stock_location_1903_C_,Palletized/1903_C_,Palletized/1903_C_,__setup__.stock_location_palletized,stock.warehouse0,internal,base.main_company
__setup__.stock_location_1904_A_,Palletized/1904_A_,Palletized/1904_A_,__setup__.stock_location_palletized,stock.warehouse0,internal,base.main_company
__setup__.stock_location_1904_B_,Palletized/1904_B_,Palletized/1904_B_,__setup__.stock_location_palletized,stock.warehouse0,internal,base.main_company
__setup__.stock_location_1904_C_,Palletized/1904_C_,Palletized/1904_C_,__setup__.stock_location_palletized,stock.warehouse0,internal,base.main_company
__setup__.stock_location_1905_A_,Palletized/1905_A_,Palletized/1905_A_,__setup__.stock_location_palletized,stock.warehouse0,internal,base.main_company
__setup__.stock_location_1905_B_,Palletized/1905_B_,Palletized/1905_B_,__setup__.stock_location_palletized,stock.warehouse0,internal,base.main_company
__setup__.stock_location_1905_C_,Palletized/1905_C_,Palletized/1905_C_,__setup__.stock_location_palletized,stock.warehouse0,internal,base.main_company
__setup__.stock_location_1906_A_,Palletized/1906_A_,Palletized/1906_A_,__setup__.stock_location_palletized,stock.warehouse0,internal,base.main_company
__setup__.stock_location_1906_B_,Palletized/1906_B_,Palletized/1906_B_,__setup__.stock_location_palletized,stock.warehouse0,internal,base.main_company
__setup__.stock_location_1906_C_,Palletized/1906_C_,Palletized/1906_C_,__setup__.stock_location_palletized,stock.warehouse0,internal,base.main_company
__setup__.stock_location_1907_A_,Palletized/1907_A_,Palletized/1907_A_,__setup__.stock_location_palletized,stock.warehouse0,internal,base.main_company
__setup__.stock_location_1907_B_,Palletized/1907_B_,Palletized/1907_B_,__setup__.stock_location_palletized,stock.warehouse0,internal,base.main_company
__setup__.stock_location_1907_C_,Palletized/1907_C_,Palletized/1907_C_,__setup__.stock_location_palletized,stock.warehouse0,internal,base.main_company
__setup__.stock_location_1910_A_,Palletized/1910_A_,Palletized/1910_A_,__setup__.stock_location_palletized,stock.warehouse0,internal,base.main_company
__setup__.stock_location_1910_B_,Palletized/1910_B_,Palletized/1910_B_,__setup__.stock_location_palletized,stock.warehouse0,internal,base.main_company
__setup__.stock_location_1910_C_,Palletized/1910_C_,Palletized/1910_C_,__setup__.stock_location_palletized,stock.warehouse0,internal,base.main_company
__setup__.stock_location_1911_A_,Palletized/1911_A_,Palletized/1911_A_,__setup__.stock_location_palletized,stock.warehouse0,internal,base.main_company
__setup__.stock_location_1911_B_,Palletized/1911_B_,Palletized/1911_B_,__setup__.stock_location_palletized,stock.warehouse0,internal,base.main_company
__setup__.stock_location_1911_C_,Palletized/1911_C_,Palletized/1911_C_,__setup__.stock_location_palletized,stock.warehouse0,internal,base.main_company
__setup__.stock_location_1912_A_,Palletized/1912_A_,Palletized/1912_A_,__setup__.stock_location_palletized,stock.warehouse0,internal,base.main_company
__setup__.stock_location_1912_B_,Palletized/1912_B_,Palletized/1912_B_,__setup__.stock_location_palletized,stock.warehouse0,internal,base.main_company
__setup__.stock_location_1912_C_,Palletized/1912_C_,Palletized/1912_C_,__setup__.stock_location_palletized,stock.warehouse0,internal,base.main_company
__setup__.stock_location_1913_A_,Palletized/1913_A_,Palletized/1913_A_,__setup__.stock_location_palletized,stock.warehouse0,internal,base.main_company
__setup__.stock_location_1913_B_,Palletized/1913_B_,Palletized/1913_B_,__setup__.stock_location_palletized,stock.warehouse0,internal,base.main_company
__setup__.stock_location_1913_C_,Palletized/1913_C_,Palletized/1913_C_,__setup__.stock_location_palletized,stock.warehouse0,internal,base.main_company
__setup__.stock_location_1914_A_,Palletized/1914_A_,Palletized/1914_A_,__setup__.stock_location_palletized,stock.warehouse0,internal,base.main_company
__setup__.stock_location_1914_B_,Palletized/1914_B_,Palletized/1914_B_,__setup__.stock_location_palletized,stock.warehouse0,internal,base.main_company
__setup__.stock_location_1914_C_,Palletized/1914_C_,Palletized/1914_C_,__setup__.stock_location_palletized,stock.warehouse0,internal,base.main_company
__setup__.stock_location_1919_B_,Palletized/1919_B_,Palletized/1919_B_,__setup__.stock_location_palletized,stock.warehouse0,internal,base.main_company
__setup__.stock_location_1919_C_,Palletized/1919_C_,Palletized/1919_C_,__setup__.stock_location_palletized,stock.warehouse0,internal,base.main_company
__setup__.stock_location_1920_A_,Palletized/1920_A_,Palletized/1920_A_,__setup__.stock_location_palletized,stock.warehouse0,internal,base.main_company
__setup__.stock_location_1920_B_,Palletized/1920_B_,Palletized/1920_B_,__setup__.stock_location_palletized,stock.warehouse0,internal,base.main_company
__setup__.stock_location_1920_C_,Palletized/1920_C_,Palletized/1920_C_,__setup__.stock_location_palletized,stock.warehouse0,internal,base.main_company
__setup__.stock_location_1921_A_,Palletized/1921_A_,Palletized/1921_A_,__setup__.stock_location_palletized,stock.warehouse0,internal,base.main_company
__setup__.stock_location_1921_B_,Palletized/1921_B_,Palletized/1921_B_,__setup__.stock_location_palletized,stock.warehouse0,internal,base.main_company
__setup__.stock_location_1921_C_,Palletized/1921_C_,Palletized/1921_C_,__setup__.stock_location_palletized,stock.warehouse0,internal,base.main_company
__setup__.stock_location_1922_A_,Palletized/1922_A_,Palletized/1922_A_,__setup__.stock_location_palletized,stock.warehouse0,internal,base.main_company
__setup__.stock_location_1922_B_,Palletized/1922_B_,Palletized/1922_B_,__setup__.stock_location_palletized,stock.warehouse0,internal,base.main_company
__setup__.stock_location_1922_C_,Palletized/1922_C_,Palletized/1922_C_,__setup__.stock_location_palletized,stock.warehouse0,internal,base.main_company
__setup__.stock_location_1923_A_,Palletized/1923_A_,Palletized/1923_A_,__setup__.stock_location_palletized,stock.warehouse0,internal,base.main_company
__setup__.stock_location_1923_B_,Palletized/1923_B_,Palletized/1923_B_,__setup__.stock_location_palletized,stock.warehouse0,internal,base.main_company
__setup__.stock_location_1923_C_,Palletized/1923_C_,Palletized/1923_C_,__setup__.stock_location_palletized,stock.warehouse0,internal,base.main_company
__setup__.stock_location_1924_A_,Palletized/1924_A_,Palletized/1924_A_,__setup__.stock_location_palletized,stock.warehouse0,internal,base.main_company
__setup__.stock_location_1924_B_,Palletized/1924_B_,Palletized/1924_B_,__setup__.stock_location_palletized,stock.warehouse0,internal,base.main_company
__setup__.stock_location_1924_C_,Palletized/1924_C_,Palletized/1924_C_,__setup__.stock_location_palletized,stock.warehouse0,internal,base.main_company
__setup__.stock_location_2001_A_,Palletized/2001_A_,Palletized/2001_A_,__setup__.stock_location_palletized,stock.warehouse0,internal,base.main_company
__setup__.stock_location_2001_B_,Palletized/2001_B_,Palletized/2001_B_,__setup__.stock_location_palletized,stock.warehouse0,internal,base.main_company
__setup__.stock_location_2001_C_,Palletized/2001_C_,Palletized/2001_C_,__setup__.stock_location_palletized,stock.warehouse0,internal,base.main_company
__setup__.stock_location_2002_A_,Palletized/2002_A_,Palletized/2002_A_,__setup__.stock_location_palletized,stock.warehouse0,internal,base.main_company
__setup__.stock_location_2002_B_,Palletized/2002_B_,Palletized/2002_B_,__setup__.stock_location_palletized,stock.warehouse0,internal,base.main_company
__setup__.stock_location_2002_C_,Palletized/2002_C_,Palletized/2002_C_,__setup__.stock_location_palletized,stock.warehouse0,internal,base.main_company
__setup__.stock_location_2003_A_,Palletized/2003_A_,Palletized/2003_A_,__setup__.stock_location_palletized,stock.warehouse0,internal,base.main_company
__setup__.stock_location_2003_B_,Palletized/2003_B_,Palletized/2003_B_,__setup__.stock_location_palletized,stock.warehouse0,internal,base.main_company
__setup__.stock_location_2003_C_,Palletized/2003_C_,Palletized/2003_C_,__setup__.stock_location_palletized,stock.warehouse0,internal,base.main_company
__setup__.stock_location_2004_A_,Palletized/2004_A_,Palletized/2004_A_,__setup__.stock_location_palletized,stock.warehouse0,internal,base.main_company
__setup__.stock_location_2004_B_,Palletized/2004_B_,Palletized/2004_B_,__setup__.stock_location_palletized,stock.warehouse0,internal,base.main_company
__setup__.stock_location_2004_C_,Palletized/2004_C_,Palletized/2004_C_,__setup__.stock_location_palletized,stock.warehouse0,internal,base.main_company
__setup__.stock_location_2005_A_,Palletized/2005_A_,Palletized/2005_A_,__setup__.stock_location_palletized,stock.warehouse0,internal,base.main_company
__setup__.stock_location_2005_B_,Palletized/2005_B_,Palletized/2005_B_,__setup__.stock_location_palletized,stock.warehouse0,internal,base.main_company
__setup__.stock_location_2005_C_,Palletized/2005_C_,Palletized/2005_C_,__setup__.stock_location_palletized,stock.warehouse0,internal,base.main_company
__setup__.stock_location_2006_A_,Palletized/2006_A_,Palletized/2006_A_,__setup__.stock_location_palletized,stock.warehouse0,internal,base.main_company
__setup__.stock_location_2006_B_,Palletized/2006_B_,Palletized/2006_B_,__setup__.stock_location_palletized,stock.warehouse0,internal,base.main_company
__setup__.stock_location_2006_C_,Palletized/2006_C_,Palletized/2006_C_,__setup__.stock_location_palletized,stock.warehouse0,internal,base.main_company
__setup__.stock_location_2007_A_,Palletized/2007_A_,Palletized/2007_A_,__setup__.stock_location_palletized,stock.warehouse0,internal,base.main_company
__setup__.stock_location_2007_B_,Palletized/2007_B_,Palletized/2007_B_,__setup__.stock_location_palletized,stock.warehouse0,internal,base.main_company
__setup__.stock_location_2007_C_,Palletized/2007_C_,Palletized/2007_C_,__setup__.stock_location_palletized,stock.warehouse0,internal,base.main_company
__setup__.stock_location_2010_A_,Palletized/2010_A_,Palletized/2010_A_,__setup__.stock_location_palletized,stock.warehouse0,internal,base.main_company
__setup__.stock_location_2010_B_,Palletized/2010_B_,Palletized/2010_B_,__setup__.stock_location_palletized,stock.warehouse0,internal,base.main_company
__setup__.stock_location_2010_C_,Palletized/2010_C_,Palletized/2010_C_,__setup__.stock_location_palletized,stock.warehouse0,internal,base.main_company
__setup__.stock_location_2011_A_,Palletized/2011_A_,Palletized/2011_A_,__setup__.stock_location_palletized,stock.warehouse0,internal,base.main_company
__setup__.stock_location_2011_B_,Palletized/2011_B_,Palletized/2011_B_,__setup__.stock_location_palletized,stock.warehouse0,internal,base.main_company
__setup__.stock_location_2011_C_,Palletized/2011_C_,Palletized/2011_C_,__setup__.stock_location_palletized,stock.warehouse0,internal,base.main_company
__setup__.stock_location_2012_A_,Palletized/2012_A_,Palletized/2012_A_,__setup__.stock_location_palletized,stock.warehouse0,internal,base.main_company
__setup__.stock_location_2012_B_,Palletized/2012_B_,Palletized/2012_B_,__setup__.stock_location_palletized,stock.warehouse0,internal,base.main_company
__setup__.stock_location_2012_C_,Palletized/2012_C_,Palletized/2012_C_,__setup__.stock_location_palletized,stock.warehouse0,internal,base.main_company
__setup__.stock_location_2013_A_,Palletized/2013_A_,Palletized/2013_A_,__setup__.stock_location_palletized,stock.warehouse0,internal,base.main_company
__setup__.stock_location_2013_B_,Palletized/2013_B_,Palletized/2013_B_,__setup__.stock_location_palletized,stock.warehouse0,internal,base.main_company
__setup__.stock_location_2013_C_,Palletized/2013_C_,Palletized/2013_C_,__setup__.stock_location_palletized,stock.warehouse0,internal,base.main_company
__setup__.stock_location_2014_A_,Palletized/2014_A_,Palletized/2014_A_,__setup__.stock_location_palletized,stock.warehouse0,internal,base.main_company
__setup__.stock_location_2014_B_,Palletized/2014_B_,Palletized/2014_B_,__setup__.stock_location_palletized,stock.warehouse0,internal,base.main_company
__setup__.stock_location_2014_C_,Palletized/2014_C_,Palletized/2014_C_,__setup__.stock_location_palletized,stock.warehouse0,internal,base.main_company
__setup__.stock_location_2019_B_,Palletized/2019_B_,Palletized/2019_B_,__setup__.stock_location_palletized,stock.warehouse0,internal,base.main_company
__setup__.stock_location_2019_C_,Palletized/2019_C_,Palletized/2019_C_,__setup__.stock_location_palletized,stock.warehouse0,internal,base.main_company
__setup__.stock_location_2020_A_,Palletized/2020_A_,Palletized/2020_A_,__setup__.stock_location_palletized,stock.warehouse0,internal,base.main_company
__setup__.stock_location_2020_B_,Palletized/2020_B_,Palletized/2020_B_,__setup__.stock_location_palletized,stock.warehouse0,internal,base.main_company
__setup__.stock_location_2020_C_,Palletized/2020_C_,Palletized/2020_C_,__setup__.stock_location_palletized,stock.warehouse0,internal,base.main_company
__setup__.stock_location_2021_A_,Palletized/2021_A_,Palletized/2021_A_,__setup__.stock_location_palletized,stock.warehouse0,internal,base.main_company
__setup__.stock_location_2021_B_,Palletized/2021_B_,Palletized/2021_B_,__setup__.stock_location_palletized,stock.warehouse0,internal,base.main_company
__setup__.stock_location_2021_C_,Palletized/2021_C_,Palletized/2021_C_,__setup__.stock_location_palletized,stock.warehouse0,internal,base.main_company
__setup__.stock_location_2022_A_,Palletized/2022_A_,Palletized/2022_A_,__setup__.stock_location_palletized,stock.warehouse0,internal,base.main_company
__setup__.stock_location_2022_B_,Palletized/2022_B_,Palletized/2022_B_,__setup__.stock_location_palletized,stock.warehouse0,internal,base.main_company
__setup__.stock_location_2022_C_,Palletized/2022_C_,Palletized/2022_C_,__setup__.stock_location_palletized,stock.warehouse0,internal,base.main_company
__setup__.stock_location_2023_A_,Palletized/2023_A_,Palletized/2023_A_,__setup__.stock_location_palletized,stock.warehouse0,internal,base.main_company
__setup__.stock_location_2023_B_,Palletized/2023_B_,Palletized/2023_B_,__setup__.stock_location_palletized,stock.warehouse0,internal,base.main_company
__setup__.stock_location_2023_C_,Palletized/2023_C_,Palletized/2023_C_,__setup__.stock_location_palletized,stock.warehouse0,internal,base.main_company
__setup__.stock_location_2024_A_,Palletized/2024_A_,Palletized/2024_A_,__setup__.stock_location_palletized,stock.warehouse0,internal,base.main_company
__setup__.stock_location_2024_B_,Palletized/2024_B_,Palletized/2024_B_,__setup__.stock_location_palletized,stock.warehouse0,internal,base.main_company
__setup__.stock_location_2024_C_,Palletized/2024_C_,Palletized/2024_C_,__setup__.stock_location_palletized,stock.warehouse0,internal,base.main_company
__setup__.stock_location_2101_A_,Palletized/2101_A_,Palletized/2101_A_,__setup__.stock_location_palletized,stock.warehouse0,internal,base.main_company
__setup__.stock_location_2101_B_,Palletized/2101_B_,Palletized/2101_B_,__setup__.stock_location_palletized,stock.warehouse0,internal,base.main_company
__setup__.stock_location_2101_C_,Palletized/2101_C_,Palletized/2101_C_,__setup__.stock_location_palletized,stock.warehouse0,internal,base.main_company
__setup__.stock_location_2102_A_,Palletized/2102_A_,Palletized/2102_A_,__setup__.stock_location_palletized,stock.warehouse0,internal,base.main_company
__setup__.stock_location_2102_B_,Palletized/2102_B_,Palletized/2102_B_,__setup__.stock_location_palletized,stock.warehouse0,internal,base.main_company
__setup__.stock_location_2102_C_,Palletized/2102_C_,Palletized/2102_C_,__setup__.stock_location_palletized,stock.warehouse0,internal,base.main_company
__setup__.stock_location_2103_A_,Palletized/2103_A_,Palletized/2103_A_,__setup__.stock_location_palletized,stock.warehouse0,internal,base.main_company
__setup__.stock_location_2103_B_,Palletized/2103_B_,Palletized/2103_B_,__setup__.stock_location_palletized,stock.warehouse0,internal,base.main_company
__setup__.stock_location_2103_C_,Palletized/2103_C_,Palletized/2103_C_,__setup__.stock_location_palletized,stock.warehouse0,internal,base.main_company
__setup__.stock_location_2104_A_,Palletized/2104_A_,Palletized/2104_A_,__setup__.stock_location_palletized,stock.warehouse0,internal,base.main_company
__setup__.stock_location_2104_B_,Palletized/2104_B_,Palletized/2104_B_,__setup__.stock_location_palletized,stock.warehouse0,internal,base.main_company
__setup__.stock_location_2104_C_,Palletized/2104_C_,Palletized/2104_C_,__setup__.stock_location_palletized,stock.warehouse0,internal,base.main_company
__setup__.stock_location_2105_A_,Palletized/2105_A_,Palletized/2105_A_,__setup__.stock_location_palletized,stock.warehouse0,internal,base.main_company
__setup__.stock_location_2105_B_,Palletized/2105_B_,Palletized/2105_B_,__setup__.stock_location_palletized,stock.warehouse0,internal,base.main_company
__setup__.stock_location_2105_C_,Palletized/2105_C_,Palletized/2105_C_,__setup__.stock_location_palletized,stock.warehouse0,internal,base.main_company
__setup__.stock_location_2106_A_,Palletized/2106_A_,Palletized/2106_A_,__setup__.stock_location_palletized,stock.warehouse0,internal,base.main_company
__setup__.stock_location_2106_B_,Palletized/2106_B_,Palletized/2106_B_,__setup__.stock_location_palletized,stock.warehouse0,internal,base.main_company
__setup__.stock_location_2106_C_,Palletized/2106_C_,Palletized/2106_C_,__setup__.stock_location_palletized,stock.warehouse0,internal,base.main_company
__setup__.stock_location_2107_A_,Palletized/2107_A_,Palletized/2107_A_,__setup__.stock_location_palletized,stock.warehouse0,internal,base.main_company
__setup__.stock_location_2107_B_,Palletized/2107_B_,Palletized/2107_B_,__setup__.stock_location_palletized,stock.warehouse0,internal,base.main_company
__setup__.stock_location_2107_C_,Palletized/2107_C_,Palletized/2107_C_,__setup__.stock_location_palletized,stock.warehouse0,internal,base.main_company
__setup__.stock_location_2110_A_,Palletized/2110_A_,Palletized/2110_A_,__setup__.stock_location_palletized,stock.warehouse0,internal,base.main_company
__setup__.stock_location_2110_B_,Palletized/2110_B_,Palletized/2110_B_,__setup__.stock_location_palletized,stock.warehouse0,internal,base.main_company
__setup__.stock_location_2110_C_,Palletized/2110_C_,Palletized/2110_C_,__setup__.stock_location_palletized,stock.warehouse0,internal,base.main_company
__setup__.stock_location_2111_A_,Palletized/2111_A_,Palletized/2111_A_,__setup__.stock_location_palletized,stock.warehouse0,internal,base.main_company
__setup__.stock_location_2111_B_,Palletized/2111_B_,Palletized/2111_B_,__setup__.stock_location_palletized,stock.warehouse0,internal,base.main_company
__setup__.stock_location_2111_C_,Palletized/2111_C_,Palletized/2111_C_,__setup__.stock_location_palletized,stock.warehouse0,internal,base.main_company
__setup__.stock_location_2112_A_,Palletized/2112_A_,Palletized/2112_A_,__setup__.stock_location_palletized,stock.warehouse0,internal,base.main_company
__setup__.stock_location_2112_B_,Palletized/2112_B_,Palletized/2112_B_,__setup__.stock_location_palletized,stock.warehouse0,internal,base.main_company
__setup__.stock_location_2112_C_,Palletized/2112_C_,Palletized/2112_C_,__setup__.stock_location_palletized,stock.warehouse0,internal,base.main_company
__setup__.stock_location_2113_A_,Palletized/2113_A_,Palletized/2113_A_,__setup__.stock_location_palletized,stock.warehouse0,internal,base.main_company
__setup__.stock_location_2113_B_,Palletized/2113_B_,Palletized/2113_B_,__setup__.stock_location_palletized,stock.warehouse0,internal,base.main_company
__setup__.stock_location_2113_C_,Palletized/2113_C_,Palletized/2113_C_,__setup__.stock_location_palletized,stock.warehouse0,internal,base.main_company
__setup__.stock_location_2114_A_,Palletized/2114_A_,Palletized/2114_A_,__setup__.stock_location_palletized,stock.warehouse0,internal,base.main_company
__setup__.stock_location_2114_B_,Palletized/2114_B_,Palletized/2114_B_,__setup__.stock_location_palletized,stock.warehouse0,internal,base.main_company
__setup__.stock_location_2114_C_,Palletized/2114_C_,Palletized/2114_C_,__setup__.stock_location_palletized,stock.warehouse0,internal,base.main_company
__setup__.stock_location_2115_A_,Palletized/2115_A_,Palletized/2115_A_,__setup__.stock_location_palletized,stock.warehouse0,internal,base.main_company
__setup__.stock_location_2115_B_,Palletized/2115_B_,Palletized/2115_B_,__setup__.stock_location_palletized,stock.warehouse0,internal,base.main_company
__setup__.stock_location_2115_C_,Palletized/2115_C_,Palletized/2115_C_,__setup__.stock_location_palletized,stock.warehouse0,internal,base.main_company
__setup__.stock_location_2116_A_,Palletized/2116_A_,Palletized/2116_A_,__setup__.stock_location_palletized,stock.warehouse0,internal,base.main_company
__setup__.stock_location_2116_B_,Palletized/2116_B_,Palletized/2116_B_,__setup__.stock_location_palletized,stock.warehouse0,internal,base.main_company
__setup__.stock_location_2116_C_,Palletized/2116_C_,Palletized/2116_C_,__setup__.stock_location_palletized,stock.warehouse0,internal,base.main_company
__setup__.stock_location_2117_A_,Palletized/2117_A_,Palletized/2117_A_,__setup__.stock_location_palletized,stock.warehouse0,internal,base.main_company
__setup__.stock_location_2117_B_,Palletized/2117_B_,Palletized/2117_B_,__setup__.stock_location_palletized,stock.warehouse0,internal,base.main_company
__setup__.stock_location_2117_C_,Palletized/2117_C_,Palletized/2117_C_,__setup__.stock_location_palletized,stock.warehouse0,internal,base.main_company
__setup__.stock_location_2118_A_,Palletized/2118_A_,Palletized/2118_A_,__setup__.stock_location_palletized,stock.warehouse0,internal,base.main_company
__setup__.stock_location_2118_B_,Palletized/2118_B_,Palletized/2118_B_,__setup__.stock_location_palletized,stock.warehouse0,internal,base.main_company
__setup__.stock_location_2118_C_,Palletized/2118_C_,Palletized/2118_C_,__setup__.stock_location_palletized,stock.warehouse0,internal,base.main_company
__setup__.stock_location_2119_A_,Palletized/2119_A_,Palletized/2119_A_,__setup__.stock_location_palletized,stock.warehouse0,internal,base.main_company
__setup__.stock_location_2119_B_,Palletized/2119_B_,Palletized/2119_B_,__setup__.stock_location_palletized,stock.warehouse0,internal,base.main_company
__setup__.stock_location_2119_C_,Palletized/2119_C_,Palletized/2119_C_,__setup__.stock_location_palletized,stock.warehouse0,internal,base.main_company
__setup__.stock_location_2120_A_,Palletized/2120_A_,Palletized/2120_A_,__setup__.stock_location_palletized,stock.warehouse0,internal,base.main_company
__setup__.stock_location_2120_B_,Palletized/2120_B_,Palletized/2120_B_,__setup__.stock_location_palletized,stock.warehouse0,internal,base.main_company
__setup__.stock_location_2120_C_,Palletized/2120_C_,Palletized/2120_C_,__setup__.stock_location_palletized,stock.warehouse0,internal,base.main_company
__setup__.stock_location_2121_A_,Palletized/2121_A_,Palletized/2121_A_,__setup__.stock_location_palletized,stock.warehouse0,internal,base.main_company
__setup__.stock_location_2121_B_,Palletized/2121_B_,Palletized/2121_B_,__setup__.stock_location_palletized,stock.warehouse0,internal,base.main_company
__setup__.stock_location_2121_C_,Palletized/2121_C_,Palletized/2121_C_,__setup__.stock_location_palletized,stock.warehouse0,internal,base.main_company
__setup__.stock_location_2122_A_,Palletized/2122_A_,Palletized/2122_A_,__setup__.stock_location_palletized,stock.warehouse0,internal,base.main_company
__setup__.stock_location_2122_B_,Palletized/2122_B_,Palletized/2122_B_,__setup__.stock_location_palletized,stock.warehouse0,internal,base.main_company
__setup__.stock_location_2122_C_,Palletized/2122_C_,Palletized/2122_C_,__setup__.stock_location_palletized,stock.warehouse0,internal,base.main_company
__setup__.stock_location_2123_A_,Palletized/2123_A_,Palletized/2123_A_,__setup__.stock_location_palletized,stock.warehouse0,internal,base.main_company
__setup__.stock_location_2123_B_,Palletized/2123_B_,Palletized/2123_B_,__setup__.stock_location_palletized,stock.warehouse0,internal,base.main_company
__setup__.stock_location_2123_C_,Palletized/2123_C_,Palletized/2123_C_,__setup__.stock_location_palletized,stock.warehouse0,internal,base.main_company
__setup__.stock_location_2124_A_,Palletized/2124_A_,Palletized/2124_A_,__setup__.stock_location_palletized,stock.warehouse0,internal,base.main_company
__setup__.stock_location_2124_B_,Palletized/2124_B_,Palletized/2124_B_,__setup__.stock_location_palletized,stock.warehouse0,internal,base.main_company
__setup__.stock_location_2124_C_,Palletized/2124_C_,Palletized/2124_C_,__setup__.stock_location_palletized,stock.warehouse0,internal,base.main_company
__setup__.stock_location_2201_A_,Palletized/2201_A_,Palletized/2201_A_,__setup__.stock_location_palletized,stock.warehouse0,internal,base.main_company
__setup__.stock_location_2201_B_,Palletized/2201_B_,Palletized/2201_B_,__setup__.stock_location_palletized,stock.warehouse0,internal,base.main_company
__setup__.stock_location_2201_C_,Palletized/2201_C_,Palletized/2201_C_,__setup__.stock_location_palletized,stock.warehouse0,internal,base.main_company
__setup__.stock_location_2202_A_,Palletized/2202_A_,Palletized/2202_A_,__setup__.stock_location_palletized,stock.warehouse0,internal,base.main_company
__setup__.stock_location_2202_B_,Palletized/2202_B_,Palletized/2202_B_,__setup__.stock_location_palletized,stock.warehouse0,internal,base.main_company
__setup__.stock_location_2202_C_,Palletized/2202_C_,Palletized/2202_C_,__setup__.stock_location_palletized,stock.warehouse0,internal,base.main_company
__setup__.stock_location_2203_A_,Palletized/2203_A_,Palletized/2203_A_,__setup__.stock_location_palletized,stock.warehouse0,internal,base.main_company
__setup__.stock_location_2203_B_,Palletized/2203_B_,Palletized/2203_B_,__setup__.stock_location_palletized,stock.warehouse0,internal,base.main_company
__setup__.stock_location_2203_C_,Palletized/2203_C_,Palletized/2203_C_,__setup__.stock_location_palletized,stock.warehouse0,internal,base.main_company
__setup__.stock_location_2204_A_,Palletized/2204_A_,Palletized/2204_A_,__setup__.stock_location_palletized,stock.warehouse0,internal,base.main_company
__setup__.stock_location_2204_B_,Palletized/2204_B_,Palletized/2204_B_,__setup__.stock_location_palletized,stock.warehouse0,internal,base.main_company
__setup__.stock_location_2204_C_,Palletized/2204_C_,Palletized/2204_C_,__setup__.stock_location_palletized,stock.warehouse0,internal,base.main_company
__setup__.stock_location_2205_A_,Palletized/2205_A_,Palletized/2205_A_,__setup__.stock_location_palletized,stock.warehouse0,internal,base.main_company
__setup__.stock_location_2205_B_,Palletized/2205_B_,Palletized/2205_B_,__setup__.stock_location_palletized,stock.warehouse0,internal,base.main_company
__setup__.stock_location_2205_C_,Palletized/2205_C_,Palletized/2205_C_,__setup__.stock_location_palletized,stock.warehouse0,internal,base.main_company
__setup__.stock_location_2206_A_,Palletized/2206_A_,Palletized/2206_A_,__setup__.stock_location_palletized,stock.warehouse0,internal,base.main_company
__setup__.stock_location_2206_B_,Palletized/2206_B_,Palletized/2206_B_,__setup__.stock_location_palletized,stock.warehouse0,internal,base.main_company
__setup__.stock_location_2206_C_,Palletized/2206_C_,Palletized/2206_C_,__setup__.stock_location_palletized,stock.warehouse0,internal,base.main_company
__setup__.stock_location_2207_A_,Palletized/2207_A_,Palletized/2207_A_,__setup__.stock_location_palletized,stock.warehouse0,internal,base.main_company
__setup__.stock_location_2207_B_,Palletized/2207_B_,Palletized/2207_B_,__setup__.stock_location_palletized,stock.warehouse0,internal,base.main_company
__setup__.stock_location_2207_C_,Palletized/2207_C_,Palletized/2207_C_,__setup__.stock_location_palletized,stock.warehouse0,internal,base.main_company
__setup__.stock_location_2210_A_,Palletized/2210_A_,Palletized/2210_A_,__setup__.stock_location_palletized,stock.warehouse0,internal,base.main_company
__setup__.stock_location_2210_B_,Palletized/2210_B_,Palletized/2210_B_,__setup__.stock_location_palletized,stock.warehouse0,internal,base.main_company
__setup__.stock_location_2210_C_,Palletized/2210_C_,Palletized/2210_C_,__setup__.stock_location_palletized,stock.warehouse0,internal,base.main_company
__setup__.stock_location_2211_A_,Palletized/2211_A_,Palletized/2211_A_,__setup__.stock_location_palletized,stock.warehouse0,internal,base.main_company
__setup__.stock_location_2211_B_,Palletized/2211_B_,Palletized/2211_B_,__setup__.stock_location_palletized,stock.warehouse0,internal,base.main_company
__setup__.stock_location_2211_C_,Palletized/2211_C_,Palletized/2211_C_,__setup__.stock_location_palletized,stock.warehouse0,internal,base.main_company
__setup__.stock_location_2212_A_,Palletized/2212_A_,Palletized/2212_A_,__setup__.stock_location_palletized,stock.warehouse0,internal,base.main_company
__setup__.stock_location_2212_B_,Palletized/2212_B_,Palletized/2212_B_,__setup__.stock_location_palletized,stock.warehouse0,internal,base.main_company
__setup__.stock_location_2212_C_,Palletized/2212_C_,Palletized/2212_C_,__setup__.stock_location_palletized,stock.warehouse0,internal,base.main_company
__setup__.stock_location_2213_A_,Palletized/2213_A_,Palletized/2213_A_,__setup__.stock_location_palletized,stock.warehouse0,internal,base.main_company
__setup__.stock_location_2213_B_,Palletized/2213_B_,Palletized/2213_B_,__setup__.stock_location_palletized,stock.warehouse0,internal,base.main_company
__setup__.stock_location_2213_C_,Palletized/2213_C_,Palletized/2213_C_,__setup__.stock_location_palletized,stock.warehouse0,internal,base.main_company
__setup__.stock_location_2214_A_,Palletized/2214_A_,Palletized/2214_A_,__setup__.stock_location_palletized,stock.warehouse0,internal,base.main_company
__setup__.stock_location_2214_B_,Palletized/2214_B_,Palletized/2214_B_,__setup__.stock_location_palletized,stock.warehouse0,internal,base.main_company
__setup__.stock_location_2214_C_,Palletized/2214_C_,Palletized/2214_C_,__setup__.stock_location_palletized,stock.warehouse0,internal,base.main_company
__setup__.stock_location_2215_A_,Palletized/2215_A_,Palletized/2215_A_,__setup__.stock_location_palletized,stock.warehouse0,internal,base.main_company
__setup__.stock_location_2215_B_,Palletized/2215_B_,Palletized/2215_B_,__setup__.stock_location_palletized,stock.warehouse0,internal,base.main_company
__setup__.stock_location_2215_C_,Palletized/2215_C_,Palletized/2215_C_,__setup__.stock_location_palletized,stock.warehouse0,internal,base.main_company
__setup__.stock_location_2216_A_,Palletized/2216_A_,Palletized/2216_A_,__setup__.stock_location_palletized,stock.warehouse0,internal,base.main_company
__setup__.stock_location_2216_B_,Palletized/2216_B_,Palletized/2216_B_,__setup__.stock_location_palletized,stock.warehouse0,internal,base.main_company
__setup__.stock_location_2216_C_,Palletized/2216_C_,Palletized/2216_C_,__setup__.stock_location_palletized,stock.warehouse0,internal,base.main_company
__setup__.stock_location_2217_A_,Palletized/2217_A_,Palletized/2217_A_,__setup__.stock_location_palletized,stock.warehouse0,internal,base.main_company
__setup__.stock_location_2217_B_,Palletized/2217_B_,Palletized/2217_B_,__setup__.stock_location_palletized,stock.warehouse0,internal,base.main_company
__setup__.stock_location_2217_C_,Palletized/2217_C_,Palletized/2217_C_,__setup__.stock_location_palletized,stock.warehouse0,internal,base.main_company
__setup__.stock_location_2218_A_,Palletized/2218_A_,Palletized/2218_A_,__setup__.stock_location_palletized,stock.warehouse0,internal,base.main_company
__setup__.stock_location_2218_B_,Palletized/2218_B_,Palletized/2218_B_,__setup__.stock_location_palletized,stock.warehouse0,internal,base.main_company
__setup__.stock_location_2218_C_,Palletized/2218_C_,Palletized/2218_C_,__setup__.stock_location_palletized,stock.warehouse0,internal,base.main_company
__setup__.stock_location_2219_A_,Palletized/2219_A_,Palletized/2219_A_,__setup__.stock_location_palletized,stock.warehouse0,internal,base.main_company
__setup__.stock_location_2219_B_,Palletized/2219_B_,Palletized/2219_B_,__setup__.stock_location_palletized,stock.warehouse0,internal,base.main_company
__setup__.stock_location_2219_C_,Palletized/2219_C_,Palletized/2219_C_,__setup__.stock_location_palletized,stock.warehouse0,internal,base.main_company
__setup__.stock_location_2220_A_,Palletized/2220_A_,Palletized/2220_A_,__setup__.stock_location_palletized,stock.warehouse0,internal,base.main_company
__setup__.stock_location_2220_B_,Palletized/2220_B_,Palletized/2220_B_,__setup__.stock_location_palletized,stock.warehouse0,internal,base.main_company
__setup__.stock_location_2220_C_,Palletized/2220_C_,Palletized/2220_C_,__setup__.stock_location_palletized,stock.warehouse0,internal,base.main_company
__setup__.stock_location_2221_A_,Palletized/2221_A_,Palletized/2221_A_,__setup__.stock_location_palletized,stock.warehouse0,internal,base.main_company
__setup__.stock_location_2221_B_,Palletized/2221_B_,Palletized/2221_B_,__setup__.stock_location_palletized,stock.warehouse0,internal,base.main_company
__setup__.stock_location_2221_C_,Palletized/2221_C_,Palletized/2221_C_,__setup__.stock_location_palletized,stock.warehouse0,internal,base.main_company
__setup__.stock_location_2222_A_,Palletized/2222_A_,Palletized/2222_A_,__setup__.stock_location_palletized,stock.warehouse0,internal,base.main_company
__setup__.stock_location_2222_B_,Palletized/2222_B_,Palletized/2222_B_,__setup__.stock_location_palletized,stock.warehouse0,internal,base.main_company
__setup__.stock_location_2222_C_,Palletized/2222_C_,Palletized/2222_C_,__setup__.stock_location_palletized,stock.warehouse0,internal,base.main_company
__setup__.stock_location_2223_A_,Palletized/2223_A_,Palletized/2223_A_,__setup__.stock_location_palletized,stock.warehouse0,internal,base.main_company
__setup__.stock_location_2223_B_,Palletized/2223_B_,Palletized/2223_B_,__setup__.stock_location_palletized,stock.warehouse0,internal,base.main_company
__setup__.stock_location_2223_C_,Palletized/2223_C_,Palletized/2223_C_,__setup__.stock_location_palletized,stock.warehouse0,internal,base.main_company
__setup__.stock_location_2224_A_,Palletized/2224_A_,Palletized/2224_A_,__setup__.stock_location_palletized,stock.warehouse0,internal,base.main_company
__setup__.stock_location_2224_B_,Palletized/2224_B_,Palletized/2224_B_,__setup__.stock_location_palletized,stock.warehouse0,internal,base.main_company
__setup__.stock_location_2224_C_,Palletized/2224_C_,Palletized/2224_C_,__setup__.stock_location_palletized,stock.warehouse0,internal,base.main_company
__setup__.stock_location_2301_A_,Palletized/2301_A_,Palletized/2301_A_,__setup__.stock_location_palletized,stock.warehouse0,internal,base.main_company
__setup__.stock_location_2301_B_,Palletized/2301_B_,Palletized/2301_B_,__setup__.stock_location_palletized,stock.warehouse0,internal,base.main_company
__setup__.stock_location_2301_C_,Palletized/2301_C_,Palletized/2301_C_,__setup__.stock_location_palletized,stock.warehouse0,internal,base.main_company
__setup__.stock_location_2302_A_,Palletized/2302_A_,Palletized/2302_A_,__setup__.stock_location_palletized,stock.warehouse0,internal,base.main_company
__setup__.stock_location_2302_B_,Palletized/2302_B_,Palletized/2302_B_,__setup__.stock_location_palletized,stock.warehouse0,internal,base.main_company
__setup__.stock_location_2302_C_,Palletized/2302_C_,Palletized/2302_C_,__setup__.stock_location_palletized,stock.warehouse0,internal,base.main_company
__setup__.stock_location_2303_A_,Palletized/2303_A_,Palletized/2303_A_,__setup__.stock_location_palletized,stock.warehouse0,internal,base.main_company
__setup__.stock_location_2303_B_,Palletized/2303_B_,Palletized/2303_B_,__setup__.stock_location_palletized,stock.warehouse0,internal,base.main_company
__setup__.stock_location_2303_C_,Palletized/2303_C_,Palletized/2303_C_,__setup__.stock_location_palletized,stock.warehouse0,internal,base.main_company
__setup__.stock_location_2304_A_,Palletized/2304_A_,Palletized/2304_A_,__setup__.stock_location_palletized,stock.warehouse0,internal,base.main_company
__setup__.stock_location_2304_B_,Palletized/2304_B_,Palletized/2304_B_,__setup__.stock_location_palletized,stock.warehouse0,internal,base.main_company
__setup__.stock_location_2304_C_,Palletized/2304_C_,Palletized/2304_C_,__setup__.stock_location_palletized,stock.warehouse0,internal,base.main_company
__setup__.stock_location_2305_A_,Palletized/2305_A_,Palletized/2305_A_,__setup__.stock_location_palletized,stock.warehouse0,internal,base.main_company
__setup__.stock_location_2305_B_,Palletized/2305_B_,Palletized/2305_B_,__setup__.stock_location_palletized,stock.warehouse0,internal,base.main_company
__setup__.stock_location_2305_C_,Palletized/2305_C_,Palletized/2305_C_,__setup__.stock_location_palletized,stock.warehouse0,internal,base.main_company
__setup__.stock_location_2306_A_,Palletized/2306_A_,Palletized/2306_A_,__setup__.stock_location_palletized,stock.warehouse0,internal,base.main_company
__setup__.stock_location_2306_B_,Palletized/2306_B_,Palletized/2306_B_,__setup__.stock_location_palletized,stock.warehouse0,internal,base.main_company
__setup__.stock_location_2306_C_,Palletized/2306_C_,Palletized/2306_C_,__setup__.stock_location_palletized,stock.warehouse0,internal,base.main_company
__setup__.stock_location_2307_A_,Palletized/2307_A_,Palletized/2307_A_,__setup__.stock_location_palletized,stock.warehouse0,internal,base.main_company
__setup__.stock_location_2307_B_,Palletized/2307_B_,Palletized/2307_B_,__setup__.stock_location_palletized,stock.warehouse0,internal,base.main_company
__setup__.stock_location_2307_C_,Palletized/2307_C_,Palletized/2307_C_,__setup__.stock_location_palletized,stock.warehouse0,internal,base.main_company
__setup__.stock_location_2310_A_,Palletized/2310_A_,Palletized/2310_A_,__setup__.stock_location_palletized,stock.warehouse0,internal,base.main_company
__setup__.stock_location_2310_B_,Palletized/2310_B_,Palletized/2310_B_,__setup__.stock_location_palletized,stock.warehouse0,internal,base.main_company
__setup__.stock_location_2310_C_,Palletized/2310_C_,Palletized/2310_C_,__setup__.stock_location_palletized,stock.warehouse0,internal,base.main_company
__setup__.stock_location_2311_A_,Palletized/2311_A_,Palletized/2311_A_,__setup__.stock_location_palletized,stock.warehouse0,internal,base.main_company
__setup__.stock_location_2311_B_,Palletized/2311_B_,Palletized/2311_B_,__setup__.stock_location_palletized,stock.warehouse0,internal,base.main_company
__setup__.stock_location_2311_C_,Palletized/2311_C_,Palletized/2311_C_,__setup__.stock_location_palletized,stock.warehouse0,internal,base.main_company
__setup__.stock_location_2312_A_,Palletized/2312_A_,Palletized/2312_A_,__setup__.stock_location_palletized,stock.warehouse0,internal,base.main_company
__setup__.stock_location_2312_B_,Palletized/2312_B_,Palletized/2312_B_,__setup__.stock_location_palletized,stock.warehouse0,internal,base.main_company
__setup__.stock_location_2312_C_,Palletized/2312_C_,Palletized/2312_C_,__setup__.stock_location_palletized,stock.warehouse0,internal,base.main_company
__setup__.stock_location_2313_A_,Palletized/2313_A_,Palletized/2313_A_,__setup__.stock_location_palletized,stock.warehouse0,internal,base.main_company
__setup__.stock_location_2313_B_,Palletized/2313_B_,Palletized/2313_B_,__setup__.stock_location_palletized,stock.warehouse0,internal,base.main_company
__setup__.stock_location_2313_C_,Palletized/2313_C_,Palletized/2313_C_,__setup__.stock_location_palletized,stock.warehouse0,internal,base.main_company
__setup__.stock_location_2314_A_,Palletized/2314_A_,Palletized/2314_A_,__setup__.stock_location_palletized,stock.warehouse0,internal,base.main_company
__setup__.stock_location_2314_B_,Palletized/2314_B_,Palletized/2314_B_,__setup__.stock_location_palletized,stock.warehouse0,internal,base.main_company
__setup__.stock_location_2314_C_,Palletized/2314_C_,Palletized/2314_C_,__setup__.stock_location_palletized,stock.warehouse0,internal,base.main_company
__setup__.stock_location_2315_A_,Palletized/2315_A_,Palletized/2315_A_,__setup__.stock_location_palletized,stock.warehouse0,internal,base.main_company
__setup__.stock_location_2315_B_,Palletized/2315_B_,Palletized/2315_B_,__setup__.stock_location_palletized,stock.warehouse0,internal,base.main_company
__setup__.stock_location_2315_C_,Palletized/2315_C_,Palletized/2315_C_,__setup__.stock_location_palletized,stock.warehouse0,internal,base.main_company
__setup__.stock_location_2316_A_,Palletized/2316_A_,Palletized/2316_A_,__setup__.stock_location_palletized,stock.warehouse0,internal,base.main_company
__setup__.stock_location_2316_B_,Palletized/2316_B_,Palletized/2316_B_,__setup__.stock_location_palletized,stock.warehouse0,internal,base.main_company
__setup__.stock_location_2316_C_,Palletized/2316_C_,Palletized/2316_C_,__setup__.stock_location_palletized,stock.warehouse0,internal,base.main_company
__setup__.stock_location_2317_A_,Palletized/2317_A_,Palletized/2317_A_,__setup__.stock_location_palletized,stock.warehouse0,internal,base.main_company
__setup__.stock_location_2317_B_,Palletized/2317_B_,Palletized/2317_B_,__setup__.stock_location_palletized,stock.warehouse0,internal,base.main_company
__setup__.stock_location_2317_C_,Palletized/2317_C_,Palletized/2317_C_,__setup__.stock_location_palletized,stock.warehouse0,internal,base.main_company
__setup__.stock_location_2318_A_,Palletized/2318_A_,Palletized/2318_A_,__setup__.stock_location_palletized,stock.warehouse0,internal,base.main_company
__setup__.stock_location_2318_B_,Palletized/2318_B_,Palletized/2318_B_,__setup__.stock_location_palletized,stock.warehouse0,internal,base.main_company
__setup__.stock_location_2318_C_,Palletized/2318_C_,Palletized/2318_C_,__setup__.stock_location_palletized,stock.warehouse0,internal,base.main_company
__setup__.stock_location_2319_A_,Palletized/2319_A_,Palletized/2319_A_,__setup__.stock_location_palletized,stock.warehouse0,internal,base.main_company
__setup__.stock_location_2319_B_,Palletized/2319_B_,Palletized/2319_B_,__setup__.stock_location_palletized,stock.warehouse0,internal,base.main_company
__setup__.stock_location_2319_C_,Palletized/2319_C_,Palletized/2319_C_,__setup__.stock_location_palletized,stock.warehouse0,internal,base.main_company
__setup__.stock_location_2320_A_,Palletized/2320_A_,Palletized/2320_A_,__setup__.stock_location_palletized,stock.warehouse0,internal,base.main_company
__setup__.stock_location_2320_B_,Palletized/2320_B_,Palletized/2320_B_,__setup__.stock_location_palletized,stock.warehouse0,internal,base.main_company
__setup__.stock_location_2320_C_,Palletized/2320_C_,Palletized/2320_C_,__setup__.stock_location_palletized,stock.warehouse0,internal,base.main_company
__setup__.stock_location_2321_A_,Palletized/2321_A_,Palletized/2321_A_,__setup__.stock_location_palletized,stock.warehouse0,internal,base.main_company
__setup__.stock_location_2321_B_,Palletized/2321_B_,Palletized/2321_B_,__setup__.stock_location_palletized,stock.warehouse0,internal,base.main_company
__setup__.stock_location_2321_C_,Palletized/2321_C_,Palletized/2321_C_,__setup__.stock_location_palletized,stock.warehouse0,internal,base.main_company
__setup__.stock_location_2322_A_,Palletized/2322_A_,Palletized/2322_A_,__setup__.stock_location_palletized,stock.warehouse0,internal,base.main_company
__setup__.stock_location_2322_B_,Palletized/2322_B_,Palletized/2322_B_,__setup__.stock_location_palletized,stock.warehouse0,internal,base.main_company
__setup__.stock_location_2322_C_,Palletized/2322_C_,Palletized/2322_C_,__setup__.stock_location_palletized,stock.warehouse0,internal,base.main_company
__setup__.stock_location_2323_A_,Palletized/2323_A_,Palletized/2323_A_,__setup__.stock_location_palletized,stock.warehouse0,internal,base.main_company
__setup__.stock_location_2323_B_,Palletized/2323_B_,Palletized/2323_B_,__setup__.stock_location_palletized,stock.warehouse0,internal,base.main_company
__setup__.stock_location_2323_C_,Palletized/2323_C_,Palletized/2323_C_,__setup__.stock_location_palletized,stock.warehouse0,internal,base.main_company
__setup__.stock_location_2324_A_,Palletized/2324_A_,Palletized/2324_A_,__setup__.stock_location_palletized,stock.warehouse0,internal,base.main_company
__setup__.stock_location_2324_B_,Palletized/2324_B_,Palletized/2324_B_,__setup__.stock_location_palletized,stock.warehouse0,internal,base.main_company
__setup__.stock_location_2324_C_,Palletized/2324_C_,Palletized/2324_C_,__setup__.stock_location_palletized,stock.warehouse0,internal,base.main_company
__setup__.stock_location_2401_A_,Palletized/2401_A_,Palletized/2401_A_,__setup__.stock_location_palletized,stock.warehouse0,internal,base.main_company
__setup__.stock_location_2401_B_,Palletized/2401_B_,Palletized/2401_B_,__setup__.stock_location_palletized,stock.warehouse0,internal,base.main_company
__setup__.stock_location_2401_C_,Palletized/2401_C_,Palletized/2401_C_,__setup__.stock_location_palletized,stock.warehouse0,internal,base.main_company
__setup__.stock_location_2402_A_,Palletized/2402_A_,Palletized/2402_A_,__setup__.stock_location_palletized,stock.warehouse0,internal,base.main_company
__setup__.stock_location_2402_B_,Palletized/2402_B_,Palletized/2402_B_,__setup__.stock_location_palletized,stock.warehouse0,internal,base.main_company
__setup__.stock_location_2402_C_,Palletized/2402_C_,Palletized/2402_C_,__setup__.stock_location_palletized,stock.warehouse0,internal,base.main_company
__setup__.stock_location_2403_A_,Palletized/2403_A_,Palletized/2403_A_,__setup__.stock_location_palletized,stock.warehouse0,internal,base.main_company
__setup__.stock_location_2403_B_,Palletized/2403_B_,Palletized/2403_B_,__setup__.stock_location_palletized,stock.warehouse0,internal,base.main_company
__setup__.stock_location_2403_C_,Palletized/2403_C_,Palletized/2403_C_,__setup__.stock_location_palletized,stock.warehouse0,internal,base.main_company
__setup__.stock_location_2404_A_,Palletized/2404_A_,Palletized/2404_A_,__setup__.stock_location_palletized,stock.warehouse0,internal,base.main_company
__setup__.stock_location_2404_B_,Palletized/2404_B_,Palletized/2404_B_,__setup__.stock_location_palletized,stock.warehouse0,internal,base.main_company
__setup__.stock_location_2404_C_,Palletized/2404_C_,Palletized/2404_C_,__setup__.stock_location_palletized,stock.warehouse0,internal,base.main_company
__setup__.stock_location_2405_A_,Palletized/2405_A_,Palletized/2405_A_,__setup__.stock_location_palletized,stock.warehouse0,internal,base.main_company
__setup__.stock_location_2405_B_,Palletized/2405_B_,Palletized/2405_B_,__setup__.stock_location_palletized,stock.warehouse0,internal,base.main_company
__setup__.stock_location_2405_C_,Palletized/2405_C_,Palletized/2405_C_,__setup__.stock_location_palletized,stock.warehouse0,internal,base.main_company
__setup__.stock_location_2406_A_,Palletized/2406_A_,Palletized/2406_A_,__setup__.stock_location_palletized,stock.warehouse0,internal,base.main_company
__setup__.stock_location_2406_B_,Palletized/2406_B_,Palletized/2406_B_,__setup__.stock_location_palletized,stock.warehouse0,internal,base.main_company
__setup__.stock_location_2406_C_,Palletized/2406_C_,Palletized/2406_C_,__setup__.stock_location_palletized,stock.warehouse0,internal,base.main_company
__setup__.stock_location_2407_A_,Palletized/2407_A_,Palletized/2407_A_,__setup__.stock_location_palletized,stock.warehouse0,internal,base.main_company
__setup__.stock_location_2407_B_,Palletized/2407_B_,Palletized/2407_B_,__setup__.stock_location_palletized,stock.warehouse0,internal,base.main_company
__setup__.stock_location_2407_C_,Palletized/2407_C_,Palletized/2407_C_,__setup__.stock_location_palletized,stock.warehouse0,internal,base.main_company
__setup__.stock_location_2410_A_,Palletized/2410_A_,Palletized/2410_A_,__setup__.stock_location_palletized,stock.warehouse0,internal,base.main_company
__setup__.stock_location_2410_B_,Palletized/2410_B_,Palletized/2410_B_,__setup__.stock_location_palletized,stock.warehouse0,internal,base.main_company
__setup__.stock_location_2410_C_,Palletized/2410_C_,Palletized/2410_C_,__setup__.stock_location_palletized,stock.warehouse0,internal,base.main_company
__setup__.stock_location_2411_A_,Palletized/2411_A_,Palletized/2411_A_,__setup__.stock_location_palletized,stock.warehouse0,internal,base.main_company
__setup__.stock_location_2411_B_,Palletized/2411_B_,Palletized/2411_B_,__setup__.stock_location_palletized,stock.warehouse0,internal,base.main_company
__setup__.stock_location_2411_C_,Palletized/2411_C_,Palletized/2411_C_,__setup__.stock_location_palletized,stock.warehouse0,internal,base.main_company
__setup__.stock_location_2412_A_,Palletized/2412_A_,Palletized/2412_A_,__setup__.stock_location_palletized,stock.warehouse0,internal,base.main_company
__setup__.stock_location_2412_B_,Palletized/2412_B_,Palletized/2412_B_,__setup__.stock_location_palletized,stock.warehouse0,internal,base.main_company
__setup__.stock_location_2412_C_,Palletized/2412_C_,Palletized/2412_C_,__setup__.stock_location_palletized,stock.warehouse0,internal,base.main_company
__setup__.stock_location_2413_A_,Palletized/2413_A_,Palletized/2413_A_,__setup__.stock_location_palletized,stock.warehouse0,internal,base.main_company
__setup__.stock_location_2413_B_,Palletized/2413_B_,Palletized/2413_B_,__setup__.stock_location_palletized,stock.warehouse0,internal,base.main_company
__setup__.stock_location_2413_C_,Palletized/2413_C_,Palletized/2413_C_,__setup__.stock_location_palletized,stock.warehouse0,internal,base.main_company
__setup__.stock_location_2414_A_,Palletized/2414_A_,Palletized/2414_A_,__setup__.stock_location_palletized,stock.warehouse0,internal,base.main_company
__setup__.stock_location_2414_B_,Palletized/2414_B_,Palletized/2414_B_,__setup__.stock_location_palletized,stock.warehouse0,internal,base.main_company
__setup__.stock_location_2414_C_,Palletized/2414_C_,Palletized/2414_C_,__setup__.stock_location_palletized,stock.warehouse0,internal,base.main_company
__setup__.stock_location_2415_A_,Palletized/2415_A_,Palletized/2415_A_,__setup__.stock_location_palletized,stock.warehouse0,internal,base.main_company
__setup__.stock_location_2415_B_,Palletized/2415_B_,Palletized/2415_B_,__setup__.stock_location_palletized,stock.warehouse0,internal,base.main_company
__setup__.stock_location_2415_C_,Palletized/2415_C_,Palletized/2415_C_,__setup__.stock_location_palletized,stock.warehouse0,internal,base.main_company
__setup__.stock_location_2416_A_,Palletized/2416_A_,Palletized/2416_A_,__setup__.stock_location_palletized,stock.warehouse0,internal,base.main_company
__setup__.stock_location_2416_B_,Palletized/2416_B_,Palletized/2416_B_,__setup__.stock_location_palletized,stock.warehouse0,internal,base.main_company
__setup__.stock_location_2416_C_,Palletized/2416_C_,Palletized/2416_C_,__setup__.stock_location_palletized,stock.warehouse0,internal,base.main_company
__setup__.stock_location_2417_A_,Palletized/2417_A_,Palletized/2417_A_,__setup__.stock_location_palletized,stock.warehouse0,internal,base.main_company
__setup__.stock_location_2417_B_,Palletized/2417_B_,Palletized/2417_B_,__setup__.stock_location_palletized,stock.warehouse0,internal,base.main_company
__setup__.stock_location_2417_C_,Palletized/2417_C_,Palletized/2417_C_,__setup__.stock_location_palletized,stock.warehouse0,internal,base.main_company
__setup__.stock_location_2418_A_,Palletized/2418_A_,Palletized/2418_A_,__setup__.stock_location_palletized,stock.warehouse0,internal,base.main_company
__setup__.stock_location_2418_B_,Palletized/2418_B_,Palletized/2418_B_,__setup__.stock_location_palletized,stock.warehouse0,internal,base.main_company
__setup__.stock_location_2418_C_,Palletized/2418_C_,Palletized/2418_C_,__setup__.stock_location_palletized,stock.warehouse0,internal,base.main_company
__setup__.stock_location_2419_A_,Palletized/2419_A_,Palletized/2419_A_,__setup__.stock_location_palletized,stock.warehouse0,internal,base.main_company
__setup__.stock_location_2419_B_,Palletized/2419_B_,Palletized/2419_B_,__setup__.stock_location_palletized,stock.warehouse0,internal,base.main_company
__setup__.stock_location_2419_C_,Palletized/2419_C_,Palletized/2419_C_,__setup__.stock_location_palletized,stock.warehouse0,internal,base.main_company
__setup__.stock_location_2420_A_,Palletized/2420_A_,Palletized/2420_A_,__setup__.stock_location_palletized,stock.warehouse0,internal,base.main_company
__setup__.stock_location_2420_B_,Palletized/2420_B_,Palletized/2420_B_,__setup__.stock_location_palletized,stock.warehouse0,internal,base.main_company
__setup__.stock_location_2420_C_,Palletized/2420_C_,Palletized/2420_C_,__setup__.stock_location_palletized,stock.warehouse0,internal,base.main_company
__setup__.stock_location_2421_A_,Palletized/2421_A_,Palletized/2421_A_,__setup__.stock_location_palletized,stock.warehouse0,internal,base.main_company
__setup__.stock_location_2421_B_,Palletized/2421_B_,Palletized/2421_B_,__setup__.stock_location_palletized,stock.warehouse0,internal,base.main_company
__setup__.stock_location_2421_C_,Palletized/2421_C_,Palletized/2421_C_,__setup__.stock_location_palletized,stock.warehouse0,internal,base.main_company
__setup__.stock_location_2422_A_,Palletized/2422_A_,Palletized/2422_A_,__setup__.stock_location_palletized,stock.warehouse0,internal,base.main_company
__setup__.stock_location_2422_B_,Palletized/2422_B_,Palletized/2422_B_,__setup__.stock_location_palletized,stock.warehouse0,internal,base.main_company
__setup__.stock_location_2422_C_,Palletized/2422_C_,Palletized/2422_C_,__setup__.stock_location_palletized,stock.warehouse0,internal,base.main_company
__setup__.stock_location_2423_A_,Palletized/2423_A_,Palletized/2423_A_,__setup__.stock_location_palletized,stock.warehouse0,internal,base.main_company
__setup__.stock_location_2423_B_,Palletized/2423_B_,Palletized/2423_B_,__setup__.stock_location_palletized,stock.warehouse0,internal,base.main_company
__setup__.stock_location_2423_C_,Palletized/2423_C_,Palletized/2423_C_,__setup__.stock_location_palletized,stock.warehouse0,internal,base.main_company
__setup__.stock_location_2424_A_,Palletized/2424_A_,Palletized/2424_A_,__setup__.stock_location_palletized,stock.warehouse0,internal,base.main_company
__setup__.stock_location_2424_B_,Palletized/2424_B_,Palletized/2424_B_,__setup__.stock_location_palletized,stock.warehouse0,internal,base.main_company
__setup__.stock_location_2424_C_,Palletized/2424_C_,Palletized/2424_C_,__setup__.stock_location_palletized,stock.warehouse0,internal,base.main_company
__setup__.stock_location_schafer_shelving,Schafer Shelving,Schafer Shelving,stock.stock_location_stock,stock.warehouse0,view,base.main_company
__setup__.stock_location_1214_A_1,Schafer Shelving/1214_A_1,Schafer Shelving/1214_A_1,__setup__.stock_location_schafer_shelving,stock.warehouse0,internal,base.main_company
__setup__.stock_location_1214_A_2,Schafer Shelving/1214_A_2,Schafer Shelving/1214_A_2,__setup__.stock_location_schafer_shelving,stock.warehouse0,internal,base.main_company
__setup__.stock_location_1214_A_3,Schafer Shelving/1214_A_3,Schafer Shelving/1214_A_3,__setup__.stock_location_schafer_shelving,stock.warehouse0,internal,base.main_company
__setup__.stock_location_1214_A_4,Schafer Shelving/1214_A_4,Schafer Shelving/1214_A_4,__setup__.stock_location_schafer_shelving,stock.warehouse0,internal,base.main_company
__setup__.stock_location_1214_A_5,Schafer Shelving/1214_A_5,Schafer Shelving/1214_A_5,__setup__.stock_location_schafer_shelving,stock.warehouse0,internal,base.main_company
__setup__.stock_location_1214_B_1,Schafer Shelving/1214_B_1,Schafer Shelving/1214_B_1,__setup__.stock_location_schafer_shelving,stock.warehouse0,internal,base.main_company
__setup__.stock_location_1214_B_2,Schafer Shelving/1214_B_2,Schafer Shelving/1214_B_2,__setup__.stock_location_schafer_shelving,stock.warehouse0,internal,base.main_company
__setup__.stock_location_1214_B_3,Schafer Shelving/1214_B_3,Schafer Shelving/1214_B_3,__setup__.stock_location_schafer_shelving,stock.warehouse0,internal,base.main_company
__setup__.stock_location_1214_B_4,Schafer Shelving/1214_B_4,Schafer Shelving/1214_B_4,__setup__.stock_location_schafer_shelving,stock.warehouse0,internal,base.main_company
__setup__.stock_location_1214_B_5,Schafer Shelving/1214_B_5,Schafer Shelving/1214_B_5,__setup__.stock_location_schafer_shelving,stock.warehouse0,internal,base.main_company
__setup__.stock_location_1214_C_1,Schafer Shelving/1214_C_1,Schafer Shelving/1214_C_1,__setup__.stock_location_schafer_shelving,stock.warehouse0,internal,base.main_company
__setup__.stock_location_1214_C_2,Schafer Shelving/1214_C_2,Schafer Shelving/1214_C_2,__setup__.stock_location_schafer_shelving,stock.warehouse0,internal,base.main_company
__setup__.stock_location_1214_C_3,Schafer Shelving/1214_C_3,Schafer Shelving/1214_C_3,__setup__.stock_location_schafer_shelving,stock.warehouse0,internal,base.main_company
__setup__.stock_location_1214_C_4,Schafer Shelving/1214_C_4,Schafer Shelving/1214_C_4,__setup__.stock_location_schafer_shelving,stock.warehouse0,internal,base.main_company
__setup__.stock_location_1214_C_5,Schafer Shelving/1214_C_5,Schafer Shelving/1214_C_5,__setup__.stock_location_schafer_shelving,stock.warehouse0,internal,base.main_company
__setup__.stock_location_1214_D_1,Schafer Shelving/1214_D_1,Schafer Shelving/1214_D_1,__setup__.stock_location_schafer_shelving,stock.warehouse0,internal,base.main_company
__setup__.stock_location_1214_D_2,Schafer Shelving/1214_D_2,Schafer Shelving/1214_D_2,__setup__.stock_location_schafer_shelving,stock.warehouse0,internal,base.main_company
__setup__.stock_location_1214_D_3,Schafer Shelving/1214_D_3,Schafer Shelving/1214_D_3,__setup__.stock_location_schafer_shelving,stock.warehouse0,internal,base.main_company
__setup__.stock_location_1214_D_4,Schafer Shelving/1214_D_4,Schafer Shelving/1214_D_4,__setup__.stock_location_schafer_shelving,stock.warehouse0,internal,base.main_company
__setup__.stock_location_1214_D_5,Schafer Shelving/1214_D_5,Schafer Shelving/1214_D_5,__setup__.stock_location_schafer_shelving,stock.warehouse0,internal,base.main_company
__setup__.stock_location_1214_E_1,Schafer Shelving/1214_E_1,Schafer Shelving/1214_E_1,__setup__.stock_location_schafer_shelving,stock.warehouse0,internal,base.main_company
__setup__.stock_location_1214_E_2,Schafer Shelving/1214_E_2,Schafer Shelving/1214_E_2,__setup__.stock_location_schafer_shelving,stock.warehouse0,internal,base.main_company
__setup__.stock_location_1214_E_3,Schafer Shelving/1214_E_3,Schafer Shelving/1214_E_3,__setup__.stock_location_schafer_shelving,stock.warehouse0,internal,base.main_company
__setup__.stock_location_1214_E_4,Schafer Shelving/1214_E_4,Schafer Shelving/1214_E_4,__setup__.stock_location_schafer_shelving,stock.warehouse0,internal,base.main_company
__setup__.stock_location_1214_E_5,Schafer Shelving/1214_E_5,Schafer Shelving/1214_E_5,__setup__.stock_location_schafer_shelving,stock.warehouse0,internal,base.main_company
__setup__.stock_location_1214_F_1,Schafer Shelving/1214_F_1,Schafer Shelving/1214_F_1,__setup__.stock_location_schafer_shelving,stock.warehouse0,internal,base.main_company
__setup__.stock_location_1214_F_2,Schafer Shelving/1214_F_2,Schafer Shelving/1214_F_2,__setup__.stock_location_schafer_shelving,stock.warehouse0,internal,base.main_company
__setup__.stock_location_1214_F_3,Schafer Shelving/1214_F_3,Schafer Shelving/1214_F_3,__setup__.stock_location_schafer_shelving,stock.warehouse0,internal,base.main_company
__setup__.stock_location_1214_F_4,Schafer Shelving/1214_F_4,Schafer Shelving/1214_F_4,__setup__.stock_location_schafer_shelving,stock.warehouse0,internal,base.main_company
__setup__.stock_location_1214_F_5,Schafer Shelving/1214_F_5,Schafer Shelving/1214_F_5,__setup__.stock_location_schafer_shelving,stock.warehouse0,internal,base.main_company
__setup__.stock_location_1214_G_1,Schafer Shelving/1214_G_1,Schafer Shelving/1214_G_1,__setup__.stock_location_schafer_shelving,stock.warehouse0,internal,base.main_company
__setup__.stock_location_1214_G_2,Schafer Shelving/1214_G_2,Schafer Shelving/1214_G_2,__setup__.stock_location_schafer_shelving,stock.warehouse0,internal,base.main_company
__setup__.stock_location_1214_G_3,Schafer Shelving/1214_G_3,Schafer Shelving/1214_G_3,__setup__.stock_location_schafer_shelving,stock.warehouse0,internal,base.main_company
__setup__.stock_location_1214_G_4,Schafer Shelving/1214_G_4,Schafer Shelving/1214_G_4,__setup__.stock_location_schafer_shelving,stock.warehouse0,internal,base.main_company
__setup__.stock_location_1214_G_5,Schafer Shelving/1214_G_5,Schafer Shelving/1214_G_5,__setup__.stock_location_schafer_shelving,stock.warehouse0,internal,base.main_company
__setup__.stock_location_1215_A_1,Schafer Shelving/1215_A_1,Schafer Shelving/1215_A_1,__setup__.stock_location_schafer_shelving,stock.warehouse0,internal,base.main_company
__setup__.stock_location_1215_A_2,Schafer Shelving/1215_A_2,Schafer Shelving/1215_A_2,__setup__.stock_location_schafer_shelving,stock.warehouse0,internal,base.main_company
__setup__.stock_location_1215_A_3,Schafer Shelving/1215_A_3,Schafer Shelving/1215_A_3,__setup__.stock_location_schafer_shelving,stock.warehouse0,internal,base.main_company
__setup__.stock_location_1215_A_4,Schafer Shelving/1215_A_4,Schafer Shelving/1215_A_4,__setup__.stock_location_schafer_shelving,stock.warehouse0,internal,base.main_company
__setup__.stock_location_1215_A_5,Schafer Shelving/1215_A_5,Schafer Shelving/1215_A_5,__setup__.stock_location_schafer_shelving,stock.warehouse0,internal,base.main_company
__setup__.stock_location_1215_B_1,Schafer Shelving/1215_B_1,Schafer Shelving/1215_B_1,__setup__.stock_location_schafer_shelving,stock.warehouse0,internal,base.main_company
__setup__.stock_location_1215_B_2,Schafer Shelving/1215_B_2,Schafer Shelving/1215_B_2,__setup__.stock_location_schafer_shelving,stock.warehouse0,internal,base.main_company
__setup__.stock_location_1215_B_3,Schafer Shelving/1215_B_3,Schafer Shelving/1215_B_3,__setup__.stock_location_schafer_shelving,stock.warehouse0,internal,base.main_company
__setup__.stock_location_1215_B_4,Schafer Shelving/1215_B_4,Schafer Shelving/1215_B_4,__setup__.stock_location_schafer_shelving,stock.warehouse0,internal,base.main_company
__setup__.stock_location_1215_B_5,Schafer Shelving/1215_B_5,Schafer Shelving/1215_B_5,__setup__.stock_location_schafer_shelving,stock.warehouse0,internal,base.main_company
__setup__.stock_location_1215_C_1,Schafer Shelving/1215_C_1,Schafer Shelving/1215_C_1,__setup__.stock_location_schafer_shelving,stock.warehouse0,internal,base.main_company
__setup__.stock_location_1215_C_2,Schafer Shelving/1215_C_2,Schafer Shelving/1215_C_2,__setup__.stock_location_schafer_shelving,stock.warehouse0,internal,base.main_company
__setup__.stock_location_1215_C_3,Schafer Shelving/1215_C_3,Schafer Shelving/1215_C_3,__setup__.stock_location_schafer_shelving,stock.warehouse0,internal,base.main_company
__setup__.stock_location_1215_C_4,Schafer Shelving/1215_C_4,Schafer Shelving/1215_C_4,__setup__.stock_location_schafer_shelving,stock.warehouse0,internal,base.main_company
__setup__.stock_location_1215_C_5,Schafer Shelving/1215_C_5,Schafer Shelving/1215_C_5,__setup__.stock_location_schafer_shelving,stock.warehouse0,internal,base.main_company
__setup__.stock_location_1215_D_1,Schafer Shelving/1215_D_1,Schafer Shelving/1215_D_1,__setup__.stock_location_schafer_shelving,stock.warehouse0,internal,base.main_company
__setup__.stock_location_1215_D_2,Schafer Shelving/1215_D_2,Schafer Shelving/1215_D_2,__setup__.stock_location_schafer_shelving,stock.warehouse0,internal,base.main_company
__setup__.stock_location_1215_D_3,Schafer Shelving/1215_D_3,Schafer Shelving/1215_D_3,__setup__.stock_location_schafer_shelving,stock.warehouse0,internal,base.main_company
__setup__.stock_location_1215_D_4,Schafer Shelving/1215_D_4,Schafer Shelving/1215_D_4,__setup__.stock_location_schafer_shelving,stock.warehouse0,internal,base.main_company
__setup__.stock_location_1215_D_5,Schafer Shelving/1215_D_5,Schafer Shelving/1215_D_5,__setup__.stock_location_schafer_shelving,stock.warehouse0,internal,base.main_company
__setup__.stock_location_1215_E_1,Schafer Shelving/1215_E_1,Schafer Shelving/1215_E_1,__setup__.stock_location_schafer_shelving,stock.warehouse0,internal,base.main_company
__setup__.stock_location_1215_E_2,Schafer Shelving/1215_E_2,Schafer Shelving/1215_E_2,__setup__.stock_location_schafer_shelving,stock.warehouse0,internal,base.main_company
__setup__.stock_location_1215_E_3,Schafer Shelving/1215_E_3,Schafer Shelving/1215_E_3,__setup__.stock_location_schafer_shelving,stock.warehouse0,internal,base.main_company
__setup__.stock_location_1215_E_4,Schafer Shelving/1215_E_4,Schafer Shelving/1215_E_4,__setup__.stock_location_schafer_shelving,stock.warehouse0,internal,base.main_company
__setup__.stock_location_1215_E_5,Schafer Shelving/1215_E_5,Schafer Shelving/1215_E_5,__setup__.stock_location_schafer_shelving,stock.warehouse0,internal,base.main_company
__setup__.stock_location_1215_F_1,Schafer Shelving/1215_F_1,Schafer Shelving/1215_F_1,__setup__.stock_location_schafer_shelving,stock.warehouse0,internal,base.main_company
__setup__.stock_location_1215_F_2,Schafer Shelving/1215_F_2,Schafer Shelving/1215_F_2,__setup__.stock_location_schafer_shelving,stock.warehouse0,internal,base.main_company
__setup__.stock_location_1215_F_3,Schafer Shelving/1215_F_3,Schafer Shelving/1215_F_3,__setup__.stock_location_schafer_shelving,stock.warehouse0,internal,base.main_company
__setup__.stock_location_1215_F_4,Schafer Shelving/1215_F_4,Schafer Shelving/1215_F_4,__setup__.stock_location_schafer_shelving,stock.warehouse0,internal,base.main_company
__setup__.stock_location_1215_F_5,Schafer Shelving/1215_F_5,Schafer Shelving/1215_F_5,__setup__.stock_location_schafer_shelving,stock.warehouse0,internal,base.main_company
__setup__.stock_location_1215_G_1,Schafer Shelving/1215_G_1,Schafer Shelving/1215_G_1,__setup__.stock_location_schafer_shelving,stock.warehouse0,internal,base.main_company
__setup__.stock_location_1215_G_2,Schafer Shelving/1215_G_2,Schafer Shelving/1215_G_2,__setup__.stock_location_schafer_shelving,stock.warehouse0,internal,base.main_company
__setup__.stock_location_1215_G_3,Schafer Shelving/1215_G_3,Schafer Shelving/1215_G_3,__setup__.stock_location_schafer_shelving,stock.warehouse0,internal,base.main_company
__setup__.stock_location_1215_G_4,Schafer Shelving/1215_G_4,Schafer Shelving/1215_G_4,__setup__.stock_location_schafer_shelving,stock.warehouse0,internal,base.main_company
__setup__.stock_location_1215_G_5,Schafer Shelving/1215_G_5,Schafer Shelving/1215_G_5,__setup__.stock_location_schafer_shelving,stock.warehouse0,internal,base.main_company
__setup__.stock_location_1216_A_1,Schafer Shelving/1216_A_1,Schafer Shelving/1216_A_1,__setup__.stock_location_schafer_shelving,stock.warehouse0,internal,base.main_company
__setup__.stock_location_1216_A_2,Schafer Shelving/1216_A_2,Schafer Shelving/1216_A_2,__setup__.stock_location_schafer_shelving,stock.warehouse0,internal,base.main_company
__setup__.stock_location_1216_A_3,Schafer Shelving/1216_A_3,Schafer Shelving/1216_A_3,__setup__.stock_location_schafer_shelving,stock.warehouse0,internal,base.main_company
__setup__.stock_location_1216_A_4,Schafer Shelving/1216_A_4,Schafer Shelving/1216_A_4,__setup__.stock_location_schafer_shelving,stock.warehouse0,internal,base.main_company
__setup__.stock_location_1216_A_5,Schafer Shelving/1216_A_5,Schafer Shelving/1216_A_5,__setup__.stock_location_schafer_shelving,stock.warehouse0,internal,base.main_company
__setup__.stock_location_1216_B_1,Schafer Shelving/1216_B_1,Schafer Shelving/1216_B_1,__setup__.stock_location_schafer_shelving,stock.warehouse0,internal,base.main_company
__setup__.stock_location_1216_B_2,Schafer Shelving/1216_B_2,Schafer Shelving/1216_B_2,__setup__.stock_location_schafer_shelving,stock.warehouse0,internal,base.main_company
__setup__.stock_location_1216_B_3,Schafer Shelving/1216_B_3,Schafer Shelving/1216_B_3,__setup__.stock_location_schafer_shelving,stock.warehouse0,internal,base.main_company
__setup__.stock_location_1216_B_4,Schafer Shelving/1216_B_4,Schafer Shelving/1216_B_4,__setup__.stock_location_schafer_shelving,stock.warehouse0,internal,base.main_company
__setup__.stock_location_1216_B_5,Schafer Shelving/1216_B_5,Schafer Shelving/1216_B_5,__setup__.stock_location_schafer_shelving,stock.warehouse0,internal,base.main_company
__setup__.stock_location_1216_C_1,Schafer Shelving/1216_C_1,Schafer Shelving/1216_C_1,__setup__.stock_location_schafer_shelving,stock.warehouse0,internal,base.main_company
__setup__.stock_location_1216_C_2,Schafer Shelving/1216_C_2,Schafer Shelving/1216_C_2,__setup__.stock_location_schafer_shelving,stock.warehouse0,internal,base.main_company
__setup__.stock_location_1216_C_3,Schafer Shelving/1216_C_3,Schafer Shelving/1216_C_3,__setup__.stock_location_schafer_shelving,stock.warehouse0,internal,base.main_company
__setup__.stock_location_1216_C_4,Schafer Shelving/1216_C_4,Schafer Shelving/1216_C_4,__setup__.stock_location_schafer_shelving,stock.warehouse0,internal,base.main_company
__setup__.stock_location_1216_C_5,Schafer Shelving/1216_C_5,Schafer Shelving/1216_C_5,__setup__.stock_location_schafer_shelving,stock.warehouse0,internal,base.main_company
__setup__.stock_location_1216_D_1,Schafer Shelving/1216_D_1,Schafer Shelving/1216_D_1,__setup__.stock_location_schafer_shelving,stock.warehouse0,internal,base.main_company
__setup__.stock_location_1216_D_2,Schafer Shelving/1216_D_2,Schafer Shelving/1216_D_2,__setup__.stock_location_schafer_shelving,stock.warehouse0,internal,base.main_company
__setup__.stock_location_1216_D_3,Schafer Shelving/1216_D_3,Schafer Shelving/1216_D_3,__setup__.stock_location_schafer_shelving,stock.warehouse0,internal,base.main_company
__setup__.stock_location_1216_D_4,Schafer Shelving/1216_D_4,Schafer Shelving/1216_D_4,__setup__.stock_location_schafer_shelving,stock.warehouse0,internal,base.main_company
__setup__.stock_location_1216_D_5,Schafer Shelving/1216_D_5,Schafer Shelving/1216_D_5,__setup__.stock_location_schafer_shelving,stock.warehouse0,internal,base.main_company
__setup__.stock_location_1216_E_1,Schafer Shelving/1216_E_1,Schafer Shelving/1216_E_1,__setup__.stock_location_schafer_shelving,stock.warehouse0,internal,base.main_company
__setup__.stock_location_1216_E_2,Schafer Shelving/1216_E_2,Schafer Shelving/1216_E_2,__setup__.stock_location_schafer_shelving,stock.warehouse0,internal,base.main_company
__setup__.stock_location_1216_E_3,Schafer Shelving/1216_E_3,Schafer Shelving/1216_E_3,__setup__.stock_location_schafer_shelving,stock.warehouse0,internal,base.main_company
__setup__.stock_location_1216_E_4,Schafer Shelving/1216_E_4,Schafer Shelving/1216_E_4,__setup__.stock_location_schafer_shelving,stock.warehouse0,internal,base.main_company
__setup__.stock_location_1216_E_5,Schafer Shelving/1216_E_5,Schafer Shelving/1216_E_5,__setup__.stock_location_schafer_shelving,stock.warehouse0,internal,base.main_company
__setup__.stock_location_1216_F_1,Schafer Shelving/1216_F_1,Schafer Shelving/1216_F_1,__setup__.stock_location_schafer_shelving,stock.warehouse0,internal,base.main_company
__setup__.stock_location_1216_F_2,Schafer Shelving/1216_F_2,Schafer Shelving/1216_F_2,__setup__.stock_location_schafer_shelving,stock.warehouse0,internal,base.main_company
__setup__.stock_location_1216_F_3,Schafer Shelving/1216_F_3,Schafer Shelving/1216_F_3,__setup__.stock_location_schafer_shelving,stock.warehouse0,internal,base.main_company
__setup__.stock_location_1216_F_4,Schafer Shelving/1216_F_4,Schafer Shelving/1216_F_4,__setup__.stock_location_schafer_shelving,stock.warehouse0,internal,base.main_company
__setup__.stock_location_1216_F_5,Schafer Shelving/1216_F_5,Schafer Shelving/1216_F_5,__setup__.stock_location_schafer_shelving,stock.warehouse0,internal,base.main_company
__setup__.stock_location_1216_G_1,Schafer Shelving/1216_G_1,Schafer Shelving/1216_G_1,__setup__.stock_location_schafer_shelving,stock.warehouse0,internal,base.main_company
__setup__.stock_location_1216_G_2,Schafer Shelving/1216_G_2,Schafer Shelving/1216_G_2,__setup__.stock_location_schafer_shelving,stock.warehouse0,internal,base.main_company
__setup__.stock_location_1216_G_3,Schafer Shelving/1216_G_3,Schafer Shelving/1216_G_3,__setup__.stock_location_schafer_shelving,stock.warehouse0,internal,base.main_company
__setup__.stock_location_1216_G_4,Schafer Shelving/1216_G_4,Schafer Shelving/1216_G_4,__setup__.stock_location_schafer_shelving,stock.warehouse0,internal,base.main_company
__setup__.stock_location_1216_G_5,Schafer Shelving/1216_G_5,Schafer Shelving/1216_G_5,__setup__.stock_location_schafer_shelving,stock.warehouse0,internal,base.main_company
__setup__.stock_location_1217_A_1,Schafer Shelving/1217_A_1,Schafer Shelving/1217_A_1,__setup__.stock_location_schafer_shelving,stock.warehouse0,internal,base.main_company
__setup__.stock_location_1217_A_2,Schafer Shelving/1217_A_2,Schafer Shelving/1217_A_2,__setup__.stock_location_schafer_shelving,stock.warehouse0,internal,base.main_company
__setup__.stock_location_1217_A_3,Schafer Shelving/1217_A_3,Schafer Shelving/1217_A_3,__setup__.stock_location_schafer_shelving,stock.warehouse0,internal,base.main_company
__setup__.stock_location_1217_A_4,Schafer Shelving/1217_A_4,Schafer Shelving/1217_A_4,__setup__.stock_location_schafer_shelving,stock.warehouse0,internal,base.main_company
__setup__.stock_location_1217_A_5,Schafer Shelving/1217_A_5,Schafer Shelving/1217_A_5,__setup__.stock_location_schafer_shelving,stock.warehouse0,internal,base.main_company
__setup__.stock_location_1217_B_1,Schafer Shelving/1217_B_1,Schafer Shelving/1217_B_1,__setup__.stock_location_schafer_shelving,stock.warehouse0,internal,base.main_company
__setup__.stock_location_1217_B_2,Schafer Shelving/1217_B_2,Schafer Shelving/1217_B_2,__setup__.stock_location_schafer_shelving,stock.warehouse0,internal,base.main_company
__setup__.stock_location_1217_B_3,Schafer Shelving/1217_B_3,Schafer Shelving/1217_B_3,__setup__.stock_location_schafer_shelving,stock.warehouse0,internal,base.main_company
__setup__.stock_location_1217_B_4,Schafer Shelving/1217_B_4,Schafer Shelving/1217_B_4,__setup__.stock_location_schafer_shelving,stock.warehouse0,internal,base.main_company
__setup__.stock_location_1217_B_5,Schafer Shelving/1217_B_5,Schafer Shelving/1217_B_5,__setup__.stock_location_schafer_shelving,stock.warehouse0,internal,base.main_company
__setup__.stock_location_1217_C_1,Schafer Shelving/1217_C_1,Schafer Shelving/1217_C_1,__setup__.stock_location_schafer_shelving,stock.warehouse0,internal,base.main_company
__setup__.stock_location_1217_C_2,Schafer Shelving/1217_C_2,Schafer Shelving/1217_C_2,__setup__.stock_location_schafer_shelving,stock.warehouse0,internal,base.main_company
__setup__.stock_location_1217_C_3,Schafer Shelving/1217_C_3,Schafer Shelving/1217_C_3,__setup__.stock_location_schafer_shelving,stock.warehouse0,internal,base.main_company
__setup__.stock_location_1217_C_4,Schafer Shelving/1217_C_4,Schafer Shelving/1217_C_4,__setup__.stock_location_schafer_shelving,stock.warehouse0,internal,base.main_company
__setup__.stock_location_1217_C_5,Schafer Shelving/1217_C_5,Schafer Shelving/1217_C_5,__setup__.stock_location_schafer_shelving,stock.warehouse0,internal,base.main_company
__setup__.stock_location_1217_D_1,Schafer Shelving/1217_D_1,Schafer Shelving/1217_D_1,__setup__.stock_location_schafer_shelving,stock.warehouse0,internal,base.main_company
__setup__.stock_location_1217_D_2,Schafer Shelving/1217_D_2,Schafer Shelving/1217_D_2,__setup__.stock_location_schafer_shelving,stock.warehouse0,internal,base.main_company
__setup__.stock_location_1217_D_3,Schafer Shelving/1217_D_3,Schafer Shelving/1217_D_3,__setup__.stock_location_schafer_shelving,stock.warehouse0,internal,base.main_company
__setup__.stock_location_1217_D_4,Schafer Shelving/1217_D_4,Schafer Shelving/1217_D_4,__setup__.stock_location_schafer_shelving,stock.warehouse0,internal,base.main_company
__setup__.stock_location_1217_D_5,Schafer Shelving/1217_D_5,Schafer Shelving/1217_D_5,__setup__.stock_location_schafer_shelving,stock.warehouse0,internal,base.main_company
__setup__.stock_location_1217_E_1,Schafer Shelving/1217_E_1,Schafer Shelving/1217_E_1,__setup__.stock_location_schafer_shelving,stock.warehouse0,internal,base.main_company
__setup__.stock_location_1217_E_2,Schafer Shelving/1217_E_2,Schafer Shelving/1217_E_2,__setup__.stock_location_schafer_shelving,stock.warehouse0,internal,base.main_company
__setup__.stock_location_1217_E_3,Schafer Shelving/1217_E_3,Schafer Shelving/1217_E_3,__setup__.stock_location_schafer_shelving,stock.warehouse0,internal,base.main_company
__setup__.stock_location_1217_E_4,Schafer Shelving/1217_E_4,Schafer Shelving/1217_E_4,__setup__.stock_location_schafer_shelving,stock.warehouse0,internal,base.main_company
__setup__.stock_location_1217_E_5,Schafer Shelving/1217_E_5,Schafer Shelving/1217_E_5,__setup__.stock_location_schafer_shelving,stock.warehouse0,internal,base.main_company
__setup__.stock_location_1217_F_1,Schafer Shelving/1217_F_1,Schafer Shelving/1217_F_1,__setup__.stock_location_schafer_shelving,stock.warehouse0,internal,base.main_company
__setup__.stock_location_1217_F_2,Schafer Shelving/1217_F_2,Schafer Shelving/1217_F_2,__setup__.stock_location_schafer_shelving,stock.warehouse0,internal,base.main_company
__setup__.stock_location_1217_F_3,Schafer Shelving/1217_F_3,Schafer Shelving/1217_F_3,__setup__.stock_location_schafer_shelving,stock.warehouse0,internal,base.main_company
__setup__.stock_location_1217_F_4,Schafer Shelving/1217_F_4,Schafer Shelving/1217_F_4,__setup__.stock_location_schafer_shelving,stock.warehouse0,internal,base.main_company
__setup__.stock_location_1217_F_5,Schafer Shelving/1217_F_5,Schafer Shelving/1217_F_5,__setup__.stock_location_schafer_shelving,stock.warehouse0,internal,base.main_company
__setup__.stock_location_1217_G_1,Schafer Shelving/1217_G_1,Schafer Shelving/1217_G_1,__setup__.stock_location_schafer_shelving,stock.warehouse0,internal,base.main_company
__setup__.stock_location_1217_G_2,Schafer Shelving/1217_G_2,Schafer Shelving/1217_G_2,__setup__.stock_location_schafer_shelving,stock.warehouse0,internal,base.main_company
__setup__.stock_location_1217_G_3,Schafer Shelving/1217_G_3,Schafer Shelving/1217_G_3,__setup__.stock_location_schafer_shelving,stock.warehouse0,internal,base.main_company
__setup__.stock_location_1217_G_4,Schafer Shelving/1217_G_4,Schafer Shelving/1217_G_4,__setup__.stock_location_schafer_shelving,stock.warehouse0,internal,base.main_company
__setup__.stock_location_1217_G_5,Schafer Shelving/1217_G_5,Schafer Shelving/1217_G_5,__setup__.stock_location_schafer_shelving,stock.warehouse0,internal,base.main_company
__setup__.stock_location_1218_A_1,Schafer Shelving/1218_A_1,Schafer Shelving/1218_A_1,__setup__.stock_location_schafer_shelving,stock.warehouse0,internal,base.main_company
__setup__.stock_location_1218_A_2,Schafer Shelving/1218_A_2,Schafer Shelving/1218_A_2,__setup__.stock_location_schafer_shelving,stock.warehouse0,internal,base.main_company
__setup__.stock_location_1218_A_3,Schafer Shelving/1218_A_3,Schafer Shelving/1218_A_3,__setup__.stock_location_schafer_shelving,stock.warehouse0,internal,base.main_company
__setup__.stock_location_1218_A_4,Schafer Shelving/1218_A_4,Schafer Shelving/1218_A_4,__setup__.stock_location_schafer_shelving,stock.warehouse0,internal,base.main_company
__setup__.stock_location_1218_A_5,Schafer Shelving/1218_A_5,Schafer Shelving/1218_A_5,__setup__.stock_location_schafer_shelving,stock.warehouse0,internal,base.main_company
__setup__.stock_location_1218_B_1,Schafer Shelving/1218_B_1,Schafer Shelving/1218_B_1,__setup__.stock_location_schafer_shelving,stock.warehouse0,internal,base.main_company
__setup__.stock_location_1218_B_2,Schafer Shelving/1218_B_2,Schafer Shelving/1218_B_2,__setup__.stock_location_schafer_shelving,stock.warehouse0,internal,base.main_company
__setup__.stock_location_1218_B_3,Schafer Shelving/1218_B_3,Schafer Shelving/1218_B_3,__setup__.stock_location_schafer_shelving,stock.warehouse0,internal,base.main_company
__setup__.stock_location_1218_B_4,Schafer Shelving/1218_B_4,Schafer Shelving/1218_B_4,__setup__.stock_location_schafer_shelving,stock.warehouse0,internal,base.main_company
__setup__.stock_location_1218_B_5,Schafer Shelving/1218_B_5,Schafer Shelving/1218_B_5,__setup__.stock_location_schafer_shelving,stock.warehouse0,internal,base.main_company
__setup__.stock_location_1218_C_1,Schafer Shelving/1218_C_1,Schafer Shelving/1218_C_1,__setup__.stock_location_schafer_shelving,stock.warehouse0,internal,base.main_company
__setup__.stock_location_1218_C_2,Schafer Shelving/1218_C_2,Schafer Shelving/1218_C_2,__setup__.stock_location_schafer_shelving,stock.warehouse0,internal,base.main_company
__setup__.stock_location_1218_C_3,Schafer Shelving/1218_C_3,Schafer Shelving/1218_C_3,__setup__.stock_location_schafer_shelving,stock.warehouse0,internal,base.main_company
__setup__.stock_location_1218_C_4,Schafer Shelving/1218_C_4,Schafer Shelving/1218_C_4,__setup__.stock_location_schafer_shelving,stock.warehouse0,internal,base.main_company
__setup__.stock_location_1218_C_5,Schafer Shelving/1218_C_5,Schafer Shelving/1218_C_5,__setup__.stock_location_schafer_shelving,stock.warehouse0,internal,base.main_company
__setup__.stock_location_1218_D_1,Schafer Shelving/1218_D_1,Schafer Shelving/1218_D_1,__setup__.stock_location_schafer_shelving,stock.warehouse0,internal,base.main_company
__setup__.stock_location_1218_D_2,Schafer Shelving/1218_D_2,Schafer Shelving/1218_D_2,__setup__.stock_location_schafer_shelving,stock.warehouse0,internal,base.main_company
__setup__.stock_location_1218_D_3,Schafer Shelving/1218_D_3,Schafer Shelving/1218_D_3,__setup__.stock_location_schafer_shelving,stock.warehouse0,internal,base.main_company
__setup__.stock_location_1218_D_4,Schafer Shelving/1218_D_4,Schafer Shelving/1218_D_4,__setup__.stock_location_schafer_shelving,stock.warehouse0,internal,base.main_company
__setup__.stock_location_1218_D_5,Schafer Shelving/1218_D_5,Schafer Shelving/1218_D_5,__setup__.stock_location_schafer_shelving,stock.warehouse0,internal,base.main_company
__setup__.stock_location_1218_E_1,Schafer Shelving/1218_E_1,Schafer Shelving/1218_E_1,__setup__.stock_location_schafer_shelving,stock.warehouse0,internal,base.main_company
__setup__.stock_location_1218_E_2,Schafer Shelving/1218_E_2,Schafer Shelving/1218_E_2,__setup__.stock_location_schafer_shelving,stock.warehouse0,internal,base.main_company
__setup__.stock_location_1218_E_3,Schafer Shelving/1218_E_3,Schafer Shelving/1218_E_3,__setup__.stock_location_schafer_shelving,stock.warehouse0,internal,base.main_company
__setup__.stock_location_1218_E_4,Schafer Shelving/1218_E_4,Schafer Shelving/1218_E_4,__setup__.stock_location_schafer_shelving,stock.warehouse0,internal,base.main_company
__setup__.stock_location_1218_E_5,Schafer Shelving/1218_E_5,Schafer Shelving/1218_E_5,__setup__.stock_location_schafer_shelving,stock.warehouse0,internal,base.main_company
__setup__.stock_location_1218_F_1,Schafer Shelving/1218_F_1,Schafer Shelving/1218_F_1,__setup__.stock_location_schafer_shelving,stock.warehouse0,internal,base.main_company
__setup__.stock_location_1218_F_2,Schafer Shelving/1218_F_2,Schafer Shelving/1218_F_2,__setup__.stock_location_schafer_shelving,stock.warehouse0,internal,base.main_company
__setup__.stock_location_1218_F_3,Schafer Shelving/1218_F_3,Schafer Shelving/1218_F_3,__setup__.stock_location_schafer_shelving,stock.warehouse0,internal,base.main_company
__setup__.stock_location_1218_F_4,Schafer Shelving/1218_F_4,Schafer Shelving/1218_F_4,__setup__.stock_location_schafer_shelving,stock.warehouse0,internal,base.main_company
__setup__.stock_location_1218_F_5,Schafer Shelving/1218_F_5,Schafer Shelving/1218_F_5,__setup__.stock_location_schafer_shelving,stock.warehouse0,internal,base.main_company
__setup__.stock_location_1218_G_1,Schafer Shelving/1218_G_1,Schafer Shelving/1218_G_1,__setup__.stock_location_schafer_shelving,stock.warehouse0,internal,base.main_company
__setup__.stock_location_1218_G_2,Schafer Shelving/1218_G_2,Schafer Shelving/1218_G_2,__setup__.stock_location_schafer_shelving,stock.warehouse0,internal,base.main_company
__setup__.stock_location_1218_G_3,Schafer Shelving/1218_G_3,Schafer Shelving/1218_G_3,__setup__.stock_location_schafer_shelving,stock.warehouse0,internal,base.main_company
__setup__.stock_location_1218_G_4,Schafer Shelving/1218_G_4,Schafer Shelving/1218_G_4,__setup__.stock_location_schafer_shelving,stock.warehouse0,internal,base.main_company
__setup__.stock_location_1218_G_5,Schafer Shelving/1218_G_5,Schafer Shelving/1218_G_5,__setup__.stock_location_schafer_shelving,stock.warehouse0,internal,base.main_company
__setup__.stock_location_1219_A_1,Schafer Shelving/1219_A_1,Schafer Shelving/1219_A_1,__setup__.stock_location_schafer_shelving,stock.warehouse0,internal,base.main_company
__setup__.stock_location_1219_A_2,Schafer Shelving/1219_A_2,Schafer Shelving/1219_A_2,__setup__.stock_location_schafer_shelving,stock.warehouse0,internal,base.main_company
__setup__.stock_location_1219_A_3,Schafer Shelving/1219_A_3,Schafer Shelving/1219_A_3,__setup__.stock_location_schafer_shelving,stock.warehouse0,internal,base.main_company
__setup__.stock_location_1219_A_4,Schafer Shelving/1219_A_4,Schafer Shelving/1219_A_4,__setup__.stock_location_schafer_shelving,stock.warehouse0,internal,base.main_company
__setup__.stock_location_1219_A_5,Schafer Shelving/1219_A_5,Schafer Shelving/1219_A_5,__setup__.stock_location_schafer_shelving,stock.warehouse0,internal,base.main_company
__setup__.stock_location_1219_B_1,Schafer Shelving/1219_B_1,Schafer Shelving/1219_B_1,__setup__.stock_location_schafer_shelving,stock.warehouse0,internal,base.main_company
__setup__.stock_location_1219_B_2,Schafer Shelving/1219_B_2,Schafer Shelving/1219_B_2,__setup__.stock_location_schafer_shelving,stock.warehouse0,internal,base.main_company
__setup__.stock_location_1219_B_3,Schafer Shelving/1219_B_3,Schafer Shelving/1219_B_3,__setup__.stock_location_schafer_shelving,stock.warehouse0,internal,base.main_company
__setup__.stock_location_1219_B_4,Schafer Shelving/1219_B_4,Schafer Shelving/1219_B_4,__setup__.stock_location_schafer_shelving,stock.warehouse0,internal,base.main_company
__setup__.stock_location_1219_B_5,Schafer Shelving/1219_B_5,Schafer Shelving/1219_B_5,__setup__.stock_location_schafer_shelving,stock.warehouse0,internal,base.main_company
__setup__.stock_location_1219_C_1,Schafer Shelving/1219_C_1,Schafer Shelving/1219_C_1,__setup__.stock_location_schafer_shelving,stock.warehouse0,internal,base.main_company
__setup__.stock_location_1219_C_2,Schafer Shelving/1219_C_2,Schafer Shelving/1219_C_2,__setup__.stock_location_schafer_shelving,stock.warehouse0,internal,base.main_company
__setup__.stock_location_1219_C_3,Schafer Shelving/1219_C_3,Schafer Shelving/1219_C_3,__setup__.stock_location_schafer_shelving,stock.warehouse0,internal,base.main_company
__setup__.stock_location_1219_C_4,Schafer Shelving/1219_C_4,Schafer Shelving/1219_C_4,__setup__.stock_location_schafer_shelving,stock.warehouse0,internal,base.main_company
__setup__.stock_location_1219_C_5,Schafer Shelving/1219_C_5,Schafer Shelving/1219_C_5,__setup__.stock_location_schafer_shelving,stock.warehouse0,internal,base.main_company
__setup__.stock_location_1219_D_1,Schafer Shelving/1219_D_1,Schafer Shelving/1219_D_1,__setup__.stock_location_schafer_shelving,stock.warehouse0,internal,base.main_company
__setup__.stock_location_1219_D_2,Schafer Shelving/1219_D_2,Schafer Shelving/1219_D_2,__setup__.stock_location_schafer_shelving,stock.warehouse0,internal,base.main_company
__setup__.stock_location_1219_D_3,Schafer Shelving/1219_D_3,Schafer Shelving/1219_D_3,__setup__.stock_location_schafer_shelving,stock.warehouse0,internal,base.main_company
__setup__.stock_location_1219_D_4,Schafer Shelving/1219_D_4,Schafer Shelving/1219_D_4,__setup__.stock_location_schafer_shelving,stock.warehouse0,internal,base.main_company
__setup__.stock_location_1219_D_5,Schafer Shelving/1219_D_5,Schafer Shelving/1219_D_5,__setup__.stock_location_schafer_shelving,stock.warehouse0,internal,base.main_company
__setup__.stock_location_1219_E_1,Schafer Shelving/1219_E_1,Schafer Shelving/1219_E_1,__setup__.stock_location_schafer_shelving,stock.warehouse0,internal,base.main_company
__setup__.stock_location_1219_E_2,Schafer Shelving/1219_E_2,Schafer Shelving/1219_E_2,__setup__.stock_location_schafer_shelving,stock.warehouse0,internal,base.main_company
__setup__.stock_location_1219_E_3,Schafer Shelving/1219_E_3,Schafer Shelving/1219_E_3,__setup__.stock_location_schafer_shelving,stock.warehouse0,internal,base.main_company
__setup__.stock_location_1219_E_4,Schafer Shelving/1219_E_4,Schafer Shelving/1219_E_4,__setup__.stock_location_schafer_shelving,stock.warehouse0,internal,base.main_company
__setup__.stock_location_1219_E_5,Schafer Shelving/1219_E_5,Schafer Shelving/1219_E_5,__setup__.stock_location_schafer_shelving,stock.warehouse0,internal,base.main_company
__setup__.stock_location_1219_F_1,Schafer Shelving/1219_F_1,Schafer Shelving/1219_F_1,__setup__.stock_location_schafer_shelving,stock.warehouse0,internal,base.main_company
__setup__.stock_location_1219_F_2,Schafer Shelving/1219_F_2,Schafer Shelving/1219_F_2,__setup__.stock_location_schafer_shelving,stock.warehouse0,internal,base.main_company
__setup__.stock_location_1219_F_3,Schafer Shelving/1219_F_3,Schafer Shelving/1219_F_3,__setup__.stock_location_schafer_shelving,stock.warehouse0,internal,base.main_company
__setup__.stock_location_1219_F_4,Schafer Shelving/1219_F_4,Schafer Shelving/1219_F_4,__setup__.stock_location_schafer_shelving,stock.warehouse0,internal,base.main_company
__setup__.stock_location_1219_F_5,Schafer Shelving/1219_F_5,Schafer Shelving/1219_F_5,__setup__.stock_location_schafer_shelving,stock.warehouse0,internal,base.main_company
__setup__.stock_location_1219_G_1,Schafer Shelving/1219_G_1,Schafer Shelving/1219_G_1,__setup__.stock_location_schafer_shelving,stock.warehouse0,internal,base.main_company
__setup__.stock_location_1219_G_2,Schafer Shelving/1219_G_2,Schafer Shelving/1219_G_2,__setup__.stock_location_schafer_shelving,stock.warehouse0,internal,base.main_company
__setup__.stock_location_1219_G_3,Schafer Shelving/1219_G_3,Schafer Shelving/1219_G_3,__setup__.stock_location_schafer_shelving,stock.warehouse0,internal,base.main_company
__setup__.stock_location_1219_G_4,Schafer Shelving/1219_G_4,Schafer Shelving/1219_G_4,__setup__.stock_location_schafer_shelving,stock.warehouse0,internal,base.main_company
__setup__.stock_location_1219_G_5,Schafer Shelving/1219_G_5,Schafer Shelving/1219_G_5,__setup__.stock_location_schafer_shelving,stock.warehouse0,internal,base.main_company
__setup__.stock_location_1220_A_1,Schafer Shelving/1220_A_1,Schafer Shelving/1220_A_1,__setup__.stock_location_schafer_shelving,stock.warehouse0,internal,base.main_company
__setup__.stock_location_1220_A_2,Schafer Shelving/1220_A_2,Schafer Shelving/1220_A_2,__setup__.stock_location_schafer_shelving,stock.warehouse0,internal,base.main_company
__setup__.stock_location_1220_A_3,Schafer Shelving/1220_A_3,Schafer Shelving/1220_A_3,__setup__.stock_location_schafer_shelving,stock.warehouse0,internal,base.main_company
__setup__.stock_location_1220_A_4,Schafer Shelving/1220_A_4,Schafer Shelving/1220_A_4,__setup__.stock_location_schafer_shelving,stock.warehouse0,internal,base.main_company
__setup__.stock_location_1220_A_5,Schafer Shelving/1220_A_5,Schafer Shelving/1220_A_5,__setup__.stock_location_schafer_shelving,stock.warehouse0,internal,base.main_company
__setup__.stock_location_1220_B_1,Schafer Shelving/1220_B_1,Schafer Shelving/1220_B_1,__setup__.stock_location_schafer_shelving,stock.warehouse0,internal,base.main_company
__setup__.stock_location_1220_B_2,Schafer Shelving/1220_B_2,Schafer Shelving/1220_B_2,__setup__.stock_location_schafer_shelving,stock.warehouse0,internal,base.main_company
__setup__.stock_location_1220_B_3,Schafer Shelving/1220_B_3,Schafer Shelving/1220_B_3,__setup__.stock_location_schafer_shelving,stock.warehouse0,internal,base.main_company
__setup__.stock_location_1220_B_4,Schafer Shelving/1220_B_4,Schafer Shelving/1220_B_4,__setup__.stock_location_schafer_shelving,stock.warehouse0,internal,base.main_company
__setup__.stock_location_1220_B_5,Schafer Shelving/1220_B_5,Schafer Shelving/1220_B_5,__setup__.stock_location_schafer_shelving,stock.warehouse0,internal,base.main_company
__setup__.stock_location_1220_C_1,Schafer Shelving/1220_C_1,Schafer Shelving/1220_C_1,__setup__.stock_location_schafer_shelving,stock.warehouse0,internal,base.main_company
__setup__.stock_location_1220_C_2,Schafer Shelving/1220_C_2,Schafer Shelving/1220_C_2,__setup__.stock_location_schafer_shelving,stock.warehouse0,internal,base.main_company
__setup__.stock_location_1220_C_3,Schafer Shelving/1220_C_3,Schafer Shelving/1220_C_3,__setup__.stock_location_schafer_shelving,stock.warehouse0,internal,base.main_company
__setup__.stock_location_1220_C_4,Schafer Shelving/1220_C_4,Schafer Shelving/1220_C_4,__setup__.stock_location_schafer_shelving,stock.warehouse0,internal,base.main_company
__setup__.stock_location_1220_C_5,Schafer Shelving/1220_C_5,Schafer Shelving/1220_C_5,__setup__.stock_location_schafer_shelving,stock.warehouse0,internal,base.main_company
__setup__.stock_location_1220_D_1,Schafer Shelving/1220_D_1,Schafer Shelving/1220_D_1,__setup__.stock_location_schafer_shelving,stock.warehouse0,internal,base.main_company
__setup__.stock_location_1220_D_2,Schafer Shelving/1220_D_2,Schafer Shelving/1220_D_2,__setup__.stock_location_schafer_shelving,stock.warehouse0,internal,base.main_company
__setup__.stock_location_1220_D_3,Schafer Shelving/1220_D_3,Schafer Shelving/1220_D_3,__setup__.stock_location_schafer_shelving,stock.warehouse0,internal,base.main_company
__setup__.stock_location_1220_D_4,Schafer Shelving/1220_D_4,Schafer Shelving/1220_D_4,__setup__.stock_location_schafer_shelving,stock.warehouse0,internal,base.main_company
__setup__.stock_location_1220_D_5,Schafer Shelving/1220_D_5,Schafer Shelving/1220_D_5,__setup__.stock_location_schafer_shelving,stock.warehouse0,internal,base.main_company
__setup__.stock_location_1220_E_1,Schafer Shelving/1220_E_1,Schafer Shelving/1220_E_1,__setup__.stock_location_schafer_shelving,stock.warehouse0,internal,base.main_company
__setup__.stock_location_1220_E_2,Schafer Shelving/1220_E_2,Schafer Shelving/1220_E_2,__setup__.stock_location_schafer_shelving,stock.warehouse0,internal,base.main_company
__setup__.stock_location_1220_E_3,Schafer Shelving/1220_E_3,Schafer Shelving/1220_E_3,__setup__.stock_location_schafer_shelving,stock.warehouse0,internal,base.main_company
__setup__.stock_location_1220_E_4,Schafer Shelving/1220_E_4,Schafer Shelving/1220_E_4,__setup__.stock_location_schafer_shelving,stock.warehouse0,internal,base.main_company
__setup__.stock_location_1220_E_5,Schafer Shelving/1220_E_5,Schafer Shelving/1220_E_5,__setup__.stock_location_schafer_shelving,stock.warehouse0,internal,base.main_company
__setup__.stock_location_1220_F_1,Schafer Shelving/1220_F_1,Schafer Shelving/1220_F_1,__setup__.stock_location_schafer_shelving,stock.warehouse0,internal,base.main_company
__setup__.stock_location_1220_F_2,Schafer Shelving/1220_F_2,Schafer Shelving/1220_F_2,__setup__.stock_location_schafer_shelving,stock.warehouse0,internal,base.main_company
__setup__.stock_location_1220_F_3,Schafer Shelving/1220_F_3,Schafer Shelving/1220_F_3,__setup__.stock_location_schafer_shelving,stock.warehouse0,internal,base.main_company
__setup__.stock_location_1220_F_4,Schafer Shelving/1220_F_4,Schafer Shelving/1220_F_4,__setup__.stock_location_schafer_shelving,stock.warehouse0,internal,base.main_company
__setup__.stock_location_1220_F_5,Schafer Shelving/1220_F_5,Schafer Shelving/1220_F_5,__setup__.stock_location_schafer_shelving,stock.warehouse0,internal,base.main_company
__setup__.stock_location_1220_G_1,Schafer Shelving/1220_G_1,Schafer Shelving/1220_G_1,__setup__.stock_location_schafer_shelving,stock.warehouse0,internal,base.main_company
__setup__.stock_location_1220_G_2,Schafer Shelving/1220_G_2,Schafer Shelving/1220_G_2,__setup__.stock_location_schafer_shelving,stock.warehouse0,internal,base.main_company
__setup__.stock_location_1220_G_3,Schafer Shelving/1220_G_3,Schafer Shelving/1220_G_3,__setup__.stock_location_schafer_shelving,stock.warehouse0,internal,base.main_company
__setup__.stock_location_1220_G_4,Schafer Shelving/1220_G_4,Schafer Shelving/1220_G_4,__setup__.stock_location_schafer_shelving,stock.warehouse0,internal,base.main_company
__setup__.stock_location_1220_G_5,Schafer Shelving/1220_G_5,Schafer Shelving/1220_G_5,__setup__.stock_location_schafer_shelving,stock.warehouse0,internal,base.main_company
__setup__.stock_location_1221_A_1,Schafer Shelving/1221_A_1,Schafer Shelving/1221_A_1,__setup__.stock_location_schafer_shelving,stock.warehouse0,internal,base.main_company
__setup__.stock_location_1221_A_2,Schafer Shelving/1221_A_2,Schafer Shelving/1221_A_2,__setup__.stock_location_schafer_shelving,stock.warehouse0,internal,base.main_company
__setup__.stock_location_1221_A_3,Schafer Shelving/1221_A_3,Schafer Shelving/1221_A_3,__setup__.stock_location_schafer_shelving,stock.warehouse0,internal,base.main_company
__setup__.stock_location_1221_A_4,Schafer Shelving/1221_A_4,Schafer Shelving/1221_A_4,__setup__.stock_location_schafer_shelving,stock.warehouse0,internal,base.main_company
__setup__.stock_location_1221_A_5,Schafer Shelving/1221_A_5,Schafer Shelving/1221_A_5,__setup__.stock_location_schafer_shelving,stock.warehouse0,internal,base.main_company
__setup__.stock_location_1221_B_1,Schafer Shelving/1221_B_1,Schafer Shelving/1221_B_1,__setup__.stock_location_schafer_shelving,stock.warehouse0,internal,base.main_company
__setup__.stock_location_1221_B_2,Schafer Shelving/1221_B_2,Schafer Shelving/1221_B_2,__setup__.stock_location_schafer_shelving,stock.warehouse0,internal,base.main_company
__setup__.stock_location_1221_B_3,Schafer Shelving/1221_B_3,Schafer Shelving/1221_B_3,__setup__.stock_location_schafer_shelving,stock.warehouse0,internal,base.main_company
__setup__.stock_location_1221_B_4,Schafer Shelving/1221_B_4,Schafer Shelving/1221_B_4,__setup__.stock_location_schafer_shelving,stock.warehouse0,internal,base.main_company
__setup__.stock_location_1221_B_5,Schafer Shelving/1221_B_5,Schafer Shelving/1221_B_5,__setup__.stock_location_schafer_shelving,stock.warehouse0,internal,base.main_company
__setup__.stock_location_1221_C_1,Schafer Shelving/1221_C_1,Schafer Shelving/1221_C_1,__setup__.stock_location_schafer_shelving,stock.warehouse0,internal,base.main_company
__setup__.stock_location_1221_C_2,Schafer Shelving/1221_C_2,Schafer Shelving/1221_C_2,__setup__.stock_location_schafer_shelving,stock.warehouse0,internal,base.main_company
__setup__.stock_location_1221_C_3,Schafer Shelving/1221_C_3,Schafer Shelving/1221_C_3,__setup__.stock_location_schafer_shelving,stock.warehouse0,internal,base.main_company
__setup__.stock_location_1221_C_4,Schafer Shelving/1221_C_4,Schafer Shelving/1221_C_4,__setup__.stock_location_schafer_shelving,stock.warehouse0,internal,base.main_company
__setup__.stock_location_1221_C_5,Schafer Shelving/1221_C_5,Schafer Shelving/1221_C_5,__setup__.stock_location_schafer_shelving,stock.warehouse0,internal,base.main_company
__setup__.stock_location_1221_D_1,Schafer Shelving/1221_D_1,Schafer Shelving/1221_D_1,__setup__.stock_location_schafer_shelving,stock.warehouse0,internal,base.main_company
__setup__.stock_location_1221_D_2,Schafer Shelving/1221_D_2,Schafer Shelving/1221_D_2,__setup__.stock_location_schafer_shelving,stock.warehouse0,internal,base.main_company
__setup__.stock_location_1221_D_3,Schafer Shelving/1221_D_3,Schafer Shelving/1221_D_3,__setup__.stock_location_schafer_shelving,stock.warehouse0,internal,base.main_company
__setup__.stock_location_1221_D_4,Schafer Shelving/1221_D_4,Schafer Shelving/1221_D_4,__setup__.stock_location_schafer_shelving,stock.warehouse0,internal,base.main_company
__setup__.stock_location_1221_D_5,Schafer Shelving/1221_D_5,Schafer Shelving/1221_D_5,__setup__.stock_location_schafer_shelving,stock.warehouse0,internal,base.main_company
__setup__.stock_location_1221_E_1,Schafer Shelving/1221_E_1,Schafer Shelving/1221_E_1,__setup__.stock_location_schafer_shelving,stock.warehouse0,internal,base.main_company
__setup__.stock_location_1221_E_2,Schafer Shelving/1221_E_2,Schafer Shelving/1221_E_2,__setup__.stock_location_schafer_shelving,stock.warehouse0,internal,base.main_company
__setup__.stock_location_1221_E_3,Schafer Shelving/1221_E_3,Schafer Shelving/1221_E_3,__setup__.stock_location_schafer_shelving,stock.warehouse0,internal,base.main_company
__setup__.stock_location_1221_E_4,Schafer Shelving/1221_E_4,Schafer Shelving/1221_E_4,__setup__.stock_location_schafer_shelving,stock.warehouse0,internal,base.main_company
__setup__.stock_location_1221_E_5,Schafer Shelving/1221_E_5,Schafer Shelving/1221_E_5,__setup__.stock_location_schafer_shelving,stock.warehouse0,internal,base.main_company
__setup__.stock_location_1221_F_1,Schafer Shelving/1221_F_1,Schafer Shelving/1221_F_1,__setup__.stock_location_schafer_shelving,stock.warehouse0,internal,base.main_company
__setup__.stock_location_1221_F_2,Schafer Shelving/1221_F_2,Schafer Shelving/1221_F_2,__setup__.stock_location_schafer_shelving,stock.warehouse0,internal,base.main_company
__setup__.stock_location_1221_F_3,Schafer Shelving/1221_F_3,Schafer Shelving/1221_F_3,__setup__.stock_location_schafer_shelving,stock.warehouse0,internal,base.main_company
__setup__.stock_location_1221_F_4,Schafer Shelving/1221_F_4,Schafer Shelving/1221_F_4,__setup__.stock_location_schafer_shelving,stock.warehouse0,internal,base.main_company
__setup__.stock_location_1221_F_5,Schafer Shelving/1221_F_5,Schafer Shelving/1221_F_5,__setup__.stock_location_schafer_shelving,stock.warehouse0,internal,base.main_company
__setup__.stock_location_1221_G_1,Schafer Shelving/1221_G_1,Schafer Shelving/1221_G_1,__setup__.stock_location_schafer_shelving,stock.warehouse0,internal,base.main_company
__setup__.stock_location_1221_G_2,Schafer Shelving/1221_G_2,Schafer Shelving/1221_G_2,__setup__.stock_location_schafer_shelving,stock.warehouse0,internal,base.main_company
__setup__.stock_location_1221_G_3,Schafer Shelving/1221_G_3,Schafer Shelving/1221_G_3,__setup__.stock_location_schafer_shelving,stock.warehouse0,internal,base.main_company
__setup__.stock_location_1221_G_4,Schafer Shelving/1221_G_4,Schafer Shelving/1221_G_4,__setup__.stock_location_schafer_shelving,stock.warehouse0,internal,base.main_company
__setup__.stock_location_1221_G_5,Schafer Shelving/1221_G_5,Schafer Shelving/1221_G_5,__setup__.stock_location_schafer_shelving,stock.warehouse0,internal,base.main_company
__setup__.stock_location_1222_A_1,Schafer Shelving/1222_A_1,Schafer Shelving/1222_A_1,__setup__.stock_location_schafer_shelving,stock.warehouse0,internal,base.main_company
__setup__.stock_location_1222_A_2,Schafer Shelving/1222_A_2,Schafer Shelving/1222_A_2,__setup__.stock_location_schafer_shelving,stock.warehouse0,internal,base.main_company
__setup__.stock_location_1222_A_3,Schafer Shelving/1222_A_3,Schafer Shelving/1222_A_3,__setup__.stock_location_schafer_shelving,stock.warehouse0,internal,base.main_company
__setup__.stock_location_1222_A_4,Schafer Shelving/1222_A_4,Schafer Shelving/1222_A_4,__setup__.stock_location_schafer_shelving,stock.warehouse0,internal,base.main_company
__setup__.stock_location_1222_A_5,Schafer Shelving/1222_A_5,Schafer Shelving/1222_A_5,__setup__.stock_location_schafer_shelving,stock.warehouse0,internal,base.main_company
__setup__.stock_location_1222_B_1,Schafer Shelving/1222_B_1,Schafer Shelving/1222_B_1,__setup__.stock_location_schafer_shelving,stock.warehouse0,internal,base.main_company
__setup__.stock_location_1222_B_2,Schafer Shelving/1222_B_2,Schafer Shelving/1222_B_2,__setup__.stock_location_schafer_shelving,stock.warehouse0,internal,base.main_company
__setup__.stock_location_1222_B_3,Schafer Shelving/1222_B_3,Schafer Shelving/1222_B_3,__setup__.stock_location_schafer_shelving,stock.warehouse0,internal,base.main_company
__setup__.stock_location_1222_B_4,Schafer Shelving/1222_B_4,Schafer Shelving/1222_B_4,__setup__.stock_location_schafer_shelving,stock.warehouse0,internal,base.main_company
__setup__.stock_location_1222_B_5,Schafer Shelving/1222_B_5,Schafer Shelving/1222_B_5,__setup__.stock_location_schafer_shelving,stock.warehouse0,internal,base.main_company
__setup__.stock_location_1222_C_1,Schafer Shelving/1222_C_1,Schafer Shelving/1222_C_1,__setup__.stock_location_schafer_shelving,stock.warehouse0,internal,base.main_company
__setup__.stock_location_1222_C_2,Schafer Shelving/1222_C_2,Schafer Shelving/1222_C_2,__setup__.stock_location_schafer_shelving,stock.warehouse0,internal,base.main_company
__setup__.stock_location_1222_C_3,Schafer Shelving/1222_C_3,Schafer Shelving/1222_C_3,__setup__.stock_location_schafer_shelving,stock.warehouse0,internal,base.main_company
__setup__.stock_location_1222_C_4,Schafer Shelving/1222_C_4,Schafer Shelving/1222_C_4,__setup__.stock_location_schafer_shelving,stock.warehouse0,internal,base.main_company
__setup__.stock_location_1222_C_5,Schafer Shelving/1222_C_5,Schafer Shelving/1222_C_5,__setup__.stock_location_schafer_shelving,stock.warehouse0,internal,base.main_company
__setup__.stock_location_1222_D_1,Schafer Shelving/1222_D_1,Schafer Shelving/1222_D_1,__setup__.stock_location_schafer_shelving,stock.warehouse0,internal,base.main_company
__setup__.stock_location_1222_D_2,Schafer Shelving/1222_D_2,Schafer Shelving/1222_D_2,__setup__.stock_location_schafer_shelving,stock.warehouse0,internal,base.main_company
__setup__.stock_location_1222_D_3,Schafer Shelving/1222_D_3,Schafer Shelving/1222_D_3,__setup__.stock_location_schafer_shelving,stock.warehouse0,internal,base.main_company
__setup__.stock_location_1222_D_4,Schafer Shelving/1222_D_4,Schafer Shelving/1222_D_4,__setup__.stock_location_schafer_shelving,stock.warehouse0,internal,base.main_company
__setup__.stock_location_1222_D_5,Schafer Shelving/1222_D_5,Schafer Shelving/1222_D_5,__setup__.stock_location_schafer_shelving,stock.warehouse0,internal,base.main_company
__setup__.stock_location_1222_E_1,Schafer Shelving/1222_E_1,Schafer Shelving/1222_E_1,__setup__.stock_location_schafer_shelving,stock.warehouse0,internal,base.main_company
__setup__.stock_location_1222_E_2,Schafer Shelving/1222_E_2,Schafer Shelving/1222_E_2,__setup__.stock_location_schafer_shelving,stock.warehouse0,internal,base.main_company
__setup__.stock_location_1222_E_3,Schafer Shelving/1222_E_3,Schafer Shelving/1222_E_3,__setup__.stock_location_schafer_shelving,stock.warehouse0,internal,base.main_company
__setup__.stock_location_1222_E_4,Schafer Shelving/1222_E_4,Schafer Shelving/1222_E_4,__setup__.stock_location_schafer_shelving,stock.warehouse0,internal,base.main_company
__setup__.stock_location_1222_E_5,Schafer Shelving/1222_E_5,Schafer Shelving/1222_E_5,__setup__.stock_location_schafer_shelving,stock.warehouse0,internal,base.main_company
__setup__.stock_location_1222_F_1,Schafer Shelving/1222_F_1,Schafer Shelving/1222_F_1,__setup__.stock_location_schafer_shelving,stock.warehouse0,internal,base.main_company
__setup__.stock_location_1222_F_2,Schafer Shelving/1222_F_2,Schafer Shelving/1222_F_2,__setup__.stock_location_schafer_shelving,stock.warehouse0,internal,base.main_company
__setup__.stock_location_1222_F_3,Schafer Shelving/1222_F_3,Schafer Shelving/1222_F_3,__setup__.stock_location_schafer_shelving,stock.warehouse0,internal,base.main_company
__setup__.stock_location_1222_F_4,Schafer Shelving/1222_F_4,Schafer Shelving/1222_F_4,__setup__.stock_location_schafer_shelving,stock.warehouse0,internal,base.main_company
__setup__.stock_location_1222_F_5,Schafer Shelving/1222_F_5,Schafer Shelving/1222_F_5,__setup__.stock_location_schafer_shelving,stock.warehouse0,internal,base.main_company
__setup__.stock_location_1222_G_1,Schafer Shelving/1222_G_1,Schafer Shelving/1222_G_1,__setup__.stock_location_schafer_shelving,stock.warehouse0,internal,base.main_company
__setup__.stock_location_1222_G_2,Schafer Shelving/1222_G_2,Schafer Shelving/1222_G_2,__setup__.stock_location_schafer_shelving,stock.warehouse0,internal,base.main_company
__setup__.stock_location_1222_G_3,Schafer Shelving/1222_G_3,Schafer Shelving/1222_G_3,__setup__.stock_location_schafer_shelving,stock.warehouse0,internal,base.main_company
__setup__.stock_location_1222_G_4,Schafer Shelving/1222_G_4,Schafer Shelving/1222_G_4,__setup__.stock_location_schafer_shelving,stock.warehouse0,internal,base.main_company
__setup__.stock_location_1222_G_5,Schafer Shelving/1222_G_5,Schafer Shelving/1222_G_5,__setup__.stock_location_schafer_shelving,stock.warehouse0,internal,base.main_company
__setup__.stock_location_1223_A_1,Schafer Shelving/1223_A_1,Schafer Shelving/1223_A_1,__setup__.stock_location_schafer_shelving,stock.warehouse0,internal,base.main_company
__setup__.stock_location_1223_A_2,Schafer Shelving/1223_A_2,Schafer Shelving/1223_A_2,__setup__.stock_location_schafer_shelving,stock.warehouse0,internal,base.main_company
__setup__.stock_location_1223_A_3,Schafer Shelving/1223_A_3,Schafer Shelving/1223_A_3,__setup__.stock_location_schafer_shelving,stock.warehouse0,internal,base.main_company
__setup__.stock_location_1223_A_4,Schafer Shelving/1223_A_4,Schafer Shelving/1223_A_4,__setup__.stock_location_schafer_shelving,stock.warehouse0,internal,base.main_company
__setup__.stock_location_1223_A_5,Schafer Shelving/1223_A_5,Schafer Shelving/1223_A_5,__setup__.stock_location_schafer_shelving,stock.warehouse0,internal,base.main_company
__setup__.stock_location_1223_B_1,Schafer Shelving/1223_B_1,Schafer Shelving/1223_B_1,__setup__.stock_location_schafer_shelving,stock.warehouse0,internal,base.main_company
__setup__.stock_location_1223_B_2,Schafer Shelving/1223_B_2,Schafer Shelving/1223_B_2,__setup__.stock_location_schafer_shelving,stock.warehouse0,internal,base.main_company
__setup__.stock_location_1223_B_3,Schafer Shelving/1223_B_3,Schafer Shelving/1223_B_3,__setup__.stock_location_schafer_shelving,stock.warehouse0,internal,base.main_company
__setup__.stock_location_1223_B_4,Schafer Shelving/1223_B_4,Schafer Shelving/1223_B_4,__setup__.stock_location_schafer_shelving,stock.warehouse0,internal,base.main_company
__setup__.stock_location_1223_B_5,Schafer Shelving/1223_B_5,Schafer Shelving/1223_B_5,__setup__.stock_location_schafer_shelving,stock.warehouse0,internal,base.main_company
__setup__.stock_location_1223_C_1,Schafer Shelving/1223_C_1,Schafer Shelving/1223_C_1,__setup__.stock_location_schafer_shelving,stock.warehouse0,internal,base.main_company
__setup__.stock_location_1223_C_2,Schafer Shelving/1223_C_2,Schafer Shelving/1223_C_2,__setup__.stock_location_schafer_shelving,stock.warehouse0,internal,base.main_company
__setup__.stock_location_1223_C_3,Schafer Shelving/1223_C_3,Schafer Shelving/1223_C_3,__setup__.stock_location_schafer_shelving,stock.warehouse0,internal,base.main_company
__setup__.stock_location_1223_C_4,Schafer Shelving/1223_C_4,Schafer Shelving/1223_C_4,__setup__.stock_location_schafer_shelving,stock.warehouse0,internal,base.main_company
__setup__.stock_location_1223_C_5,Schafer Shelving/1223_C_5,Schafer Shelving/1223_C_5,__setup__.stock_location_schafer_shelving,stock.warehouse0,internal,base.main_company
__setup__.stock_location_1223_D_1,Schafer Shelving/1223_D_1,Schafer Shelving/1223_D_1,__setup__.stock_location_schafer_shelving,stock.warehouse0,internal,base.main_company
__setup__.stock_location_1223_D_2,Schafer Shelving/1223_D_2,Schafer Shelving/1223_D_2,__setup__.stock_location_schafer_shelving,stock.warehouse0,internal,base.main_company
__setup__.stock_location_1223_D_3,Schafer Shelving/1223_D_3,Schafer Shelving/1223_D_3,__setup__.stock_location_schafer_shelving,stock.warehouse0,internal,base.main_company
__setup__.stock_location_1223_D_4,Schafer Shelving/1223_D_4,Schafer Shelving/1223_D_4,__setup__.stock_location_schafer_shelving,stock.warehouse0,internal,base.main_company
__setup__.stock_location_1223_D_5,Schafer Shelving/1223_D_5,Schafer Shelving/1223_D_5,__setup__.stock_location_schafer_shelving,stock.warehouse0,internal,base.main_company
__setup__.stock_location_1223_E_1,Schafer Shelving/1223_E_1,Schafer Shelving/1223_E_1,__setup__.stock_location_schafer_shelving,stock.warehouse0,internal,base.main_company
__setup__.stock_location_1223_E_2,Schafer Shelving/1223_E_2,Schafer Shelving/1223_E_2,__setup__.stock_location_schafer_shelving,stock.warehouse0,internal,base.main_company
__setup__.stock_location_1223_E_3,Schafer Shelving/1223_E_3,Schafer Shelving/1223_E_3,__setup__.stock_location_schafer_shelving,stock.warehouse0,internal,base.main_company
__setup__.stock_location_1223_E_4,Schafer Shelving/1223_E_4,Schafer Shelving/1223_E_4,__setup__.stock_location_schafer_shelving,stock.warehouse0,internal,base.main_company
__setup__.stock_location_1223_E_5,Schafer Shelving/1223_E_5,Schafer Shelving/1223_E_5,__setup__.stock_location_schafer_shelving,stock.warehouse0,internal,base.main_company
__setup__.stock_location_1223_F_1,Schafer Shelving/1223_F_1,Schafer Shelving/1223_F_1,__setup__.stock_location_schafer_shelving,stock.warehouse0,internal,base.main_company
__setup__.stock_location_1223_F_2,Schafer Shelving/1223_F_2,Schafer Shelving/1223_F_2,__setup__.stock_location_schafer_shelving,stock.warehouse0,internal,base.main_company
__setup__.stock_location_1223_F_3,Schafer Shelving/1223_F_3,Schafer Shelving/1223_F_3,__setup__.stock_location_schafer_shelving,stock.warehouse0,internal,base.main_company
__setup__.stock_location_1223_F_4,Schafer Shelving/1223_F_4,Schafer Shelving/1223_F_4,__setup__.stock_location_schafer_shelving,stock.warehouse0,internal,base.main_company
__setup__.stock_location_1223_F_5,Schafer Shelving/1223_F_5,Schafer Shelving/1223_F_5,__setup__.stock_location_schafer_shelving,stock.warehouse0,internal,base.main_company
__setup__.stock_location_1223_G_1,Schafer Shelving/1223_G_1,Schafer Shelving/1223_G_1,__setup__.stock_location_schafer_shelving,stock.warehouse0,internal,base.main_company
__setup__.stock_location_1223_G_2,Schafer Shelving/1223_G_2,Schafer Shelving/1223_G_2,__setup__.stock_location_schafer_shelving,stock.warehouse0,internal,base.main_company
__setup__.stock_location_1223_G_3,Schafer Shelving/1223_G_3,Schafer Shelving/1223_G_3,__setup__.stock_location_schafer_shelving,stock.warehouse0,internal,base.main_company
__setup__.stock_location_1223_G_4,Schafer Shelving/1223_G_4,Schafer Shelving/1223_G_4,__setup__.stock_location_schafer_shelving,stock.warehouse0,internal,base.main_company
__setup__.stock_location_1223_G_5,Schafer Shelving/1223_G_5,Schafer Shelving/1223_G_5,__setup__.stock_location_schafer_shelving,stock.warehouse0,internal,base.main_company
__setup__.stock_location_1224_A_1,Schafer Shelving/1224_A_1,Schafer Shelving/1224_A_1,__setup__.stock_location_schafer_shelving,stock.warehouse0,internal,base.main_company
__setup__.stock_location_1224_A_2,Schafer Shelving/1224_A_2,Schafer Shelving/1224_A_2,__setup__.stock_location_schafer_shelving,stock.warehouse0,internal,base.main_company
__setup__.stock_location_1224_A_3,Schafer Shelving/1224_A_3,Schafer Shelving/1224_A_3,__setup__.stock_location_schafer_shelving,stock.warehouse0,internal,base.main_company
__setup__.stock_location_1224_A_4,Schafer Shelving/1224_A_4,Schafer Shelving/1224_A_4,__setup__.stock_location_schafer_shelving,stock.warehouse0,internal,base.main_company
__setup__.stock_location_1224_A_5,Schafer Shelving/1224_A_5,Schafer Shelving/1224_A_5,__setup__.stock_location_schafer_shelving,stock.warehouse0,internal,base.main_company
__setup__.stock_location_1224_B_1,Schafer Shelving/1224_B_1,Schafer Shelving/1224_B_1,__setup__.stock_location_schafer_shelving,stock.warehouse0,internal,base.main_company
__setup__.stock_location_1224_B_2,Schafer Shelving/1224_B_2,Schafer Shelving/1224_B_2,__setup__.stock_location_schafer_shelving,stock.warehouse0,internal,base.main_company
__setup__.stock_location_1224_B_3,Schafer Shelving/1224_B_3,Schafer Shelving/1224_B_3,__setup__.stock_location_schafer_shelving,stock.warehouse0,internal,base.main_company
__setup__.stock_location_1224_B_4,Schafer Shelving/1224_B_4,Schafer Shelving/1224_B_4,__setup__.stock_location_schafer_shelving,stock.warehouse0,internal,base.main_company
__setup__.stock_location_1224_B_5,Schafer Shelving/1224_B_5,Schafer Shelving/1224_B_5,__setup__.stock_location_schafer_shelving,stock.warehouse0,internal,base.main_company
__setup__.stock_location_1224_C_1,Schafer Shelving/1224_C_1,Schafer Shelving/1224_C_1,__setup__.stock_location_schafer_shelving,stock.warehouse0,internal,base.main_company
__setup__.stock_location_1224_C_2,Schafer Shelving/1224_C_2,Schafer Shelving/1224_C_2,__setup__.stock_location_schafer_shelving,stock.warehouse0,internal,base.main_company
__setup__.stock_location_1224_C_3,Schafer Shelving/1224_C_3,Schafer Shelving/1224_C_3,__setup__.stock_location_schafer_shelving,stock.warehouse0,internal,base.main_company
__setup__.stock_location_1224_C_4,Schafer Shelving/1224_C_4,Schafer Shelving/1224_C_4,__setup__.stock_location_schafer_shelving,stock.warehouse0,internal,base.main_company
__setup__.stock_location_1224_C_5,Schafer Shelving/1224_C_5,Schafer Shelving/1224_C_5,__setup__.stock_location_schafer_shelving,stock.warehouse0,internal,base.main_company
__setup__.stock_location_1224_D_1,Schafer Shelving/1224_D_1,Schafer Shelving/1224_D_1,__setup__.stock_location_schafer_shelving,stock.warehouse0,internal,base.main_company
__setup__.stock_location_1224_D_2,Schafer Shelving/1224_D_2,Schafer Shelving/1224_D_2,__setup__.stock_location_schafer_shelving,stock.warehouse0,internal,base.main_company
__setup__.stock_location_1224_D_3,Schafer Shelving/1224_D_3,Schafer Shelving/1224_D_3,__setup__.stock_location_schafer_shelving,stock.warehouse0,internal,base.main_company
__setup__.stock_location_1224_D_4,Schafer Shelving/1224_D_4,Schafer Shelving/1224_D_4,__setup__.stock_location_schafer_shelving,stock.warehouse0,internal,base.main_company
__setup__.stock_location_1224_D_5,Schafer Shelving/1224_D_5,Schafer Shelving/1224_D_5,__setup__.stock_location_schafer_shelving,stock.warehouse0,internal,base.main_company
__setup__.stock_location_1224_E_1,Schafer Shelving/1224_E_1,Schafer Shelving/1224_E_1,__setup__.stock_location_schafer_shelving,stock.warehouse0,internal,base.main_company
__setup__.stock_location_1224_E_2,Schafer Shelving/1224_E_2,Schafer Shelving/1224_E_2,__setup__.stock_location_schafer_shelving,stock.warehouse0,internal,base.main_company
__setup__.stock_location_1224_E_3,Schafer Shelving/1224_E_3,Schafer Shelving/1224_E_3,__setup__.stock_location_schafer_shelving,stock.warehouse0,internal,base.main_company
__setup__.stock_location_1224_E_4,Schafer Shelving/1224_E_4,Schafer Shelving/1224_E_4,__setup__.stock_location_schafer_shelving,stock.warehouse0,internal,base.main_company
__setup__.stock_location_1224_E_5,Schafer Shelving/1224_E_5,Schafer Shelving/1224_E_5,__setup__.stock_location_schafer_shelving,stock.warehouse0,internal,base.main_company
__setup__.stock_location_1224_F_1,Schafer Shelving/1224_F_1,Schafer Shelving/1224_F_1,__setup__.stock_location_schafer_shelving,stock.warehouse0,internal,base.main_company
__setup__.stock_location_1224_F_2,Schafer Shelving/1224_F_2,Schafer Shelving/1224_F_2,__setup__.stock_location_schafer_shelving,stock.warehouse0,internal,base.main_company
__setup__.stock_location_1224_F_3,Schafer Shelving/1224_F_3,Schafer Shelving/1224_F_3,__setup__.stock_location_schafer_shelving,stock.warehouse0,internal,base.main_company
__setup__.stock_location_1224_F_4,Schafer Shelving/1224_F_4,Schafer Shelving/1224_F_4,__setup__.stock_location_schafer_shelving,stock.warehouse0,internal,base.main_company
__setup__.stock_location_1224_F_5,Schafer Shelving/1224_F_5,Schafer Shelving/1224_F_5,__setup__.stock_location_schafer_shelving,stock.warehouse0,internal,base.main_company
__setup__.stock_location_1224_G_1,Schafer Shelving/1224_G_1,Schafer Shelving/1224_G_1,__setup__.stock_location_schafer_shelving,stock.warehouse0,internal,base.main_company
__setup__.stock_location_1224_G_2,Schafer Shelving/1224_G_2,Schafer Shelving/1224_G_2,__setup__.stock_location_schafer_shelving,stock.warehouse0,internal,base.main_company
__setup__.stock_location_1224_G_3,Schafer Shelving/1224_G_3,Schafer Shelving/1224_G_3,__setup__.stock_location_schafer_shelving,stock.warehouse0,internal,base.main_company
__setup__.stock_location_1224_G_4,Schafer Shelving/1224_G_4,Schafer Shelving/1224_G_4,__setup__.stock_location_schafer_shelving,stock.warehouse0,internal,base.main_company
__setup__.stock_location_1224_G_5,Schafer Shelving/1224_G_5,Schafer Shelving/1224_G_5,__setup__.stock_location_schafer_shelving,stock.warehouse0,internal,base.main_company
__setup__.stock_location_1314_A_1,Schafer Shelving/1314_A_1,Schafer Shelving/1314_A_1,__setup__.stock_location_schafer_shelving,stock.warehouse0,internal,base.main_company
__setup__.stock_location_1314_A_2,Schafer Shelving/1314_A_2,Schafer Shelving/1314_A_2,__setup__.stock_location_schafer_shelving,stock.warehouse0,internal,base.main_company
__setup__.stock_location_1314_A_3,Schafer Shelving/1314_A_3,Schafer Shelving/1314_A_3,__setup__.stock_location_schafer_shelving,stock.warehouse0,internal,base.main_company
__setup__.stock_location_1314_A_4,Schafer Shelving/1314_A_4,Schafer Shelving/1314_A_4,__setup__.stock_location_schafer_shelving,stock.warehouse0,internal,base.main_company
__setup__.stock_location_1314_A_5,Schafer Shelving/1314_A_5,Schafer Shelving/1314_A_5,__setup__.stock_location_schafer_shelving,stock.warehouse0,internal,base.main_company
__setup__.stock_location_1314_B_1,Schafer Shelving/1314_B_1,Schafer Shelving/1314_B_1,__setup__.stock_location_schafer_shelving,stock.warehouse0,internal,base.main_company
__setup__.stock_location_1314_B_2,Schafer Shelving/1314_B_2,Schafer Shelving/1314_B_2,__setup__.stock_location_schafer_shelving,stock.warehouse0,internal,base.main_company
__setup__.stock_location_1314_B_3,Schafer Shelving/1314_B_3,Schafer Shelving/1314_B_3,__setup__.stock_location_schafer_shelving,stock.warehouse0,internal,base.main_company
__setup__.stock_location_1314_B_4,Schafer Shelving/1314_B_4,Schafer Shelving/1314_B_4,__setup__.stock_location_schafer_shelving,stock.warehouse0,internal,base.main_company
__setup__.stock_location_1314_B_5,Schafer Shelving/1314_B_5,Schafer Shelving/1314_B_5,__setup__.stock_location_schafer_shelving,stock.warehouse0,internal,base.main_company
__setup__.stock_location_1314_C_1,Schafer Shelving/1314_C_1,Schafer Shelving/1314_C_1,__setup__.stock_location_schafer_shelving,stock.warehouse0,internal,base.main_company
__setup__.stock_location_1314_C_2,Schafer Shelving/1314_C_2,Schafer Shelving/1314_C_2,__setup__.stock_location_schafer_shelving,stock.warehouse0,internal,base.main_company
__setup__.stock_location_1314_C_3,Schafer Shelving/1314_C_3,Schafer Shelving/1314_C_3,__setup__.stock_location_schafer_shelving,stock.warehouse0,internal,base.main_company
__setup__.stock_location_1314_C_4,Schafer Shelving/1314_C_4,Schafer Shelving/1314_C_4,__setup__.stock_location_schafer_shelving,stock.warehouse0,internal,base.main_company
__setup__.stock_location_1314_C_5,Schafer Shelving/1314_C_5,Schafer Shelving/1314_C_5,__setup__.stock_location_schafer_shelving,stock.warehouse0,internal,base.main_company
__setup__.stock_location_1314_D_1,Schafer Shelving/1314_D_1,Schafer Shelving/1314_D_1,__setup__.stock_location_schafer_shelving,stock.warehouse0,internal,base.main_company
__setup__.stock_location_1314_D_2,Schafer Shelving/1314_D_2,Schafer Shelving/1314_D_2,__setup__.stock_location_schafer_shelving,stock.warehouse0,internal,base.main_company
__setup__.stock_location_1314_D_3,Schafer Shelving/1314_D_3,Schafer Shelving/1314_D_3,__setup__.stock_location_schafer_shelving,stock.warehouse0,internal,base.main_company
__setup__.stock_location_1314_D_4,Schafer Shelving/1314_D_4,Schafer Shelving/1314_D_4,__setup__.stock_location_schafer_shelving,stock.warehouse0,internal,base.main_company
__setup__.stock_location_1314_D_5,Schafer Shelving/1314_D_5,Schafer Shelving/1314_D_5,__setup__.stock_location_schafer_shelving,stock.warehouse0,internal,base.main_company
__setup__.stock_location_1314_E_1,Schafer Shelving/1314_E_1,Schafer Shelving/1314_E_1,__setup__.stock_location_schafer_shelving,stock.warehouse0,internal,base.main_company
__setup__.stock_location_1314_E_2,Schafer Shelving/1314_E_2,Schafer Shelving/1314_E_2,__setup__.stock_location_schafer_shelving,stock.warehouse0,internal,base.main_company
__setup__.stock_location_1314_E_3,Schafer Shelving/1314_E_3,Schafer Shelving/1314_E_3,__setup__.stock_location_schafer_shelving,stock.warehouse0,internal,base.main_company
__setup__.stock_location_1314_E_4,Schafer Shelving/1314_E_4,Schafer Shelving/1314_E_4,__setup__.stock_location_schafer_shelving,stock.warehouse0,internal,base.main_company
__setup__.stock_location_1314_E_5,Schafer Shelving/1314_E_5,Schafer Shelving/1314_E_5,__setup__.stock_location_schafer_shelving,stock.warehouse0,internal,base.main_company
__setup__.stock_location_1314_F_1,Schafer Shelving/1314_F_1,Schafer Shelving/1314_F_1,__setup__.stock_location_schafer_shelving,stock.warehouse0,internal,base.main_company
__setup__.stock_location_1314_F_2,Schafer Shelving/1314_F_2,Schafer Shelving/1314_F_2,__setup__.stock_location_schafer_shelving,stock.warehouse0,internal,base.main_company
__setup__.stock_location_1314_F_3,Schafer Shelving/1314_F_3,Schafer Shelving/1314_F_3,__setup__.stock_location_schafer_shelving,stock.warehouse0,internal,base.main_company
__setup__.stock_location_1314_F_4,Schafer Shelving/1314_F_4,Schafer Shelving/1314_F_4,__setup__.stock_location_schafer_shelving,stock.warehouse0,internal,base.main_company
__setup__.stock_location_1314_F_5,Schafer Shelving/1314_F_5,Schafer Shelving/1314_F_5,__setup__.stock_location_schafer_shelving,stock.warehouse0,internal,base.main_company
__setup__.stock_location_1314_G_1,Schafer Shelving/1314_G_1,Schafer Shelving/1314_G_1,__setup__.stock_location_schafer_shelving,stock.warehouse0,internal,base.main_company
__setup__.stock_location_1314_G_2,Schafer Shelving/1314_G_2,Schafer Shelving/1314_G_2,__setup__.stock_location_schafer_shelving,stock.warehouse0,internal,base.main_company
__setup__.stock_location_1314_G_3,Schafer Shelving/1314_G_3,Schafer Shelving/1314_G_3,__setup__.stock_location_schafer_shelving,stock.warehouse0,internal,base.main_company
__setup__.stock_location_1314_G_4,Schafer Shelving/1314_G_4,Schafer Shelving/1314_G_4,__setup__.stock_location_schafer_shelving,stock.warehouse0,internal,base.main_company
__setup__.stock_location_1314_G_5,Schafer Shelving/1314_G_5,Schafer Shelving/1314_G_5,__setup__.stock_location_schafer_shelving,stock.warehouse0,internal,base.main_company
__setup__.stock_location_1315_A_1,Schafer Shelving/1315_A_1,Schafer Shelving/1315_A_1,__setup__.stock_location_schafer_shelving,stock.warehouse0,internal,base.main_company
__setup__.stock_location_1315_A_2,Schafer Shelving/1315_A_2,Schafer Shelving/1315_A_2,__setup__.stock_location_schafer_shelving,stock.warehouse0,internal,base.main_company
__setup__.stock_location_1315_A_3,Schafer Shelving/1315_A_3,Schafer Shelving/1315_A_3,__setup__.stock_location_schafer_shelving,stock.warehouse0,internal,base.main_company
__setup__.stock_location_1315_A_4,Schafer Shelving/1315_A_4,Schafer Shelving/1315_A_4,__setup__.stock_location_schafer_shelving,stock.warehouse0,internal,base.main_company
__setup__.stock_location_1315_A_5,Schafer Shelving/1315_A_5,Schafer Shelving/1315_A_5,__setup__.stock_location_schafer_shelving,stock.warehouse0,internal,base.main_company
__setup__.stock_location_1315_B_1,Schafer Shelving/1315_B_1,Schafer Shelving/1315_B_1,__setup__.stock_location_schafer_shelving,stock.warehouse0,internal,base.main_company
__setup__.stock_location_1315_B_2,Schafer Shelving/1315_B_2,Schafer Shelving/1315_B_2,__setup__.stock_location_schafer_shelving,stock.warehouse0,internal,base.main_company
__setup__.stock_location_1315_B_3,Schafer Shelving/1315_B_3,Schafer Shelving/1315_B_3,__setup__.stock_location_schafer_shelving,stock.warehouse0,internal,base.main_company
__setup__.stock_location_1315_B_4,Schafer Shelving/1315_B_4,Schafer Shelving/1315_B_4,__setup__.stock_location_schafer_shelving,stock.warehouse0,internal,base.main_company
__setup__.stock_location_1315_B_5,Schafer Shelving/1315_B_5,Schafer Shelving/1315_B_5,__setup__.stock_location_schafer_shelving,stock.warehouse0,internal,base.main_company
__setup__.stock_location_1315_C_1,Schafer Shelving/1315_C_1,Schafer Shelving/1315_C_1,__setup__.stock_location_schafer_shelving,stock.warehouse0,internal,base.main_company
__setup__.stock_location_1315_C_2,Schafer Shelving/1315_C_2,Schafer Shelving/1315_C_2,__setup__.stock_location_schafer_shelving,stock.warehouse0,internal,base.main_company
__setup__.stock_location_1315_C_3,Schafer Shelving/1315_C_3,Schafer Shelving/1315_C_3,__setup__.stock_location_schafer_shelving,stock.warehouse0,internal,base.main_company
__setup__.stock_location_1315_C_4,Schafer Shelving/1315_C_4,Schafer Shelving/1315_C_4,__setup__.stock_location_schafer_shelving,stock.warehouse0,internal,base.main_company
__setup__.stock_location_1315_C_5,Schafer Shelving/1315_C_5,Schafer Shelving/1315_C_5,__setup__.stock_location_schafer_shelving,stock.warehouse0,internal,base.main_company
__setup__.stock_location_1315_D_1,Schafer Shelving/1315_D_1,Schafer Shelving/1315_D_1,__setup__.stock_location_schafer_shelving,stock.warehouse0,internal,base.main_company
__setup__.stock_location_1315_D_2,Schafer Shelving/1315_D_2,Schafer Shelving/1315_D_2,__setup__.stock_location_schafer_shelving,stock.warehouse0,internal,base.main_company
__setup__.stock_location_1315_D_3,Schafer Shelving/1315_D_3,Schafer Shelving/1315_D_3,__setup__.stock_location_schafer_shelving,stock.warehouse0,internal,base.main_company
__setup__.stock_location_1315_D_4,Schafer Shelving/1315_D_4,Schafer Shelving/1315_D_4,__setup__.stock_location_schafer_shelving,stock.warehouse0,internal,base.main_company
__setup__.stock_location_1315_D_5,Schafer Shelving/1315_D_5,Schafer Shelving/1315_D_5,__setup__.stock_location_schafer_shelving,stock.warehouse0,internal,base.main_company
__setup__.stock_location_1315_E_1,Schafer Shelving/1315_E_1,Schafer Shelving/1315_E_1,__setup__.stock_location_schafer_shelving,stock.warehouse0,internal,base.main_company
__setup__.stock_location_1315_E_2,Schafer Shelving/1315_E_2,Schafer Shelving/1315_E_2,__setup__.stock_location_schafer_shelving,stock.warehouse0,internal,base.main_company
__setup__.stock_location_1315_E_3,Schafer Shelving/1315_E_3,Schafer Shelving/1315_E_3,__setup__.stock_location_schafer_shelving,stock.warehouse0,internal,base.main_company
__setup__.stock_location_1315_E_4,Schafer Shelving/1315_E_4,Schafer Shelving/1315_E_4,__setup__.stock_location_schafer_shelving,stock.warehouse0,internal,base.main_company
__setup__.stock_location_1315_E_5,Schafer Shelving/1315_E_5,Schafer Shelving/1315_E_5,__setup__.stock_location_schafer_shelving,stock.warehouse0,internal,base.main_company
__setup__.stock_location_1315_F_1,Schafer Shelving/1315_F_1,Schafer Shelving/1315_F_1,__setup__.stock_location_schafer_shelving,stock.warehouse0,internal,base.main_company
__setup__.stock_location_1315_F_2,Schafer Shelving/1315_F_2,Schafer Shelving/1315_F_2,__setup__.stock_location_schafer_shelving,stock.warehouse0,internal,base.main_company
__setup__.stock_location_1315_F_3,Schafer Shelving/1315_F_3,Schafer Shelving/1315_F_3,__setup__.stock_location_schafer_shelving,stock.warehouse0,internal,base.main_company
__setup__.stock_location_1315_F_4,Schafer Shelving/1315_F_4,Schafer Shelving/1315_F_4,__setup__.stock_location_schafer_shelving,stock.warehouse0,internal,base.main_company
__setup__.stock_location_1315_F_5,Schafer Shelving/1315_F_5,Schafer Shelving/1315_F_5,__setup__.stock_location_schafer_shelving,stock.warehouse0,internal,base.main_company
__setup__.stock_location_1315_G_1,Schafer Shelving/1315_G_1,Schafer Shelving/1315_G_1,__setup__.stock_location_schafer_shelving,stock.warehouse0,internal,base.main_company
__setup__.stock_location_1315_G_2,Schafer Shelving/1315_G_2,Schafer Shelving/1315_G_2,__setup__.stock_location_schafer_shelving,stock.warehouse0,internal,base.main_company
__setup__.stock_location_1315_G_3,Schafer Shelving/1315_G_3,Schafer Shelving/1315_G_3,__setup__.stock_location_schafer_shelving,stock.warehouse0,internal,base.main_company
__setup__.stock_location_1315_G_4,Schafer Shelving/1315_G_4,Schafer Shelving/1315_G_4,__setup__.stock_location_schafer_shelving,stock.warehouse0,internal,base.main_company
__setup__.stock_location_1315_G_5,Schafer Shelving/1315_G_5,Schafer Shelving/1315_G_5,__setup__.stock_location_schafer_shelving,stock.warehouse0,internal,base.main_company
__setup__.stock_location_1316_A_1,Schafer Shelving/1316_A_1,Schafer Shelving/1316_A_1,__setup__.stock_location_schafer_shelving,stock.warehouse0,internal,base.main_company
__setup__.stock_location_1316_A_2,Schafer Shelving/1316_A_2,Schafer Shelving/1316_A_2,__setup__.stock_location_schafer_shelving,stock.warehouse0,internal,base.main_company
__setup__.stock_location_1316_A_3,Schafer Shelving/1316_A_3,Schafer Shelving/1316_A_3,__setup__.stock_location_schafer_shelving,stock.warehouse0,internal,base.main_company
__setup__.stock_location_1316_A_4,Schafer Shelving/1316_A_4,Schafer Shelving/1316_A_4,__setup__.stock_location_schafer_shelving,stock.warehouse0,internal,base.main_company
__setup__.stock_location_1316_A_5,Schafer Shelving/1316_A_5,Schafer Shelving/1316_A_5,__setup__.stock_location_schafer_shelving,stock.warehouse0,internal,base.main_company
__setup__.stock_location_1316_B_1,Schafer Shelving/1316_B_1,Schafer Shelving/1316_B_1,__setup__.stock_location_schafer_shelving,stock.warehouse0,internal,base.main_company
__setup__.stock_location_1316_B_2,Schafer Shelving/1316_B_2,Schafer Shelving/1316_B_2,__setup__.stock_location_schafer_shelving,stock.warehouse0,internal,base.main_company
__setup__.stock_location_1316_B_3,Schafer Shelving/1316_B_3,Schafer Shelving/1316_B_3,__setup__.stock_location_schafer_shelving,stock.warehouse0,internal,base.main_company
__setup__.stock_location_1316_B_4,Schafer Shelving/1316_B_4,Schafer Shelving/1316_B_4,__setup__.stock_location_schafer_shelving,stock.warehouse0,internal,base.main_company
__setup__.stock_location_1316_B_5,Schafer Shelving/1316_B_5,Schafer Shelving/1316_B_5,__setup__.stock_location_schafer_shelving,stock.warehouse0,internal,base.main_company
__setup__.stock_location_1316_C_1,Schafer Shelving/1316_C_1,Schafer Shelving/1316_C_1,__setup__.stock_location_schafer_shelving,stock.warehouse0,internal,base.main_company
__setup__.stock_location_1316_C_2,Schafer Shelving/1316_C_2,Schafer Shelving/1316_C_2,__setup__.stock_location_schafer_shelving,stock.warehouse0,internal,base.main_company
__setup__.stock_location_1316_C_3,Schafer Shelving/1316_C_3,Schafer Shelving/1316_C_3,__setup__.stock_location_schafer_shelving,stock.warehouse0,internal,base.main_company
__setup__.stock_location_1316_C_4,Schafer Shelving/1316_C_4,Schafer Shelving/1316_C_4,__setup__.stock_location_schafer_shelving,stock.warehouse0,internal,base.main_company
__setup__.stock_location_1316_C_5,Schafer Shelving/1316_C_5,Schafer Shelving/1316_C_5,__setup__.stock_location_schafer_shelving,stock.warehouse0,internal,base.main_company
__setup__.stock_location_1316_D_1,Schafer Shelving/1316_D_1,Schafer Shelving/1316_D_1,__setup__.stock_location_schafer_shelving,stock.warehouse0,internal,base.main_company
__setup__.stock_location_1316_D_2,Schafer Shelving/1316_D_2,Schafer Shelving/1316_D_2,__setup__.stock_location_schafer_shelving,stock.warehouse0,internal,base.main_company
__setup__.stock_location_1316_D_3,Schafer Shelving/1316_D_3,Schafer Shelving/1316_D_3,__setup__.stock_location_schafer_shelving,stock.warehouse0,internal,base.main_company
__setup__.stock_location_1316_D_4,Schafer Shelving/1316_D_4,Schafer Shelving/1316_D_4,__setup__.stock_location_schafer_shelving,stock.warehouse0,internal,base.main_company
__setup__.stock_location_1316_D_5,Schafer Shelving/1316_D_5,Schafer Shelving/1316_D_5,__setup__.stock_location_schafer_shelving,stock.warehouse0,internal,base.main_company
__setup__.stock_location_1316_E_1,Schafer Shelving/1316_E_1,Schafer Shelving/1316_E_1,__setup__.stock_location_schafer_shelving,stock.warehouse0,internal,base.main_company
__setup__.stock_location_1316_E_2,Schafer Shelving/1316_E_2,Schafer Shelving/1316_E_2,__setup__.stock_location_schafer_shelving,stock.warehouse0,internal,base.main_company
__setup__.stock_location_1316_E_3,Schafer Shelving/1316_E_3,Schafer Shelving/1316_E_3,__setup__.stock_location_schafer_shelving,stock.warehouse0,internal,base.main_company
__setup__.stock_location_1316_E_4,Schafer Shelving/1316_E_4,Schafer Shelving/1316_E_4,__setup__.stock_location_schafer_shelving,stock.warehouse0,internal,base.main_company
__setup__.stock_location_1316_E_5,Schafer Shelving/1316_E_5,Schafer Shelving/1316_E_5,__setup__.stock_location_schafer_shelving,stock.warehouse0,internal,base.main_company
__setup__.stock_location_1316_F_1,Schafer Shelving/1316_F_1,Schafer Shelving/1316_F_1,__setup__.stock_location_schafer_shelving,stock.warehouse0,internal,base.main_company
__setup__.stock_location_1316_F_2,Schafer Shelving/1316_F_2,Schafer Shelving/1316_F_2,__setup__.stock_location_schafer_shelving,stock.warehouse0,internal,base.main_company
__setup__.stock_location_1316_F_3,Schafer Shelving/1316_F_3,Schafer Shelving/1316_F_3,__setup__.stock_location_schafer_shelving,stock.warehouse0,internal,base.main_company
__setup__.stock_location_1316_F_4,Schafer Shelving/1316_F_4,Schafer Shelving/1316_F_4,__setup__.stock_location_schafer_shelving,stock.warehouse0,internal,base.main_company
__setup__.stock_location_1316_F_5,Schafer Shelving/1316_F_5,Schafer Shelving/1316_F_5,__setup__.stock_location_schafer_shelving,stock.warehouse0,internal,base.main_company
__setup__.stock_location_1316_G_1,Schafer Shelving/1316_G_1,Schafer Shelving/1316_G_1,__setup__.stock_location_schafer_shelving,stock.warehouse0,internal,base.main_company
__setup__.stock_location_1316_G_2,Schafer Shelving/1316_G_2,Schafer Shelving/1316_G_2,__setup__.stock_location_schafer_shelving,stock.warehouse0,internal,base.main_company
__setup__.stock_location_1316_G_3,Schafer Shelving/1316_G_3,Schafer Shelving/1316_G_3,__setup__.stock_location_schafer_shelving,stock.warehouse0,internal,base.main_company
__setup__.stock_location_1316_G_4,Schafer Shelving/1316_G_4,Schafer Shelving/1316_G_4,__setup__.stock_location_schafer_shelving,stock.warehouse0,internal,base.main_company
__setup__.stock_location_1316_G_5,Schafer Shelving/1316_G_5,Schafer Shelving/1316_G_5,__setup__.stock_location_schafer_shelving,stock.warehouse0,internal,base.main_company
__setup__.stock_location_1317_A_1,Schafer Shelving/1317_A_1,Schafer Shelving/1317_A_1,__setup__.stock_location_schafer_shelving,stock.warehouse0,internal,base.main_company
__setup__.stock_location_1317_A_2,Schafer Shelving/1317_A_2,Schafer Shelving/1317_A_2,__setup__.stock_location_schafer_shelving,stock.warehouse0,internal,base.main_company
__setup__.stock_location_1317_A_3,Schafer Shelving/1317_A_3,Schafer Shelving/1317_A_3,__setup__.stock_location_schafer_shelving,stock.warehouse0,internal,base.main_company
__setup__.stock_location_1317_A_4,Schafer Shelving/1317_A_4,Schafer Shelving/1317_A_4,__setup__.stock_location_schafer_shelving,stock.warehouse0,internal,base.main_company
__setup__.stock_location_1317_A_5,Schafer Shelving/1317_A_5,Schafer Shelving/1317_A_5,__setup__.stock_location_schafer_shelving,stock.warehouse0,internal,base.main_company
__setup__.stock_location_1317_B_1,Schafer Shelving/1317_B_1,Schafer Shelving/1317_B_1,__setup__.stock_location_schafer_shelving,stock.warehouse0,internal,base.main_company
__setup__.stock_location_1317_B_2,Schafer Shelving/1317_B_2,Schafer Shelving/1317_B_2,__setup__.stock_location_schafer_shelving,stock.warehouse0,internal,base.main_company
__setup__.stock_location_1317_B_3,Schafer Shelving/1317_B_3,Schafer Shelving/1317_B_3,__setup__.stock_location_schafer_shelving,stock.warehouse0,internal,base.main_company
__setup__.stock_location_1317_B_4,Schafer Shelving/1317_B_4,Schafer Shelving/1317_B_4,__setup__.stock_location_schafer_shelving,stock.warehouse0,internal,base.main_company
__setup__.stock_location_1317_B_5,Schafer Shelving/1317_B_5,Schafer Shelving/1317_B_5,__setup__.stock_location_schafer_shelving,stock.warehouse0,internal,base.main_company
__setup__.stock_location_1317_C_1,Schafer Shelving/1317_C_1,Schafer Shelving/1317_C_1,__setup__.stock_location_schafer_shelving,stock.warehouse0,internal,base.main_company
__setup__.stock_location_1317_C_2,Schafer Shelving/1317_C_2,Schafer Shelving/1317_C_2,__setup__.stock_location_schafer_shelving,stock.warehouse0,internal,base.main_company
__setup__.stock_location_1317_C_3,Schafer Shelving/1317_C_3,Schafer Shelving/1317_C_3,__setup__.stock_location_schafer_shelving,stock.warehouse0,internal,base.main_company
__setup__.stock_location_1317_C_4,Schafer Shelving/1317_C_4,Schafer Shelving/1317_C_4,__setup__.stock_location_schafer_shelving,stock.warehouse0,internal,base.main_company
__setup__.stock_location_1317_C_5,Schafer Shelving/1317_C_5,Schafer Shelving/1317_C_5,__setup__.stock_location_schafer_shelving,stock.warehouse0,internal,base.main_company
__setup__.stock_location_1317_D_1,Schafer Shelving/1317_D_1,Schafer Shelving/1317_D_1,__setup__.stock_location_schafer_shelving,stock.warehouse0,internal,base.main_company
__setup__.stock_location_1317_D_2,Schafer Shelving/1317_D_2,Schafer Shelving/1317_D_2,__setup__.stock_location_schafer_shelving,stock.warehouse0,internal,base.main_company
__setup__.stock_location_1317_D_3,Schafer Shelving/1317_D_3,Schafer Shelving/1317_D_3,__setup__.stock_location_schafer_shelving,stock.warehouse0,internal,base.main_company
__setup__.stock_location_1317_D_4,Schafer Shelving/1317_D_4,Schafer Shelving/1317_D_4,__setup__.stock_location_schafer_shelving,stock.warehouse0,internal,base.main_company
__setup__.stock_location_1317_D_5,Schafer Shelving/1317_D_5,Schafer Shelving/1317_D_5,__setup__.stock_location_schafer_shelving,stock.warehouse0,internal,base.main_company
__setup__.stock_location_1317_E_1,Schafer Shelving/1317_E_1,Schafer Shelving/1317_E_1,__setup__.stock_location_schafer_shelving,stock.warehouse0,internal,base.main_company
__setup__.stock_location_1317_E_2,Schafer Shelving/1317_E_2,Schafer Shelving/1317_E_2,__setup__.stock_location_schafer_shelving,stock.warehouse0,internal,base.main_company
__setup__.stock_location_1317_E_3,Schafer Shelving/1317_E_3,Schafer Shelving/1317_E_3,__setup__.stock_location_schafer_shelving,stock.warehouse0,internal,base.main_company
__setup__.stock_location_1317_E_4,Schafer Shelving/1317_E_4,Schafer Shelving/1317_E_4,__setup__.stock_location_schafer_shelving,stock.warehouse0,internal,base.main_company
__setup__.stock_location_1317_E_5,Schafer Shelving/1317_E_5,Schafer Shelving/1317_E_5,__setup__.stock_location_schafer_shelving,stock.warehouse0,internal,base.main_company
__setup__.stock_location_1317_F_1,Schafer Shelving/1317_F_1,Schafer Shelving/1317_F_1,__setup__.stock_location_schafer_shelving,stock.warehouse0,internal,base.main_company
__setup__.stock_location_1317_F_2,Schafer Shelving/1317_F_2,Schafer Shelving/1317_F_2,__setup__.stock_location_schafer_shelving,stock.warehouse0,internal,base.main_company
__setup__.stock_location_1317_F_3,Schafer Shelving/1317_F_3,Schafer Shelving/1317_F_3,__setup__.stock_location_schafer_shelving,stock.warehouse0,internal,base.main_company
__setup__.stock_location_1317_F_4,Schafer Shelving/1317_F_4,Schafer Shelving/1317_F_4,__setup__.stock_location_schafer_shelving,stock.warehouse0,internal,base.main_company
__setup__.stock_location_1317_F_5,Schafer Shelving/1317_F_5,Schafer Shelving/1317_F_5,__setup__.stock_location_schafer_shelving,stock.warehouse0,internal,base.main_company
__setup__.stock_location_1317_G_1,Schafer Shelving/1317_G_1,Schafer Shelving/1317_G_1,__setup__.stock_location_schafer_shelving,stock.warehouse0,internal,base.main_company
__setup__.stock_location_1317_G_2,Schafer Shelving/1317_G_2,Schafer Shelving/1317_G_2,__setup__.stock_location_schafer_shelving,stock.warehouse0,internal,base.main_company
__setup__.stock_location_1317_G_3,Schafer Shelving/1317_G_3,Schafer Shelving/1317_G_3,__setup__.stock_location_schafer_shelving,stock.warehouse0,internal,base.main_company
__setup__.stock_location_1317_G_4,Schafer Shelving/1317_G_4,Schafer Shelving/1317_G_4,__setup__.stock_location_schafer_shelving,stock.warehouse0,internal,base.main_company
__setup__.stock_location_1317_G_5,Schafer Shelving/1317_G_5,Schafer Shelving/1317_G_5,__setup__.stock_location_schafer_shelving,stock.warehouse0,internal,base.main_company
__setup__.stock_location_1318_A_1,Schafer Shelving/1318_A_1,Schafer Shelving/1318_A_1,__setup__.stock_location_schafer_shelving,stock.warehouse0,internal,base.main_company
__setup__.stock_location_1318_A_2,Schafer Shelving/1318_A_2,Schafer Shelving/1318_A_2,__setup__.stock_location_schafer_shelving,stock.warehouse0,internal,base.main_company
__setup__.stock_location_1318_A_3,Schafer Shelving/1318_A_3,Schafer Shelving/1318_A_3,__setup__.stock_location_schafer_shelving,stock.warehouse0,internal,base.main_company
__setup__.stock_location_1318_A_4,Schafer Shelving/1318_A_4,Schafer Shelving/1318_A_4,__setup__.stock_location_schafer_shelving,stock.warehouse0,internal,base.main_company
__setup__.stock_location_1318_A_5,Schafer Shelving/1318_A_5,Schafer Shelving/1318_A_5,__setup__.stock_location_schafer_shelving,stock.warehouse0,internal,base.main_company
__setup__.stock_location_1318_B_1,Schafer Shelving/1318_B_1,Schafer Shelving/1318_B_1,__setup__.stock_location_schafer_shelving,stock.warehouse0,internal,base.main_company
__setup__.stock_location_1318_B_2,Schafer Shelving/1318_B_2,Schafer Shelving/1318_B_2,__setup__.stock_location_schafer_shelving,stock.warehouse0,internal,base.main_company
__setup__.stock_location_1318_B_3,Schafer Shelving/1318_B_3,Schafer Shelving/1318_B_3,__setup__.stock_location_schafer_shelving,stock.warehouse0,internal,base.main_company
__setup__.stock_location_1318_B_4,Schafer Shelving/1318_B_4,Schafer Shelving/1318_B_4,__setup__.stock_location_schafer_shelving,stock.warehouse0,internal,base.main_company
__setup__.stock_location_1318_B_5,Schafer Shelving/1318_B_5,Schafer Shelving/1318_B_5,__setup__.stock_location_schafer_shelving,stock.warehouse0,internal,base.main_company
__setup__.stock_location_1318_C_1,Schafer Shelving/1318_C_1,Schafer Shelving/1318_C_1,__setup__.stock_location_schafer_shelving,stock.warehouse0,internal,base.main_company
__setup__.stock_location_1318_C_2,Schafer Shelving/1318_C_2,Schafer Shelving/1318_C_2,__setup__.stock_location_schafer_shelving,stock.warehouse0,internal,base.main_company
__setup__.stock_location_1318_C_3,Schafer Shelving/1318_C_3,Schafer Shelving/1318_C_3,__setup__.stock_location_schafer_shelving,stock.warehouse0,internal,base.main_company
__setup__.stock_location_1318_C_4,Schafer Shelving/1318_C_4,Schafer Shelving/1318_C_4,__setup__.stock_location_schafer_shelving,stock.warehouse0,internal,base.main_company
__setup__.stock_location_1318_C_5,Schafer Shelving/1318_C_5,Schafer Shelving/1318_C_5,__setup__.stock_location_schafer_shelving,stock.warehouse0,internal,base.main_company
__setup__.stock_location_1318_D_1,Schafer Shelving/1318_D_1,Schafer Shelving/1318_D_1,__setup__.stock_location_schafer_shelving,stock.warehouse0,internal,base.main_company
__setup__.stock_location_1318_D_2,Schafer Shelving/1318_D_2,Schafer Shelving/1318_D_2,__setup__.stock_location_schafer_shelving,stock.warehouse0,internal,base.main_company
__setup__.stock_location_1318_D_3,Schafer Shelving/1318_D_3,Schafer Shelving/1318_D_3,__setup__.stock_location_schafer_shelving,stock.warehouse0,internal,base.main_company
__setup__.stock_location_1318_D_4,Schafer Shelving/1318_D_4,Schafer Shelving/1318_D_4,__setup__.stock_location_schafer_shelving,stock.warehouse0,internal,base.main_company
__setup__.stock_location_1318_D_5,Schafer Shelving/1318_D_5,Schafer Shelving/1318_D_5,__setup__.stock_location_schafer_shelving,stock.warehouse0,internal,base.main_company
__setup__.stock_location_1318_E_1,Schafer Shelving/1318_E_1,Schafer Shelving/1318_E_1,__setup__.stock_location_schafer_shelving,stock.warehouse0,internal,base.main_company
__setup__.stock_location_1318_E_2,Schafer Shelving/1318_E_2,Schafer Shelving/1318_E_2,__setup__.stock_location_schafer_shelving,stock.warehouse0,internal,base.main_company
__setup__.stock_location_1318_E_3,Schafer Shelving/1318_E_3,Schafer Shelving/1318_E_3,__setup__.stock_location_schafer_shelving,stock.warehouse0,internal,base.main_company
__setup__.stock_location_1318_E_4,Schafer Shelving/1318_E_4,Schafer Shelving/1318_E_4,__setup__.stock_location_schafer_shelving,stock.warehouse0,internal,base.main_company
__setup__.stock_location_1318_E_5,Schafer Shelving/1318_E_5,Schafer Shelving/1318_E_5,__setup__.stock_location_schafer_shelving,stock.warehouse0,internal,base.main_company
__setup__.stock_location_1318_F_1,Schafer Shelving/1318_F_1,Schafer Shelving/1318_F_1,__setup__.stock_location_schafer_shelving,stock.warehouse0,internal,base.main_company
__setup__.stock_location_1318_F_2,Schafer Shelving/1318_F_2,Schafer Shelving/1318_F_2,__setup__.stock_location_schafer_shelving,stock.warehouse0,internal,base.main_company
__setup__.stock_location_1318_F_3,Schafer Shelving/1318_F_3,Schafer Shelving/1318_F_3,__setup__.stock_location_schafer_shelving,stock.warehouse0,internal,base.main_company
__setup__.stock_location_1318_F_4,Schafer Shelving/1318_F_4,Schafer Shelving/1318_F_4,__setup__.stock_location_schafer_shelving,stock.warehouse0,internal,base.main_company
__setup__.stock_location_1318_F_5,Schafer Shelving/1318_F_5,Schafer Shelving/1318_F_5,__setup__.stock_location_schafer_shelving,stock.warehouse0,internal,base.main_company
__setup__.stock_location_1318_G_1,Schafer Shelving/1318_G_1,Schafer Shelving/1318_G_1,__setup__.stock_location_schafer_shelving,stock.warehouse0,internal,base.main_company
__setup__.stock_location_1318_G_2,Schafer Shelving/1318_G_2,Schafer Shelving/1318_G_2,__setup__.stock_location_schafer_shelving,stock.warehouse0,internal,base.main_company
__setup__.stock_location_1318_G_3,Schafer Shelving/1318_G_3,Schafer Shelving/1318_G_3,__setup__.stock_location_schafer_shelving,stock.warehouse0,internal,base.main_company
__setup__.stock_location_1318_G_4,Schafer Shelving/1318_G_4,Schafer Shelving/1318_G_4,__setup__.stock_location_schafer_shelving,stock.warehouse0,internal,base.main_company
__setup__.stock_location_1318_G_5,Schafer Shelving/1318_G_5,Schafer Shelving/1318_G_5,__setup__.stock_location_schafer_shelving,stock.warehouse0,internal,base.main_company
__setup__.stock_location_1319_A_1,Schafer Shelving/1319_A_1,Schafer Shelving/1319_A_1,__setup__.stock_location_schafer_shelving,stock.warehouse0,internal,base.main_company
__setup__.stock_location_1319_A_2,Schafer Shelving/1319_A_2,Schafer Shelving/1319_A_2,__setup__.stock_location_schafer_shelving,stock.warehouse0,internal,base.main_company
__setup__.stock_location_1319_A_3,Schafer Shelving/1319_A_3,Schafer Shelving/1319_A_3,__setup__.stock_location_schafer_shelving,stock.warehouse0,internal,base.main_company
__setup__.stock_location_1319_A_4,Schafer Shelving/1319_A_4,Schafer Shelving/1319_A_4,__setup__.stock_location_schafer_shelving,stock.warehouse0,internal,base.main_company
__setup__.stock_location_1319_A_5,Schafer Shelving/1319_A_5,Schafer Shelving/1319_A_5,__setup__.stock_location_schafer_shelving,stock.warehouse0,internal,base.main_company
__setup__.stock_location_1319_B_1,Schafer Shelving/1319_B_1,Schafer Shelving/1319_B_1,__setup__.stock_location_schafer_shelving,stock.warehouse0,internal,base.main_company
__setup__.stock_location_1319_B_2,Schafer Shelving/1319_B_2,Schafer Shelving/1319_B_2,__setup__.stock_location_schafer_shelving,stock.warehouse0,internal,base.main_company
__setup__.stock_location_1319_B_3,Schafer Shelving/1319_B_3,Schafer Shelving/1319_B_3,__setup__.stock_location_schafer_shelving,stock.warehouse0,internal,base.main_company
__setup__.stock_location_1319_B_4,Schafer Shelving/1319_B_4,Schafer Shelving/1319_B_4,__setup__.stock_location_schafer_shelving,stock.warehouse0,internal,base.main_company
__setup__.stock_location_1319_B_5,Schafer Shelving/1319_B_5,Schafer Shelving/1319_B_5,__setup__.stock_location_schafer_shelving,stock.warehouse0,internal,base.main_company
__setup__.stock_location_1319_C_1,Schafer Shelving/1319_C_1,Schafer Shelving/1319_C_1,__setup__.stock_location_schafer_shelving,stock.warehouse0,internal,base.main_company
__setup__.stock_location_1319_C_2,Schafer Shelving/1319_C_2,Schafer Shelving/1319_C_2,__setup__.stock_location_schafer_shelving,stock.warehouse0,internal,base.main_company
__setup__.stock_location_1319_C_3,Schafer Shelving/1319_C_3,Schafer Shelving/1319_C_3,__setup__.stock_location_schafer_shelving,stock.warehouse0,internal,base.main_company
__setup__.stock_location_1319_C_4,Schafer Shelving/1319_C_4,Schafer Shelving/1319_C_4,__setup__.stock_location_schafer_shelving,stock.warehouse0,internal,base.main_company
__setup__.stock_location_1319_C_5,Schafer Shelving/1319_C_5,Schafer Shelving/1319_C_5,__setup__.stock_location_schafer_shelving,stock.warehouse0,internal,base.main_company
__setup__.stock_location_1319_D_1,Schafer Shelving/1319_D_1,Schafer Shelving/1319_D_1,__setup__.stock_location_schafer_shelving,stock.warehouse0,internal,base.main_company
__setup__.stock_location_1319_D_2,Schafer Shelving/1319_D_2,Schafer Shelving/1319_D_2,__setup__.stock_location_schafer_shelving,stock.warehouse0,internal,base.main_company
__setup__.stock_location_1319_D_3,Schafer Shelving/1319_D_3,Schafer Shelving/1319_D_3,__setup__.stock_location_schafer_shelving,stock.warehouse0,internal,base.main_company
__setup__.stock_location_1319_D_4,Schafer Shelving/1319_D_4,Schafer Shelving/1319_D_4,__setup__.stock_location_schafer_shelving,stock.warehouse0,internal,base.main_company
__setup__.stock_location_1319_D_5,Schafer Shelving/1319_D_5,Schafer Shelving/1319_D_5,__setup__.stock_location_schafer_shelving,stock.warehouse0,internal,base.main_company
__setup__.stock_location_1319_E_1,Schafer Shelving/1319_E_1,Schafer Shelving/1319_E_1,__setup__.stock_location_schafer_shelving,stock.warehouse0,internal,base.main_company
__setup__.stock_location_1319_E_2,Schafer Shelving/1319_E_2,Schafer Shelving/1319_E_2,__setup__.stock_location_schafer_shelving,stock.warehouse0,internal,base.main_company
__setup__.stock_location_1319_E_3,Schafer Shelving/1319_E_3,Schafer Shelving/1319_E_3,__setup__.stock_location_schafer_shelving,stock.warehouse0,internal,base.main_company
__setup__.stock_location_1319_E_4,Schafer Shelving/1319_E_4,Schafer Shelving/1319_E_4,__setup__.stock_location_schafer_shelving,stock.warehouse0,internal,base.main_company
__setup__.stock_location_1319_E_5,Schafer Shelving/1319_E_5,Schafer Shelving/1319_E_5,__setup__.stock_location_schafer_shelving,stock.warehouse0,internal,base.main_company
__setup__.stock_location_1319_F_1,Schafer Shelving/1319_F_1,Schafer Shelving/1319_F_1,__setup__.stock_location_schafer_shelving,stock.warehouse0,internal,base.main_company
__setup__.stock_location_1319_F_2,Schafer Shelving/1319_F_2,Schafer Shelving/1319_F_2,__setup__.stock_location_schafer_shelving,stock.warehouse0,internal,base.main_company
__setup__.stock_location_1319_F_3,Schafer Shelving/1319_F_3,Schafer Shelving/1319_F_3,__setup__.stock_location_schafer_shelving,stock.warehouse0,internal,base.main_company
__setup__.stock_location_1319_F_4,Schafer Shelving/1319_F_4,Schafer Shelving/1319_F_4,__setup__.stock_location_schafer_shelving,stock.warehouse0,internal,base.main_company
__setup__.stock_location_1319_F_5,Schafer Shelving/1319_F_5,Schafer Shelving/1319_F_5,__setup__.stock_location_schafer_shelving,stock.warehouse0,internal,base.main_company
__setup__.stock_location_1319_G_1,Schafer Shelving/1319_G_1,Schafer Shelving/1319_G_1,__setup__.stock_location_schafer_shelving,stock.warehouse0,internal,base.main_company
__setup__.stock_location_1319_G_2,Schafer Shelving/1319_G_2,Schafer Shelving/1319_G_2,__setup__.stock_location_schafer_shelving,stock.warehouse0,internal,base.main_company
__setup__.stock_location_1319_G_3,Schafer Shelving/1319_G_3,Schafer Shelving/1319_G_3,__setup__.stock_location_schafer_shelving,stock.warehouse0,internal,base.main_company
__setup__.stock_location_1319_G_4,Schafer Shelving/1319_G_4,Schafer Shelving/1319_G_4,__setup__.stock_location_schafer_shelving,stock.warehouse0,internal,base.main_company
__setup__.stock_location_1319_G_5,Schafer Shelving/1319_G_5,Schafer Shelving/1319_G_5,__setup__.stock_location_schafer_shelving,stock.warehouse0,internal,base.main_company
__setup__.stock_location_1320_A_1,Schafer Shelving/1320_A_1,Schafer Shelving/1320_A_1,__setup__.stock_location_schafer_shelving,stock.warehouse0,internal,base.main_company
__setup__.stock_location_1320_A_2,Schafer Shelving/1320_A_2,Schafer Shelving/1320_A_2,__setup__.stock_location_schafer_shelving,stock.warehouse0,internal,base.main_company
__setup__.stock_location_1320_A_3,Schafer Shelving/1320_A_3,Schafer Shelving/1320_A_3,__setup__.stock_location_schafer_shelving,stock.warehouse0,internal,base.main_company
__setup__.stock_location_1320_A_4,Schafer Shelving/1320_A_4,Schafer Shelving/1320_A_4,__setup__.stock_location_schafer_shelving,stock.warehouse0,internal,base.main_company
__setup__.stock_location_1320_A_5,Schafer Shelving/1320_A_5,Schafer Shelving/1320_A_5,__setup__.stock_location_schafer_shelving,stock.warehouse0,internal,base.main_company
__setup__.stock_location_1320_B_1,Schafer Shelving/1320_B_1,Schafer Shelving/1320_B_1,__setup__.stock_location_schafer_shelving,stock.warehouse0,internal,base.main_company
__setup__.stock_location_1320_B_2,Schafer Shelving/1320_B_2,Schafer Shelving/1320_B_2,__setup__.stock_location_schafer_shelving,stock.warehouse0,internal,base.main_company
__setup__.stock_location_1320_B_3,Schafer Shelving/1320_B_3,Schafer Shelving/1320_B_3,__setup__.stock_location_schafer_shelving,stock.warehouse0,internal,base.main_company
__setup__.stock_location_1320_B_4,Schafer Shelving/1320_B_4,Schafer Shelving/1320_B_4,__setup__.stock_location_schafer_shelving,stock.warehouse0,internal,base.main_company
__setup__.stock_location_1320_B_5,Schafer Shelving/1320_B_5,Schafer Shelving/1320_B_5,__setup__.stock_location_schafer_shelving,stock.warehouse0,internal,base.main_company
__setup__.stock_location_1320_C_1,Schafer Shelving/1320_C_1,Schafer Shelving/1320_C_1,__setup__.stock_location_schafer_shelving,stock.warehouse0,internal,base.main_company
__setup__.stock_location_1320_C_2,Schafer Shelving/1320_C_2,Schafer Shelving/1320_C_2,__setup__.stock_location_schafer_shelving,stock.warehouse0,internal,base.main_company
__setup__.stock_location_1320_C_3,Schafer Shelving/1320_C_3,Schafer Shelving/1320_C_3,__setup__.stock_location_schafer_shelving,stock.warehouse0,internal,base.main_company
__setup__.stock_location_1320_C_4,Schafer Shelving/1320_C_4,Schafer Shelving/1320_C_4,__setup__.stock_location_schafer_shelving,stock.warehouse0,internal,base.main_company
__setup__.stock_location_1320_C_5,Schafer Shelving/1320_C_5,Schafer Shelving/1320_C_5,__setup__.stock_location_schafer_shelving,stock.warehouse0,internal,base.main_company
__setup__.stock_location_1320_D_1,Schafer Shelving/1320_D_1,Schafer Shelving/1320_D_1,__setup__.stock_location_schafer_shelving,stock.warehouse0,internal,base.main_company
__setup__.stock_location_1320_D_2,Schafer Shelving/1320_D_2,Schafer Shelving/1320_D_2,__setup__.stock_location_schafer_shelving,stock.warehouse0,internal,base.main_company
__setup__.stock_location_1320_D_3,Schafer Shelving/1320_D_3,Schafer Shelving/1320_D_3,__setup__.stock_location_schafer_shelving,stock.warehouse0,internal,base.main_company
__setup__.stock_location_1320_D_4,Schafer Shelving/1320_D_4,Schafer Shelving/1320_D_4,__setup__.stock_location_schafer_shelving,stock.warehouse0,internal,base.main_company
__setup__.stock_location_1320_D_5,Schafer Shelving/1320_D_5,Schafer Shelving/1320_D_5,__setup__.stock_location_schafer_shelving,stock.warehouse0,internal,base.main_company
__setup__.stock_location_1320_E_1,Schafer Shelving/1320_E_1,Schafer Shelving/1320_E_1,__setup__.stock_location_schafer_shelving,stock.warehouse0,internal,base.main_company
__setup__.stock_location_1320_E_2,Schafer Shelving/1320_E_2,Schafer Shelving/1320_E_2,__setup__.stock_location_schafer_shelving,stock.warehouse0,internal,base.main_company
__setup__.stock_location_1320_E_3,Schafer Shelving/1320_E_3,Schafer Shelving/1320_E_3,__setup__.stock_location_schafer_shelving,stock.warehouse0,internal,base.main_company
__setup__.stock_location_1320_E_4,Schafer Shelving/1320_E_4,Schafer Shelving/1320_E_4,__setup__.stock_location_schafer_shelving,stock.warehouse0,internal,base.main_company
__setup__.stock_location_1320_E_5,Schafer Shelving/1320_E_5,Schafer Shelving/1320_E_5,__setup__.stock_location_schafer_shelving,stock.warehouse0,internal,base.main_company
__setup__.stock_location_1320_F_1,Schafer Shelving/1320_F_1,Schafer Shelving/1320_F_1,__setup__.stock_location_schafer_shelving,stock.warehouse0,internal,base.main_company
__setup__.stock_location_1320_F_2,Schafer Shelving/1320_F_2,Schafer Shelving/1320_F_2,__setup__.stock_location_schafer_shelving,stock.warehouse0,internal,base.main_company
__setup__.stock_location_1320_F_3,Schafer Shelving/1320_F_3,Schafer Shelving/1320_F_3,__setup__.stock_location_schafer_shelving,stock.warehouse0,internal,base.main_company
__setup__.stock_location_1320_F_4,Schafer Shelving/1320_F_4,Schafer Shelving/1320_F_4,__setup__.stock_location_schafer_shelving,stock.warehouse0,internal,base.main_company
__setup__.stock_location_1320_F_5,Schafer Shelving/1320_F_5,Schafer Shelving/1320_F_5,__setup__.stock_location_schafer_shelving,stock.warehouse0,internal,base.main_company
__setup__.stock_location_1320_G_1,Schafer Shelving/1320_G_1,Schafer Shelving/1320_G_1,__setup__.stock_location_schafer_shelving,stock.warehouse0,internal,base.main_company
__setup__.stock_location_1320_G_2,Schafer Shelving/1320_G_2,Schafer Shelving/1320_G_2,__setup__.stock_location_schafer_shelving,stock.warehouse0,internal,base.main_company
__setup__.stock_location_1320_G_3,Schafer Shelving/1320_G_3,Schafer Shelving/1320_G_3,__setup__.stock_location_schafer_shelving,stock.warehouse0,internal,base.main_company
__setup__.stock_location_1320_G_4,Schafer Shelving/1320_G_4,Schafer Shelving/1320_G_4,__setup__.stock_location_schafer_shelving,stock.warehouse0,internal,base.main_company
__setup__.stock_location_1320_G_5,Schafer Shelving/1320_G_5,Schafer Shelving/1320_G_5,__setup__.stock_location_schafer_shelving,stock.warehouse0,internal,base.main_company
__setup__.stock_location_1321_A_1,Schafer Shelving/1321_A_1,Schafer Shelving/1321_A_1,__setup__.stock_location_schafer_shelving,stock.warehouse0,internal,base.main_company
__setup__.stock_location_1321_A_2,Schafer Shelving/1321_A_2,Schafer Shelving/1321_A_2,__setup__.stock_location_schafer_shelving,stock.warehouse0,internal,base.main_company
__setup__.stock_location_1321_A_3,Schafer Shelving/1321_A_3,Schafer Shelving/1321_A_3,__setup__.stock_location_schafer_shelving,stock.warehouse0,internal,base.main_company
__setup__.stock_location_1321_A_4,Schafer Shelving/1321_A_4,Schafer Shelving/1321_A_4,__setup__.stock_location_schafer_shelving,stock.warehouse0,internal,base.main_company
__setup__.stock_location_1321_A_5,Schafer Shelving/1321_A_5,Schafer Shelving/1321_A_5,__setup__.stock_location_schafer_shelving,stock.warehouse0,internal,base.main_company
__setup__.stock_location_1321_B_1,Schafer Shelving/1321_B_1,Schafer Shelving/1321_B_1,__setup__.stock_location_schafer_shelving,stock.warehouse0,internal,base.main_company
__setup__.stock_location_1321_B_2,Schafer Shelving/1321_B_2,Schafer Shelving/1321_B_2,__setup__.stock_location_schafer_shelving,stock.warehouse0,internal,base.main_company
__setup__.stock_location_1321_B_3,Schafer Shelving/1321_B_3,Schafer Shelving/1321_B_3,__setup__.stock_location_schafer_shelving,stock.warehouse0,internal,base.main_company
__setup__.stock_location_1321_B_4,Schafer Shelving/1321_B_4,Schafer Shelving/1321_B_4,__setup__.stock_location_schafer_shelving,stock.warehouse0,internal,base.main_company
__setup__.stock_location_1321_B_5,Schafer Shelving/1321_B_5,Schafer Shelving/1321_B_5,__setup__.stock_location_schafer_shelving,stock.warehouse0,internal,base.main_company
__setup__.stock_location_1321_C_1,Schafer Shelving/1321_C_1,Schafer Shelving/1321_C_1,__setup__.stock_location_schafer_shelving,stock.warehouse0,internal,base.main_company
__setup__.stock_location_1321_C_2,Schafer Shelving/1321_C_2,Schafer Shelving/1321_C_2,__setup__.stock_location_schafer_shelving,stock.warehouse0,internal,base.main_company
__setup__.stock_location_1321_C_3,Schafer Shelving/1321_C_3,Schafer Shelving/1321_C_3,__setup__.stock_location_schafer_shelving,stock.warehouse0,internal,base.main_company
__setup__.stock_location_1321_C_4,Schafer Shelving/1321_C_4,Schafer Shelving/1321_C_4,__setup__.stock_location_schafer_shelving,stock.warehouse0,internal,base.main_company
__setup__.stock_location_1321_C_5,Schafer Shelving/1321_C_5,Schafer Shelving/1321_C_5,__setup__.stock_location_schafer_shelving,stock.warehouse0,internal,base.main_company
__setup__.stock_location_1321_D_1,Schafer Shelving/1321_D_1,Schafer Shelving/1321_D_1,__setup__.stock_location_schafer_shelving,stock.warehouse0,internal,base.main_company
__setup__.stock_location_1321_D_2,Schafer Shelving/1321_D_2,Schafer Shelving/1321_D_2,__setup__.stock_location_schafer_shelving,stock.warehouse0,internal,base.main_company
__setup__.stock_location_1321_D_3,Schafer Shelving/1321_D_3,Schafer Shelving/1321_D_3,__setup__.stock_location_schafer_shelving,stock.warehouse0,internal,base.main_company
__setup__.stock_location_1321_D_4,Schafer Shelving/1321_D_4,Schafer Shelving/1321_D_4,__setup__.stock_location_schafer_shelving,stock.warehouse0,internal,base.main_company
__setup__.stock_location_1321_D_5,Schafer Shelving/1321_D_5,Schafer Shelving/1321_D_5,__setup__.stock_location_schafer_shelving,stock.warehouse0,internal,base.main_company
__setup__.stock_location_1321_E_1,Schafer Shelving/1321_E_1,Schafer Shelving/1321_E_1,__setup__.stock_location_schafer_shelving,stock.warehouse0,internal,base.main_company
__setup__.stock_location_1321_E_2,Schafer Shelving/1321_E_2,Schafer Shelving/1321_E_2,__setup__.stock_location_schafer_shelving,stock.warehouse0,internal,base.main_company
__setup__.stock_location_1321_E_3,Schafer Shelving/1321_E_3,Schafer Shelving/1321_E_3,__setup__.stock_location_schafer_shelving,stock.warehouse0,internal,base.main_company
__setup__.stock_location_1321_E_4,Schafer Shelving/1321_E_4,Schafer Shelving/1321_E_4,__setup__.stock_location_schafer_shelving,stock.warehouse0,internal,base.main_company
__setup__.stock_location_1321_E_5,Schafer Shelving/1321_E_5,Schafer Shelving/1321_E_5,__setup__.stock_location_schafer_shelving,stock.warehouse0,internal,base.main_company
__setup__.stock_location_1321_F_1,Schafer Shelving/1321_F_1,Schafer Shelving/1321_F_1,__setup__.stock_location_schafer_shelving,stock.warehouse0,internal,base.main_company
__setup__.stock_location_1321_F_2,Schafer Shelving/1321_F_2,Schafer Shelving/1321_F_2,__setup__.stock_location_schafer_shelving,stock.warehouse0,internal,base.main_company
__setup__.stock_location_1321_F_3,Schafer Shelving/1321_F_3,Schafer Shelving/1321_F_3,__setup__.stock_location_schafer_shelving,stock.warehouse0,internal,base.main_company
__setup__.stock_location_1321_F_4,Schafer Shelving/1321_F_4,Schafer Shelving/1321_F_4,__setup__.stock_location_schafer_shelving,stock.warehouse0,internal,base.main_company
__setup__.stock_location_1321_F_5,Schafer Shelving/1321_F_5,Schafer Shelving/1321_F_5,__setup__.stock_location_schafer_shelving,stock.warehouse0,internal,base.main_company
__setup__.stock_location_1321_G_1,Schafer Shelving/1321_G_1,Schafer Shelving/1321_G_1,__setup__.stock_location_schafer_shelving,stock.warehouse0,internal,base.main_company
__setup__.stock_location_1321_G_2,Schafer Shelving/1321_G_2,Schafer Shelving/1321_G_2,__setup__.stock_location_schafer_shelving,stock.warehouse0,internal,base.main_company
__setup__.stock_location_1321_G_3,Schafer Shelving/1321_G_3,Schafer Shelving/1321_G_3,__setup__.stock_location_schafer_shelving,stock.warehouse0,internal,base.main_company
__setup__.stock_location_1321_G_4,Schafer Shelving/1321_G_4,Schafer Shelving/1321_G_4,__setup__.stock_location_schafer_shelving,stock.warehouse0,internal,base.main_company
__setup__.stock_location_1321_G_5,Schafer Shelving/1321_G_5,Schafer Shelving/1321_G_5,__setup__.stock_location_schafer_shelving,stock.warehouse0,internal,base.main_company
__setup__.stock_location_1322_A_1,Schafer Shelving/1322_A_1,Schafer Shelving/1322_A_1,__setup__.stock_location_schafer_shelving,stock.warehouse0,internal,base.main_company
__setup__.stock_location_1322_A_2,Schafer Shelving/1322_A_2,Schafer Shelving/1322_A_2,__setup__.stock_location_schafer_shelving,stock.warehouse0,internal,base.main_company
__setup__.stock_location_1322_A_3,Schafer Shelving/1322_A_3,Schafer Shelving/1322_A_3,__setup__.stock_location_schafer_shelving,stock.warehouse0,internal,base.main_company
__setup__.stock_location_1322_A_4,Schafer Shelving/1322_A_4,Schafer Shelving/1322_A_4,__setup__.stock_location_schafer_shelving,stock.warehouse0,internal,base.main_company
__setup__.stock_location_1322_A_5,Schafer Shelving/1322_A_5,Schafer Shelving/1322_A_5,__setup__.stock_location_schafer_shelving,stock.warehouse0,internal,base.main_company
__setup__.stock_location_1322_B_1,Schafer Shelving/1322_B_1,Schafer Shelving/1322_B_1,__setup__.stock_location_schafer_shelving,stock.warehouse0,internal,base.main_company
__setup__.stock_location_1322_B_2,Schafer Shelving/1322_B_2,Schafer Shelving/1322_B_2,__setup__.stock_location_schafer_shelving,stock.warehouse0,internal,base.main_company
__setup__.stock_location_1322_B_3,Schafer Shelving/1322_B_3,Schafer Shelving/1322_B_3,__setup__.stock_location_schafer_shelving,stock.warehouse0,internal,base.main_company
__setup__.stock_location_1322_B_4,Schafer Shelving/1322_B_4,Schafer Shelving/1322_B_4,__setup__.stock_location_schafer_shelving,stock.warehouse0,internal,base.main_company
__setup__.stock_location_1322_B_5,Schafer Shelving/1322_B_5,Schafer Shelving/1322_B_5,__setup__.stock_location_schafer_shelving,stock.warehouse0,internal,base.main_company
__setup__.stock_location_1322_C_1,Schafer Shelving/1322_C_1,Schafer Shelving/1322_C_1,__setup__.stock_location_schafer_shelving,stock.warehouse0,internal,base.main_company
__setup__.stock_location_1322_C_2,Schafer Shelving/1322_C_2,Schafer Shelving/1322_C_2,__setup__.stock_location_schafer_shelving,stock.warehouse0,internal,base.main_company
__setup__.stock_location_1322_C_3,Schafer Shelving/1322_C_3,Schafer Shelving/1322_C_3,__setup__.stock_location_schafer_shelving,stock.warehouse0,internal,base.main_company
__setup__.stock_location_1322_C_4,Schafer Shelving/1322_C_4,Schafer Shelving/1322_C_4,__setup__.stock_location_schafer_shelving,stock.warehouse0,internal,base.main_company
__setup__.stock_location_1322_C_5,Schafer Shelving/1322_C_5,Schafer Shelving/1322_C_5,__setup__.stock_location_schafer_shelving,stock.warehouse0,internal,base.main_company
__setup__.stock_location_1322_D_1,Schafer Shelving/1322_D_1,Schafer Shelving/1322_D_1,__setup__.stock_location_schafer_shelving,stock.warehouse0,internal,base.main_company
__setup__.stock_location_1322_D_2,Schafer Shelving/1322_D_2,Schafer Shelving/1322_D_2,__setup__.stock_location_schafer_shelving,stock.warehouse0,internal,base.main_company
__setup__.stock_location_1322_D_3,Schafer Shelving/1322_D_3,Schafer Shelving/1322_D_3,__setup__.stock_location_schafer_shelving,stock.warehouse0,internal,base.main_company
__setup__.stock_location_1322_D_4,Schafer Shelving/1322_D_4,Schafer Shelving/1322_D_4,__setup__.stock_location_schafer_shelving,stock.warehouse0,internal,base.main_company
__setup__.stock_location_1322_D_5,Schafer Shelving/1322_D_5,Schafer Shelving/1322_D_5,__setup__.stock_location_schafer_shelving,stock.warehouse0,internal,base.main_company
__setup__.stock_location_1322_E_1,Schafer Shelving/1322_E_1,Schafer Shelving/1322_E_1,__setup__.stock_location_schafer_shelving,stock.warehouse0,internal,base.main_company
__setup__.stock_location_1322_E_2,Schafer Shelving/1322_E_2,Schafer Shelving/1322_E_2,__setup__.stock_location_schafer_shelving,stock.warehouse0,internal,base.main_company
__setup__.stock_location_1322_E_3,Schafer Shelving/1322_E_3,Schafer Shelving/1322_E_3,__setup__.stock_location_schafer_shelving,stock.warehouse0,internal,base.main_company
__setup__.stock_location_1322_E_4,Schafer Shelving/1322_E_4,Schafer Shelving/1322_E_4,__setup__.stock_location_schafer_shelving,stock.warehouse0,internal,base.main_company
__setup__.stock_location_1322_E_5,Schafer Shelving/1322_E_5,Schafer Shelving/1322_E_5,__setup__.stock_location_schafer_shelving,stock.warehouse0,internal,base.main_company
__setup__.stock_location_1322_F_1,Schafer Shelving/1322_F_1,Schafer Shelving/1322_F_1,__setup__.stock_location_schafer_shelving,stock.warehouse0,internal,base.main_company
__setup__.stock_location_1322_F_2,Schafer Shelving/1322_F_2,Schafer Shelving/1322_F_2,__setup__.stock_location_schafer_shelving,stock.warehouse0,internal,base.main_company
__setup__.stock_location_1322_F_3,Schafer Shelving/1322_F_3,Schafer Shelving/1322_F_3,__setup__.stock_location_schafer_shelving,stock.warehouse0,internal,base.main_company
__setup__.stock_location_1322_F_4,Schafer Shelving/1322_F_4,Schafer Shelving/1322_F_4,__setup__.stock_location_schafer_shelving,stock.warehouse0,internal,base.main_company
__setup__.stock_location_1322_F_5,Schafer Shelving/1322_F_5,Schafer Shelving/1322_F_5,__setup__.stock_location_schafer_shelving,stock.warehouse0,internal,base.main_company
__setup__.stock_location_1322_G_1,Schafer Shelving/1322_G_1,Schafer Shelving/1322_G_1,__setup__.stock_location_schafer_shelving,stock.warehouse0,internal,base.main_company
__setup__.stock_location_1322_G_2,Schafer Shelving/1322_G_2,Schafer Shelving/1322_G_2,__setup__.stock_location_schafer_shelving,stock.warehouse0,internal,base.main_company
__setup__.stock_location_1322_G_3,Schafer Shelving/1322_G_3,Schafer Shelving/1322_G_3,__setup__.stock_location_schafer_shelving,stock.warehouse0,internal,base.main_company
__setup__.stock_location_1322_G_4,Schafer Shelving/1322_G_4,Schafer Shelving/1322_G_4,__setup__.stock_location_schafer_shelving,stock.warehouse0,internal,base.main_company
__setup__.stock_location_1322_G_5,Schafer Shelving/1322_G_5,Schafer Shelving/1322_G_5,__setup__.stock_location_schafer_shelving,stock.warehouse0,internal,base.main_company
__setup__.stock_location_1323_A_1,Schafer Shelving/1323_A_1,Schafer Shelving/1323_A_1,__setup__.stock_location_schafer_shelving,stock.warehouse0,internal,base.main_company
__setup__.stock_location_1323_A_2,Schafer Shelving/1323_A_2,Schafer Shelving/1323_A_2,__setup__.stock_location_schafer_shelving,stock.warehouse0,internal,base.main_company
__setup__.stock_location_1323_A_3,Schafer Shelving/1323_A_3,Schafer Shelving/1323_A_3,__setup__.stock_location_schafer_shelving,stock.warehouse0,internal,base.main_company
__setup__.stock_location_1323_A_4,Schafer Shelving/1323_A_4,Schafer Shelving/1323_A_4,__setup__.stock_location_schafer_shelving,stock.warehouse0,internal,base.main_company
__setup__.stock_location_1323_A_5,Schafer Shelving/1323_A_5,Schafer Shelving/1323_A_5,__setup__.stock_location_schafer_shelving,stock.warehouse0,internal,base.main_company
__setup__.stock_location_1323_B_1,Schafer Shelving/1323_B_1,Schafer Shelving/1323_B_1,__setup__.stock_location_schafer_shelving,stock.warehouse0,internal,base.main_company
__setup__.stock_location_1323_B_2,Schafer Shelving/1323_B_2,Schafer Shelving/1323_B_2,__setup__.stock_location_schafer_shelving,stock.warehouse0,internal,base.main_company
__setup__.stock_location_1323_B_3,Schafer Shelving/1323_B_3,Schafer Shelving/1323_B_3,__setup__.stock_location_schafer_shelving,stock.warehouse0,internal,base.main_company
__setup__.stock_location_1323_B_4,Schafer Shelving/1323_B_4,Schafer Shelving/1323_B_4,__setup__.stock_location_schafer_shelving,stock.warehouse0,internal,base.main_company
__setup__.stock_location_1323_B_5,Schafer Shelving/1323_B_5,Schafer Shelving/1323_B_5,__setup__.stock_location_schafer_shelving,stock.warehouse0,internal,base.main_company
__setup__.stock_location_1323_C_1,Schafer Shelving/1323_C_1,Schafer Shelving/1323_C_1,__setup__.stock_location_schafer_shelving,stock.warehouse0,internal,base.main_company
__setup__.stock_location_1323_C_2,Schafer Shelving/1323_C_2,Schafer Shelving/1323_C_2,__setup__.stock_location_schafer_shelving,stock.warehouse0,internal,base.main_company
__setup__.stock_location_1323_C_3,Schafer Shelving/1323_C_3,Schafer Shelving/1323_C_3,__setup__.stock_location_schafer_shelving,stock.warehouse0,internal,base.main_company
__setup__.stock_location_1323_C_4,Schafer Shelving/1323_C_4,Schafer Shelving/1323_C_4,__setup__.stock_location_schafer_shelving,stock.warehouse0,internal,base.main_company
__setup__.stock_location_1323_C_5,Schafer Shelving/1323_C_5,Schafer Shelving/1323_C_5,__setup__.stock_location_schafer_shelving,stock.warehouse0,internal,base.main_company
__setup__.stock_location_1323_D_1,Schafer Shelving/1323_D_1,Schafer Shelving/1323_D_1,__setup__.stock_location_schafer_shelving,stock.warehouse0,internal,base.main_company
__setup__.stock_location_1323_D_2,Schafer Shelving/1323_D_2,Schafer Shelving/1323_D_2,__setup__.stock_location_schafer_shelving,stock.warehouse0,internal,base.main_company
__setup__.stock_location_1323_D_3,Schafer Shelving/1323_D_3,Schafer Shelving/1323_D_3,__setup__.stock_location_schafer_shelving,stock.warehouse0,internal,base.main_company
__setup__.stock_location_1323_D_4,Schafer Shelving/1323_D_4,Schafer Shelving/1323_D_4,__setup__.stock_location_schafer_shelving,stock.warehouse0,internal,base.main_company
__setup__.stock_location_1323_D_5,Schafer Shelving/1323_D_5,Schafer Shelving/1323_D_5,__setup__.stock_location_schafer_shelving,stock.warehouse0,internal,base.main_company
__setup__.stock_location_1323_E_1,Schafer Shelving/1323_E_1,Schafer Shelving/1323_E_1,__setup__.stock_location_schafer_shelving,stock.warehouse0,internal,base.main_company
__setup__.stock_location_1323_E_2,Schafer Shelving/1323_E_2,Schafer Shelving/1323_E_2,__setup__.stock_location_schafer_shelving,stock.warehouse0,internal,base.main_company
__setup__.stock_location_1323_E_3,Schafer Shelving/1323_E_3,Schafer Shelving/1323_E_3,__setup__.stock_location_schafer_shelving,stock.warehouse0,internal,base.main_company
__setup__.stock_location_1323_E_4,Schafer Shelving/1323_E_4,Schafer Shelving/1323_E_4,__setup__.stock_location_schafer_shelving,stock.warehouse0,internal,base.main_company
__setup__.stock_location_1323_E_5,Schafer Shelving/1323_E_5,Schafer Shelving/1323_E_5,__setup__.stock_location_schafer_shelving,stock.warehouse0,internal,base.main_company
__setup__.stock_location_1323_F_1,Schafer Shelving/1323_F_1,Schafer Shelving/1323_F_1,__setup__.stock_location_schafer_shelving,stock.warehouse0,internal,base.main_company
__setup__.stock_location_1323_F_2,Schafer Shelving/1323_F_2,Schafer Shelving/1323_F_2,__setup__.stock_location_schafer_shelving,stock.warehouse0,internal,base.main_company
__setup__.stock_location_1323_F_3,Schafer Shelving/1323_F_3,Schafer Shelving/1323_F_3,__setup__.stock_location_schafer_shelving,stock.warehouse0,internal,base.main_company
__setup__.stock_location_1323_F_4,Schafer Shelving/1323_F_4,Schafer Shelving/1323_F_4,__setup__.stock_location_schafer_shelving,stock.warehouse0,internal,base.main_company
__setup__.stock_location_1323_F_5,Schafer Shelving/1323_F_5,Schafer Shelving/1323_F_5,__setup__.stock_location_schafer_shelving,stock.warehouse0,internal,base.main_company
__setup__.stock_location_1323_G_1,Schafer Shelving/1323_G_1,Schafer Shelving/1323_G_1,__setup__.stock_location_schafer_shelving,stock.warehouse0,internal,base.main_company
__setup__.stock_location_1323_G_2,Schafer Shelving/1323_G_2,Schafer Shelving/1323_G_2,__setup__.stock_location_schafer_shelving,stock.warehouse0,internal,base.main_company
__setup__.stock_location_1323_G_3,Schafer Shelving/1323_G_3,Schafer Shelving/1323_G_3,__setup__.stock_location_schafer_shelving,stock.warehouse0,internal,base.main_company
__setup__.stock_location_1323_G_4,Schafer Shelving/1323_G_4,Schafer Shelving/1323_G_4,__setup__.stock_location_schafer_shelving,stock.warehouse0,internal,base.main_company
__setup__.stock_location_1323_G_5,Schafer Shelving/1323_G_5,Schafer Shelving/1323_G_5,__setup__.stock_location_schafer_shelving,stock.warehouse0,internal,base.main_company
__setup__.stock_location_1324_A_1,Schafer Shelving/1324_A_1,Schafer Shelving/1324_A_1,__setup__.stock_location_schafer_shelving,stock.warehouse0,internal,base.main_company
__setup__.stock_location_1324_A_2,Schafer Shelving/1324_A_2,Schafer Shelving/1324_A_2,__setup__.stock_location_schafer_shelving,stock.warehouse0,internal,base.main_company
__setup__.stock_location_1324_A_3,Schafer Shelving/1324_A_3,Schafer Shelving/1324_A_3,__setup__.stock_location_schafer_shelving,stock.warehouse0,internal,base.main_company
__setup__.stock_location_1324_A_4,Schafer Shelving/1324_A_4,Schafer Shelving/1324_A_4,__setup__.stock_location_schafer_shelving,stock.warehouse0,internal,base.main_company
__setup__.stock_location_1324_A_5,Schafer Shelving/1324_A_5,Schafer Shelving/1324_A_5,__setup__.stock_location_schafer_shelving,stock.warehouse0,internal,base.main_company
__setup__.stock_location_1324_B_1,Schafer Shelving/1324_B_1,Schafer Shelving/1324_B_1,__setup__.stock_location_schafer_shelving,stock.warehouse0,internal,base.main_company
__setup__.stock_location_1324_B_2,Schafer Shelving/1324_B_2,Schafer Shelving/1324_B_2,__setup__.stock_location_schafer_shelving,stock.warehouse0,internal,base.main_company
__setup__.stock_location_1324_B_3,Schafer Shelving/1324_B_3,Schafer Shelving/1324_B_3,__setup__.stock_location_schafer_shelving,stock.warehouse0,internal,base.main_company
__setup__.stock_location_1324_B_4,Schafer Shelving/1324_B_4,Schafer Shelving/1324_B_4,__setup__.stock_location_schafer_shelving,stock.warehouse0,internal,base.main_company
__setup__.stock_location_1324_B_5,Schafer Shelving/1324_B_5,Schafer Shelving/1324_B_5,__setup__.stock_location_schafer_shelving,stock.warehouse0,internal,base.main_company
__setup__.stock_location_1324_C_1,Schafer Shelving/1324_C_1,Schafer Shelving/1324_C_1,__setup__.stock_location_schafer_shelving,stock.warehouse0,internal,base.main_company
__setup__.stock_location_1324_C_2,Schafer Shelving/1324_C_2,Schafer Shelving/1324_C_2,__setup__.stock_location_schafer_shelving,stock.warehouse0,internal,base.main_company
__setup__.stock_location_1324_C_3,Schafer Shelving/1324_C_3,Schafer Shelving/1324_C_3,__setup__.stock_location_schafer_shelving,stock.warehouse0,internal,base.main_company
__setup__.stock_location_1324_C_4,Schafer Shelving/1324_C_4,Schafer Shelving/1324_C_4,__setup__.stock_location_schafer_shelving,stock.warehouse0,internal,base.main_company
__setup__.stock_location_1324_C_5,Schafer Shelving/1324_C_5,Schafer Shelving/1324_C_5,__setup__.stock_location_schafer_shelving,stock.warehouse0,internal,base.main_company
__setup__.stock_location_1324_D_1,Schafer Shelving/1324_D_1,Schafer Shelving/1324_D_1,__setup__.stock_location_schafer_shelving,stock.warehouse0,internal,base.main_company
__setup__.stock_location_1324_D_2,Schafer Shelving/1324_D_2,Schafer Shelving/1324_D_2,__setup__.stock_location_schafer_shelving,stock.warehouse0,internal,base.main_company
__setup__.stock_location_1324_D_3,Schafer Shelving/1324_D_3,Schafer Shelving/1324_D_3,__setup__.stock_location_schafer_shelving,stock.warehouse0,internal,base.main_company
__setup__.stock_location_1324_D_4,Schafer Shelving/1324_D_4,Schafer Shelving/1324_D_4,__setup__.stock_location_schafer_shelving,stock.warehouse0,internal,base.main_company
__setup__.stock_location_1324_D_5,Schafer Shelving/1324_D_5,Schafer Shelving/1324_D_5,__setup__.stock_location_schafer_shelving,stock.warehouse0,internal,base.main_company
__setup__.stock_location_1324_E_1,Schafer Shelving/1324_E_1,Schafer Shelving/1324_E_1,__setup__.stock_location_schafer_shelving,stock.warehouse0,internal,base.main_company
__setup__.stock_location_1324_E_2,Schafer Shelving/1324_E_2,Schafer Shelving/1324_E_2,__setup__.stock_location_schafer_shelving,stock.warehouse0,internal,base.main_company
__setup__.stock_location_1324_E_3,Schafer Shelving/1324_E_3,Schafer Shelving/1324_E_3,__setup__.stock_location_schafer_shelving,stock.warehouse0,internal,base.main_company
__setup__.stock_location_1324_E_4,Schafer Shelving/1324_E_4,Schafer Shelving/1324_E_4,__setup__.stock_location_schafer_shelving,stock.warehouse0,internal,base.main_company
__setup__.stock_location_1324_E_5,Schafer Shelving/1324_E_5,Schafer Shelving/1324_E_5,__setup__.stock_location_schafer_shelving,stock.warehouse0,internal,base.main_company
__setup__.stock_location_1324_F_1,Schafer Shelving/1324_F_1,Schafer Shelving/1324_F_1,__setup__.stock_location_schafer_shelving,stock.warehouse0,internal,base.main_company
__setup__.stock_location_1324_F_2,Schafer Shelving/1324_F_2,Schafer Shelving/1324_F_2,__setup__.stock_location_schafer_shelving,stock.warehouse0,internal,base.main_company
__setup__.stock_location_1324_F_3,Schafer Shelving/1324_F_3,Schafer Shelving/1324_F_3,__setup__.stock_location_schafer_shelving,stock.warehouse0,internal,base.main_company
__setup__.stock_location_1324_F_4,Schafer Shelving/1324_F_4,Schafer Shelving/1324_F_4,__setup__.stock_location_schafer_shelving,stock.warehouse0,internal,base.main_company
__setup__.stock_location_1324_F_5,Schafer Shelving/1324_F_5,Schafer Shelving/1324_F_5,__setup__.stock_location_schafer_shelving,stock.warehouse0,internal,base.main_company
__setup__.stock_location_1324_G_1,Schafer Shelving/1324_G_1,Schafer Shelving/1324_G_1,__setup__.stock_location_schafer_shelving,stock.warehouse0,internal,base.main_company
__setup__.stock_location_1324_G_2,Schafer Shelving/1324_G_2,Schafer Shelving/1324_G_2,__setup__.stock_location_schafer_shelving,stock.warehouse0,internal,base.main_company
__setup__.stock_location_1324_G_3,Schafer Shelving/1324_G_3,Schafer Shelving/1324_G_3,__setup__.stock_location_schafer_shelving,stock.warehouse0,internal,base.main_company
__setup__.stock_location_1324_G_4,Schafer Shelving/1324_G_4,Schafer Shelving/1324_G_4,__setup__.stock_location_schafer_shelving,stock.warehouse0,internal,base.main_company
__setup__.stock_location_1324_G_5,Schafer Shelving/1324_G_5,Schafer Shelving/1324_G_5,__setup__.stock_location_schafer_shelving,stock.warehouse0,internal,base.main_company
__setup__.stock_location_1401_A_1,Schafer Shelving/1401_A_1,Schafer Shelving/1401_A_1,__setup__.stock_location_schafer_shelving,stock.warehouse0,internal,base.main_company
__setup__.stock_location_1401_A_2,Schafer Shelving/1401_A_2,Schafer Shelving/1401_A_2,__setup__.stock_location_schafer_shelving,stock.warehouse0,internal,base.main_company
__setup__.stock_location_1401_A_3,Schafer Shelving/1401_A_3,Schafer Shelving/1401_A_3,__setup__.stock_location_schafer_shelving,stock.warehouse0,internal,base.main_company
__setup__.stock_location_1401_A_4,Schafer Shelving/1401_A_4,Schafer Shelving/1401_A_4,__setup__.stock_location_schafer_shelving,stock.warehouse0,internal,base.main_company
__setup__.stock_location_1401_A_5,Schafer Shelving/1401_A_5,Schafer Shelving/1401_A_5,__setup__.stock_location_schafer_shelving,stock.warehouse0,internal,base.main_company
__setup__.stock_location_1401_B_1,Schafer Shelving/1401_B_1,Schafer Shelving/1401_B_1,__setup__.stock_location_schafer_shelving,stock.warehouse0,internal,base.main_company
__setup__.stock_location_1401_B_2,Schafer Shelving/1401_B_2,Schafer Shelving/1401_B_2,__setup__.stock_location_schafer_shelving,stock.warehouse0,internal,base.main_company
__setup__.stock_location_1401_B_3,Schafer Shelving/1401_B_3,Schafer Shelving/1401_B_3,__setup__.stock_location_schafer_shelving,stock.warehouse0,internal,base.main_company
__setup__.stock_location_1401_B_4,Schafer Shelving/1401_B_4,Schafer Shelving/1401_B_4,__setup__.stock_location_schafer_shelving,stock.warehouse0,internal,base.main_company
__setup__.stock_location_1401_B_5,Schafer Shelving/1401_B_5,Schafer Shelving/1401_B_5,__setup__.stock_location_schafer_shelving,stock.warehouse0,internal,base.main_company
__setup__.stock_location_1401_C_1,Schafer Shelving/1401_C_1,Schafer Shelving/1401_C_1,__setup__.stock_location_schafer_shelving,stock.warehouse0,internal,base.main_company
__setup__.stock_location_1401_C_2,Schafer Shelving/1401_C_2,Schafer Shelving/1401_C_2,__setup__.stock_location_schafer_shelving,stock.warehouse0,internal,base.main_company
__setup__.stock_location_1401_C_3,Schafer Shelving/1401_C_3,Schafer Shelving/1401_C_3,__setup__.stock_location_schafer_shelving,stock.warehouse0,internal,base.main_company
__setup__.stock_location_1401_C_4,Schafer Shelving/1401_C_4,Schafer Shelving/1401_C_4,__setup__.stock_location_schafer_shelving,stock.warehouse0,internal,base.main_company
__setup__.stock_location_1401_C_5,Schafer Shelving/1401_C_5,Schafer Shelving/1401_C_5,__setup__.stock_location_schafer_shelving,stock.warehouse0,internal,base.main_company
__setup__.stock_location_1401_D_1,Schafer Shelving/1401_D_1,Schafer Shelving/1401_D_1,__setup__.stock_location_schafer_shelving,stock.warehouse0,internal,base.main_company
__setup__.stock_location_1401_D_2,Schafer Shelving/1401_D_2,Schafer Shelving/1401_D_2,__setup__.stock_location_schafer_shelving,stock.warehouse0,internal,base.main_company
__setup__.stock_location_1401_D_3,Schafer Shelving/1401_D_3,Schafer Shelving/1401_D_3,__setup__.stock_location_schafer_shelving,stock.warehouse0,internal,base.main_company
__setup__.stock_location_1401_D_4,Schafer Shelving/1401_D_4,Schafer Shelving/1401_D_4,__setup__.stock_location_schafer_shelving,stock.warehouse0,internal,base.main_company
__setup__.stock_location_1401_D_5,Schafer Shelving/1401_D_5,Schafer Shelving/1401_D_5,__setup__.stock_location_schafer_shelving,stock.warehouse0,internal,base.main_company
__setup__.stock_location_1401_E_1,Schafer Shelving/1401_E_1,Schafer Shelving/1401_E_1,__setup__.stock_location_schafer_shelving,stock.warehouse0,internal,base.main_company
__setup__.stock_location_1401_E_2,Schafer Shelving/1401_E_2,Schafer Shelving/1401_E_2,__setup__.stock_location_schafer_shelving,stock.warehouse0,internal,base.main_company
__setup__.stock_location_1401_E_3,Schafer Shelving/1401_E_3,Schafer Shelving/1401_E_3,__setup__.stock_location_schafer_shelving,stock.warehouse0,internal,base.main_company
__setup__.stock_location_1401_E_4,Schafer Shelving/1401_E_4,Schafer Shelving/1401_E_4,__setup__.stock_location_schafer_shelving,stock.warehouse0,internal,base.main_company
__setup__.stock_location_1401_E_5,Schafer Shelving/1401_E_5,Schafer Shelving/1401_E_5,__setup__.stock_location_schafer_shelving,stock.warehouse0,internal,base.main_company
__setup__.stock_location_1401_F_1,Schafer Shelving/1401_F_1,Schafer Shelving/1401_F_1,__setup__.stock_location_schafer_shelving,stock.warehouse0,internal,base.main_company
__setup__.stock_location_1401_F_2,Schafer Shelving/1401_F_2,Schafer Shelving/1401_F_2,__setup__.stock_location_schafer_shelving,stock.warehouse0,internal,base.main_company
__setup__.stock_location_1401_F_3,Schafer Shelving/1401_F_3,Schafer Shelving/1401_F_3,__setup__.stock_location_schafer_shelving,stock.warehouse0,internal,base.main_company
__setup__.stock_location_1401_F_4,Schafer Shelving/1401_F_4,Schafer Shelving/1401_F_4,__setup__.stock_location_schafer_shelving,stock.warehouse0,internal,base.main_company
__setup__.stock_location_1401_F_5,Schafer Shelving/1401_F_5,Schafer Shelving/1401_F_5,__setup__.stock_location_schafer_shelving,stock.warehouse0,internal,base.main_company
__setup__.stock_location_1401_G_1,Schafer Shelving/1401_G_1,Schafer Shelving/1401_G_1,__setup__.stock_location_schafer_shelving,stock.warehouse0,internal,base.main_company
__setup__.stock_location_1401_G_2,Schafer Shelving/1401_G_2,Schafer Shelving/1401_G_2,__setup__.stock_location_schafer_shelving,stock.warehouse0,internal,base.main_company
__setup__.stock_location_1401_G_3,Schafer Shelving/1401_G_3,Schafer Shelving/1401_G_3,__setup__.stock_location_schafer_shelving,stock.warehouse0,internal,base.main_company
__setup__.stock_location_1401_G_4,Schafer Shelving/1401_G_4,Schafer Shelving/1401_G_4,__setup__.stock_location_schafer_shelving,stock.warehouse0,internal,base.main_company
__setup__.stock_location_1401_G_5,Schafer Shelving/1401_G_5,Schafer Shelving/1401_G_5,__setup__.stock_location_schafer_shelving,stock.warehouse0,internal,base.main_company
__setup__.stock_location_1402_A_1,Schafer Shelving/1402_A_1,Schafer Shelving/1402_A_1,__setup__.stock_location_schafer_shelving,stock.warehouse0,internal,base.main_company
__setup__.stock_location_1402_A_2,Schafer Shelving/1402_A_2,Schafer Shelving/1402_A_2,__setup__.stock_location_schafer_shelving,stock.warehouse0,internal,base.main_company
__setup__.stock_location_1402_A_3,Schafer Shelving/1402_A_3,Schafer Shelving/1402_A_3,__setup__.stock_location_schafer_shelving,stock.warehouse0,internal,base.main_company
__setup__.stock_location_1402_A_4,Schafer Shelving/1402_A_4,Schafer Shelving/1402_A_4,__setup__.stock_location_schafer_shelving,stock.warehouse0,internal,base.main_company
__setup__.stock_location_1402_A_5,Schafer Shelving/1402_A_5,Schafer Shelving/1402_A_5,__setup__.stock_location_schafer_shelving,stock.warehouse0,internal,base.main_company
__setup__.stock_location_1402_B_1,Schafer Shelving/1402_B_1,Schafer Shelving/1402_B_1,__setup__.stock_location_schafer_shelving,stock.warehouse0,internal,base.main_company
__setup__.stock_location_1402_B_2,Schafer Shelving/1402_B_2,Schafer Shelving/1402_B_2,__setup__.stock_location_schafer_shelving,stock.warehouse0,internal,base.main_company
__setup__.stock_location_1402_B_3,Schafer Shelving/1402_B_3,Schafer Shelving/1402_B_3,__setup__.stock_location_schafer_shelving,stock.warehouse0,internal,base.main_company
__setup__.stock_location_1402_B_4,Schafer Shelving/1402_B_4,Schafer Shelving/1402_B_4,__setup__.stock_location_schafer_shelving,stock.warehouse0,internal,base.main_company
__setup__.stock_location_1402_B_5,Schafer Shelving/1402_B_5,Schafer Shelving/1402_B_5,__setup__.stock_location_schafer_shelving,stock.warehouse0,internal,base.main_company
__setup__.stock_location_1402_C_1,Schafer Shelving/1402_C_1,Schafer Shelving/1402_C_1,__setup__.stock_location_schafer_shelving,stock.warehouse0,internal,base.main_company
__setup__.stock_location_1402_C_2,Schafer Shelving/1402_C_2,Schafer Shelving/1402_C_2,__setup__.stock_location_schafer_shelving,stock.warehouse0,internal,base.main_company
__setup__.stock_location_1402_C_3,Schafer Shelving/1402_C_3,Schafer Shelving/1402_C_3,__setup__.stock_location_schafer_shelving,stock.warehouse0,internal,base.main_company
__setup__.stock_location_1402_C_4,Schafer Shelving/1402_C_4,Schafer Shelving/1402_C_4,__setup__.stock_location_schafer_shelving,stock.warehouse0,internal,base.main_company
__setup__.stock_location_1402_C_5,Schafer Shelving/1402_C_5,Schafer Shelving/1402_C_5,__setup__.stock_location_schafer_shelving,stock.warehouse0,internal,base.main_company
__setup__.stock_location_1402_D_1,Schafer Shelving/1402_D_1,Schafer Shelving/1402_D_1,__setup__.stock_location_schafer_shelving,stock.warehouse0,internal,base.main_company
__setup__.stock_location_1402_D_2,Schafer Shelving/1402_D_2,Schafer Shelving/1402_D_2,__setup__.stock_location_schafer_shelving,stock.warehouse0,internal,base.main_company
__setup__.stock_location_1402_D_3,Schafer Shelving/1402_D_3,Schafer Shelving/1402_D_3,__setup__.stock_location_schafer_shelving,stock.warehouse0,internal,base.main_company
__setup__.stock_location_1402_D_4,Schafer Shelving/1402_D_4,Schafer Shelving/1402_D_4,__setup__.stock_location_schafer_shelving,stock.warehouse0,internal,base.main_company
__setup__.stock_location_1402_D_5,Schafer Shelving/1402_D_5,Schafer Shelving/1402_D_5,__setup__.stock_location_schafer_shelving,stock.warehouse0,internal,base.main_company
__setup__.stock_location_1402_E_1,Schafer Shelving/1402_E_1,Schafer Shelving/1402_E_1,__setup__.stock_location_schafer_shelving,stock.warehouse0,internal,base.main_company
__setup__.stock_location_1402_E_2,Schafer Shelving/1402_E_2,Schafer Shelving/1402_E_2,__setup__.stock_location_schafer_shelving,stock.warehouse0,internal,base.main_company
__setup__.stock_location_1402_E_3,Schafer Shelving/1402_E_3,Schafer Shelving/1402_E_3,__setup__.stock_location_schafer_shelving,stock.warehouse0,internal,base.main_company
__setup__.stock_location_1402_E_4,Schafer Shelving/1402_E_4,Schafer Shelving/1402_E_4,__setup__.stock_location_schafer_shelving,stock.warehouse0,internal,base.main_company
__setup__.stock_location_1402_E_5,Schafer Shelving/1402_E_5,Schafer Shelving/1402_E_5,__setup__.stock_location_schafer_shelving,stock.warehouse0,internal,base.main_company
__setup__.stock_location_1402_F_1,Schafer Shelving/1402_F_1,Schafer Shelving/1402_F_1,__setup__.stock_location_schafer_shelving,stock.warehouse0,internal,base.main_company
__setup__.stock_location_1402_F_2,Schafer Shelving/1402_F_2,Schafer Shelving/1402_F_2,__setup__.stock_location_schafer_shelving,stock.warehouse0,internal,base.main_company
__setup__.stock_location_1402_F_3,Schafer Shelving/1402_F_3,Schafer Shelving/1402_F_3,__setup__.stock_location_schafer_shelving,stock.warehouse0,internal,base.main_company
__setup__.stock_location_1402_F_4,Schafer Shelving/1402_F_4,Schafer Shelving/1402_F_4,__setup__.stock_location_schafer_shelving,stock.warehouse0,internal,base.main_company
__setup__.stock_location_1402_F_5,Schafer Shelving/1402_F_5,Schafer Shelving/1402_F_5,__setup__.stock_location_schafer_shelving,stock.warehouse0,internal,base.main_company
__setup__.stock_location_1402_G_1,Schafer Shelving/1402_G_1,Schafer Shelving/1402_G_1,__setup__.stock_location_schafer_shelving,stock.warehouse0,internal,base.main_company
__setup__.stock_location_1402_G_2,Schafer Shelving/1402_G_2,Schafer Shelving/1402_G_2,__setup__.stock_location_schafer_shelving,stock.warehouse0,internal,base.main_company
__setup__.stock_location_1402_G_3,Schafer Shelving/1402_G_3,Schafer Shelving/1402_G_3,__setup__.stock_location_schafer_shelving,stock.warehouse0,internal,base.main_company
__setup__.stock_location_1402_G_4,Schafer Shelving/1402_G_4,Schafer Shelving/1402_G_4,__setup__.stock_location_schafer_shelving,stock.warehouse0,internal,base.main_company
__setup__.stock_location_1402_G_5,Schafer Shelving/1402_G_5,Schafer Shelving/1402_G_5,__setup__.stock_location_schafer_shelving,stock.warehouse0,internal,base.main_company
__setup__.stock_location_1403_A_1,Schafer Shelving/1403_A_1,Schafer Shelving/1403_A_1,__setup__.stock_location_schafer_shelving,stock.warehouse0,internal,base.main_company
__setup__.stock_location_1403_A_2,Schafer Shelving/1403_A_2,Schafer Shelving/1403_A_2,__setup__.stock_location_schafer_shelving,stock.warehouse0,internal,base.main_company
__setup__.stock_location_1403_A_3,Schafer Shelving/1403_A_3,Schafer Shelving/1403_A_3,__setup__.stock_location_schafer_shelving,stock.warehouse0,internal,base.main_company
__setup__.stock_location_1403_A_4,Schafer Shelving/1403_A_4,Schafer Shelving/1403_A_4,__setup__.stock_location_schafer_shelving,stock.warehouse0,internal,base.main_company
__setup__.stock_location_1403_A_5,Schafer Shelving/1403_A_5,Schafer Shelving/1403_A_5,__setup__.stock_location_schafer_shelving,stock.warehouse0,internal,base.main_company
__setup__.stock_location_1403_B_1,Schafer Shelving/1403_B_1,Schafer Shelving/1403_B_1,__setup__.stock_location_schafer_shelving,stock.warehouse0,internal,base.main_company
__setup__.stock_location_1403_B_2,Schafer Shelving/1403_B_2,Schafer Shelving/1403_B_2,__setup__.stock_location_schafer_shelving,stock.warehouse0,internal,base.main_company
__setup__.stock_location_1403_B_3,Schafer Shelving/1403_B_3,Schafer Shelving/1403_B_3,__setup__.stock_location_schafer_shelving,stock.warehouse0,internal,base.main_company
__setup__.stock_location_1403_B_4,Schafer Shelving/1403_B_4,Schafer Shelving/1403_B_4,__setup__.stock_location_schafer_shelving,stock.warehouse0,internal,base.main_company
__setup__.stock_location_1403_B_5,Schafer Shelving/1403_B_5,Schafer Shelving/1403_B_5,__setup__.stock_location_schafer_shelving,stock.warehouse0,internal,base.main_company
__setup__.stock_location_1403_C_1,Schafer Shelving/1403_C_1,Schafer Shelving/1403_C_1,__setup__.stock_location_schafer_shelving,stock.warehouse0,internal,base.main_company
__setup__.stock_location_1403_C_2,Schafer Shelving/1403_C_2,Schafer Shelving/1403_C_2,__setup__.stock_location_schafer_shelving,stock.warehouse0,internal,base.main_company
__setup__.stock_location_1403_C_3,Schafer Shelving/1403_C_3,Schafer Shelving/1403_C_3,__setup__.stock_location_schafer_shelving,stock.warehouse0,internal,base.main_company
__setup__.stock_location_1403_C_4,Schafer Shelving/1403_C_4,Schafer Shelving/1403_C_4,__setup__.stock_location_schafer_shelving,stock.warehouse0,internal,base.main_company
__setup__.stock_location_1403_C_5,Schafer Shelving/1403_C_5,Schafer Shelving/1403_C_5,__setup__.stock_location_schafer_shelving,stock.warehouse0,internal,base.main_company
__setup__.stock_location_1403_D_1,Schafer Shelving/1403_D_1,Schafer Shelving/1403_D_1,__setup__.stock_location_schafer_shelving,stock.warehouse0,internal,base.main_company
__setup__.stock_location_1403_D_2,Schafer Shelving/1403_D_2,Schafer Shelving/1403_D_2,__setup__.stock_location_schafer_shelving,stock.warehouse0,internal,base.main_company
__setup__.stock_location_1403_D_3,Schafer Shelving/1403_D_3,Schafer Shelving/1403_D_3,__setup__.stock_location_schafer_shelving,stock.warehouse0,internal,base.main_company
__setup__.stock_location_1403_D_4,Schafer Shelving/1403_D_4,Schafer Shelving/1403_D_4,__setup__.stock_location_schafer_shelving,stock.warehouse0,internal,base.main_company
__setup__.stock_location_1403_D_5,Schafer Shelving/1403_D_5,Schafer Shelving/1403_D_5,__setup__.stock_location_schafer_shelving,stock.warehouse0,internal,base.main_company
__setup__.stock_location_1403_E_1,Schafer Shelving/1403_E_1,Schafer Shelving/1403_E_1,__setup__.stock_location_schafer_shelving,stock.warehouse0,internal,base.main_company
__setup__.stock_location_1403_E_2,Schafer Shelving/1403_E_2,Schafer Shelving/1403_E_2,__setup__.stock_location_schafer_shelving,stock.warehouse0,internal,base.main_company
__setup__.stock_location_1403_E_3,Schafer Shelving/1403_E_3,Schafer Shelving/1403_E_3,__setup__.stock_location_schafer_shelving,stock.warehouse0,internal,base.main_company
__setup__.stock_location_1403_E_4,Schafer Shelving/1403_E_4,Schafer Shelving/1403_E_4,__setup__.stock_location_schafer_shelving,stock.warehouse0,internal,base.main_company
__setup__.stock_location_1403_E_5,Schafer Shelving/1403_E_5,Schafer Shelving/1403_E_5,__setup__.stock_location_schafer_shelving,stock.warehouse0,internal,base.main_company
__setup__.stock_location_1403_F_1,Schafer Shelving/1403_F_1,Schafer Shelving/1403_F_1,__setup__.stock_location_schafer_shelving,stock.warehouse0,internal,base.main_company
__setup__.stock_location_1403_F_2,Schafer Shelving/1403_F_2,Schafer Shelving/1403_F_2,__setup__.stock_location_schafer_shelving,stock.warehouse0,internal,base.main_company
__setup__.stock_location_1403_F_3,Schafer Shelving/1403_F_3,Schafer Shelving/1403_F_3,__setup__.stock_location_schafer_shelving,stock.warehouse0,internal,base.main_company
__setup__.stock_location_1403_F_4,Schafer Shelving/1403_F_4,Schafer Shelving/1403_F_4,__setup__.stock_location_schafer_shelving,stock.warehouse0,internal,base.main_company
__setup__.stock_location_1403_F_5,Schafer Shelving/1403_F_5,Schafer Shelving/1403_F_5,__setup__.stock_location_schafer_shelving,stock.warehouse0,internal,base.main_company
__setup__.stock_location_1403_G_1,Schafer Shelving/1403_G_1,Schafer Shelving/1403_G_1,__setup__.stock_location_schafer_shelving,stock.warehouse0,internal,base.main_company
__setup__.stock_location_1403_G_2,Schafer Shelving/1403_G_2,Schafer Shelving/1403_G_2,__setup__.stock_location_schafer_shelving,stock.warehouse0,internal,base.main_company
__setup__.stock_location_1403_G_3,Schafer Shelving/1403_G_3,Schafer Shelving/1403_G_3,__setup__.stock_location_schafer_shelving,stock.warehouse0,internal,base.main_company
__setup__.stock_location_1403_G_4,Schafer Shelving/1403_G_4,Schafer Shelving/1403_G_4,__setup__.stock_location_schafer_shelving,stock.warehouse0,internal,base.main_company
__setup__.stock_location_1403_G_5,Schafer Shelving/1403_G_5,Schafer Shelving/1403_G_5,__setup__.stock_location_schafer_shelving,stock.warehouse0,internal,base.main_company
__setup__.stock_location_1404_A_1,Schafer Shelving/1404_A_1,Schafer Shelving/1404_A_1,__setup__.stock_location_schafer_shelving,stock.warehouse0,internal,base.main_company
__setup__.stock_location_1404_A_2,Schafer Shelving/1404_A_2,Schafer Shelving/1404_A_2,__setup__.stock_location_schafer_shelving,stock.warehouse0,internal,base.main_company
__setup__.stock_location_1404_A_3,Schafer Shelving/1404_A_3,Schafer Shelving/1404_A_3,__setup__.stock_location_schafer_shelving,stock.warehouse0,internal,base.main_company
__setup__.stock_location_1404_A_4,Schafer Shelving/1404_A_4,Schafer Shelving/1404_A_4,__setup__.stock_location_schafer_shelving,stock.warehouse0,internal,base.main_company
__setup__.stock_location_1404_A_5,Schafer Shelving/1404_A_5,Schafer Shelving/1404_A_5,__setup__.stock_location_schafer_shelving,stock.warehouse0,internal,base.main_company
__setup__.stock_location_1404_B_1,Schafer Shelving/1404_B_1,Schafer Shelving/1404_B_1,__setup__.stock_location_schafer_shelving,stock.warehouse0,internal,base.main_company
__setup__.stock_location_1404_B_2,Schafer Shelving/1404_B_2,Schafer Shelving/1404_B_2,__setup__.stock_location_schafer_shelving,stock.warehouse0,internal,base.main_company
__setup__.stock_location_1404_B_3,Schafer Shelving/1404_B_3,Schafer Shelving/1404_B_3,__setup__.stock_location_schafer_shelving,stock.warehouse0,internal,base.main_company
__setup__.stock_location_1404_B_4,Schafer Shelving/1404_B_4,Schafer Shelving/1404_B_4,__setup__.stock_location_schafer_shelving,stock.warehouse0,internal,base.main_company
__setup__.stock_location_1404_B_5,Schafer Shelving/1404_B_5,Schafer Shelving/1404_B_5,__setup__.stock_location_schafer_shelving,stock.warehouse0,internal,base.main_company
__setup__.stock_location_1404_C_1,Schafer Shelving/1404_C_1,Schafer Shelving/1404_C_1,__setup__.stock_location_schafer_shelving,stock.warehouse0,internal,base.main_company
__setup__.stock_location_1404_C_2,Schafer Shelving/1404_C_2,Schafer Shelving/1404_C_2,__setup__.stock_location_schafer_shelving,stock.warehouse0,internal,base.main_company
__setup__.stock_location_1404_C_3,Schafer Shelving/1404_C_3,Schafer Shelving/1404_C_3,__setup__.stock_location_schafer_shelving,stock.warehouse0,internal,base.main_company
__setup__.stock_location_1404_C_4,Schafer Shelving/1404_C_4,Schafer Shelving/1404_C_4,__setup__.stock_location_schafer_shelving,stock.warehouse0,internal,base.main_company
__setup__.stock_location_1404_C_5,Schafer Shelving/1404_C_5,Schafer Shelving/1404_C_5,__setup__.stock_location_schafer_shelving,stock.warehouse0,internal,base.main_company
__setup__.stock_location_1404_D_1,Schafer Shelving/1404_D_1,Schafer Shelving/1404_D_1,__setup__.stock_location_schafer_shelving,stock.warehouse0,internal,base.main_company
__setup__.stock_location_1404_D_2,Schafer Shelving/1404_D_2,Schafer Shelving/1404_D_2,__setup__.stock_location_schafer_shelving,stock.warehouse0,internal,base.main_company
__setup__.stock_location_1404_D_3,Schafer Shelving/1404_D_3,Schafer Shelving/1404_D_3,__setup__.stock_location_schafer_shelving,stock.warehouse0,internal,base.main_company
__setup__.stock_location_1404_D_4,Schafer Shelving/1404_D_4,Schafer Shelving/1404_D_4,__setup__.stock_location_schafer_shelving,stock.warehouse0,internal,base.main_company
__setup__.stock_location_1404_D_5,Schafer Shelving/1404_D_5,Schafer Shelving/1404_D_5,__setup__.stock_location_schafer_shelving,stock.warehouse0,internal,base.main_company
__setup__.stock_location_1404_E_1,Schafer Shelving/1404_E_1,Schafer Shelving/1404_E_1,__setup__.stock_location_schafer_shelving,stock.warehouse0,internal,base.main_company
__setup__.stock_location_1404_E_2,Schafer Shelving/1404_E_2,Schafer Shelving/1404_E_2,__setup__.stock_location_schafer_shelving,stock.warehouse0,internal,base.main_company
__setup__.stock_location_1404_E_3,Schafer Shelving/1404_E_3,Schafer Shelving/1404_E_3,__setup__.stock_location_schafer_shelving,stock.warehouse0,internal,base.main_company
__setup__.stock_location_1404_E_4,Schafer Shelving/1404_E_4,Schafer Shelving/1404_E_4,__setup__.stock_location_schafer_shelving,stock.warehouse0,internal,base.main_company
__setup__.stock_location_1404_E_5,Schafer Shelving/1404_E_5,Schafer Shelving/1404_E_5,__setup__.stock_location_schafer_shelving,stock.warehouse0,internal,base.main_company
__setup__.stock_location_1404_F_1,Schafer Shelving/1404_F_1,Schafer Shelving/1404_F_1,__setup__.stock_location_schafer_shelving,stock.warehouse0,internal,base.main_company
__setup__.stock_location_1404_F_2,Schafer Shelving/1404_F_2,Schafer Shelving/1404_F_2,__setup__.stock_location_schafer_shelving,stock.warehouse0,internal,base.main_company
__setup__.stock_location_1404_F_3,Schafer Shelving/1404_F_3,Schafer Shelving/1404_F_3,__setup__.stock_location_schafer_shelving,stock.warehouse0,internal,base.main_company
__setup__.stock_location_1404_F_4,Schafer Shelving/1404_F_4,Schafer Shelving/1404_F_4,__setup__.stock_location_schafer_shelving,stock.warehouse0,internal,base.main_company
__setup__.stock_location_1404_F_5,Schafer Shelving/1404_F_5,Schafer Shelving/1404_F_5,__setup__.stock_location_schafer_shelving,stock.warehouse0,internal,base.main_company
__setup__.stock_location_1404_G_1,Schafer Shelving/1404_G_1,Schafer Shelving/1404_G_1,__setup__.stock_location_schafer_shelving,stock.warehouse0,internal,base.main_company
__setup__.stock_location_1404_G_2,Schafer Shelving/1404_G_2,Schafer Shelving/1404_G_2,__setup__.stock_location_schafer_shelving,stock.warehouse0,internal,base.main_company
__setup__.stock_location_1404_G_3,Schafer Shelving/1404_G_3,Schafer Shelving/1404_G_3,__setup__.stock_location_schafer_shelving,stock.warehouse0,internal,base.main_company
__setup__.stock_location_1404_G_4,Schafer Shelving/1404_G_4,Schafer Shelving/1404_G_4,__setup__.stock_location_schafer_shelving,stock.warehouse0,internal,base.main_company
__setup__.stock_location_1404_G_5,Schafer Shelving/1404_G_5,Schafer Shelving/1404_G_5,__setup__.stock_location_schafer_shelving,stock.warehouse0,internal,base.main_company
__setup__.stock_location_1501_A_1,Schafer Shelving/1501_A_1,Schafer Shelving/1501_A_1,__setup__.stock_location_schafer_shelving,stock.warehouse0,internal,base.main_company
__setup__.stock_location_1501_A_2,Schafer Shelving/1501_A_2,Schafer Shelving/1501_A_2,__setup__.stock_location_schafer_shelving,stock.warehouse0,internal,base.main_company
__setup__.stock_location_1501_A_3,Schafer Shelving/1501_A_3,Schafer Shelving/1501_A_3,__setup__.stock_location_schafer_shelving,stock.warehouse0,internal,base.main_company
__setup__.stock_location_1501_A_4,Schafer Shelving/1501_A_4,Schafer Shelving/1501_A_4,__setup__.stock_location_schafer_shelving,stock.warehouse0,internal,base.main_company
__setup__.stock_location_1501_A_5,Schafer Shelving/1501_A_5,Schafer Shelving/1501_A_5,__setup__.stock_location_schafer_shelving,stock.warehouse0,internal,base.main_company
__setup__.stock_location_1501_B_1,Schafer Shelving/1501_B_1,Schafer Shelving/1501_B_1,__setup__.stock_location_schafer_shelving,stock.warehouse0,internal,base.main_company
__setup__.stock_location_1501_B_2,Schafer Shelving/1501_B_2,Schafer Shelving/1501_B_2,__setup__.stock_location_schafer_shelving,stock.warehouse0,internal,base.main_company
__setup__.stock_location_1501_B_3,Schafer Shelving/1501_B_3,Schafer Shelving/1501_B_3,__setup__.stock_location_schafer_shelving,stock.warehouse0,internal,base.main_company
__setup__.stock_location_1501_B_4,Schafer Shelving/1501_B_4,Schafer Shelving/1501_B_4,__setup__.stock_location_schafer_shelving,stock.warehouse0,internal,base.main_company
__setup__.stock_location_1501_B_5,Schafer Shelving/1501_B_5,Schafer Shelving/1501_B_5,__setup__.stock_location_schafer_shelving,stock.warehouse0,internal,base.main_company
__setup__.stock_location_1501_C_1,Schafer Shelving/1501_C_1,Schafer Shelving/1501_C_1,__setup__.stock_location_schafer_shelving,stock.warehouse0,internal,base.main_company
__setup__.stock_location_1501_C_2,Schafer Shelving/1501_C_2,Schafer Shelving/1501_C_2,__setup__.stock_location_schafer_shelving,stock.warehouse0,internal,base.main_company
__setup__.stock_location_1501_C_3,Schafer Shelving/1501_C_3,Schafer Shelving/1501_C_3,__setup__.stock_location_schafer_shelving,stock.warehouse0,internal,base.main_company
__setup__.stock_location_1501_C_4,Schafer Shelving/1501_C_4,Schafer Shelving/1501_C_4,__setup__.stock_location_schafer_shelving,stock.warehouse0,internal,base.main_company
__setup__.stock_location_1501_C_5,Schafer Shelving/1501_C_5,Schafer Shelving/1501_C_5,__setup__.stock_location_schafer_shelving,stock.warehouse0,internal,base.main_company
__setup__.stock_location_1501_D_1,Schafer Shelving/1501_D_1,Schafer Shelving/1501_D_1,__setup__.stock_location_schafer_shelving,stock.warehouse0,internal,base.main_company
__setup__.stock_location_1501_D_2,Schafer Shelving/1501_D_2,Schafer Shelving/1501_D_2,__setup__.stock_location_schafer_shelving,stock.warehouse0,internal,base.main_company
__setup__.stock_location_1501_D_3,Schafer Shelving/1501_D_3,Schafer Shelving/1501_D_3,__setup__.stock_location_schafer_shelving,stock.warehouse0,internal,base.main_company
__setup__.stock_location_1501_D_4,Schafer Shelving/1501_D_4,Schafer Shelving/1501_D_4,__setup__.stock_location_schafer_shelving,stock.warehouse0,internal,base.main_company
__setup__.stock_location_1501_D_5,Schafer Shelving/1501_D_5,Schafer Shelving/1501_D_5,__setup__.stock_location_schafer_shelving,stock.warehouse0,internal,base.main_company
__setup__.stock_location_1501_E_1,Schafer Shelving/1501_E_1,Schafer Shelving/1501_E_1,__setup__.stock_location_schafer_shelving,stock.warehouse0,internal,base.main_company
__setup__.stock_location_1501_E_2,Schafer Shelving/1501_E_2,Schafer Shelving/1501_E_2,__setup__.stock_location_schafer_shelving,stock.warehouse0,internal,base.main_company
__setup__.stock_location_1501_E_3,Schafer Shelving/1501_E_3,Schafer Shelving/1501_E_3,__setup__.stock_location_schafer_shelving,stock.warehouse0,internal,base.main_company
__setup__.stock_location_1501_E_4,Schafer Shelving/1501_E_4,Schafer Shelving/1501_E_4,__setup__.stock_location_schafer_shelving,stock.warehouse0,internal,base.main_company
__setup__.stock_location_1501_E_5,Schafer Shelving/1501_E_5,Schafer Shelving/1501_E_5,__setup__.stock_location_schafer_shelving,stock.warehouse0,internal,base.main_company
__setup__.stock_location_1501_F_1,Schafer Shelving/1501_F_1,Schafer Shelving/1501_F_1,__setup__.stock_location_schafer_shelving,stock.warehouse0,internal,base.main_company
__setup__.stock_location_1501_F_2,Schafer Shelving/1501_F_2,Schafer Shelving/1501_F_2,__setup__.stock_location_schafer_shelving,stock.warehouse0,internal,base.main_company
__setup__.stock_location_1501_F_3,Schafer Shelving/1501_F_3,Schafer Shelving/1501_F_3,__setup__.stock_location_schafer_shelving,stock.warehouse0,internal,base.main_company
__setup__.stock_location_1501_F_4,Schafer Shelving/1501_F_4,Schafer Shelving/1501_F_4,__setup__.stock_location_schafer_shelving,stock.warehouse0,internal,base.main_company
__setup__.stock_location_1501_F_5,Schafer Shelving/1501_F_5,Schafer Shelving/1501_F_5,__setup__.stock_location_schafer_shelving,stock.warehouse0,internal,base.main_company
__setup__.stock_location_1501_G_1,Schafer Shelving/1501_G_1,Schafer Shelving/1501_G_1,__setup__.stock_location_schafer_shelving,stock.warehouse0,internal,base.main_company
__setup__.stock_location_1501_G_2,Schafer Shelving/1501_G_2,Schafer Shelving/1501_G_2,__setup__.stock_location_schafer_shelving,stock.warehouse0,internal,base.main_company
__setup__.stock_location_1501_G_3,Schafer Shelving/1501_G_3,Schafer Shelving/1501_G_3,__setup__.stock_location_schafer_shelving,stock.warehouse0,internal,base.main_company
__setup__.stock_location_1501_G_4,Schafer Shelving/1501_G_4,Schafer Shelving/1501_G_4,__setup__.stock_location_schafer_shelving,stock.warehouse0,internal,base.main_company
__setup__.stock_location_1501_G_5,Schafer Shelving/1501_G_5,Schafer Shelving/1501_G_5,__setup__.stock_location_schafer_shelving,stock.warehouse0,internal,base.main_company
__setup__.stock_location_1502_A_1,Schafer Shelving/1502_A_1,Schafer Shelving/1502_A_1,__setup__.stock_location_schafer_shelving,stock.warehouse0,internal,base.main_company
__setup__.stock_location_1502_A_2,Schafer Shelving/1502_A_2,Schafer Shelving/1502_A_2,__setup__.stock_location_schafer_shelving,stock.warehouse0,internal,base.main_company
__setup__.stock_location_1502_A_3,Schafer Shelving/1502_A_3,Schafer Shelving/1502_A_3,__setup__.stock_location_schafer_shelving,stock.warehouse0,internal,base.main_company
__setup__.stock_location_1502_A_4,Schafer Shelving/1502_A_4,Schafer Shelving/1502_A_4,__setup__.stock_location_schafer_shelving,stock.warehouse0,internal,base.main_company
__setup__.stock_location_1502_A_5,Schafer Shelving/1502_A_5,Schafer Shelving/1502_A_5,__setup__.stock_location_schafer_shelving,stock.warehouse0,internal,base.main_company
__setup__.stock_location_1502_B_1,Schafer Shelving/1502_B_1,Schafer Shelving/1502_B_1,__setup__.stock_location_schafer_shelving,stock.warehouse0,internal,base.main_company
__setup__.stock_location_1502_B_2,Schafer Shelving/1502_B_2,Schafer Shelving/1502_B_2,__setup__.stock_location_schafer_shelving,stock.warehouse0,internal,base.main_company
__setup__.stock_location_1502_B_3,Schafer Shelving/1502_B_3,Schafer Shelving/1502_B_3,__setup__.stock_location_schafer_shelving,stock.warehouse0,internal,base.main_company
__setup__.stock_location_1502_B_4,Schafer Shelving/1502_B_4,Schafer Shelving/1502_B_4,__setup__.stock_location_schafer_shelving,stock.warehouse0,internal,base.main_company
__setup__.stock_location_1502_B_5,Schafer Shelving/1502_B_5,Schafer Shelving/1502_B_5,__setup__.stock_location_schafer_shelving,stock.warehouse0,internal,base.main_company
__setup__.stock_location_1502_C_1,Schafer Shelving/1502_C_1,Schafer Shelving/1502_C_1,__setup__.stock_location_schafer_shelving,stock.warehouse0,internal,base.main_company
__setup__.stock_location_1502_C_2,Schafer Shelving/1502_C_2,Schafer Shelving/1502_C_2,__setup__.stock_location_schafer_shelving,stock.warehouse0,internal,base.main_company
__setup__.stock_location_1502_C_3,Schafer Shelving/1502_C_3,Schafer Shelving/1502_C_3,__setup__.stock_location_schafer_shelving,stock.warehouse0,internal,base.main_company
__setup__.stock_location_1502_C_4,Schafer Shelving/1502_C_4,Schafer Shelving/1502_C_4,__setup__.stock_location_schafer_shelving,stock.warehouse0,internal,base.main_company
__setup__.stock_location_1502_C_5,Schafer Shelving/1502_C_5,Schafer Shelving/1502_C_5,__setup__.stock_location_schafer_shelving,stock.warehouse0,internal,base.main_company
__setup__.stock_location_1502_D_1,Schafer Shelving/1502_D_1,Schafer Shelving/1502_D_1,__setup__.stock_location_schafer_shelving,stock.warehouse0,internal,base.main_company
__setup__.stock_location_1502_D_2,Schafer Shelving/1502_D_2,Schafer Shelving/1502_D_2,__setup__.stock_location_schafer_shelving,stock.warehouse0,internal,base.main_company
__setup__.stock_location_1502_D_3,Schafer Shelving/1502_D_3,Schafer Shelving/1502_D_3,__setup__.stock_location_schafer_shelving,stock.warehouse0,internal,base.main_company
__setup__.stock_location_1502_D_4,Schafer Shelving/1502_D_4,Schafer Shelving/1502_D_4,__setup__.stock_location_schafer_shelving,stock.warehouse0,internal,base.main_company
__setup__.stock_location_1502_D_5,Schafer Shelving/1502_D_5,Schafer Shelving/1502_D_5,__setup__.stock_location_schafer_shelving,stock.warehouse0,internal,base.main_company
__setup__.stock_location_1502_E_1,Schafer Shelving/1502_E_1,Schafer Shelving/1502_E_1,__setup__.stock_location_schafer_shelving,stock.warehouse0,internal,base.main_company
__setup__.stock_location_1502_E_2,Schafer Shelving/1502_E_2,Schafer Shelving/1502_E_2,__setup__.stock_location_schafer_shelving,stock.warehouse0,internal,base.main_company
__setup__.stock_location_1502_E_3,Schafer Shelving/1502_E_3,Schafer Shelving/1502_E_3,__setup__.stock_location_schafer_shelving,stock.warehouse0,internal,base.main_company
__setup__.stock_location_1502_E_4,Schafer Shelving/1502_E_4,Schafer Shelving/1502_E_4,__setup__.stock_location_schafer_shelving,stock.warehouse0,internal,base.main_company
__setup__.stock_location_1502_E_5,Schafer Shelving/1502_E_5,Schafer Shelving/1502_E_5,__setup__.stock_location_schafer_shelving,stock.warehouse0,internal,base.main_company
__setup__.stock_location_1502_F_1,Schafer Shelving/1502_F_1,Schafer Shelving/1502_F_1,__setup__.stock_location_schafer_shelving,stock.warehouse0,internal,base.main_company
__setup__.stock_location_1502_F_2,Schafer Shelving/1502_F_2,Schafer Shelving/1502_F_2,__setup__.stock_location_schafer_shelving,stock.warehouse0,internal,base.main_company
__setup__.stock_location_1502_F_3,Schafer Shelving/1502_F_3,Schafer Shelving/1502_F_3,__setup__.stock_location_schafer_shelving,stock.warehouse0,internal,base.main_company
__setup__.stock_location_1502_F_4,Schafer Shelving/1502_F_4,Schafer Shelving/1502_F_4,__setup__.stock_location_schafer_shelving,stock.warehouse0,internal,base.main_company
__setup__.stock_location_1502_F_5,Schafer Shelving/1502_F_5,Schafer Shelving/1502_F_5,__setup__.stock_location_schafer_shelving,stock.warehouse0,internal,base.main_company
__setup__.stock_location_1502_G_1,Schafer Shelving/1502_G_1,Schafer Shelving/1502_G_1,__setup__.stock_location_schafer_shelving,stock.warehouse0,internal,base.main_company
__setup__.stock_location_1502_G_2,Schafer Shelving/1502_G_2,Schafer Shelving/1502_G_2,__setup__.stock_location_schafer_shelving,stock.warehouse0,internal,base.main_company
__setup__.stock_location_1502_G_3,Schafer Shelving/1502_G_3,Schafer Shelving/1502_G_3,__setup__.stock_location_schafer_shelving,stock.warehouse0,internal,base.main_company
__setup__.stock_location_1502_G_4,Schafer Shelving/1502_G_4,Schafer Shelving/1502_G_4,__setup__.stock_location_schafer_shelving,stock.warehouse0,internal,base.main_company
__setup__.stock_location_1502_G_5,Schafer Shelving/1502_G_5,Schafer Shelving/1502_G_5,__setup__.stock_location_schafer_shelving,stock.warehouse0,internal,base.main_company
__setup__.stock_location_1503_A_1,Schafer Shelving/1503_A_1,Schafer Shelving/1503_A_1,__setup__.stock_location_schafer_shelving,stock.warehouse0,internal,base.main_company
__setup__.stock_location_1503_A_2,Schafer Shelving/1503_A_2,Schafer Shelving/1503_A_2,__setup__.stock_location_schafer_shelving,stock.warehouse0,internal,base.main_company
__setup__.stock_location_1503_A_3,Schafer Shelving/1503_A_3,Schafer Shelving/1503_A_3,__setup__.stock_location_schafer_shelving,stock.warehouse0,internal,base.main_company
__setup__.stock_location_1503_A_4,Schafer Shelving/1503_A_4,Schafer Shelving/1503_A_4,__setup__.stock_location_schafer_shelving,stock.warehouse0,internal,base.main_company
__setup__.stock_location_1503_A_5,Schafer Shelving/1503_A_5,Schafer Shelving/1503_A_5,__setup__.stock_location_schafer_shelving,stock.warehouse0,internal,base.main_company
__setup__.stock_location_1503_B_1,Schafer Shelving/1503_B_1,Schafer Shelving/1503_B_1,__setup__.stock_location_schafer_shelving,stock.warehouse0,internal,base.main_company
__setup__.stock_location_1503_B_2,Schafer Shelving/1503_B_2,Schafer Shelving/1503_B_2,__setup__.stock_location_schafer_shelving,stock.warehouse0,internal,base.main_company
__setup__.stock_location_1503_B_3,Schafer Shelving/1503_B_3,Schafer Shelving/1503_B_3,__setup__.stock_location_schafer_shelving,stock.warehouse0,internal,base.main_company
__setup__.stock_location_1503_B_4,Schafer Shelving/1503_B_4,Schafer Shelving/1503_B_4,__setup__.stock_location_schafer_shelving,stock.warehouse0,internal,base.main_company
__setup__.stock_location_1503_B_5,Schafer Shelving/1503_B_5,Schafer Shelving/1503_B_5,__setup__.stock_location_schafer_shelving,stock.warehouse0,internal,base.main_company
__setup__.stock_location_1503_C_1,Schafer Shelving/1503_C_1,Schafer Shelving/1503_C_1,__setup__.stock_location_schafer_shelving,stock.warehouse0,internal,base.main_company
__setup__.stock_location_1503_C_2,Schafer Shelving/1503_C_2,Schafer Shelving/1503_C_2,__setup__.stock_location_schafer_shelving,stock.warehouse0,internal,base.main_company
__setup__.stock_location_1503_C_3,Schafer Shelving/1503_C_3,Schafer Shelving/1503_C_3,__setup__.stock_location_schafer_shelving,stock.warehouse0,internal,base.main_company
__setup__.stock_location_1503_C_4,Schafer Shelving/1503_C_4,Schafer Shelving/1503_C_4,__setup__.stock_location_schafer_shelving,stock.warehouse0,internal,base.main_company
__setup__.stock_location_1503_C_5,Schafer Shelving/1503_C_5,Schafer Shelving/1503_C_5,__setup__.stock_location_schafer_shelving,stock.warehouse0,internal,base.main_company
__setup__.stock_location_1503_D_1,Schafer Shelving/1503_D_1,Schafer Shelving/1503_D_1,__setup__.stock_location_schafer_shelving,stock.warehouse0,internal,base.main_company
__setup__.stock_location_1503_D_2,Schafer Shelving/1503_D_2,Schafer Shelving/1503_D_2,__setup__.stock_location_schafer_shelving,stock.warehouse0,internal,base.main_company
__setup__.stock_location_1503_D_3,Schafer Shelving/1503_D_3,Schafer Shelving/1503_D_3,__setup__.stock_location_schafer_shelving,stock.warehouse0,internal,base.main_company
__setup__.stock_location_1503_D_4,Schafer Shelving/1503_D_4,Schafer Shelving/1503_D_4,__setup__.stock_location_schafer_shelving,stock.warehouse0,internal,base.main_company
__setup__.stock_location_1503_D_5,Schafer Shelving/1503_D_5,Schafer Shelving/1503_D_5,__setup__.stock_location_schafer_shelving,stock.warehouse0,internal,base.main_company
__setup__.stock_location_1503_E_1,Schafer Shelving/1503_E_1,Schafer Shelving/1503_E_1,__setup__.stock_location_schafer_shelving,stock.warehouse0,internal,base.main_company
__setup__.stock_location_1503_E_2,Schafer Shelving/1503_E_2,Schafer Shelving/1503_E_2,__setup__.stock_location_schafer_shelving,stock.warehouse0,internal,base.main_company
__setup__.stock_location_1503_E_3,Schafer Shelving/1503_E_3,Schafer Shelving/1503_E_3,__setup__.stock_location_schafer_shelving,stock.warehouse0,internal,base.main_company
__setup__.stock_location_1503_E_4,Schafer Shelving/1503_E_4,Schafer Shelving/1503_E_4,__setup__.stock_location_schafer_shelving,stock.warehouse0,internal,base.main_company
__setup__.stock_location_1503_E_5,Schafer Shelving/1503_E_5,Schafer Shelving/1503_E_5,__setup__.stock_location_schafer_shelving,stock.warehouse0,internal,base.main_company
__setup__.stock_location_1503_F_1,Schafer Shelving/1503_F_1,Schafer Shelving/1503_F_1,__setup__.stock_location_schafer_shelving,stock.warehouse0,internal,base.main_company
__setup__.stock_location_1503_F_2,Schafer Shelving/1503_F_2,Schafer Shelving/1503_F_2,__setup__.stock_location_schafer_shelving,stock.warehouse0,internal,base.main_company
__setup__.stock_location_1503_F_3,Schafer Shelving/1503_F_3,Schafer Shelving/1503_F_3,__setup__.stock_location_schafer_shelving,stock.warehouse0,internal,base.main_company
__setup__.stock_location_1503_F_4,Schafer Shelving/1503_F_4,Schafer Shelving/1503_F_4,__setup__.stock_location_schafer_shelving,stock.warehouse0,internal,base.main_company
__setup__.stock_location_1503_F_5,Schafer Shelving/1503_F_5,Schafer Shelving/1503_F_5,__setup__.stock_location_schafer_shelving,stock.warehouse0,internal,base.main_company
__setup__.stock_location_1503_G_1,Schafer Shelving/1503_G_1,Schafer Shelving/1503_G_1,__setup__.stock_location_schafer_shelving,stock.warehouse0,internal,base.main_company
__setup__.stock_location_1503_G_2,Schafer Shelving/1503_G_2,Schafer Shelving/1503_G_2,__setup__.stock_location_schafer_shelving,stock.warehouse0,internal,base.main_company
__setup__.stock_location_1503_G_3,Schafer Shelving/1503_G_3,Schafer Shelving/1503_G_3,__setup__.stock_location_schafer_shelving,stock.warehouse0,internal,base.main_company
__setup__.stock_location_1503_G_4,Schafer Shelving/1503_G_4,Schafer Shelving/1503_G_4,__setup__.stock_location_schafer_shelving,stock.warehouse0,internal,base.main_company
__setup__.stock_location_1503_G_5,Schafer Shelving/1503_G_5,Schafer Shelving/1503_G_5,__setup__.stock_location_schafer_shelving,stock.warehouse0,internal,base.main_company
__setup__.stock_location_1504_A_1,Schafer Shelving/1504_A_1,Schafer Shelving/1504_A_1,__setup__.stock_location_schafer_shelving,stock.warehouse0,internal,base.main_company
__setup__.stock_location_1504_A_2,Schafer Shelving/1504_A_2,Schafer Shelving/1504_A_2,__setup__.stock_location_schafer_shelving,stock.warehouse0,internal,base.main_company
__setup__.stock_location_1504_A_3,Schafer Shelving/1504_A_3,Schafer Shelving/1504_A_3,__setup__.stock_location_schafer_shelving,stock.warehouse0,internal,base.main_company
__setup__.stock_location_1504_A_4,Schafer Shelving/1504_A_4,Schafer Shelving/1504_A_4,__setup__.stock_location_schafer_shelving,stock.warehouse0,internal,base.main_company
__setup__.stock_location_1504_A_5,Schafer Shelving/1504_A_5,Schafer Shelving/1504_A_5,__setup__.stock_location_schafer_shelving,stock.warehouse0,internal,base.main_company
__setup__.stock_location_1504_B_1,Schafer Shelving/1504_B_1,Schafer Shelving/1504_B_1,__setup__.stock_location_schafer_shelving,stock.warehouse0,internal,base.main_company
__setup__.stock_location_1504_B_2,Schafer Shelving/1504_B_2,Schafer Shelving/1504_B_2,__setup__.stock_location_schafer_shelving,stock.warehouse0,internal,base.main_company
__setup__.stock_location_1504_B_3,Schafer Shelving/1504_B_3,Schafer Shelving/1504_B_3,__setup__.stock_location_schafer_shelving,stock.warehouse0,internal,base.main_company
__setup__.stock_location_1504_B_4,Schafer Shelving/1504_B_4,Schafer Shelving/1504_B_4,__setup__.stock_location_schafer_shelving,stock.warehouse0,internal,base.main_company
__setup__.stock_location_1504_B_5,Schafer Shelving/1504_B_5,Schafer Shelving/1504_B_5,__setup__.stock_location_schafer_shelving,stock.warehouse0,internal,base.main_company
__setup__.stock_location_1504_C_1,Schafer Shelving/1504_C_1,Schafer Shelving/1504_C_1,__setup__.stock_location_schafer_shelving,stock.warehouse0,internal,base.main_company
__setup__.stock_location_1504_C_2,Schafer Shelving/1504_C_2,Schafer Shelving/1504_C_2,__setup__.stock_location_schafer_shelving,stock.warehouse0,internal,base.main_company
__setup__.stock_location_1504_C_3,Schafer Shelving/1504_C_3,Schafer Shelving/1504_C_3,__setup__.stock_location_schafer_shelving,stock.warehouse0,internal,base.main_company
__setup__.stock_location_1504_C_4,Schafer Shelving/1504_C_4,Schafer Shelving/1504_C_4,__setup__.stock_location_schafer_shelving,stock.warehouse0,internal,base.main_company
__setup__.stock_location_1504_C_5,Schafer Shelving/1504_C_5,Schafer Shelving/1504_C_5,__setup__.stock_location_schafer_shelving,stock.warehouse0,internal,base.main_company
__setup__.stock_location_1504_D_1,Schafer Shelving/1504_D_1,Schafer Shelving/1504_D_1,__setup__.stock_location_schafer_shelving,stock.warehouse0,internal,base.main_company
__setup__.stock_location_1504_D_2,Schafer Shelving/1504_D_2,Schafer Shelving/1504_D_2,__setup__.stock_location_schafer_shelving,stock.warehouse0,internal,base.main_company
__setup__.stock_location_1504_D_3,Schafer Shelving/1504_D_3,Schafer Shelving/1504_D_3,__setup__.stock_location_schafer_shelving,stock.warehouse0,internal,base.main_company
__setup__.stock_location_1504_D_4,Schafer Shelving/1504_D_4,Schafer Shelving/1504_D_4,__setup__.stock_location_schafer_shelving,stock.warehouse0,internal,base.main_company
__setup__.stock_location_1504_D_5,Schafer Shelving/1504_D_5,Schafer Shelving/1504_D_5,__setup__.stock_location_schafer_shelving,stock.warehouse0,internal,base.main_company
__setup__.stock_location_1504_E_1,Schafer Shelving/1504_E_1,Schafer Shelving/1504_E_1,__setup__.stock_location_schafer_shelving,stock.warehouse0,internal,base.main_company
__setup__.stock_location_1504_E_2,Schafer Shelving/1504_E_2,Schafer Shelving/1504_E_2,__setup__.stock_location_schafer_shelving,stock.warehouse0,internal,base.main_company
__setup__.stock_location_1504_E_3,Schafer Shelving/1504_E_3,Schafer Shelving/1504_E_3,__setup__.stock_location_schafer_shelving,stock.warehouse0,internal,base.main_company
__setup__.stock_location_1504_E_4,Schafer Shelving/1504_E_4,Schafer Shelving/1504_E_4,__setup__.stock_location_schafer_shelving,stock.warehouse0,internal,base.main_company
__setup__.stock_location_1504_E_5,Schafer Shelving/1504_E_5,Schafer Shelving/1504_E_5,__setup__.stock_location_schafer_shelving,stock.warehouse0,internal,base.main_company
__setup__.stock_location_1504_F_1,Schafer Shelving/1504_F_1,Schafer Shelving/1504_F_1,__setup__.stock_location_schafer_shelving,stock.warehouse0,internal,base.main_company
__setup__.stock_location_1504_F_2,Schafer Shelving/1504_F_2,Schafer Shelving/1504_F_2,__setup__.stock_location_schafer_shelving,stock.warehouse0,internal,base.main_company
__setup__.stock_location_1504_F_3,Schafer Shelving/1504_F_3,Schafer Shelving/1504_F_3,__setup__.stock_location_schafer_shelving,stock.warehouse0,internal,base.main_company
__setup__.stock_location_1504_F_4,Schafer Shelving/1504_F_4,Schafer Shelving/1504_F_4,__setup__.stock_location_schafer_shelving,stock.warehouse0,internal,base.main_company
__setup__.stock_location_1504_F_5,Schafer Shelving/1504_F_5,Schafer Shelving/1504_F_5,__setup__.stock_location_schafer_shelving,stock.warehouse0,internal,base.main_company
__setup__.stock_location_1504_G_1,Schafer Shelving/1504_G_1,Schafer Shelving/1504_G_1,__setup__.stock_location_schafer_shelving,stock.warehouse0,internal,base.main_company
__setup__.stock_location_1504_G_2,Schafer Shelving/1504_G_2,Schafer Shelving/1504_G_2,__setup__.stock_location_schafer_shelving,stock.warehouse0,internal,base.main_company
__setup__.stock_location_1504_G_3,Schafer Shelving/1504_G_3,Schafer Shelving/1504_G_3,__setup__.stock_location_schafer_shelving,stock.warehouse0,internal,base.main_company
__setup__.stock_location_1504_G_4,Schafer Shelving/1504_G_4,Schafer Shelving/1504_G_4,__setup__.stock_location_schafer_shelving,stock.warehouse0,internal,base.main_company
__setup__.stock_location_1504_G_5,Schafer Shelving/1504_G_5,Schafer Shelving/1504_G_5,__setup__.stock_location_schafer_shelving,stock.warehouse0,internal,base.main_company
__setup__.stock_location_wall_shelving,Wall Shelving,Wall Shelving,stock.stock_location_stock,stock.warehouse0,view,base.main_company
__setup__.stock_location_1114_A_1,Wall Shelving/1114_A_1,Wall Shelving/1114_A_1,__setup__.stock_location_wall_shelving,stock.warehouse0,internal,base.main_company
__setup__.stock_location_1114_A_2,Wall Shelving/1114_A_2,Wall Shelving/1114_A_2,__setup__.stock_location_wall_shelving,stock.warehouse0,internal,base.main_company
__setup__.stock_location_1114_A_3,Wall Shelving/1114_A_3,Wall Shelving/1114_A_3,__setup__.stock_location_wall_shelving,stock.warehouse0,internal,base.main_company
__setup__.stock_location_1114_A_4,Wall Shelving/1114_A_4,Wall Shelving/1114_A_4,__setup__.stock_location_wall_shelving,stock.warehouse0,internal,base.main_company
__setup__.stock_location_1114_A_5,Wall Shelving/1114_A_5,Wall Shelving/1114_A_5,__setup__.stock_location_wall_shelving,stock.warehouse0,internal,base.main_company
__setup__.stock_location_1114_B_1,Wall Shelving/1114_B_1,Wall Shelving/1114_B_1,__setup__.stock_location_wall_shelving,stock.warehouse0,internal,base.main_company
__setup__.stock_location_1114_B_2,Wall Shelving/1114_B_2,Wall Shelving/1114_B_2,__setup__.stock_location_wall_shelving,stock.warehouse0,internal,base.main_company
__setup__.stock_location_1114_B_3,Wall Shelving/1114_B_3,Wall Shelving/1114_B_3,__setup__.stock_location_wall_shelving,stock.warehouse0,internal,base.main_company
__setup__.stock_location_1114_B_4,Wall Shelving/1114_B_4,Wall Shelving/1114_B_4,__setup__.stock_location_wall_shelving,stock.warehouse0,internal,base.main_company
__setup__.stock_location_1114_B_5,Wall Shelving/1114_B_5,Wall Shelving/1114_B_5,__setup__.stock_location_wall_shelving,stock.warehouse0,internal,base.main_company
__setup__.stock_location_1114_C_1,Wall Shelving/1114_C_1,Wall Shelving/1114_C_1,__setup__.stock_location_wall_shelving,stock.warehouse0,internal,base.main_company
__setup__.stock_location_1114_C_2,Wall Shelving/1114_C_2,Wall Shelving/1114_C_2,__setup__.stock_location_wall_shelving,stock.warehouse0,internal,base.main_company
__setup__.stock_location_1114_C_3,Wall Shelving/1114_C_3,Wall Shelving/1114_C_3,__setup__.stock_location_wall_shelving,stock.warehouse0,internal,base.main_company
__setup__.stock_location_1114_C_4,Wall Shelving/1114_C_4,Wall Shelving/1114_C_4,__setup__.stock_location_wall_shelving,stock.warehouse0,internal,base.main_company
__setup__.stock_location_1114_C_5,Wall Shelving/1114_C_5,Wall Shelving/1114_C_5,__setup__.stock_location_wall_shelving,stock.warehouse0,internal,base.main_company
__setup__.stock_location_1114_D_1,Wall Shelving/1114_D_1,Wall Shelving/1114_D_1,__setup__.stock_location_wall_shelving,stock.warehouse0,internal,base.main_company
__setup__.stock_location_1114_D_2,Wall Shelving/1114_D_2,Wall Shelving/1114_D_2,__setup__.stock_location_wall_shelving,stock.warehouse0,internal,base.main_company
__setup__.stock_location_1114_D_3,Wall Shelving/1114_D_3,Wall Shelving/1114_D_3,__setup__.stock_location_wall_shelving,stock.warehouse0,internal,base.main_company
__setup__.stock_location_1114_D_4,Wall Shelving/1114_D_4,Wall Shelving/1114_D_4,__setup__.stock_location_wall_shelving,stock.warehouse0,internal,base.main_company
__setup__.stock_location_1114_D_5,Wall Shelving/1114_D_5,Wall Shelving/1114_D_5,__setup__.stock_location_wall_shelving,stock.warehouse0,internal,base.main_company
__setup__.stock_location_1114_E_1,Wall Shelving/1114_E_1,Wall Shelving/1114_E_1,__setup__.stock_location_wall_shelving,stock.warehouse0,internal,base.main_company
__setup__.stock_location_1114_E_2,Wall Shelving/1114_E_2,Wall Shelving/1114_E_2,__setup__.stock_location_wall_shelving,stock.warehouse0,internal,base.main_company
__setup__.stock_location_1114_E_3,Wall Shelving/1114_E_3,Wall Shelving/1114_E_3,__setup__.stock_location_wall_shelving,stock.warehouse0,internal,base.main_company
__setup__.stock_location_1114_E_4,Wall Shelving/1114_E_4,Wall Shelving/1114_E_4,__setup__.stock_location_wall_shelving,stock.warehouse0,internal,base.main_company
__setup__.stock_location_1114_E_5,Wall Shelving/1114_E_5,Wall Shelving/1114_E_5,__setup__.stock_location_wall_shelving,stock.warehouse0,internal,base.main_company
__setup__.stock_location_1114_F_1,Wall Shelving/1114_F_1,Wall Shelving/1114_F_1,__setup__.stock_location_wall_shelving,stock.warehouse0,internal,base.main_company
__setup__.stock_location_1114_F_2,Wall Shelving/1114_F_2,Wall Shelving/1114_F_2,__setup__.stock_location_wall_shelving,stock.warehouse0,internal,base.main_company
__setup__.stock_location_1114_F_3,Wall Shelving/1114_F_3,Wall Shelving/1114_F_3,__setup__.stock_location_wall_shelving,stock.warehouse0,internal,base.main_company
__setup__.stock_location_1114_F_4,Wall Shelving/1114_F_4,Wall Shelving/1114_F_4,__setup__.stock_location_wall_shelving,stock.warehouse0,internal,base.main_company
__setup__.stock_location_1114_F_5,Wall Shelving/1114_F_5,Wall Shelving/1114_F_5,__setup__.stock_location_wall_shelving,stock.warehouse0,internal,base.main_company
__setup__.stock_location_1114_G_1,Wall Shelving/1114_G_1,Wall Shelving/1114_G_1,__setup__.stock_location_wall_shelving,stock.warehouse0,internal,base.main_company
__setup__.stock_location_1114_G_2,Wall Shelving/1114_G_2,Wall Shelving/1114_G_2,__setup__.stock_location_wall_shelving,stock.warehouse0,internal,base.main_company
__setup__.stock_location_1114_G_3,Wall Shelving/1114_G_3,Wall Shelving/1114_G_3,__setup__.stock_location_wall_shelving,stock.warehouse0,internal,base.main_company
__setup__.stock_location_1114_G_4,Wall Shelving/1114_G_4,Wall Shelving/1114_G_4,__setup__.stock_location_wall_shelving,stock.warehouse0,internal,base.main_company
__setup__.stock_location_1114_G_5,Wall Shelving/1114_G_5,Wall Shelving/1114_G_5,__setup__.stock_location_wall_shelving,stock.warehouse0,internal,base.main_company
__setup__.stock_location_1115_A_1,Wall Shelving/1115_A_1,Wall Shelving/1115_A_1,__setup__.stock_location_wall_shelving,stock.warehouse0,internal,base.main_company
__setup__.stock_location_1115_A_2,Wall Shelving/1115_A_2,Wall Shelving/1115_A_2,__setup__.stock_location_wall_shelving,stock.warehouse0,internal,base.main_company
__setup__.stock_location_1115_A_3,Wall Shelving/1115_A_3,Wall Shelving/1115_A_3,__setup__.stock_location_wall_shelving,stock.warehouse0,internal,base.main_company
__setup__.stock_location_1115_A_4,Wall Shelving/1115_A_4,Wall Shelving/1115_A_4,__setup__.stock_location_wall_shelving,stock.warehouse0,internal,base.main_company
__setup__.stock_location_1115_A_5,Wall Shelving/1115_A_5,Wall Shelving/1115_A_5,__setup__.stock_location_wall_shelving,stock.warehouse0,internal,base.main_company
__setup__.stock_location_1115_B_1,Wall Shelving/1115_B_1,Wall Shelving/1115_B_1,__setup__.stock_location_wall_shelving,stock.warehouse0,internal,base.main_company
__setup__.stock_location_1115_B_2,Wall Shelving/1115_B_2,Wall Shelving/1115_B_2,__setup__.stock_location_wall_shelving,stock.warehouse0,internal,base.main_company
__setup__.stock_location_1115_B_3,Wall Shelving/1115_B_3,Wall Shelving/1115_B_3,__setup__.stock_location_wall_shelving,stock.warehouse0,internal,base.main_company
__setup__.stock_location_1115_B_4,Wall Shelving/1115_B_4,Wall Shelving/1115_B_4,__setup__.stock_location_wall_shelving,stock.warehouse0,internal,base.main_company
__setup__.stock_location_1115_B_5,Wall Shelving/1115_B_5,Wall Shelving/1115_B_5,__setup__.stock_location_wall_shelving,stock.warehouse0,internal,base.main_company
__setup__.stock_location_1115_C_1,Wall Shelving/1115_C_1,Wall Shelving/1115_C_1,__setup__.stock_location_wall_shelving,stock.warehouse0,internal,base.main_company
__setup__.stock_location_1115_C_2,Wall Shelving/1115_C_2,Wall Shelving/1115_C_2,__setup__.stock_location_wall_shelving,stock.warehouse0,internal,base.main_company
__setup__.stock_location_1115_C_3,Wall Shelving/1115_C_3,Wall Shelving/1115_C_3,__setup__.stock_location_wall_shelving,stock.warehouse0,internal,base.main_company
__setup__.stock_location_1115_C_4,Wall Shelving/1115_C_4,Wall Shelving/1115_C_4,__setup__.stock_location_wall_shelving,stock.warehouse0,internal,base.main_company
__setup__.stock_location_1115_C_5,Wall Shelving/1115_C_5,Wall Shelving/1115_C_5,__setup__.stock_location_wall_shelving,stock.warehouse0,internal,base.main_company
__setup__.stock_location_1115_D_1,Wall Shelving/1115_D_1,Wall Shelving/1115_D_1,__setup__.stock_location_wall_shelving,stock.warehouse0,internal,base.main_company
__setup__.stock_location_1115_D_2,Wall Shelving/1115_D_2,Wall Shelving/1115_D_2,__setup__.stock_location_wall_shelving,stock.warehouse0,internal,base.main_company
__setup__.stock_location_1115_D_3,Wall Shelving/1115_D_3,Wall Shelving/1115_D_3,__setup__.stock_location_wall_shelving,stock.warehouse0,internal,base.main_company
__setup__.stock_location_1115_D_4,Wall Shelving/1115_D_4,Wall Shelving/1115_D_4,__setup__.stock_location_wall_shelving,stock.warehouse0,internal,base.main_company
__setup__.stock_location_1115_D_5,Wall Shelving/1115_D_5,Wall Shelving/1115_D_5,__setup__.stock_location_wall_shelving,stock.warehouse0,internal,base.main_company
__setup__.stock_location_1115_E_1,Wall Shelving/1115_E_1,Wall Shelving/1115_E_1,__setup__.stock_location_wall_shelving,stock.warehouse0,internal,base.main_company
__setup__.stock_location_1115_E_2,Wall Shelving/1115_E_2,Wall Shelving/1115_E_2,__setup__.stock_location_wall_shelving,stock.warehouse0,internal,base.main_company
__setup__.stock_location_1115_E_3,Wall Shelving/1115_E_3,Wall Shelving/1115_E_3,__setup__.stock_location_wall_shelving,stock.warehouse0,internal,base.main_company
__setup__.stock_location_1115_E_4,Wall Shelving/1115_E_4,Wall Shelving/1115_E_4,__setup__.stock_location_wall_shelving,stock.warehouse0,internal,base.main_company
__setup__.stock_location_1115_E_5,Wall Shelving/1115_E_5,Wall Shelving/1115_E_5,__setup__.stock_location_wall_shelving,stock.warehouse0,internal,base.main_company
__setup__.stock_location_1115_F_1,Wall Shelving/1115_F_1,Wall Shelving/1115_F_1,__setup__.stock_location_wall_shelving,stock.warehouse0,internal,base.main_company
__setup__.stock_location_1115_F_2,Wall Shelving/1115_F_2,Wall Shelving/1115_F_2,__setup__.stock_location_wall_shelving,stock.warehouse0,internal,base.main_company
__setup__.stock_location_1115_F_3,Wall Shelving/1115_F_3,Wall Shelving/1115_F_3,__setup__.stock_location_wall_shelving,stock.warehouse0,internal,base.main_company
__setup__.stock_location_1115_F_4,Wall Shelving/1115_F_4,Wall Shelving/1115_F_4,__setup__.stock_location_wall_shelving,stock.warehouse0,internal,base.main_company
__setup__.stock_location_1115_F_5,Wall Shelving/1115_F_5,Wall Shelving/1115_F_5,__setup__.stock_location_wall_shelving,stock.warehouse0,internal,base.main_company
__setup__.stock_location_1115_G_1,Wall Shelving/1115_G_1,Wall Shelving/1115_G_1,__setup__.stock_location_wall_shelving,stock.warehouse0,internal,base.main_company
__setup__.stock_location_1115_G_2,Wall Shelving/1115_G_2,Wall Shelving/1115_G_2,__setup__.stock_location_wall_shelving,stock.warehouse0,internal,base.main_company
__setup__.stock_location_1115_G_3,Wall Shelving/1115_G_3,Wall Shelving/1115_G_3,__setup__.stock_location_wall_shelving,stock.warehouse0,internal,base.main_company
__setup__.stock_location_1115_G_4,Wall Shelving/1115_G_4,Wall Shelving/1115_G_4,__setup__.stock_location_wall_shelving,stock.warehouse0,internal,base.main_company
__setup__.stock_location_1115_G_5,Wall Shelving/1115_G_5,Wall Shelving/1115_G_5,__setup__.stock_location_wall_shelving,stock.warehouse0,internal,base.main_company
__setup__.stock_location_1116_A_1,Wall Shelving/1116_A_1,Wall Shelving/1116_A_1,__setup__.stock_location_wall_shelving,stock.warehouse0,internal,base.main_company
__setup__.stock_location_1116_A_2,Wall Shelving/1116_A_2,Wall Shelving/1116_A_2,__setup__.stock_location_wall_shelving,stock.warehouse0,internal,base.main_company
__setup__.stock_location_1116_A_3,Wall Shelving/1116_A_3,Wall Shelving/1116_A_3,__setup__.stock_location_wall_shelving,stock.warehouse0,internal,base.main_company
__setup__.stock_location_1116_A_4,Wall Shelving/1116_A_4,Wall Shelving/1116_A_4,__setup__.stock_location_wall_shelving,stock.warehouse0,internal,base.main_company
__setup__.stock_location_1116_A_5,Wall Shelving/1116_A_5,Wall Shelving/1116_A_5,__setup__.stock_location_wall_shelving,stock.warehouse0,internal,base.main_company
__setup__.stock_location_1116_B_1,Wall Shelving/1116_B_1,Wall Shelving/1116_B_1,__setup__.stock_location_wall_shelving,stock.warehouse0,internal,base.main_company
__setup__.stock_location_1116_B_2,Wall Shelving/1116_B_2,Wall Shelving/1116_B_2,__setup__.stock_location_wall_shelving,stock.warehouse0,internal,base.main_company
__setup__.stock_location_1116_B_3,Wall Shelving/1116_B_3,Wall Shelving/1116_B_3,__setup__.stock_location_wall_shelving,stock.warehouse0,internal,base.main_company
__setup__.stock_location_1116_B_4,Wall Shelving/1116_B_4,Wall Shelving/1116_B_4,__setup__.stock_location_wall_shelving,stock.warehouse0,internal,base.main_company
__setup__.stock_location_1116_B_5,Wall Shelving/1116_B_5,Wall Shelving/1116_B_5,__setup__.stock_location_wall_shelving,stock.warehouse0,internal,base.main_company
__setup__.stock_location_1116_C_1,Wall Shelving/1116_C_1,Wall Shelving/1116_C_1,__setup__.stock_location_wall_shelving,stock.warehouse0,internal,base.main_company
__setup__.stock_location_1116_C_2,Wall Shelving/1116_C_2,Wall Shelving/1116_C_2,__setup__.stock_location_wall_shelving,stock.warehouse0,internal,base.main_company
__setup__.stock_location_1116_C_3,Wall Shelving/1116_C_3,Wall Shelving/1116_C_3,__setup__.stock_location_wall_shelving,stock.warehouse0,internal,base.main_company
__setup__.stock_location_1116_C_4,Wall Shelving/1116_C_4,Wall Shelving/1116_C_4,__setup__.stock_location_wall_shelving,stock.warehouse0,internal,base.main_company
__setup__.stock_location_1116_C_5,Wall Shelving/1116_C_5,Wall Shelving/1116_C_5,__setup__.stock_location_wall_shelving,stock.warehouse0,internal,base.main_company
__setup__.stock_location_1116_D_1,Wall Shelving/1116_D_1,Wall Shelving/1116_D_1,__setup__.stock_location_wall_shelving,stock.warehouse0,internal,base.main_company
__setup__.stock_location_1116_D_2,Wall Shelving/1116_D_2,Wall Shelving/1116_D_2,__setup__.stock_location_wall_shelving,stock.warehouse0,internal,base.main_company
__setup__.stock_location_1116_D_3,Wall Shelving/1116_D_3,Wall Shelving/1116_D_3,__setup__.stock_location_wall_shelving,stock.warehouse0,internal,base.main_company
__setup__.stock_location_1116_D_4,Wall Shelving/1116_D_4,Wall Shelving/1116_D_4,__setup__.stock_location_wall_shelving,stock.warehouse0,internal,base.main_company
__setup__.stock_location_1116_D_5,Wall Shelving/1116_D_5,Wall Shelving/1116_D_5,__setup__.stock_location_wall_shelving,stock.warehouse0,internal,base.main_company
__setup__.stock_location_1116_E_1,Wall Shelving/1116_E_1,Wall Shelving/1116_E_1,__setup__.stock_location_wall_shelving,stock.warehouse0,internal,base.main_company
__setup__.stock_location_1116_E_2,Wall Shelving/1116_E_2,Wall Shelving/1116_E_2,__setup__.stock_location_wall_shelving,stock.warehouse0,internal,base.main_company
__setup__.stock_location_1116_E_3,Wall Shelving/1116_E_3,Wall Shelving/1116_E_3,__setup__.stock_location_wall_shelving,stock.warehouse0,internal,base.main_company
__setup__.stock_location_1116_E_4,Wall Shelving/1116_E_4,Wall Shelving/1116_E_4,__setup__.stock_location_wall_shelving,stock.warehouse0,internal,base.main_company
__setup__.stock_location_1116_E_5,Wall Shelving/1116_E_5,Wall Shelving/1116_E_5,__setup__.stock_location_wall_shelving,stock.warehouse0,internal,base.main_company
__setup__.stock_location_1116_F_1,Wall Shelving/1116_F_1,Wall Shelving/1116_F_1,__setup__.stock_location_wall_shelving,stock.warehouse0,internal,base.main_company
__setup__.stock_location_1116_F_2,Wall Shelving/1116_F_2,Wall Shelving/1116_F_2,__setup__.stock_location_wall_shelving,stock.warehouse0,internal,base.main_company
__setup__.stock_location_1116_F_3,Wall Shelving/1116_F_3,Wall Shelving/1116_F_3,__setup__.stock_location_wall_shelving,stock.warehouse0,internal,base.main_company
__setup__.stock_location_1116_F_4,Wall Shelving/1116_F_4,Wall Shelving/1116_F_4,__setup__.stock_location_wall_shelving,stock.warehouse0,internal,base.main_company
__setup__.stock_location_1116_F_5,Wall Shelving/1116_F_5,Wall Shelving/1116_F_5,__setup__.stock_location_wall_shelving,stock.warehouse0,internal,base.main_company
__setup__.stock_location_1116_G_1,Wall Shelving/1116_G_1,Wall Shelving/1116_G_1,__setup__.stock_location_wall_shelving,stock.warehouse0,internal,base.main_company
__setup__.stock_location_1116_G_2,Wall Shelving/1116_G_2,Wall Shelving/1116_G_2,__setup__.stock_location_wall_shelving,stock.warehouse0,internal,base.main_company
__setup__.stock_location_1116_G_3,Wall Shelving/1116_G_3,Wall Shelving/1116_G_3,__setup__.stock_location_wall_shelving,stock.warehouse0,internal,base.main_company
__setup__.stock_location_1116_G_4,Wall Shelving/1116_G_4,Wall Shelving/1116_G_4,__setup__.stock_location_wall_shelving,stock.warehouse0,internal,base.main_company
__setup__.stock_location_1116_G_5,Wall Shelving/1116_G_5,Wall Shelving/1116_G_5,__setup__.stock_location_wall_shelving,stock.warehouse0,internal,base.main_company
__setup__.stock_location_1117_A_1,Wall Shelving/1117_A_1,Wall Shelving/1117_A_1,__setup__.stock_location_wall_shelving,stock.warehouse0,internal,base.main_company
__setup__.stock_location_1117_A_2,Wall Shelving/1117_A_2,Wall Shelving/1117_A_2,__setup__.stock_location_wall_shelving,stock.warehouse0,internal,base.main_company
__setup__.stock_location_1117_A_3,Wall Shelving/1117_A_3,Wall Shelving/1117_A_3,__setup__.stock_location_wall_shelving,stock.warehouse0,internal,base.main_company
__setup__.stock_location_1117_A_4,Wall Shelving/1117_A_4,Wall Shelving/1117_A_4,__setup__.stock_location_wall_shelving,stock.warehouse0,internal,base.main_company
__setup__.stock_location_1117_A_5,Wall Shelving/1117_A_5,Wall Shelving/1117_A_5,__setup__.stock_location_wall_shelving,stock.warehouse0,internal,base.main_company
__setup__.stock_location_1117_B_1,Wall Shelving/1117_B_1,Wall Shelving/1117_B_1,__setup__.stock_location_wall_shelving,stock.warehouse0,internal,base.main_company
__setup__.stock_location_1117_B_2,Wall Shelving/1117_B_2,Wall Shelving/1117_B_2,__setup__.stock_location_wall_shelving,stock.warehouse0,internal,base.main_company
__setup__.stock_location_1117_B_3,Wall Shelving/1117_B_3,Wall Shelving/1117_B_3,__setup__.stock_location_wall_shelving,stock.warehouse0,internal,base.main_company
__setup__.stock_location_1117_B_4,Wall Shelving/1117_B_4,Wall Shelving/1117_B_4,__setup__.stock_location_wall_shelving,stock.warehouse0,internal,base.main_company
__setup__.stock_location_1117_B_5,Wall Shelving/1117_B_5,Wall Shelving/1117_B_5,__setup__.stock_location_wall_shelving,stock.warehouse0,internal,base.main_company
__setup__.stock_location_1117_C_1,Wall Shelving/1117_C_1,Wall Shelving/1117_C_1,__setup__.stock_location_wall_shelving,stock.warehouse0,internal,base.main_company
__setup__.stock_location_1117_C_2,Wall Shelving/1117_C_2,Wall Shelving/1117_C_2,__setup__.stock_location_wall_shelving,stock.warehouse0,internal,base.main_company
__setup__.stock_location_1117_C_3,Wall Shelving/1117_C_3,Wall Shelving/1117_C_3,__setup__.stock_location_wall_shelving,stock.warehouse0,internal,base.main_company
__setup__.stock_location_1117_C_4,Wall Shelving/1117_C_4,Wall Shelving/1117_C_4,__setup__.stock_location_wall_shelving,stock.warehouse0,internal,base.main_company
__setup__.stock_location_1117_C_5,Wall Shelving/1117_C_5,Wall Shelving/1117_C_5,__setup__.stock_location_wall_shelving,stock.warehouse0,internal,base.main_company
__setup__.stock_location_1117_D_1,Wall Shelving/1117_D_1,Wall Shelving/1117_D_1,__setup__.stock_location_wall_shelving,stock.warehouse0,internal,base.main_company
__setup__.stock_location_1117_D_2,Wall Shelving/1117_D_2,Wall Shelving/1117_D_2,__setup__.stock_location_wall_shelving,stock.warehouse0,internal,base.main_company
__setup__.stock_location_1117_D_3,Wall Shelving/1117_D_3,Wall Shelving/1117_D_3,__setup__.stock_location_wall_shelving,stock.warehouse0,internal,base.main_company
__setup__.stock_location_1117_D_4,Wall Shelving/1117_D_4,Wall Shelving/1117_D_4,__setup__.stock_location_wall_shelving,stock.warehouse0,internal,base.main_company
__setup__.stock_location_1117_D_5,Wall Shelving/1117_D_5,Wall Shelving/1117_D_5,__setup__.stock_location_wall_shelving,stock.warehouse0,internal,base.main_company
__setup__.stock_location_1117_E_1,Wall Shelving/1117_E_1,Wall Shelving/1117_E_1,__setup__.stock_location_wall_shelving,stock.warehouse0,internal,base.main_company
__setup__.stock_location_1117_E_2,Wall Shelving/1117_E_2,Wall Shelving/1117_E_2,__setup__.stock_location_wall_shelving,stock.warehouse0,internal,base.main_company
__setup__.stock_location_1117_E_3,Wall Shelving/1117_E_3,Wall Shelving/1117_E_3,__setup__.stock_location_wall_shelving,stock.warehouse0,internal,base.main_company
__setup__.stock_location_1117_E_4,Wall Shelving/1117_E_4,Wall Shelving/1117_E_4,__setup__.stock_location_wall_shelving,stock.warehouse0,internal,base.main_company
__setup__.stock_location_1117_E_5,Wall Shelving/1117_E_5,Wall Shelving/1117_E_5,__setup__.stock_location_wall_shelving,stock.warehouse0,internal,base.main_company
__setup__.stock_location_1117_F_1,Wall Shelving/1117_F_1,Wall Shelving/1117_F_1,__setup__.stock_location_wall_shelving,stock.warehouse0,internal,base.main_company
__setup__.stock_location_1117_F_2,Wall Shelving/1117_F_2,Wall Shelving/1117_F_2,__setup__.stock_location_wall_shelving,stock.warehouse0,internal,base.main_company
__setup__.stock_location_1117_F_3,Wall Shelving/1117_F_3,Wall Shelving/1117_F_3,__setup__.stock_location_wall_shelving,stock.warehouse0,internal,base.main_company
__setup__.stock_location_1117_F_4,Wall Shelving/1117_F_4,Wall Shelving/1117_F_4,__setup__.stock_location_wall_shelving,stock.warehouse0,internal,base.main_company
__setup__.stock_location_1117_F_5,Wall Shelving/1117_F_5,Wall Shelving/1117_F_5,__setup__.stock_location_wall_shelving,stock.warehouse0,internal,base.main_company
__setup__.stock_location_1117_G_1,Wall Shelving/1117_G_1,Wall Shelving/1117_G_1,__setup__.stock_location_wall_shelving,stock.warehouse0,internal,base.main_company
__setup__.stock_location_1117_G_2,Wall Shelving/1117_G_2,Wall Shelving/1117_G_2,__setup__.stock_location_wall_shelving,stock.warehouse0,internal,base.main_company
__setup__.stock_location_1117_G_3,Wall Shelving/1117_G_3,Wall Shelving/1117_G_3,__setup__.stock_location_wall_shelving,stock.warehouse0,internal,base.main_company
__setup__.stock_location_1117_G_4,Wall Shelving/1117_G_4,Wall Shelving/1117_G_4,__setup__.stock_location_wall_shelving,stock.warehouse0,internal,base.main_company
__setup__.stock_location_1117_G_5,Wall Shelving/1117_G_5,Wall Shelving/1117_G_5,__setup__.stock_location_wall_shelving,stock.warehouse0,internal,base.main_company
__setup__.stock_location_1118_A_1,Wall Shelving/1118_A_1,Wall Shelving/1118_A_1,__setup__.stock_location_wall_shelving,stock.warehouse0,internal,base.main_company
__setup__.stock_location_1118_A_2,Wall Shelving/1118_A_2,Wall Shelving/1118_A_2,__setup__.stock_location_wall_shelving,stock.warehouse0,internal,base.main_company
__setup__.stock_location_1118_A_3,Wall Shelving/1118_A_3,Wall Shelving/1118_A_3,__setup__.stock_location_wall_shelving,stock.warehouse0,internal,base.main_company
__setup__.stock_location_1118_A_4,Wall Shelving/1118_A_4,Wall Shelving/1118_A_4,__setup__.stock_location_wall_shelving,stock.warehouse0,internal,base.main_company
__setup__.stock_location_1118_A_5,Wall Shelving/1118_A_5,Wall Shelving/1118_A_5,__setup__.stock_location_wall_shelving,stock.warehouse0,internal,base.main_company
__setup__.stock_location_1118_B_1,Wall Shelving/1118_B_1,Wall Shelving/1118_B_1,__setup__.stock_location_wall_shelving,stock.warehouse0,internal,base.main_company
__setup__.stock_location_1118_B_2,Wall Shelving/1118_B_2,Wall Shelving/1118_B_2,__setup__.stock_location_wall_shelving,stock.warehouse0,internal,base.main_company
__setup__.stock_location_1118_B_3,Wall Shelving/1118_B_3,Wall Shelving/1118_B_3,__setup__.stock_location_wall_shelving,stock.warehouse0,internal,base.main_company
__setup__.stock_location_1118_B_4,Wall Shelving/1118_B_4,Wall Shelving/1118_B_4,__setup__.stock_location_wall_shelving,stock.warehouse0,internal,base.main_company
__setup__.stock_location_1118_B_5,Wall Shelving/1118_B_5,Wall Shelving/1118_B_5,__setup__.stock_location_wall_shelving,stock.warehouse0,internal,base.main_company
__setup__.stock_location_1118_C_1,Wall Shelving/1118_C_1,Wall Shelving/1118_C_1,__setup__.stock_location_wall_shelving,stock.warehouse0,internal,base.main_company
__setup__.stock_location_1118_C_2,Wall Shelving/1118_C_2,Wall Shelving/1118_C_2,__setup__.stock_location_wall_shelving,stock.warehouse0,internal,base.main_company
__setup__.stock_location_1118_C_3,Wall Shelving/1118_C_3,Wall Shelving/1118_C_3,__setup__.stock_location_wall_shelving,stock.warehouse0,internal,base.main_company
__setup__.stock_location_1118_C_4,Wall Shelving/1118_C_4,Wall Shelving/1118_C_4,__setup__.stock_location_wall_shelving,stock.warehouse0,internal,base.main_company
__setup__.stock_location_1118_C_5,Wall Shelving/1118_C_5,Wall Shelving/1118_C_5,__setup__.stock_location_wall_shelving,stock.warehouse0,internal,base.main_company
__setup__.stock_location_1118_D_1,Wall Shelving/1118_D_1,Wall Shelving/1118_D_1,__setup__.stock_location_wall_shelving,stock.warehouse0,internal,base.main_company
__setup__.stock_location_1118_D_2,Wall Shelving/1118_D_2,Wall Shelving/1118_D_2,__setup__.stock_location_wall_shelving,stock.warehouse0,internal,base.main_company
__setup__.stock_location_1118_D_3,Wall Shelving/1118_D_3,Wall Shelving/1118_D_3,__setup__.stock_location_wall_shelving,stock.warehouse0,internal,base.main_company
__setup__.stock_location_1118_D_4,Wall Shelving/1118_D_4,Wall Shelving/1118_D_4,__setup__.stock_location_wall_shelving,stock.warehouse0,internal,base.main_company
__setup__.stock_location_1118_D_5,Wall Shelving/1118_D_5,Wall Shelving/1118_D_5,__setup__.stock_location_wall_shelving,stock.warehouse0,internal,base.main_company
__setup__.stock_location_1118_E_1,Wall Shelving/1118_E_1,Wall Shelving/1118_E_1,__setup__.stock_location_wall_shelving,stock.warehouse0,internal,base.main_company
__setup__.stock_location_1118_E_2,Wall Shelving/1118_E_2,Wall Shelving/1118_E_2,__setup__.stock_location_wall_shelving,stock.warehouse0,internal,base.main_company
__setup__.stock_location_1118_E_3,Wall Shelving/1118_E_3,Wall Shelving/1118_E_3,__setup__.stock_location_wall_shelving,stock.warehouse0,internal,base.main_company
__setup__.stock_location_1118_E_4,Wall Shelving/1118_E_4,Wall Shelving/1118_E_4,__setup__.stock_location_wall_shelving,stock.warehouse0,internal,base.main_company
__setup__.stock_location_1118_E_5,Wall Shelving/1118_E_5,Wall Shelving/1118_E_5,__setup__.stock_location_wall_shelving,stock.warehouse0,internal,base.main_company
__setup__.stock_location_1118_F_1,Wall Shelving/1118_F_1,Wall Shelving/1118_F_1,__setup__.stock_location_wall_shelving,stock.warehouse0,internal,base.main_company
__setup__.stock_location_1118_F_2,Wall Shelving/1118_F_2,Wall Shelving/1118_F_2,__setup__.stock_location_wall_shelving,stock.warehouse0,internal,base.main_company
__setup__.stock_location_1118_F_3,Wall Shelving/1118_F_3,Wall Shelving/1118_F_3,__setup__.stock_location_wall_shelving,stock.warehouse0,internal,base.main_company
__setup__.stock_location_1118_F_4,Wall Shelving/1118_F_4,Wall Shelving/1118_F_4,__setup__.stock_location_wall_shelving,stock.warehouse0,internal,base.main_company
__setup__.stock_location_1118_F_5,Wall Shelving/1118_F_5,Wall Shelving/1118_F_5,__setup__.stock_location_wall_shelving,stock.warehouse0,internal,base.main_company
__setup__.stock_location_1118_G_1,Wall Shelving/1118_G_1,Wall Shelving/1118_G_1,__setup__.stock_location_wall_shelving,stock.warehouse0,internal,base.main_company
__setup__.stock_location_1118_G_2,Wall Shelving/1118_G_2,Wall Shelving/1118_G_2,__setup__.stock_location_wall_shelving,stock.warehouse0,internal,base.main_company
__setup__.stock_location_1118_G_3,Wall Shelving/1118_G_3,Wall Shelving/1118_G_3,__setup__.stock_location_wall_shelving,stock.warehouse0,internal,base.main_company
__setup__.stock_location_1118_G_4,Wall Shelving/1118_G_4,Wall Shelving/1118_G_4,__setup__.stock_location_wall_shelving,stock.warehouse0,internal,base.main_company
__setup__.stock_location_1118_G_5,Wall Shelving/1118_G_5,Wall Shelving/1118_G_5,__setup__.stock_location_wall_shelving,stock.warehouse0,internal,base.main_company
__setup__.stock_location_1119_A_1,Wall Shelving/1119_A_1,Wall Shelving/1119_A_1,__setup__.stock_location_wall_shelving,stock.warehouse0,internal,base.main_company
__setup__.stock_location_1119_A_2,Wall Shelving/1119_A_2,Wall Shelving/1119_A_2,__setup__.stock_location_wall_shelving,stock.warehouse0,internal,base.main_company
__setup__.stock_location_1119_A_3,Wall Shelving/1119_A_3,Wall Shelving/1119_A_3,__setup__.stock_location_wall_shelving,stock.warehouse0,internal,base.main_company
__setup__.stock_location_1119_A_4,Wall Shelving/1119_A_4,Wall Shelving/1119_A_4,__setup__.stock_location_wall_shelving,stock.warehouse0,internal,base.main_company
__setup__.stock_location_1119_A_5,Wall Shelving/1119_A_5,Wall Shelving/1119_A_5,__setup__.stock_location_wall_shelving,stock.warehouse0,internal,base.main_company
__setup__.stock_location_1119_B_1,Wall Shelving/1119_B_1,Wall Shelving/1119_B_1,__setup__.stock_location_wall_shelving,stock.warehouse0,internal,base.main_company
__setup__.stock_location_1119_B_2,Wall Shelving/1119_B_2,Wall Shelving/1119_B_2,__setup__.stock_location_wall_shelving,stock.warehouse0,internal,base.main_company
__setup__.stock_location_1119_B_3,Wall Shelving/1119_B_3,Wall Shelving/1119_B_3,__setup__.stock_location_wall_shelving,stock.warehouse0,internal,base.main_company
__setup__.stock_location_1119_B_4,Wall Shelving/1119_B_4,Wall Shelving/1119_B_4,__setup__.stock_location_wall_shelving,stock.warehouse0,internal,base.main_company
__setup__.stock_location_1119_B_5,Wall Shelving/1119_B_5,Wall Shelving/1119_B_5,__setup__.stock_location_wall_shelving,stock.warehouse0,internal,base.main_company
__setup__.stock_location_1119_C_1,Wall Shelving/1119_C_1,Wall Shelving/1119_C_1,__setup__.stock_location_wall_shelving,stock.warehouse0,internal,base.main_company
__setup__.stock_location_1119_C_2,Wall Shelving/1119_C_2,Wall Shelving/1119_C_2,__setup__.stock_location_wall_shelving,stock.warehouse0,internal,base.main_company
__setup__.stock_location_1119_C_3,Wall Shelving/1119_C_3,Wall Shelving/1119_C_3,__setup__.stock_location_wall_shelving,stock.warehouse0,internal,base.main_company
__setup__.stock_location_1119_C_4,Wall Shelving/1119_C_4,Wall Shelving/1119_C_4,__setup__.stock_location_wall_shelving,stock.warehouse0,internal,base.main_company
__setup__.stock_location_1119_C_5,Wall Shelving/1119_C_5,Wall Shelving/1119_C_5,__setup__.stock_location_wall_shelving,stock.warehouse0,internal,base.main_company
__setup__.stock_location_1119_D_1,Wall Shelving/1119_D_1,Wall Shelving/1119_D_1,__setup__.stock_location_wall_shelving,stock.warehouse0,internal,base.main_company
__setup__.stock_location_1119_D_2,Wall Shelving/1119_D_2,Wall Shelving/1119_D_2,__setup__.stock_location_wall_shelving,stock.warehouse0,internal,base.main_company
__setup__.stock_location_1119_D_3,Wall Shelving/1119_D_3,Wall Shelving/1119_D_3,__setup__.stock_location_wall_shelving,stock.warehouse0,internal,base.main_company
__setup__.stock_location_1119_D_4,Wall Shelving/1119_D_4,Wall Shelving/1119_D_4,__setup__.stock_location_wall_shelving,stock.warehouse0,internal,base.main_company
__setup__.stock_location_1119_D_5,Wall Shelving/1119_D_5,Wall Shelving/1119_D_5,__setup__.stock_location_wall_shelving,stock.warehouse0,internal,base.main_company
__setup__.stock_location_1119_E_1,Wall Shelving/1119_E_1,Wall Shelving/1119_E_1,__setup__.stock_location_wall_shelving,stock.warehouse0,internal,base.main_company
__setup__.stock_location_1119_E_2,Wall Shelving/1119_E_2,Wall Shelving/1119_E_2,__setup__.stock_location_wall_shelving,stock.warehouse0,internal,base.main_company
__setup__.stock_location_1119_E_3,Wall Shelving/1119_E_3,Wall Shelving/1119_E_3,__setup__.stock_location_wall_shelving,stock.warehouse0,internal,base.main_company
__setup__.stock_location_1119_E_4,Wall Shelving/1119_E_4,Wall Shelving/1119_E_4,__setup__.stock_location_wall_shelving,stock.warehouse0,internal,base.main_company
__setup__.stock_location_1119_E_5,Wall Shelving/1119_E_5,Wall Shelving/1119_E_5,__setup__.stock_location_wall_shelving,stock.warehouse0,internal,base.main_company
__setup__.stock_location_1119_F_1,Wall Shelving/1119_F_1,Wall Shelving/1119_F_1,__setup__.stock_location_wall_shelving,stock.warehouse0,internal,base.main_company
__setup__.stock_location_1119_F_2,Wall Shelving/1119_F_2,Wall Shelving/1119_F_2,__setup__.stock_location_wall_shelving,stock.warehouse0,internal,base.main_company
__setup__.stock_location_1119_F_3,Wall Shelving/1119_F_3,Wall Shelving/1119_F_3,__setup__.stock_location_wall_shelving,stock.warehouse0,internal,base.main_company
__setup__.stock_location_1119_F_4,Wall Shelving/1119_F_4,Wall Shelving/1119_F_4,__setup__.stock_location_wall_shelving,stock.warehouse0,internal,base.main_company
__setup__.stock_location_1119_F_5,Wall Shelving/1119_F_5,Wall Shelving/1119_F_5,__setup__.stock_location_wall_shelving,stock.warehouse0,internal,base.main_company
__setup__.stock_location_1119_G_1,Wall Shelving/1119_G_1,Wall Shelving/1119_G_1,__setup__.stock_location_wall_shelving,stock.warehouse0,internal,base.main_company
__setup__.stock_location_1119_G_2,Wall Shelving/1119_G_2,Wall Shelving/1119_G_2,__setup__.stock_location_wall_shelving,stock.warehouse0,internal,base.main_company
__setup__.stock_location_1119_G_3,Wall Shelving/1119_G_3,Wall Shelving/1119_G_3,__setup__.stock_location_wall_shelving,stock.warehouse0,internal,base.main_company
__setup__.stock_location_1119_G_4,Wall Shelving/1119_G_4,Wall Shelving/1119_G_4,__setup__.stock_location_wall_shelving,stock.warehouse0,internal,base.main_company
__setup__.stock_location_1119_G_5,Wall Shelving/1119_G_5,Wall Shelving/1119_G_5,__setup__.stock_location_wall_shelving,stock.warehouse0,internal,base.main_company
__setup__.stock_location_1120_A_1,Wall Shelving/1120_A_1,Wall Shelving/1120_A_1,__setup__.stock_location_wall_shelving,stock.warehouse0,internal,base.main_company
__setup__.stock_location_1120_A_2,Wall Shelving/1120_A_2,Wall Shelving/1120_A_2,__setup__.stock_location_wall_shelving,stock.warehouse0,internal,base.main_company
__setup__.stock_location_1120_A_3,Wall Shelving/1120_A_3,Wall Shelving/1120_A_3,__setup__.stock_location_wall_shelving,stock.warehouse0,internal,base.main_company
__setup__.stock_location_1120_A_4,Wall Shelving/1120_A_4,Wall Shelving/1120_A_4,__setup__.stock_location_wall_shelving,stock.warehouse0,internal,base.main_company
__setup__.stock_location_1120_A_5,Wall Shelving/1120_A_5,Wall Shelving/1120_A_5,__setup__.stock_location_wall_shelving,stock.warehouse0,internal,base.main_company
__setup__.stock_location_1120_B_1,Wall Shelving/1120_B_1,Wall Shelving/1120_B_1,__setup__.stock_location_wall_shelving,stock.warehouse0,internal,base.main_company
__setup__.stock_location_1120_B_2,Wall Shelving/1120_B_2,Wall Shelving/1120_B_2,__setup__.stock_location_wall_shelving,stock.warehouse0,internal,base.main_company
__setup__.stock_location_1120_B_3,Wall Shelving/1120_B_3,Wall Shelving/1120_B_3,__setup__.stock_location_wall_shelving,stock.warehouse0,internal,base.main_company
__setup__.stock_location_1120_B_4,Wall Shelving/1120_B_4,Wall Shelving/1120_B_4,__setup__.stock_location_wall_shelving,stock.warehouse0,internal,base.main_company
__setup__.stock_location_1120_B_5,Wall Shelving/1120_B_5,Wall Shelving/1120_B_5,__setup__.stock_location_wall_shelving,stock.warehouse0,internal,base.main_company
__setup__.stock_location_1120_C_1,Wall Shelving/1120_C_1,Wall Shelving/1120_C_1,__setup__.stock_location_wall_shelving,stock.warehouse0,internal,base.main_company
__setup__.stock_location_1120_C_2,Wall Shelving/1120_C_2,Wall Shelving/1120_C_2,__setup__.stock_location_wall_shelving,stock.warehouse0,internal,base.main_company
__setup__.stock_location_1120_C_3,Wall Shelving/1120_C_3,Wall Shelving/1120_C_3,__setup__.stock_location_wall_shelving,stock.warehouse0,internal,base.main_company
__setup__.stock_location_1120_C_4,Wall Shelving/1120_C_4,Wall Shelving/1120_C_4,__setup__.stock_location_wall_shelving,stock.warehouse0,internal,base.main_company
__setup__.stock_location_1120_C_5,Wall Shelving/1120_C_5,Wall Shelving/1120_C_5,__setup__.stock_location_wall_shelving,stock.warehouse0,internal,base.main_company
__setup__.stock_location_1120_D_1,Wall Shelving/1120_D_1,Wall Shelving/1120_D_1,__setup__.stock_location_wall_shelving,stock.warehouse0,internal,base.main_company
__setup__.stock_location_1120_D_2,Wall Shelving/1120_D_2,Wall Shelving/1120_D_2,__setup__.stock_location_wall_shelving,stock.warehouse0,internal,base.main_company
__setup__.stock_location_1120_D_3,Wall Shelving/1120_D_3,Wall Shelving/1120_D_3,__setup__.stock_location_wall_shelving,stock.warehouse0,internal,base.main_company
__setup__.stock_location_1120_D_4,Wall Shelving/1120_D_4,Wall Shelving/1120_D_4,__setup__.stock_location_wall_shelving,stock.warehouse0,internal,base.main_company
__setup__.stock_location_1120_D_5,Wall Shelving/1120_D_5,Wall Shelving/1120_D_5,__setup__.stock_location_wall_shelving,stock.warehouse0,internal,base.main_company
__setup__.stock_location_1120_E_1,Wall Shelving/1120_E_1,Wall Shelving/1120_E_1,__setup__.stock_location_wall_shelving,stock.warehouse0,internal,base.main_company
__setup__.stock_location_1120_E_2,Wall Shelving/1120_E_2,Wall Shelving/1120_E_2,__setup__.stock_location_wall_shelving,stock.warehouse0,internal,base.main_company
__setup__.stock_location_1120_E_3,Wall Shelving/1120_E_3,Wall Shelving/1120_E_3,__setup__.stock_location_wall_shelving,stock.warehouse0,internal,base.main_company
__setup__.stock_location_1120_E_4,Wall Shelving/1120_E_4,Wall Shelving/1120_E_4,__setup__.stock_location_wall_shelving,stock.warehouse0,internal,base.main_company
__setup__.stock_location_1120_E_5,Wall Shelving/1120_E_5,Wall Shelving/1120_E_5,__setup__.stock_location_wall_shelving,stock.warehouse0,internal,base.main_company
__setup__.stock_location_1120_F_1,Wall Shelving/1120_F_1,Wall Shelving/1120_F_1,__setup__.stock_location_wall_shelving,stock.warehouse0,internal,base.main_company
__setup__.stock_location_1120_F_2,Wall Shelving/1120_F_2,Wall Shelving/1120_F_2,__setup__.stock_location_wall_shelving,stock.warehouse0,internal,base.main_company
__setup__.stock_location_1120_F_3,Wall Shelving/1120_F_3,Wall Shelving/1120_F_3,__setup__.stock_location_wall_shelving,stock.warehouse0,internal,base.main_company
__setup__.stock_location_1120_F_4,Wall Shelving/1120_F_4,Wall Shelving/1120_F_4,__setup__.stock_location_wall_shelving,stock.warehouse0,internal,base.main_company
__setup__.stock_location_1120_F_5,Wall Shelving/1120_F_5,Wall Shelving/1120_F_5,__setup__.stock_location_wall_shelving,stock.warehouse0,internal,base.main_company
__setup__.stock_location_1120_G_1,Wall Shelving/1120_G_1,Wall Shelving/1120_G_1,__setup__.stock_location_wall_shelving,stock.warehouse0,internal,base.main_company
__setup__.stock_location_1120_G_2,Wall Shelving/1120_G_2,Wall Shelving/1120_G_2,__setup__.stock_location_wall_shelving,stock.warehouse0,internal,base.main_company
__setup__.stock_location_1120_G_3,Wall Shelving/1120_G_3,Wall Shelving/1120_G_3,__setup__.stock_location_wall_shelving,stock.warehouse0,internal,base.main_company
__setup__.stock_location_1120_G_4,Wall Shelving/1120_G_4,Wall Shelving/1120_G_4,__setup__.stock_location_wall_shelving,stock.warehouse0,internal,base.main_company
__setup__.stock_location_1120_G_5,Wall Shelving/1120_G_5,Wall Shelving/1120_G_5,__setup__.stock_location_wall_shelving,stock.warehouse0,internal,base.main_company
__setup__.stock_location_1121_A_1,Wall Shelving/1121_A_1,Wall Shelving/1121_A_1,__setup__.stock_location_wall_shelving,stock.warehouse0,internal,base.main_company
__setup__.stock_location_1121_A_2,Wall Shelving/1121_A_2,Wall Shelving/1121_A_2,__setup__.stock_location_wall_shelving,stock.warehouse0,internal,base.main_company
__setup__.stock_location_1121_A_3,Wall Shelving/1121_A_3,Wall Shelving/1121_A_3,__setup__.stock_location_wall_shelving,stock.warehouse0,internal,base.main_company
__setup__.stock_location_1121_A_4,Wall Shelving/1121_A_4,Wall Shelving/1121_A_4,__setup__.stock_location_wall_shelving,stock.warehouse0,internal,base.main_company
__setup__.stock_location_1121_A_5,Wall Shelving/1121_A_5,Wall Shelving/1121_A_5,__setup__.stock_location_wall_shelving,stock.warehouse0,internal,base.main_company
__setup__.stock_location_1121_B_1,Wall Shelving/1121_B_1,Wall Shelving/1121_B_1,__setup__.stock_location_wall_shelving,stock.warehouse0,internal,base.main_company
__setup__.stock_location_1121_B_2,Wall Shelving/1121_B_2,Wall Shelving/1121_B_2,__setup__.stock_location_wall_shelving,stock.warehouse0,internal,base.main_company
__setup__.stock_location_1121_B_3,Wall Shelving/1121_B_3,Wall Shelving/1121_B_3,__setup__.stock_location_wall_shelving,stock.warehouse0,internal,base.main_company
__setup__.stock_location_1121_B_4,Wall Shelving/1121_B_4,Wall Shelving/1121_B_4,__setup__.stock_location_wall_shelving,stock.warehouse0,internal,base.main_company
__setup__.stock_location_1121_B_5,Wall Shelving/1121_B_5,Wall Shelving/1121_B_5,__setup__.stock_location_wall_shelving,stock.warehouse0,internal,base.main_company
__setup__.stock_location_1121_C_1,Wall Shelving/1121_C_1,Wall Shelving/1121_C_1,__setup__.stock_location_wall_shelving,stock.warehouse0,internal,base.main_company
__setup__.stock_location_1121_C_2,Wall Shelving/1121_C_2,Wall Shelving/1121_C_2,__setup__.stock_location_wall_shelving,stock.warehouse0,internal,base.main_company
__setup__.stock_location_1121_C_3,Wall Shelving/1121_C_3,Wall Shelving/1121_C_3,__setup__.stock_location_wall_shelving,stock.warehouse0,internal,base.main_company
__setup__.stock_location_1121_C_4,Wall Shelving/1121_C_4,Wall Shelving/1121_C_4,__setup__.stock_location_wall_shelving,stock.warehouse0,internal,base.main_company
__setup__.stock_location_1121_C_5,Wall Shelving/1121_C_5,Wall Shelving/1121_C_5,__setup__.stock_location_wall_shelving,stock.warehouse0,internal,base.main_company
__setup__.stock_location_1121_D_1,Wall Shelving/1121_D_1,Wall Shelving/1121_D_1,__setup__.stock_location_wall_shelving,stock.warehouse0,internal,base.main_company
__setup__.stock_location_1121_D_2,Wall Shelving/1121_D_2,Wall Shelving/1121_D_2,__setup__.stock_location_wall_shelving,stock.warehouse0,internal,base.main_company
__setup__.stock_location_1121_D_3,Wall Shelving/1121_D_3,Wall Shelving/1121_D_3,__setup__.stock_location_wall_shelving,stock.warehouse0,internal,base.main_company
__setup__.stock_location_1121_D_4,Wall Shelving/1121_D_4,Wall Shelving/1121_D_4,__setup__.stock_location_wall_shelving,stock.warehouse0,internal,base.main_company
__setup__.stock_location_1121_D_5,Wall Shelving/1121_D_5,Wall Shelving/1121_D_5,__setup__.stock_location_wall_shelving,stock.warehouse0,internal,base.main_company
__setup__.stock_location_1121_E_1,Wall Shelving/1121_E_1,Wall Shelving/1121_E_1,__setup__.stock_location_wall_shelving,stock.warehouse0,internal,base.main_company
__setup__.stock_location_1121_E_2,Wall Shelving/1121_E_2,Wall Shelving/1121_E_2,__setup__.stock_location_wall_shelving,stock.warehouse0,internal,base.main_company
__setup__.stock_location_1121_E_3,Wall Shelving/1121_E_3,Wall Shelving/1121_E_3,__setup__.stock_location_wall_shelving,stock.warehouse0,internal,base.main_company
__setup__.stock_location_1121_E_4,Wall Shelving/1121_E_4,Wall Shelving/1121_E_4,__setup__.stock_location_wall_shelving,stock.warehouse0,internal,base.main_company
__setup__.stock_location_1121_E_5,Wall Shelving/1121_E_5,Wall Shelving/1121_E_5,__setup__.stock_location_wall_shelving,stock.warehouse0,internal,base.main_company
__setup__.stock_location_1121_F_1,Wall Shelving/1121_F_1,Wall Shelving/1121_F_1,__setup__.stock_location_wall_shelving,stock.warehouse0,internal,base.main_company
__setup__.stock_location_1121_F_2,Wall Shelving/1121_F_2,Wall Shelving/1121_F_2,__setup__.stock_location_wall_shelving,stock.warehouse0,internal,base.main_company
__setup__.stock_location_1121_F_3,Wall Shelving/1121_F_3,Wall Shelving/1121_F_3,__setup__.stock_location_wall_shelving,stock.warehouse0,internal,base.main_company
__setup__.stock_location_1121_F_4,Wall Shelving/1121_F_4,Wall Shelving/1121_F_4,__setup__.stock_location_wall_shelving,stock.warehouse0,internal,base.main_company
__setup__.stock_location_1121_F_5,Wall Shelving/1121_F_5,Wall Shelving/1121_F_5,__setup__.stock_location_wall_shelving,stock.warehouse0,internal,base.main_company
__setup__.stock_location_1121_G_1,Wall Shelving/1121_G_1,Wall Shelving/1121_G_1,__setup__.stock_location_wall_shelving,stock.warehouse0,internal,base.main_company
__setup__.stock_location_1121_G_2,Wall Shelving/1121_G_2,Wall Shelving/1121_G_2,__setup__.stock_location_wall_shelving,stock.warehouse0,internal,base.main_company
__setup__.stock_location_1121_G_3,Wall Shelving/1121_G_3,Wall Shelving/1121_G_3,__setup__.stock_location_wall_shelving,stock.warehouse0,internal,base.main_company
__setup__.stock_location_1121_G_4,Wall Shelving/1121_G_4,Wall Shelving/1121_G_4,__setup__.stock_location_wall_shelving,stock.warehouse0,internal,base.main_company
__setup__.stock_location_1121_G_5,Wall Shelving/1121_G_5,Wall Shelving/1121_G_5,__setup__.stock_location_wall_shelving,stock.warehouse0,internal,base.main_company
__setup__.stock_location_1122_A_1,Wall Shelving/1122_A_1,Wall Shelving/1122_A_1,__setup__.stock_location_wall_shelving,stock.warehouse0,internal,base.main_company
__setup__.stock_location_1122_A_2,Wall Shelving/1122_A_2,Wall Shelving/1122_A_2,__setup__.stock_location_wall_shelving,stock.warehouse0,internal,base.main_company
__setup__.stock_location_1122_A_3,Wall Shelving/1122_A_3,Wall Shelving/1122_A_3,__setup__.stock_location_wall_shelving,stock.warehouse0,internal,base.main_company
__setup__.stock_location_1122_A_4,Wall Shelving/1122_A_4,Wall Shelving/1122_A_4,__setup__.stock_location_wall_shelving,stock.warehouse0,internal,base.main_company
__setup__.stock_location_1122_A_5,Wall Shelving/1122_A_5,Wall Shelving/1122_A_5,__setup__.stock_location_wall_shelving,stock.warehouse0,internal,base.main_company
__setup__.stock_location_1122_B_1,Wall Shelving/1122_B_1,Wall Shelving/1122_B_1,__setup__.stock_location_wall_shelving,stock.warehouse0,internal,base.main_company
__setup__.stock_location_1122_B_2,Wall Shelving/1122_B_2,Wall Shelving/1122_B_2,__setup__.stock_location_wall_shelving,stock.warehouse0,internal,base.main_company
__setup__.stock_location_1122_B_3,Wall Shelving/1122_B_3,Wall Shelving/1122_B_3,__setup__.stock_location_wall_shelving,stock.warehouse0,internal,base.main_company
__setup__.stock_location_1122_B_4,Wall Shelving/1122_B_4,Wall Shelving/1122_B_4,__setup__.stock_location_wall_shelving,stock.warehouse0,internal,base.main_company
__setup__.stock_location_1122_B_5,Wall Shelving/1122_B_5,Wall Shelving/1122_B_5,__setup__.stock_location_wall_shelving,stock.warehouse0,internal,base.main_company
__setup__.stock_location_1122_C_1,Wall Shelving/1122_C_1,Wall Shelving/1122_C_1,__setup__.stock_location_wall_shelving,stock.warehouse0,internal,base.main_company
__setup__.stock_location_1122_C_2,Wall Shelving/1122_C_2,Wall Shelving/1122_C_2,__setup__.stock_location_wall_shelving,stock.warehouse0,internal,base.main_company
__setup__.stock_location_1122_C_3,Wall Shelving/1122_C_3,Wall Shelving/1122_C_3,__setup__.stock_location_wall_shelving,stock.warehouse0,internal,base.main_company
__setup__.stock_location_1122_C_4,Wall Shelving/1122_C_4,Wall Shelving/1122_C_4,__setup__.stock_location_wall_shelving,stock.warehouse0,internal,base.main_company
__setup__.stock_location_1122_C_5,Wall Shelving/1122_C_5,Wall Shelving/1122_C_5,__setup__.stock_location_wall_shelving,stock.warehouse0,internal,base.main_company
__setup__.stock_location_1122_D_1,Wall Shelving/1122_D_1,Wall Shelving/1122_D_1,__setup__.stock_location_wall_shelving,stock.warehouse0,internal,base.main_company
__setup__.stock_location_1122_D_2,Wall Shelving/1122_D_2,Wall Shelving/1122_D_2,__setup__.stock_location_wall_shelving,stock.warehouse0,internal,base.main_company
__setup__.stock_location_1122_D_3,Wall Shelving/1122_D_3,Wall Shelving/1122_D_3,__setup__.stock_location_wall_shelving,stock.warehouse0,internal,base.main_company
__setup__.stock_location_1122_D_4,Wall Shelving/1122_D_4,Wall Shelving/1122_D_4,__setup__.stock_location_wall_shelving,stock.warehouse0,internal,base.main_company
__setup__.stock_location_1122_D_5,Wall Shelving/1122_D_5,Wall Shelving/1122_D_5,__setup__.stock_location_wall_shelving,stock.warehouse0,internal,base.main_company
__setup__.stock_location_1122_E_1,Wall Shelving/1122_E_1,Wall Shelving/1122_E_1,__setup__.stock_location_wall_shelving,stock.warehouse0,internal,base.main_company
__setup__.stock_location_1122_E_2,Wall Shelving/1122_E_2,Wall Shelving/1122_E_2,__setup__.stock_location_wall_shelving,stock.warehouse0,internal,base.main_company
__setup__.stock_location_1122_E_3,Wall Shelving/1122_E_3,Wall Shelving/1122_E_3,__setup__.stock_location_wall_shelving,stock.warehouse0,internal,base.main_company
__setup__.stock_location_1122_E_4,Wall Shelving/1122_E_4,Wall Shelving/1122_E_4,__setup__.stock_location_wall_shelving,stock.warehouse0,internal,base.main_company
__setup__.stock_location_1122_E_5,Wall Shelving/1122_E_5,Wall Shelving/1122_E_5,__setup__.stock_location_wall_shelving,stock.warehouse0,internal,base.main_company
__setup__.stock_location_1122_F_1,Wall Shelving/1122_F_1,Wall Shelving/1122_F_1,__setup__.stock_location_wall_shelving,stock.warehouse0,internal,base.main_company
__setup__.stock_location_1122_F_2,Wall Shelving/1122_F_2,Wall Shelving/1122_F_2,__setup__.stock_location_wall_shelving,stock.warehouse0,internal,base.main_company
__setup__.stock_location_1122_F_3,Wall Shelving/1122_F_3,Wall Shelving/1122_F_3,__setup__.stock_location_wall_shelving,stock.warehouse0,internal,base.main_company
__setup__.stock_location_1122_F_4,Wall Shelving/1122_F_4,Wall Shelving/1122_F_4,__setup__.stock_location_wall_shelving,stock.warehouse0,internal,base.main_company
__setup__.stock_location_1122_F_5,Wall Shelving/1122_F_5,Wall Shelving/1122_F_5,__setup__.stock_location_wall_shelving,stock.warehouse0,internal,base.main_company
__setup__.stock_location_1122_G_1,Wall Shelving/1122_G_1,Wall Shelving/1122_G_1,__setup__.stock_location_wall_shelving,stock.warehouse0,internal,base.main_company
__setup__.stock_location_1122_G_2,Wall Shelving/1122_G_2,Wall Shelving/1122_G_2,__setup__.stock_location_wall_shelving,stock.warehouse0,internal,base.main_company
__setup__.stock_location_1122_G_3,Wall Shelving/1122_G_3,Wall Shelving/1122_G_3,__setup__.stock_location_wall_shelving,stock.warehouse0,internal,base.main_company
__setup__.stock_location_1122_G_4,Wall Shelving/1122_G_4,Wall Shelving/1122_G_4,__setup__.stock_location_wall_shelving,stock.warehouse0,internal,base.main_company
__setup__.stock_location_1122_G_5,Wall Shelving/1122_G_5,Wall Shelving/1122_G_5,__setup__.stock_location_wall_shelving,stock.warehouse0,internal,base.main_company
__setup__.stock_location_1123_A_1,Wall Shelving/1123_A_1,Wall Shelving/1123_A_1,__setup__.stock_location_wall_shelving,stock.warehouse0,internal,base.main_company
__setup__.stock_location_1123_A_2,Wall Shelving/1123_A_2,Wall Shelving/1123_A_2,__setup__.stock_location_wall_shelving,stock.warehouse0,internal,base.main_company
__setup__.stock_location_1123_A_3,Wall Shelving/1123_A_3,Wall Shelving/1123_A_3,__setup__.stock_location_wall_shelving,stock.warehouse0,internal,base.main_company
__setup__.stock_location_1123_A_4,Wall Shelving/1123_A_4,Wall Shelving/1123_A_4,__setup__.stock_location_wall_shelving,stock.warehouse0,internal,base.main_company
__setup__.stock_location_1123_A_5,Wall Shelving/1123_A_5,Wall Shelving/1123_A_5,__setup__.stock_location_wall_shelving,stock.warehouse0,internal,base.main_company
__setup__.stock_location_1123_B_1,Wall Shelving/1123_B_1,Wall Shelving/1123_B_1,__setup__.stock_location_wall_shelving,stock.warehouse0,internal,base.main_company
__setup__.stock_location_1123_B_2,Wall Shelving/1123_B_2,Wall Shelving/1123_B_2,__setup__.stock_location_wall_shelving,stock.warehouse0,internal,base.main_company
__setup__.stock_location_1123_B_3,Wall Shelving/1123_B_3,Wall Shelving/1123_B_3,__setup__.stock_location_wall_shelving,stock.warehouse0,internal,base.main_company
__setup__.stock_location_1123_B_4,Wall Shelving/1123_B_4,Wall Shelving/1123_B_4,__setup__.stock_location_wall_shelving,stock.warehouse0,internal,base.main_company
__setup__.stock_location_1123_B_5,Wall Shelving/1123_B_5,Wall Shelving/1123_B_5,__setup__.stock_location_wall_shelving,stock.warehouse0,internal,base.main_company
__setup__.stock_location_1123_C_1,Wall Shelving/1123_C_1,Wall Shelving/1123_C_1,__setup__.stock_location_wall_shelving,stock.warehouse0,internal,base.main_company
__setup__.stock_location_1123_C_2,Wall Shelving/1123_C_2,Wall Shelving/1123_C_2,__setup__.stock_location_wall_shelving,stock.warehouse0,internal,base.main_company
__setup__.stock_location_1123_C_3,Wall Shelving/1123_C_3,Wall Shelving/1123_C_3,__setup__.stock_location_wall_shelving,stock.warehouse0,internal,base.main_company
__setup__.stock_location_1123_C_4,Wall Shelving/1123_C_4,Wall Shelving/1123_C_4,__setup__.stock_location_wall_shelving,stock.warehouse0,internal,base.main_company
__setup__.stock_location_1123_C_5,Wall Shelving/1123_C_5,Wall Shelving/1123_C_5,__setup__.stock_location_wall_shelving,stock.warehouse0,internal,base.main_company
__setup__.stock_location_1123_D_1,Wall Shelving/1123_D_1,Wall Shelving/1123_D_1,__setup__.stock_location_wall_shelving,stock.warehouse0,internal,base.main_company
__setup__.stock_location_1123_D_2,Wall Shelving/1123_D_2,Wall Shelving/1123_D_2,__setup__.stock_location_wall_shelving,stock.warehouse0,internal,base.main_company
__setup__.stock_location_1123_D_3,Wall Shelving/1123_D_3,Wall Shelving/1123_D_3,__setup__.stock_location_wall_shelving,stock.warehouse0,internal,base.main_company
__setup__.stock_location_1123_D_4,Wall Shelving/1123_D_4,Wall Shelving/1123_D_4,__setup__.stock_location_wall_shelving,stock.warehouse0,internal,base.main_company
__setup__.stock_location_1123_D_5,Wall Shelving/1123_D_5,Wall Shelving/1123_D_5,__setup__.stock_location_wall_shelving,stock.warehouse0,internal,base.main_company
__setup__.stock_location_1123_E_1,Wall Shelving/1123_E_1,Wall Shelving/1123_E_1,__setup__.stock_location_wall_shelving,stock.warehouse0,internal,base.main_company
__setup__.stock_location_1123_E_2,Wall Shelving/1123_E_2,Wall Shelving/1123_E_2,__setup__.stock_location_wall_shelving,stock.warehouse0,internal,base.main_company
__setup__.stock_location_1123_E_3,Wall Shelving/1123_E_3,Wall Shelving/1123_E_3,__setup__.stock_location_wall_shelving,stock.warehouse0,internal,base.main_company
__setup__.stock_location_1123_E_4,Wall Shelving/1123_E_4,Wall Shelving/1123_E_4,__setup__.stock_location_wall_shelving,stock.warehouse0,internal,base.main_company
__setup__.stock_location_1123_E_5,Wall Shelving/1123_E_5,Wall Shelving/1123_E_5,__setup__.stock_location_wall_shelving,stock.warehouse0,internal,base.main_company
__setup__.stock_location_1123_F_1,Wall Shelving/1123_F_1,Wall Shelving/1123_F_1,__setup__.stock_location_wall_shelving,stock.warehouse0,internal,base.main_company
__setup__.stock_location_1123_F_2,Wall Shelving/1123_F_2,Wall Shelving/1123_F_2,__setup__.stock_location_wall_shelving,stock.warehouse0,internal,base.main_company
__setup__.stock_location_1123_F_3,Wall Shelving/1123_F_3,Wall Shelving/1123_F_3,__setup__.stock_location_wall_shelving,stock.warehouse0,internal,base.main_company
__setup__.stock_location_1123_F_4,Wall Shelving/1123_F_4,Wall Shelving/1123_F_4,__setup__.stock_location_wall_shelving,stock.warehouse0,internal,base.main_company
__setup__.stock_location_1123_F_5,Wall Shelving/1123_F_5,Wall Shelving/1123_F_5,__setup__.stock_location_wall_shelving,stock.warehouse0,internal,base.main_company
__setup__.stock_location_1123_G_1,Wall Shelving/1123_G_1,Wall Shelving/1123_G_1,__setup__.stock_location_wall_shelving,stock.warehouse0,internal,base.main_company
__setup__.stock_location_1123_G_2,Wall Shelving/1123_G_2,Wall Shelving/1123_G_2,__setup__.stock_location_wall_shelving,stock.warehouse0,internal,base.main_company
__setup__.stock_location_1123_G_3,Wall Shelving/1123_G_3,Wall Shelving/1123_G_3,__setup__.stock_location_wall_shelving,stock.warehouse0,internal,base.main_company
__setup__.stock_location_1123_G_4,Wall Shelving/1123_G_4,Wall Shelving/1123_G_4,__setup__.stock_location_wall_shelving,stock.warehouse0,internal,base.main_company
__setup__.stock_location_1123_G_5,Wall Shelving/1123_G_5,Wall Shelving/1123_G_5,__setup__.stock_location_wall_shelving,stock.warehouse0,internal,base.main_company
__setup__.stock_location_1124_A_1,Wall Shelving/1124_A_1,Wall Shelving/1124_A_1,__setup__.stock_location_wall_shelving,stock.warehouse0,internal,base.main_company
__setup__.stock_location_1124_A_2,Wall Shelving/1124_A_2,Wall Shelving/1124_A_2,__setup__.stock_location_wall_shelving,stock.warehouse0,internal,base.main_company
__setup__.stock_location_1124_A_3,Wall Shelving/1124_A_3,Wall Shelving/1124_A_3,__setup__.stock_location_wall_shelving,stock.warehouse0,internal,base.main_company
__setup__.stock_location_1124_A_4,Wall Shelving/1124_A_4,Wall Shelving/1124_A_4,__setup__.stock_location_wall_shelving,stock.warehouse0,internal,base.main_company
__setup__.stock_location_1124_A_5,Wall Shelving/1124_A_5,Wall Shelving/1124_A_5,__setup__.stock_location_wall_shelving,stock.warehouse0,internal,base.main_company
__setup__.stock_location_1124_B_1,Wall Shelving/1124_B_1,Wall Shelving/1124_B_1,__setup__.stock_location_wall_shelving,stock.warehouse0,internal,base.main_company
__setup__.stock_location_1124_B_2,Wall Shelving/1124_B_2,Wall Shelving/1124_B_2,__setup__.stock_location_wall_shelving,stock.warehouse0,internal,base.main_company
__setup__.stock_location_1124_B_3,Wall Shelving/1124_B_3,Wall Shelving/1124_B_3,__setup__.stock_location_wall_shelving,stock.warehouse0,internal,base.main_company
__setup__.stock_location_1124_B_4,Wall Shelving/1124_B_4,Wall Shelving/1124_B_4,__setup__.stock_location_wall_shelving,stock.warehouse0,internal,base.main_company
__setup__.stock_location_1124_B_5,Wall Shelving/1124_B_5,Wall Shelving/1124_B_5,__setup__.stock_location_wall_shelving,stock.warehouse0,internal,base.main_company
__setup__.stock_location_1124_C_1,Wall Shelving/1124_C_1,Wall Shelving/1124_C_1,__setup__.stock_location_wall_shelving,stock.warehouse0,internal,base.main_company
__setup__.stock_location_1124_C_2,Wall Shelving/1124_C_2,Wall Shelving/1124_C_2,__setup__.stock_location_wall_shelving,stock.warehouse0,internal,base.main_company
__setup__.stock_location_1124_C_3,Wall Shelving/1124_C_3,Wall Shelving/1124_C_3,__setup__.stock_location_wall_shelving,stock.warehouse0,internal,base.main_company
__setup__.stock_location_1124_C_4,Wall Shelving/1124_C_4,Wall Shelving/1124_C_4,__setup__.stock_location_wall_shelving,stock.warehouse0,internal,base.main_company
__setup__.stock_location_1124_C_5,Wall Shelving/1124_C_5,Wall Shelving/1124_C_5,__setup__.stock_location_wall_shelving,stock.warehouse0,internal,base.main_company
__setup__.stock_location_1124_D_1,Wall Shelving/1124_D_1,Wall Shelving/1124_D_1,__setup__.stock_location_wall_shelving,stock.warehouse0,internal,base.main_company
__setup__.stock_location_1124_D_2,Wall Shelving/1124_D_2,Wall Shelving/1124_D_2,__setup__.stock_location_wall_shelving,stock.warehouse0,internal,base.main_company
__setup__.stock_location_1124_D_3,Wall Shelving/1124_D_3,Wall Shelving/1124_D_3,__setup__.stock_location_wall_shelving,stock.warehouse0,internal,base.main_company
__setup__.stock_location_1124_D_4,Wall Shelving/1124_D_4,Wall Shelving/1124_D_4,__setup__.stock_location_wall_shelving,stock.warehouse0,internal,base.main_company
__setup__.stock_location_1124_D_5,Wall Shelving/1124_D_5,Wall Shelving/1124_D_5,__setup__.stock_location_wall_shelving,stock.warehouse0,internal,base.main_company
__setup__.stock_location_1124_E_1,Wall Shelving/1124_E_1,Wall Shelving/1124_E_1,__setup__.stock_location_wall_shelving,stock.warehouse0,internal,base.main_company
__setup__.stock_location_1124_E_2,Wall Shelving/1124_E_2,Wall Shelving/1124_E_2,__setup__.stock_location_wall_shelving,stock.warehouse0,internal,base.main_company
__setup__.stock_location_1124_E_3,Wall Shelving/1124_E_3,Wall Shelving/1124_E_3,__setup__.stock_location_wall_shelving,stock.warehouse0,internal,base.main_company
__setup__.stock_location_1124_E_4,Wall Shelving/1124_E_4,Wall Shelving/1124_E_4,__setup__.stock_location_wall_shelving,stock.warehouse0,internal,base.main_company
__setup__.stock_location_1124_E_5,Wall Shelving/1124_E_5,Wall Shelving/1124_E_5,__setup__.stock_location_wall_shelving,stock.warehouse0,internal,base.main_company
__setup__.stock_location_1124_F_1,Wall Shelving/1124_F_1,Wall Shelving/1124_F_1,__setup__.stock_location_wall_shelving,stock.warehouse0,internal,base.main_company
__setup__.stock_location_1124_F_2,Wall Shelving/1124_F_2,Wall Shelving/1124_F_2,__setup__.stock_location_wall_shelving,stock.warehouse0,internal,base.main_company
__setup__.stock_location_1124_F_3,Wall Shelving/1124_F_3,Wall Shelving/1124_F_3,__setup__.stock_location_wall_shelving,stock.warehouse0,internal,base.main_company
__setup__.stock_location_1124_F_4,Wall Shelving/1124_F_4,Wall Shelving/1124_F_4,__setup__.stock_location_wall_shelving,stock.warehouse0,internal,base.main_company
__setup__.stock_location_1124_F_5,Wall Shelving/1124_F_5,Wall Shelving/1124_F_5,__setup__.stock_location_wall_shelving,stock.warehouse0,internal,base.main_company
__setup__.stock_location_1124_G_1,Wall Shelving/1124_G_1,Wall Shelving/1124_G_1,__setup__.stock_location_wall_shelving,stock.warehouse0,internal,base.main_company
__setup__.stock_location_1124_G_2,Wall Shelving/1124_G_2,Wall Shelving/1124_G_2,__setup__.stock_location_wall_shelving,stock.warehouse0,internal,base.main_company
__setup__.stock_location_1124_G_3,Wall Shelving/1124_G_3,Wall Shelving/1124_G_3,__setup__.stock_location_wall_shelving,stock.warehouse0,internal,base.main_company
__setup__.stock_location_1124_G_4,Wall Shelving/1124_G_4,Wall Shelving/1124_G_4,__setup__.stock_location_wall_shelving,stock.warehouse0,internal,base.main_company
__setup__.stock_location_1124_G_5,Wall Shelving/1124_G_5,Wall Shelving/1124_G_5,__setup__.stock_location_wall_shelving,stock.warehouse0,internal,base.main_company
