attribute_id,name,sequence,code
Additional Features,4G LTE,10,4g_lte
Additional Features,CAN Bus,20,can_bus
Additional Features,CEC,30,cec
Additional Features,DIO,40,dio
Additional Features,GPU Expansion,50,gpu_expansion
Additional Features,Ignition Sensing,60,ignition_sensing
Additional Features,Remote Management: Intel vPro,70,remote_management:_intel_vpro
Additional Features,User-Programmable OnLogic Microcontroller (MCU),,userprogrammable_onlogic_microcontroller_mcu
Additional Features,Automotive Ignition Power Sensing,,automotive_ignition_power_sensing
Additional Features,Onboard TPM 2.0 module (Infineon SLB9672),,onboard_tpm_20_module_infineon_slb9672
Brand,AMD,10,amd
Brand,Apacer,20,apacer
Brand,Artesyn,30,artesyn
Brand,ASRock,40,asrock
Brand,AWS,50,aws
Brand,Cincoze,60,cincoze
Brand,CoolJag,70,cooljag
Brand,Extrovert,90,extrovert
Brand,Google,100,google
Brand,IGEL,110,igel
Brand,Inductive Automation,120,inductive_automation
Brand,Innodisk,130,innodisk
Brand,Intel,140,intel
Brand,Jetway,150,jetway
Brand,Kingston,160,kingston
Brand,Mean Well,170,mean_well
Brand,Microsoft,180,microsoft
Brand,Mitac,190,mitac
Brand,MSI,210,msi
Brand,Neousys,220,neousys
Brand,Nvidia,230,nvidia
Brand,OnLogic,240,onlogic
Brand,Phoenix,250,phoenix
Brand,PicoPSU,260,picopsu
Brand,PNY,270,pny
Brand,Samsung,280,samsung
Brand,Seagate,290,seagate
Brand,Seasonic,300,seasonic
Brand,SparkLAN,310,sparklan
Brand,Sparkle,320,sparkle
Brand,Super Silence,330,super_silence
Brand,Taoglas,340,taoglas
Brand,Thinmanager,350,thinmanager
Brand,Transcend,360,transcend
Brand,Unex,370,unex
Brand,Western Digital,380,western_digital
Brand,Wingsonic Ltd.,390,wingsonic_ltd
Brand,Zotac,400,zotac
Cable Connectors,3-pin Fan Header,10,3pin_fan_header
Cable Connectors,4-pin Fan Connector,20,4pin_fan_connector
Cable Connectors,ATX 20-pin,30,atx_20pin
Cable Connectors,ATX 24-pin,40,atx_24pin
Cable Connectors,Berg,50,berg
Cable Connectors,DB9,60,db9
Cable Connectors,DC Jack,70,dc_jack
Cable Connectors,DisplayPort,80,displayport
Cable Connectors,DVI-D,90,dvid
Cable Connectors,DVI-I,100,dvii
Cable Connectors,eSATA,110,esata
Cable Connectors,HDMI,120,hdmi
Cable Connectors,IEC 60320 C16,,iec_60320_c16
Cable Connectors,M12 8-pin,130,m12_8pin
Cable Connectors,Mini-DisplayPort,140,minidisplayport
Cable Connectors,Mini-SAS HD SFF-8643,150,minisas_hd_sff8643
Cable Connectors,Molex,160,molex
Cable Connectors,OCuLink SFF-8611,170,oculink_sff8611
Cable Connectors,P2,180,p2
Cable Connectors,P4,190,p4
Cable Connectors,RJ-45,200,rj45
Cable Connectors,USB,210,usb
Cable Connectors,USB 3.0 Pin Header (2mm),220,usb_30_pin_header_2mm
Cable Connectors,USB Pin Header (2mm),230,usb_pin_header_2mm
Cable Connectors,USB Pin Header (2.54mm),240,usb_pin_header_254mm
Cable Connectors,USB-A,250,usba
Cable Connectors,USB-C,260,usbc
Cable Connectors,SATA,270,sata
Cable Connectors,SATA Power,280,sata_power
Cable Connectors,SATA Locking,290,sata_locking
Cable Connectors,U.FL-R-SMT,300,uflrsmt
Cable Connectors,VGA,310,vga
Cable DC Connector,2-pin Terminal Block,10,2pin_terminal_block
Cable DC Connector,3-pin Terminal Block,20,3pin_terminal_block
Cable DC Connector,4-pin DIN,30,4pin_din
Cable DC Connector,4-pin Mini-DIN,40,4pin_minidin
Cable DC Connector,4-pin Terminal Block,50,4pin_terminal_block
Cable DC Connector,5-pin Terminal Block,60,5pin_terminal_block
Cable DC Connector,5.5 mm OD x 1.7 mm ID,70,55_mm_od_x_17_mm_id
Cable DC Connector,5.5 mm OD x 1.7 mm ID x 11 mm Length,80,55_mm_od_x_17_mm_id_x_11_mm_length
Cable DC Connector,5.5 mm OD x 2.1 mm ID x 12 mm Length,90,55_mm_od_x_21_mm_id_x_12_mm_length
Cable DC Connector,5.5 mm OD x 2.5 mm ID,100,55_mm_od_x_25_mm_id
Cable DC Connector,5.5 mm x 2.5 mm Locking,110,55_mm_x_25_mm_locking
Cable DC Connector,6-pin Molex,120,6pin_molex
Cable DC Connector,7.4 mm OD x 0.6 mm ID,130,74_mm_od_x_06_mm_id
Cable DC Connector,7.4 mm OD x 5 mm ID,140,74_mm_od_x_5_mm_id
Cable DC Connector,Molex 39-01-2085,,molex_39012085
Cable Type,Adapter cable,10,adapter_cable
Cable Type,IDE cable,20,ide_cable
Cable Type,I/O cable,30,io_cable
Cable Type,Pin header cable,40,pin_header_cable
Cable Type,Power cable,50,power_cable
Cable Type,SATA data cable,60,sata_data_cable
Cable Type,SATA power cable,70,sata_power_cable
Case Color,Black,10,black
Case Color,Black and Gray,20,black_and_gray
Case Color,Black and Silver,30,black_and_silver
Case Color,Gray,40,gray
Case Color,Orange,50,orange
Case Color,Orange and Silver,60,orange_and_silver
Case Color,Red,70,red
Case Color,Silver,80,silver
Case Material,Aluminum,10,aluminum
Case Material,Aluminum Extrusion,20,aluminum_extrusion
Case Material,Cast Aluminum,30,cast_aluminum
Case Material,Plastic,40,plastic
Case Material,Steel,50,steel
Case Mounting Options,"VESA Mount (MIS-D 75, 100)",60,vesa_mount_misd_75_100
Case Mounting Options,"VESA Mount (included) (MIS-D 75, 100)",110,vesa_mount_included_misd_75_100
Case Mounting Options,"VESA Mount (with bracket) (MIS-D 75, 100)",160,vesa_mount_with_bracket_misd_75_100
Case Mounting Options,DIN Mount,10,din_mount
Case Mounting Options,DIN Mount (included),20,din_mount_included
Case Mounting Options,Rackmount,30,rackmount
Case Mounting Options,VESA Mount,40,vesa_mount
Case Mounting Options,VESA Mount (MIS-D 75),50,vesa_mount_misd_75
Case Mounting Options,VESA Mount (MIS-D 100),70,vesa_mount_misd_100
Case Mounting Options,VESA Mount (MIS-D 200),80,vesa_mount_misd_200
Case Mounting Options,VESA Mount (included),90,vesa_mount_included
Case Mounting Options,VESA Mount (included) (MIS-D 75),100,vesa_mount_included_misd_75
Case Mounting Options,VESA Mount (included) (MIS-D 100),120,vesa_mount_included_misd_100
Case Mounting Options,VESA Mount (included) (MIS-D 200),130,vesa_mount_included_misd_200
Case Mounting Options,VESA Mount (with bracket),140,vesa_mount_with_bracket
Case Mounting Options,VESA Mount (with bracket) (MIS-D 75),150,vesa_mount_with_bracket_misd_75
Case Mounting Options,VESA Mount (with bracket) (MIS-D 100),170,vesa_mount_with_bracket_misd_100
Case Mounting Options,VESA Mount (with bracket) (MIS-D 200),180,vesa_mount_with_bracket_misd_200
Case Mounting Options,Wall Mount,190,wall_mount
Case Mounting Options,Wall Mount (included),200,wall_mount_included
Case Mounting Options,Wall Mount (kit included),210,wall_mount_kit_included
Case Mounting Options,Wall Mount (with damping bracket),220,wall_mount_with_damping_bracket
Case Port Punchouts,1 Antenna Hole,10,1_antenna_hole
Case Port Punchouts,2 Antenna Holes,20,2_antenna_holes
Case Port Punchouts,3 Antenna Holes,30,3_antenna_holes
Case Port Punchouts,4 Antenna Holes,40,4_antenna_holes
Case Port Punchouts,5 Antenna Holes,50,5_antenna_holes
Case Port Punchouts,6 Antenna Holes,60,6_antenna_holes
Case Port Punchouts,8 Antenna Holes,65,8_antenna_holes
Case Port Punchouts,12 Antenna Holes,70,12_antenna_holes
Case Port Punchouts,1 Serial,80,1_serial
Case Port Punchouts,2 Serial,90,2_serial
Case Port Punchouts,1 USB,100,1_usb
Case Port Punchouts,2 USB,110,2_usb
Case Port Punchouts,DC Jack,120,dc_jack
Case Port Punchouts,7x SMA Punchouts,130,7x_sma_punchouts
Case Type (Chassis),Automotive,10,automotive
Case Type (Chassis),Compact,20,compact
Case Type (Chassis),Customizable,30,customizable
Case Type (Chassis),Expandable,40,expandable
Case Type (Chassis),Fanless,50,fanless
Case Type (Chassis),Modular,60,modular
Case Type (Chassis),Rackmount,70,rackmount
Case Type (Chassis),Ruggedized,80,ruggedized
Case Type (Chassis),Storage-Oriented,90,storageoriented
Classification,AC Adapter,10,1aeee461-21b3-428e-8024-b3230d0db9ae
Classification,Accessories,20,a0537563-651d-439e-afb6-83e8cc304d6e
Classification,Add,30,0b9a12d1-dde5-4955-8600-a609d10a8da1
Classification,Additional Cables,40,2bba4056-1c6a-4063-b17e-bc53e926a260
Classification,Additional SIM,50,06ca54c9-affe-4aca-ae1c-b5bafa22aad8
Classification,Additional Storage,60,507f4bed-9508-4552-a8e6-82e6a8ae4c92
Classification,Add-on Module,70,a89ff3e4-193c-484d-b93e-a745777a761e
Classification,Antennas,80,af3a309a-26d9-4b1d-9118-23274c1a36a1
Classification,Assembly and Validation,90,57527665-eb36-41fe-ab26-63ae6ff311b0
Classification,BIOS,100,64ae4d99-e3af-4763-bbe6-c858d912eea2
Classification,Case,110,043cbd22-b0bf-432b-8590-fb85ba583119
Classification,Case Component,120,f2221929-cb42-4008-898b-5e639f60822f
Classification,Discrete GPU,130,a2fc90ba-0234-4fbe-a04f-ae25f87c2fc0
Classification,Display,140,61f072a8-659d-4cc6-8c5e-93a4892fe4e2
Classification,Documentation,150,c9c4c931-1225-4de9-965d-4a82d384a4cd
Classification,Expansion,160,07ae5352-0011-48f2-b270-9022c75a8f55
Classification,Hardware Setting,170,35a8bf37-f971-4b4b-8d2d-3994a05c9046
Classification,Hidden,180,0a1acf59-4b28-4061-8539-6915a9a08a4f
Classification,Hot Swap as Primary Storage,190,2c363869-c8b5-45d8-adea-f6176a20cddb
Classification,Hot Swap Storage,200,7dcdcd8c-cfd8-4b06-abbb-f64c5931c293
Classification,Inserts,210,59b916ed-2348-4ad4-9a56-3d2adbc768a1
Classification,Internal Cabling 1,220,5fb6ebac-ab61-42d4-a6d0-1ec8da7fb7c3
Classification,Internal Cabling 2,230,c65a9c33-e580-4dd4-a81c-f8c3a3614f4f
Classification,Internal PSU,240,e1d6e09e-b0be-4353-ab75-6536c5304448
Classification,Memory (RAM),250,fe9f3d04-d80c-4726-a6fa-e491ef3663e5
Classification,Motherboard,260,e4a62efd-30db-4626-a921-e30ebf5a758e
Classification,Mounting Brackets,270,63c28ecf-be99-427c-86f4-81435c21af0d
Classification,N/A,280,5e42fd7b-2799-4df9-bc96-51753d3087f8
Classification,Operating System,290,69bc284a-bb25-4b7a-bf47-a2c1b7304e00
Classification,Packaging,300,6114cb9e-8925-4812-82e3-6cfb882f7a7c
Classification,Prep,310,3388f4a3-2da3-4a04-9df8-3032fbf4a6a0
Classification,Primary SIM,320,ef82edf7-d253-44aa-8e8d-ddc3f95c5572
Classification,Primary Storage,330,dfbe6c1f-e500-4545-be38-e8eff9fbd50c
Classification,Processor,340,b8c9714e-2d44-4117-ae87-2d4de266b752
Classification,Testing Service,350,95900389-8cb3-4eaf-a5a4-266203bfdf97
Classification,Timings,360,10869643-62fe-42e7-9c95-dd4e46d1ed8c
Classification,Warranty,370,f2ec8f39-128e-490c-a394-35f5063067ce
Classification,Wireless Connectivity,380,e48cef2d-c7c6-4658-9d64-d188b34543c6
Connectivity,HSDPA+,90,hsdpa
Connectivity,HSPA+,100,hspa
Connectivity,UMTS/DC-HSPA+,150,umtsdchspa
Connectivity,2G,10,2g
Connectivity,3G,20,3g
Connectivity,3.75G,30,375g
Connectivity,4G LTE,40,4g_lte
Connectivity,Bluetooth,50,bluetooth
Connectivity,EGPRS,60,egprs
Connectivity,GPS,70,gps
Connectivity,GSM,80,gsm
Connectivity,LTE,110,lte
Connectivity,LTE-A,120,ltea
Connectivity,SMS,130,sms
Connectivity,UMTS,140,umts
Connectivity,VoLTE,160,volte
Connectivity,Wi-Fi,170,wifi
Connectivity,ZigBee,180,zigbee
Cooling Type,Fanless,10,fanless
Cooling Type,Actively Cooled,20,actively_cooled
Cooling Type,Hybrid Fanless/Actively Cooled,30,hybrid_fanlessactively_cooled
Data Rate,Cat 4 (150 Mb/s DL&#44; 50 Mb/s UL),10,cat_4_150_mbs_dl_44_50_mbs_ul
Data Rate,Cat 6 (300 Mb/s DL&#44; 50Mb/s UL),20,cat_6_300_mbs_dl_44_50mbs_ul
Data Rate,Cat M1 Half-duplex (300 Kb/s DL&#44; 375Kb/s UL),30,cat_m1_halfduplex_300_kbs_dl_44_375kbs_ul
Data Rate,NB-IoT (27.2 Kb/s DL&#44; 62.5 Kb/s UL),40,nbiot_272_kbs_dl_44_625_kbs_ul
Display Aspect Ratio,~17:9,10,~17:9
Display Aspect Ratio,16:10,20,16_10
Display Aspect Ratio,16:09,30,16_9
Display Aspect Ratio,5:04,40,5_4
Display Aspect Ratio,5:03,50,5_3
Display Aspect Ratio,4:03,60,4_3
Display Contrast Ratio,300:01:00,10,300_1
Display Contrast Ratio,350:01:00,20,350_1
Display Contrast Ratio,400:01:00,30,400_1
Display Contrast Ratio,500:01:00,40,500_1
Display Contrast Ratio,600:01:00,50,600_1
Display Contrast Ratio,700:01:00,60,700_1
Display Contrast Ratio,800:01:00,70,800_1
Display Contrast Ratio,1000:01:00,80,1000_1
Display Contrast Ratio,1200:01:00,90,1200_1
Display Contrast Ratio,1300:01:00,100,1300_1
Display Contrast Ratio,1400:01:00,110,1400_1
Display Contrast Ratio,5000:01:00,120,5000_1
Display Mounting Options,"VESA Mount (MIS-D 75, 100)",60,vesa_mount_misd_75_100
Display Mounting Options,"VESA Mount (included) (MIS-D 75, 100)",110,vesa_mount_included_misd_75_100
Display Mounting Options,"VESA Mount (with bracket) (MIS-D 75, 100)",160,vesa_mount_with_bracket_misd_75_100
Display Mounting Options,Panel Mount,10,panel_mount
Display Mounting Options,Panel Mount (10 LVDS clips included with screen),20,panel_mount_10_lvds_clips_included_with_screen
Display Mounting Options,Panel Mount (kit included),30,panel_mount_kit_included
Display Mounting Options,VESA Mount,40,vesa_mount
Display Mounting Options,VESA Mount (MIS-D 75),50,vesa_mount_misd_75
Display Mounting Options,VESA Mount (MIS-D 100),70,vesa_mount_misd_100
Display Mounting Options,VESA Mount (MIS-D 200),80,vesa_mount_misd_200
Display Mounting Options,VESA Mount (included),90,vesa_mount_included
Display Mounting Options,VESA Mount (included) (MIS-D 75),100,vesa_mount_included_misd_75
Display Mounting Options,VESA Mount (included) (MIS-D 100),120,vesa_mount_included_misd_100
Display Mounting Options,VESA Mount (included) (MIS-D 200),130,vesa_mount_included_misd_200
Display Mounting Options,VESA Mount (with bracket),140,vesa_mount_with_bracket
Display Mounting Options,VESA Mount (with bracket) (MIS-D 75),150,vesa_mount_with_bracket_misd_75
Display Mounting Options,VESA Mount (with bracket) (MIS-D 100),170,vesa_mount_with_bracket_misd_100
Display Mounting Options,VESA Mount (with bracket) (MIS-D 200),180,vesa_mount_with_bracket_misd_200
Display Output Type,DisplayPort,10,displayport
Display Output Type,DVI-D Port,20,dvid_port
Display Output Type,DVI-I Port,30,dvii_port
Display Output Type,HDMI,40,hdmi
Display Output Type,VGA,50,vga
Display Resolution,480 x 272,10,480_x_272
Display Resolution,640 x 480 (VGA),20,640_x_480_vga
Display Resolution,800 x 480 (WVGA),30,800_x_480_wvga
Display Resolution,800 x 600 (SVGA),40,800_x_600_svga
Display Resolution,1024 x 600,50,1024_x_600
Display Resolution,1024 x 768 (XGA),60,1024_x_768_xga
Display Resolution,1280 x 1024 (SXGA),70,1280_x_1024_sxga
Display Resolution,1280 x 720 (HD 720),80,1280_x_720_hd_720
Display Resolution,1280 x 768 (WXGA),90,1280_x_768_wxga
Display Resolution,1280 x 800 (WXGA),100,1280_x_800_wxga
Display Resolution,1366 x 768,110,1366_x_768
Display Resolution,1600 x 1200 (UXGA),120,1600_x_1200_uxga
Display Resolution,1920 x 1080 (HD 1080),130,1920_x_1080_hd_1080
Display Resolution,1920 x 1200 (WUXGA),140,1920_x_1200_wuxga
Display Resolution,2048 x 1152,150,2048_x_1152
Display Resolution,2560 x 1440 (QHD),160,2560_x_1440_qhd
Display Resolution,4096 x 2160 (4K),170,4096_x_2160_4k
Display Touchscreen Type,4-Wire Resistive,10,4wire_resistive
Display Touchscreen Type,5-Wire Resistive,20,5wire_resistive
Display Touchscreen Type,5-Wire Resistive or Capacitive,30,5wire_resistive_or_capacitive
Display Touchscreen Type,5-Wire Resistive or Projected Capacitive,40,5wire_resistive_or_projected_capacitive
Display Touchscreen Type,5-Point Capacitive,50,5point_capacitive
Display Touchscreen Type,Capacitive,60,capacitive
Display Touchscreen Type,IR,70,ir
Display Touchscreen Type,None,80,none
Display Touchscreen Type,Projected Capacitive,90,projected_capacitive
Display Touchscreen Type,SAW,100,saw
Drivers Supported,Windows 7,10,windows_7
Drivers Supported,Windows Embedded 7,20,windows_embedded_7
Drivers Supported,Windows 8.1,30,windows_81
Drivers Supported,Windows 10,40,windows_10
Drivers Supported,Ubuntu,50,ubuntu
EU Backorder Status,"Backorder Allowed, Do Not Notify",20,no-notify
EU Backorder Status,"Backorder Allowed, Notify",30,notify
EU Backorder Status,No Backorder,10,no-backorder
EU Lifecycle Status,In Development,10,in_development
EU Lifecycle Status,Coming Soon,20,coming_soon
EU Lifecycle Status,Pre-Order,30,preorder
EU Lifecycle Status,Available,40,available
EU Lifecycle Status,Discontinued,50,discontinued
EU Lifecycle Status,End of Life,60,end_of_life
EU Lifecycle Status,Canceled,70,canceled
EU Product Tax Code,[SE050000] Engineering Services,,8ec17d3f-bb3a-4968-bf3c-4b4d98c94016
EU Product Tax Code,"[PC070000] Hardware, Labor, and Services used in producing a system",,10b4537e-1194-47f4-bbc6-cacb5f867bd0
EU Product Tax Code,[ON020000] Non-Taxable (CAUTION),,e7979bf5-31b6-44c1-b368-57c207075a7d
EU Product Tax Code,[FR020200] Shipping & Freight,,7609216d-5ae7-4375-ad04-d157e5d64fcd
EU Product Tax Code,[DC011000] Software,,5ccc1dd6-091b-407f-96fd-ca4ba9d67c7f
EU Product Tax Code,[S0000000] Standalone Services not used in producing a system,,90b5059d-2658-43b1-b156-7582dcce2f37
EU Product Tax Code,"[SR060000] Support Service, Labor, and Parts",,c8d434ab-efc2-41fd-9779-122ac4e444ab
EU Product Tax Code,[NOTAVATAX2] Taxable Goods,,95cf857e-7161-11e8-89d7-0242ac120002
EU Product Tax Code,[NOTAVATAX7] Taxable Goods EU,,99788c69-137a-49b9-827b-4a50dcb7568a
EU Product Tax Code,[SW019478] Warranty,,4e127d7c-c069-4263-bfec-9ec9bb30e32a
Expansion Mobile Carriers,AT&T,10,at_t
Expansion Mobile Carriers,Verizon,20,verizon
Expansion Mobile Carriers,Vodafone,30,vodafone
Expansion Options,"1 Full-size mPCIe (PCIe x1, USB 2.0)",50,1_fullsize_mpcie_pcie_x1_usb_20
Expansion Options,"1 M.2 2230 E-key (PCIe x1, USB 2.0)",120,1_m2_2230_ekey_pcie_x1_usb_20
Expansion Options,"1 M.2 2230 E-key (PCIe, USB 2.0, CNVi)",130,1_m2_2230_ekey_pcie_usb_20_cnvi
Expansion Options,"1 M.2 2242/60/80 B-key (PCIe x1, USB 3.0, USB 2.0)",200,1_m2_22426080_bkey_pcie_x1_usb_30_usb_20
Expansion Options,"1 M.2 2280 M-key (PCIe x4, SATA)",250,1_m2_2280_mkey_pcie_x4_sata
Expansion Options,"1 M.2 2280 M-key (PCIe Gen 4 x4, SATA)",251,1_m2_2280_mkey_pcie_gen_4_x4_sata
Expansion Options,"1 M.2 2280/3042 B-key (PCIe x2, USB 3.0, SATA)",260,1_m2_22803042_bkey_pcie_x2_usb_30_sata
Expansion Options,"1 M.2 2280/60/3042 B-key (PCIe x2, USB 3.0, SATA)",270,1_m2_2280603042_bkey_pcie_x2_usb_30_sata
Expansion Options,"1 M.2 3042/2260/2280 B-key (PCIe x2, USB 2.0, SATA)",280,1_m2_304222602280_bkey_pcie_x2_usb_20_sata
Expansion Options,"1 M.2 3042/3052 B-key (USB 3.0, USB 2.0)",281,1_m2_30423052_bkey_usb_30_usb_20
Expansion Options,"1 M.2 3042/3052/2260/2280 B-key (PCIe x1, USB 3.0, USB 2.0)",290,1_m2_3042305222602280_bkey_pcie_x1_usb_30_usb_20
Expansion Options,"1 M.2 3042/3052/2280 B-key (PCIe x2, USB 2.0, USB 3.0, SATA)",291,1_m2_304230522280_bkey_pcie_x2_usb_20_usb_30_sata
Expansion Options,"1 M.2 3042/52/2260/80 B-key (PCIe x1, USB 3.0, USB 2.0, SIM)",292,"1_m2_3042/52/2260/80_bkey_pcie_x1,_usb_30,_usb_20,_sim"
Expansion Options,"1 mPCIe (PCIe x1, USB 2.0)",350,1_mpcie_pcie_x1_usb_20
Expansion Options,"1 PCIe x16 slot (optional, supporting x16, x8, and x4 cards)",560,1_pcie_x16_slot_optional_supporting_x16_x8_and_x4_cards
Expansion Options,"2 mPCIe (1 full-size shared with mSATA, 1 full-size with Nano-SIM holder)",740,2_mpcie_1_fullsize_shared_with_msata_1_fullsize_with_nanosim_holder
Expansion Options,"2 mPCIe (full-size, USB signals only)",760,2_mpcie_fullsize_usb_signals_only
Expansion Options,"2 PCIe 3.0 x16 slots (slot4: share with slot3, X16/x8, Slot6: share with slot5, X16/x8)",780,2_pcie_30_x16_slots_slot4_share_with_slot3_x16x8_slot6_share_with_slot5_x16x8
Expansion Options,"2 PCIe x8 slots (optional, supporting x16, x8, and x4 cards)",850,2_pcie_x8_slots_optional_supporting_x16_x8_and_x4_cards
Expansion Options,"3 PCIe 3.0 x8 slots (slot2: x8, slot3: share with slot3, X0/x8, Slot5: share with slot6, X0/x8)",950,3_pcie_30_x8_slots_slot2_x8_slot3_share_with_slot3_x0x8_slot5_share_with_slot6_x0x8
Expansion Options,"7 PCIe Gen 4.0 x16 slots (Slot 2 shared with M.2, OCuLink, and Mini-SAS HD)",1000,7_pcie_gen_40_x16_slots_slot_2_shared_with_m2_oculink_and_minisas_hd
Expansion Options,"M.2 2242/60/80 B-key (PCIe x1, USB 3.0, USB 2.0)",1010,"m.2_2242/60/80_bkey_pcie_x1,_usb_3.0,_usb_2.0"
Expansion Options,"PCIe slots support x4, x8 or x16 cards",1030,pcie_slots_support_x4_x8_or_x16_cards
Expansion Options,1 M.2 2280/2260 M-key (PCIe Gen 3 x1/ SATA III),,1_m2_2280/2260_mkey_pcie_gen_3_x1/_sata_iii
Expansion Options,"1 M.2 2280/3042/3052 B-Key (PCIe Gen 3 x1, USB 3.2, USB 2.0)",,"1_m2_2280/3042/3052_bkey_pcie_gen_3_x1,_usb_32,_usb_20"
Expansion Options,1 M.2 2230 E-key (Wi-Fi) (PCIe x1/ USB 2.0),,1_m2_2230_ekey_wifi_pcie_x1/_usb_20
Expansion Options,3FF-Sim slot (Mapped to the B-Key),,3ffsim_slot_mapped_to_the_bkey
Expansion Options,1 Cincoze Modular I/O slot,10,1_cincoze_modular_io_slot
Expansion Options,1 Cincoze Module slot,20,1_cincoze_module_slot
Expansion Options,1 Full-height mPCIe (shared with mSATA),30,1_fullheight_mpcie_shared_with_msata
Expansion Options,1 Full-size mPCIe,40,1_fullsize_mpcie
Expansion Options,1 Full-size mPCIe (shared with mSATA),60,1_fullsize_mpcie_shared_with_msata
Expansion Options,1 Full-size mPCIe (USB signal only),70,1_fullsize_mpcie_usb_signal_only
Expansion Options,1 Half-size mPCIe,80,1_halfsize_mpcie
Expansion Options,1 Half-size mPCIe (N3710 version only),90,1_halfsize_mpcie_n3710_version_only
Expansion Options,1 Half-size mPCIe (shared with mSATA),100,1_halfsize_mpcie_shared_with_msata
Expansion Options,1 M.2,110,1_m2
Expansion Options,"1 M.2 (Key M, 2242/2260/2280) with PCIe Gen3 x4 for SSD",115,"1_m2_key_m,_2242/2260/2280_with_pcie_gen3_x4_for_ssd"
Expansion Options,"1 M.2 (Key E, 2230) with PCIe x1, USB 2.0 and CNVi for Wireless",120,"1_m2_key_e,_2230_with_pcie_x1,_usb_20_and_cnvi_for_wireless"
Expansion Options,"1 M.2 (Key B, 3042/3052) with PCIe x1, USB 3.2 Gen1, USB 2.0 and SIM for 4G/5G",125,"1_m2_key_b,_3042/3052_with_pcie_x1,_usb_32_gen1,_usb_20_and_sim_for_4g/5g"
Expansion Options,1 M.2 2230 E-key,130,1_m2_2230_ekey
Expansion Options,1 M.2 2230 E-key (Pre-populated with Intel wireless card),140,1_m2_2230_ekey_prepopulated_with_intel_wireless_card
Expansion Options,1 M.2 2230 slot,150,1_m2_2230_slot
Expansion Options,1 M.2 2230/60/80 M-key (PCIe x2),160,1_m2_22306080_mkey_pcie_x2
Expansion Options,1 M.2 2242,170,1_m2_2242
Expansion Options,1 M.2 2242 B-key,180,1_m2_2242_bkey
Expansion Options,1 M.2 2242/2280,190,1_m2_22422280
Expansion Options,1 M.2 2242/60/80 M-key,210,1_m2_22426080_mkey
Expansion Options,1 M.2 2242/60/80/110 M-key,220,1_m2_22426080110_mkey
Expansion Options,1 M.2 2260/2280,230,1_m2_22602280
Expansion Options,1 M.2 2280 M-key,240,1_m2_2280_mkey
Expansion Options,1 M.2 2280 M-key (PCIe Gen 4 x4),241,1_m2_2280_mkey_pcie_gen_4_x4
Expansion Options,1 M.2 2280/2260/2242/2230 M-key (PCIe Gen 3 x4),242,1_m.2_2280/2260/2242/2230_mkey_pcie_gen_3_x4
Expansion Options,1 MezIO™ expansion port,300,1_mezio_expansion_port
Expansion Options,1 mPCIe,310,1_mpcie
Expansion Options,1 mPCIe (full-size with USIM),320,1_mpcie_fullsize_with_usim
Expansion Options,1 mPCIe (full-size),330,1_mpcie_fullsize
Expansion Options,1 mPCIe (full/half-size),340,1_mpcie_fullhalfsize
Expansion Options,1 mPCIe (shared with mSATA),360,1_mpcie_shared_with_msata
Expansion Options,1 Neousys MezIO Module,370,1_neousys_mezio_module
Expansion Options,1 PCI or 1 PCIe x4 (P2102E Only),380,1_pci_or_1_pcie_x4_p2102e_only
Expansion Options,1 PCI slot,390,1_pci_slot
Expansion Options,1 PCI slot (optional riser card),400,1_pci_slot_optional_riser_card
Expansion Options,1 PCIe 3.0 x4 slot,410,1_pcie_30_x4_slot
Expansion Options,1 PCIe 3.0 x4 slot (x4 lanes),420,1_pcie_30_x4_slot_x4_lanes
Expansion Options,1 PCIe 3.0 x8 slot (x8 lanes),430,1_pcie_30_x8_slot_x8_lanes
Expansion Options,1 PCIe Gen 3.0 x16 slot,440,1_pcie_gen_30_x16_slot
Expansion Options,1 PCIe Gen 3.0 x16 slot (x8 PCIe lanes),450,1_pcie_gen_30_x16_slot_x8_pcie_lanes
Expansion Options,1 PCIe Gen 3.0 x4 slot,460,1_pcie_gen_30_x4_slot
Expansion Options,1 PCIe Gen 4.0 x16 slot,470,1_pcie_gen_40_x16_slot
Expansion Options,1 PCIe Gen 4.0 x16 slot (shared with PCIe x4 storage options),480,1_pcie_gen_40_x16_slot_shared_with_pcie_x4_storage_options
Expansion Options,1 PCIe Gen 4.0 x16 or 2 PCIe Gen 4 x8,485,1_pcie_gen_40_x16_or_2_pcie_gen_4_x8
Expansion Options,"1 PCIe Gen 4.0 x16 Full Height, Fully Length slot (up to 150W)",487,"1_pcie_gen_4.0_x16_full_height,_fully_length_slot_up_to_150w"
Expansion Options,1 PCIe Gen 4.0 x16 Full Height,489,1_pcie_gen_4.0_x16_full_height
Expansion Options,1 PCIe x1 slot,490,1_pcie_x1_slot
Expansion Options,1 PCIe x1 slot (AU912),500,1_pcie_x1_slot_au912
Expansion Options,1 PCIe x1 slot (optional riser card),510,1_pcie_x1_slot_optional_riser_card
Expansion Options,1 PCIe x16 slot,520,1_pcie_x16_slot
Expansion Options,1 PCIe x16 slot (AU912),530,1_pcie_x16_slot_au912
Expansion Options,1 PCIe x16 slot (AU972),540,1_pcie_x16_slot_au972
Expansion Options,1 PCIe x16 slot (optional riser card),550,1_pcie_x16_slot_optional_riser_card
Expansion Options,"1 PCIe x16 in x16 PCIe slot with dual height (4.4' H x 9.5"" L)",552,"1_pcie_x16_in_x16_pcie_slot_with_dual_height_4.4'_h_x_9.5""_l"
Expansion Options,"1 PCIe x16 in x16 PCIe slot with single slot height (4.4"" H x 9.5"" L)",554,"1_pcie_x16_in_x16_pcie_slot_with_single_slot_height_4.4""_h_x_9.5""_l"
Expansion Options,1 PCIe x4 slot,570,1_pcie_x4_slot
Expansion Options,1 PCIe x8 slot,580,1_pcie_x8_slot
Expansion Options,1 PCIe x8 slot (AU910),590,1_pcie_x8_slot_au910
Expansion Options,1 PCIe x8 slot (AU972),600,1_pcie_x8_slot_au972
Expansion Options,1 PCIe x8 slot (optional riser card),610,1_pcie_x8_slot_optional_riser_card
Expansion Options,1 PCIe x8 slot (PCIe x4 lanes),620,1_pcie_x8_slot_pcie_x4_lanes
Expansion Options,1 SIM Card header,630,1_sim_card_header
Expansion Options,1 SIM Card socket,640,1_sim_card_socket
Expansion Options,1 SIM Card socket (external),650,1_sim_card_socket_external
Expansion Options,2 Cincoze CFM slots,670,2_cincoze_cfm_slots
Expansion Options,2 Cincoze Modular I/O slots,680,2_cincoze_modular_io_slots
Expansion Options,2 Full-size mPCIe,690,2_fullsize_mpcie
Expansion Options,2 Full-size mPCIe (shared with mSATA),700,2_fullsize_mpcie_shared_with_msata
Expansion Options,2 I/O Expansion slots,710,2_io_expansion_slots
Expansion Options,2 M.2 2242/60/80,720,2_m2_22426080
Expansion Options,2 mPCIe (1 full or half-size mux mSATA and 1 full-size),730,2_mpcie_1_full_or_halfsize_mux_msata_and_1_fullsize
Expansion Options,2 mPCIe (full or half-size),750,2_mpcie_full_or_halfsize
Expansion Options,2 mPCIe (full-size),770,2_mpcie_fullsize
Expansion Options,2 PCIe 3.0 x16 slots (x16 lanes),790,2_pcie_30_x16_slots_x16_lanes
Expansion Options,2 PCIe 3.0 x8 slots (x8 lanes redirected from x16 slots when used),800,2_pcie_30_x8_slots_x8_lanes_redirected_from_x16_slots_when_used
Expansion Options,2 PCIe x16 slots,810,2_pcie_x16_slots
Expansion Options,2 PCIe x16 slots (x8 PCIe lanes each),820,2_pcie_x16_slots_x8_pcie_lanes_each
Expansion Options,"2 PCIe x16 (8 lanes each) with single slot height (4.4"" H x 9.5"" L)",822,"2_pcie_x16_8_lanes_each_with_single_slot_height_4.4""_h_x_9.5""_l"
Expansion Options,2 PCIe x4 slots,830,2_pcie_x4_slots
Expansion Options,2 PCIe x8 slots,840,2_pcie_x8_slots
Expansion Options,2 PCIe x8 slots (Optional),860,2_pcie_x8_slots_optional
Expansion Options,2 PCIe x8 slots (x4 PCIe lanes each),870,2_pcie_x8_slots_x4_pcie_lanes_each
Expansion Options,2 SIM card sockets (external),880,2_sim_card_sockets_external
Expansion Options,2 SIM Card sockets (internal),890,2_sim_card_sockets_internal
Expansion Options,3 Cincoze Modular I/O slots,900,3_cincoze_modular_io_slots
Expansion Options,3 mPCIe (full-size shared with mSATA),910,3_mpcie_fullsize_shared_with_msata
Expansion Options,3 mPCIe (full-size),920,3_mpcie_fullsize
Expansion Options,3 PCI slots,930,3_pci_slots
Expansion Options,3 PCI slots (Nuvo-6032),940,3_pci_slots_nuvo6032
Expansion Options,3 SIM Card Sockets (internal),960,3_sim_card_sockets_internal
Expansion Options,4 Cincoze Modular I/O slots,970,4_cincoze_modular_io_slots
Expansion Options,4 mPCIe (full-size),980,4_mpcie_fullsize
Expansion Options,6 PCIe Gen 4.0 x16 slots,990,6_pcie_gen_40_x16_slots
Expansion Options,Coming Soon - 1 PCIe Gen 4.0 x16 slot,1010,coming_soon_1_pcie_gen_40_x16_slot
Expansion Options,Front accessible ModBay,1020,front_accessible_modbay
Expansion Options,"Face Plate Expansion (LAN x 2, or COM x 2, or LAN + COM)",,"face_plate_expansion_lan_x_2,_or_com_x_2,_or_lan_+_com"
Expansion Options,SATA 3 Storage,1040,sata_3_storage
Expansion Options,Wi-Fi/4G/Bluetooth Compatible,1050,wifi4gbluetooth_compatible
Fan Bearing Type,Ball-bearing,10,ballbearing
Fan Bearing Type,Dual ball-bearing,20,dual_ballbearing
Fan Bearing Type,Hydraulic Bearing,30,hydraulic_bearing
Fan Bearing Type,Vapo-bearing/MagLev,40,vapobearingmaglev
Graphics/GPU,Intel® UHD Graphics 770,635,intel_uhd_graphics_770
Graphics/GPU,Up to Intel® UHD Graphics 770 (processor dependent),637,up_to_intel_uhd_graphics_770
Graphics/GPU,Intel® UHD Graphics for 12th Gen Intel® Processors up to 32EU,,intel_uhd_graphics_for_12th_gen_intel®_processors_up_to_32eu
Graphics/GPU,AMD Radeon™ E6460,10,amd_radeon_e6460
Graphics/GPU,AMD Radeon™ Graphics,20,amd_radeon_graphics
Graphics/GPU,AMD Radeon™ HD 6250,30,amd_radeon_hd_6250
Graphics/GPU,AMD Radeon™ HD 6310,40,amd_radeon_hd_6310
Graphics/GPU,AMD Radeon™ HD 7000G,50,amd_radeon_hd_7000g
Graphics/GPU,AMD Radeon™ HD 7520G,60,amd_radeon_hd_7520g
Graphics/GPU,AMD Radeon™ HD 7660G,70,amd_radeon_hd_7660g
Graphics/GPU,AMD Radeon™ HD 8000,80,amd_radeon_hd_8000
Graphics/GPU,AMD Radeon™ HD 8210E,90,amd_radeon_hd_8210e
Graphics/GPU,AMD Radeon™ HD 8280E,100,amd_radeon_hd_8280e
Graphics/GPU,AMD Radeon™ HD 8330E,110,amd_radeon_hd_8330e
Graphics/GPU,AMD Radeon™ HD 8400E,120,amd_radeon_hd_8400e
Graphics/GPU,AMD Radeon™ HD E6460,130,amd_radeon_hd_e6460
Graphics/GPU,AMD Radeon™ Vega 11 Graphics,140,amd_radeon_vega_11_graphics
Graphics/GPU,AMD Radeon™ Vega 3 Graphics (R1505G),150,amd_radeon_vega_3_graphics_r1505g
Graphics/GPU,AMD Radeon™ Vega 8 Graphics,160,amd_radeon_vega_8_graphics
Graphics/GPU,AMD Radeon™ Vega 8 Graphics (V1605B),170,amd_radeon_vega_8_graphics_v1605b
Graphics/GPU,AMD RX Vega M GH Graphics (8809G),180,amd_rx_vega_m_gh_graphics_8809g
Graphics/GPU,AMD RX Vega M GL Graphics (8705G),190,amd_rx_vega_m_gl_graphics_8705g
Graphics/GPU,ASPEED AST2300,200,aspeed_ast2300
Graphics/GPU,ASPEED AST2500,210,aspeed_ast2500
Graphics/GPU,Intel 3rd Generation HD Graphics,220,intel_3rd_generation_hd_graphics
Graphics/GPU,Intel 4th Generation HD Graphics,230,intel_4th_generation_hd_graphics
Graphics/GPU,Intel 8th Generation HD Graphics,240,intel_8th_generation_hd_graphics
Graphics/GPU,Intel 9th Generation HD Graphics,250,intel_9th_generation_hd_graphics
Graphics/GPU,Intel Gen9 Graphics DX 12,260,intel_gen9_graphics_dx_12
Graphics/GPU,Intel GMA 2500,270,intel_gma_2500
Graphics/GPU,Intel GMA 3150,280,intel_gma_3150
Graphics/GPU,Intel GMA 3600,290,intel_gma_3600
Graphics/GPU,Intel GMA 3650,300,intel_gma_3650
Graphics/GPU,Intel GMA 4500MHD,310,intel_gma_4500mhd
Graphics/GPU,Intel GMA 950,320,intel_gma_950
Graphics/GPU,Intel HD Graphics,330,intel_hd_graphics
Graphics/GPU,Intel HD Graphics (CPU dependent),340,intel_hd_graphics_cpu_dependent
Graphics/GPU,Intel HD Graphics 2000,350,intel_hd_graphics_2000
Graphics/GPU,Intel HD Graphics 2000/3000/4000 (CPU-dependent),360,intel_hd_graphics_200030004000_cpudependent
Graphics/GPU,Intel HD Graphics 2500,370,intel_hd_graphics_2500
Graphics/GPU,Intel HD Graphics 3000,380,intel_hd_graphics_3000
Graphics/GPU,Intel HD Graphics 400 (Celeron N3160),390,intel_hd_graphics_400_celeron_n3160
Graphics/GPU,Intel HD Graphics 4000,400,intel_hd_graphics_4000
Graphics/GPU,Intel HD Graphics 4000 (CPU-dependent),410,intel_hd_graphics_4000_cpudependent
Graphics/GPU,Intel HD Graphics 405,420,intel_hd_graphics_405
Graphics/GPU,Intel HD Graphics 405 (Pentium N3710),430,intel_hd_graphics_405_pentium_n3710
Graphics/GPU,Intel HD Graphics 4400,440,intel_hd_graphics_4400
Graphics/GPU,Intel HD Graphics 4600,450,intel_hd_graphics_4600
Graphics/GPU,Intel HD Graphics 500,460,intel_hd_graphics_500
Graphics/GPU,Intel HD Graphics 5000,470,intel_hd_graphics_5000
Graphics/GPU,Intel HD Graphics 505,480,intel_hd_graphics_505
Graphics/GPU,Intel HD Graphics 510,490,intel_hd_graphics_510
Graphics/GPU,Intel HD Graphics 510 or 530 (CPU dependent),500,intel_hd_graphics_510_or_530_cpu_dependent
Graphics/GPU,Intel HD Graphics 520,510,intel_hd_graphics_520
Graphics/GPU,Intel HD Graphics 530,520,intel_hd_graphics_530
Graphics/GPU,Intel HD Graphics 5500,530,intel_hd_graphics_5500
Graphics/GPU,Intel HD Graphics 620,540,intel_hd_graphics_620
Graphics/GPU,Intel HD Graphics 630,550,intel_hd_graphics_630
Graphics/GPU,Intel HD Graphics P530,560,intel_hd_graphics_p530
Graphics/GPU,Intel Iris Pro Graphics P580,570,intel_iris_pro_graphics_p580
Graphics/GPU,Intel Iris XE Graphics,580,intel_iris_xe_graphics
Graphics/GPU,"Intel Iris Xe (i5, i7) - Dual Channel memory required",584,"intel_iris_xe_i5,_i7__dual_channel_memory_required"
Graphics/GPU,Intel UHD Graphics,590,intel_uhd_graphics
Graphics/GPU,Intel UHD Graphics 610,600,intel_uhd_graphics_610
Graphics/GPU,Intel UHD Graphics 620,610,intel_uhd_graphics_620
Graphics/GPU,Intel UHD Graphics 630,620,intel_uhd_graphics_630
Graphics/GPU,Intel UHD Graphics P630,630,intel_uhd_graphics_p630
Graphics/GPU,"Intel UHD Graphics (Celeron, i3)",634,"intel_uhd_graphics_celeron,_i3"
Graphics/GPU,Mali-400MP,640,mali400mp
Graphics/GPU,NVIDIA GeForce GTX 1050 (optional),650,nvidia_geforce_gtx_1050_optional
Graphics/GPU,NVIDIA GeForce GTX 1060 (optional),660,nvidia_geforce_gtx_1060_optional
Graphics/GPU,NVIDIA GeForce GTX 1080 (optional),670,nvidia_geforce_gtx_1080_optional
Graphics/GPU,NVIDIA GeForce RTX 2070 (optional),680,nvidia_geforce_rtx_2070_optional
Graphics/GPU,NVIDIA GeForce RTX 2080 (optional),690,nvidia_geforce_rtx_2080_optional
Graphics/GPU,NVIDIA GF119,700,nvidia_gf119
Graphics/GPU,NVIDIA GT 610M,710,nvidia_gt_610m
Graphics/GPU,NVIDIA GT730M GPU,720,nvidia_gt730m_gpu
Graphics/GPU,NVIDIA ION2,730,nvidia_ion2
Graphics/GPU,NVIDIA Quadro P600,740,nvidia_quadro_p600
Graphics/GPU,NVIDIA Volta GPU,750,nvidia_volta_gpu
Graphics/GPU,Optional GPU,760,optional_gpu
Graphics/GPU,(Processor Dependent),770,processor_dependent
Graphics/GPU,Silicon Sil9024A,780,silicon_sil9024a
Graphics/GPU,VIA Chrome645/640 HD,790,via_chrome645640_hd
Graphics/GPU,VIA Chrome9,800,via_chrome9
Graphics/GPU,VIA UniChrome Pro,810,via_unichrome_pro
Hardware Line,Industrial (Fanless),10,industrial_fanless
Hardware Line,Industrial (Fanned),20,industrial_fanned
Hardware Line,Rugged,30,rugged
Hardware Line,Panel PC,40,panel_pc
Hardware Line,Rackmount,50,rackmount
Hardware Line,Server,60,server
Hardware Type,Edge Devices and IoT Gateways,10,edge_devices_and_iot_gateways
Hardware Type,Edge Servers,20,edge_servers
Hardware Type,HMIs,30,hmis
Hardware Type,SCADA Controllers,40,scada_controllers
Input Voltage Type,AC,,ac
Input Voltage Type,DC,,dc
Interface Type,Mini PCIe (Full Height),,mini_pcie_full_height
LAN Controller,1 Intel GPY115 or 2 Intel GPY115,10,1_intel_gpy115_or_2_intel_gpy115
LAN Controller,1 Intel X710 Controller (2 x 10GbE ports),12,1_intel_x710_controller_2_x_10gbe_ports
LAN Controller,1 MaxLinear GPY115 or 2 MaxLinear GPY115,20,1_maxlinear_gpy115_or_2_maxlinear_gpy115
LAN Controller,2 10GbE by Intel X550-AT2,30,2_10gbe_by_intel_x550at2
LAN Controller,2 10GbE by Intel X557-AT2,40,2_10gbe_by_intel_x557at2
LAN Controller,2 Intel i210 Controllers (2x 1GbE ports),42,2_intel_i210_controllers_2x_1gbe_ports
LAN Controller,2 Intel i225-LM/i225V (vPro not supported),44,2_intel_i225lm/i225v_vpro_not_supported
LAN Controller,2 GbE by Intel I210,50,2_gbe_by_intel_i210
LAN Controller,4 GbE by Intel I350-AM4,60,4_gbe_by_intel_i350am4
LAN Controller,Intel 82541PI 10/100/1000,70,intel_82541pi_101001000
LAN Controller,Intel 82574IT 10/100/1000,80,intel_82574it_101001000
LAN Controller,Intel 82574L 10/100/1000,90,intel_82574l_101001000
LAN Controller,Intel 82574LM GbE,100,intel_82574lm_gbe
LAN Controller,Intel 82579L GbE,110,intel_82579l_gbe
LAN Controller,Intel 82579LM PCIe GbE,120,intel_82579lm_pcie_gbe
LAN Controller,Intel 82579LM PCIe GbE w/ iAMT,130,intel_82579lm_pcie_gbe_w_iamt
LAN Controller,Intel 82579V PCIe 10/100/1000,140,intel_82579v_pcie_101001000
LAN Controller,Intel 82583V 10/100/1000,150,intel_82583v_101001000
LAN Controller,Intel 82583V PCIe GbE,160,intel_82583v_pcie_gbe
LAN Controller,Intel I210 GbE,170,intel_i210_gbe
LAN Controller,Intel I210-AT GbE,180,intel_i210at_gbe
LAN Controller,Intel I210-IT GbE,190,intel_i210it_gbe
LAN Controller,Intel I211-AT GbE,200,intel_i211at_gbe
LAN Controller,Intel I211-AT GbE (when configured w/ i5),210,intel_i211at_gbe_when_configured_w_i5
LAN Controller,Intel I217-LM GbE,220,intel_i217lm_gbe
LAN Controller,Intel I217-LM GbE with Intel AMT,230,intel_i217lm_gbe_with_intel_amt
LAN Controller,Intel I217-LML GbE with iAMT 9.0,240,intel_i217lml_gbe_with_iamt_90
LAN Controller,Intel I218 GbE,250,intel_i218_gbe
LAN Controller,Intel I218-LM GbE,260,intel_i218lm_gbe
LAN Controller,Intel I218-LM GbE with AMT,270,intel_i218lm_gbe_with_amt
LAN Controller,Intel I218-V GbE,280,intel_i218v_gbe
LAN Controller,Intel I219 GbE,290,intel_i219_gbe
LAN Controller,Intel I219-LM GbE,300,intel_i219lm_gbe
LAN Controller,Intel I219-LM GbE (when configured w/ i5),310,intel_i219lm_gbe_when_configured_w_i5
LAN Controller,Intel I219-V,320,intel_i219v
LAN Controller,Intel I219-V GbE (when configured w/ i3),330,intel_i219v_gbe_when_configured_w_i3
LAN Controller,Intel I219LM with 10/100/1000 Mbps,340,intel_i219lm_with_101001000_mbps
LAN Controller,Intel I225-IT 2.5 GbE,345,intel_i225it_25_gbe
LAN Controller,Intel I225-LM 2.5 GbE,346,intel_i225lm_25_gbe
LAN Controller,Intel I225-LM with 10/100/1000/2500 Mbps,350,intel_i225lm_with_1010010002500_mbps
LAN Controller,Intel I350,360,intel_i350
LAN Controller,Intel I350 10/100/1000,370,intel_i350_101001000
LAN Controller,Intel I350-AM4,380,intel_i350am4
LAN Controller,Intel Integrated Gb LAN,390,intel_integrated_gb_lan
LAN Controller,Intel W82577LM 10/100/1000,400,intel_w82577lm_101001000
LAN Controller,Intel WG82574L GbE,410,intel_wg82574l_gbe
LAN Controller,Intel WG82579LM GbE,420,intel_wg82579lm_gbe
LAN Controller,Intel WG82583V PCIe GbE,430,intel_wg82583v_pcie_gbe
LAN Controller,Intel X722,440,intel_x722
LAN Controller,LAN1 supports NCSI,450,lan1_supports_ncsi
LAN Controller,Realtek 8111GN-CG PCIe Gb,460,realtek_8111gncg_pcie_gb
LAN Controller,Realtek R8111FPV (DASH) with 10/100/1000 Mbps,470,realtek_r8111fpv_dash_with_101001000_mbps
LAN Controller,Realtek RT8111G,480,realtek_rt8111g
LAN Controller,Realtek RT8111G-CG,490,realtek_rt8111gcg
LAN Controller,Realtek RTL8110SC 10/100/1000,500,realtek_rtl8110sc_101001000
LAN Controller,Realtek RTL8111 10/100/1000,510,realtek_rtl8111_101001000
LAN Controller,Realtek RTL8111B PCIe 10/100/1000,520,realtek_rtl8111b_pcie_101001000
LAN Controller,Realtek RTL8111C 10/100/1000,530,realtek_rtl8111c_101001000
LAN Controller,Realtek RTL8111DL 10/100/1000,540,realtek_rtl8111dl_101001000
LAN Controller,Realtek RTL8111DP GbE,550,realtek_rtl8111dp_gbe
LAN Controller,Realtek RTL8111E 10/100/1000,560,realtek_rtl8111e_101001000
LAN Controller,Realtek RTL8111EVL PCI-E 10/100/1000,570,realtek_rtl8111evl_pcie_101001000
LAN Controller,Realtek RTL8111F 10/100/1000,580,realtek_rtl8111f_101001000
LAN Controller,Realtek RTL8111G,590,realtek_rtl8111g
LAN Controller,Realtek RTL8111GN 10/100/1000,600,realtek_rtl8111gn_101001000
LAN Controller,Realtek RTL8111H,610,realtek_rtl8111h
LAN Controller,Realtek RTL8111H-CG with 10/100/1000 Mbps,620,realtek_rtl8111hcg_with_101001000_mbps
LAN Controller,Realtek RTL8125BG with 10/100/1000/2500 Mbps,630,realtek_rtl8125bg_with_1010010002500_mbps
LAN Controller,Realtek RTL8139D 10/100,640,realtek_rtl8139d_10100
LAN Controller,Realtek RTL8153,645,realtek_rtl8153
LAN Controller,Realtek RTL8211E,650,realtek_rtl8211e
LAN Controller,VIA VT6103 10/100,660,via_vt6103_10100
LAN Controller,VIA VT6113 10/100 base-TX PHY,670,via_vt6113_10100_basetx_phy
LAN Controller,VIA VT6122 10/100/1000,680,via_vt6122_101001000
LAN Controller,VIA VT6130 PCIe 10/100/1000,690,via_vt6130_pcie_101001000
LAN Controller,VIA VT6656,700,via_vt6656
LAN Controller,WG82579LM PCIe GbE w/ iAMT,710,wg82579lm_pcie_gbe_w_iamt
Manufacturer Component Warranty,30 Day Warranty,10,30_day_warranty
Manufacturer Component Warranty,60 Day Warranty,20,60_day_warranty
Manufacturer Component Warranty,1 Year Warranty,30,1_year_warranty
Manufacturer Component Warranty,2 Year Warranty,40,2_year_warranty
Manufacturer Component Warranty,2 Year Limited Warranty,50,2_year_limited_warranty
Manufacturer Component Warranty,3 Year Warranty,60,3_year_warranty
Manufacturer Component Warranty,3 Year Limited Warranty,70,3_year_limited_warranty
Manufacturer Component Warranty,5 Year Warranty,80,5_year_warranty
Manufacturer Component Warranty,Lifetime Warranty,90,lifetime_warranty
Manufacturer Component Warranty,2 years included; 3 or 5 year options available,100,2_years_included;_3_or_5_year_options_available
Memory Buffer,ECC (Buffered),,ecc_buffered
Memory Buffer,Non-ECC (Non-Buffered),,nonecc_nonbuffered
Memory Channels,Single Channel,10,single_channel
Memory Channels,Dual Channel,20,dual_channel
Memory Channels,Triple Channel,30,triple_channel
Memory Channels,Quad Channel,40,quad_channel
Memory Channels,Multi Channel,50,multi_channel
Memory Type,DDR2 DIMM (non-ECC),10,ddr2_dimm_nonecc
Memory Type,DDR2 Onboard,20,ddr2_onboard
Memory Type,DDR2 SO-DIMM (non-ECC),30,ddr2_sodimm_nonecc
Memory Type,DDR3 DIMM (ECC),40,ddr3_dimm_ecc
Memory Type,DDR3 DIMM (non-ECC),50,ddr3_dimm_nonecc
Memory Type,DDR3 Onboard,60,ddr3_onboard
Memory Type,DDR3 SO-DIMM (ECC),70,ddr3_sodimm_ecc
Memory Type,DDR3 SO-DIMM (non-ECC),80,ddr3_sodimm_nonecc
Memory Type,DDR3L DIMM (non-ECC),90,ddr3l_dimm_nonecc
Memory Type,DDR3L SO-DIMM (non-ECC),100,ddr3l_sodimm_nonecc
Memory Type,DDR3L SDRAM,110,ddr3l_sdram
Memory Type,DDR4,120,ddr4
Memory Type,DDR4 ECC UDIMM,130,ddr4_ecc_udimm
Memory Type,DDR4 ECC/non-ECC UDIMM,140,ddr4_eccnonecc_udimm
Memory Type,DDR4 R-DIMM (ECC),150,ddr4_rdimm_ecc
Memory Type,DDR4 SO-DIMM (ECC),160,ddr4_sodimm_ecc
Memory Type,DDR4 SO-DIMM (non-ECC),170,ddr4_sodimm_nonecc
Memory Type,DDR4 SO-DIMM (non-ECC)/DDR4 SO-DIMM (ECC),180,ddr4_sodimm_noneccddr4_sodimm_ecc
Memory Type,DDR5,183,ddr5
Memory Type,DDR5 UDIMM (non-ECC or ECC),185,ddr5_udimm_nonecc_or_ecc
Memory Type,LPDDR4,190,lpddr4
Memory Type,LPDDR4x,200,lpddr4x
Memory Type,XR-DIMM,210,xrdimm
Mobile Frequency Bands,"4G LTE - North America (2, 4, 5, 7, 17)",10,4g_lte_north_america_2_4_5_7_17
Mobile Frequency Bands,"4G LTE (B1, B2, B3, B4, B5, B7, B12, B13, B20, B25, B26, B29, B30, B41)",20,4g_lte_b1_b2_b3_b4_b5_b7_b12_b13_b20_b25_b26_b29_b30_b41
Mobile Frequency Bands,"GSM (850, 900, 1800, 1900)",30,gsm_850_900_1800_1900
Mobile Frequency Bands,"HSPA+/UMTS (B1, B2, B3, B4, B5, B8)",40,hspa_umts_b1_b2_b3_b4_b5_b8
Mobile Frequency Bands,"LTE - Multi-Regional (2, 3, 4, 5, 8, 12, 13, 20, 28)",50,lte_multiregional_2_3_4_5_8_12_13_20_28
Mobile Frequency Bands,"UMTS/DC-HSPA+ (850, 900, AWS, 1900, 2100)",60,umtsdchspa_850_900_aws_1900_2100
Motherboard Chipset,AMD A50M FCH,10,amd_a50m_fch
Motherboard Chipset,AMD A55E,20,amd_a55e
Motherboard Chipset,AMD A55E FCH,30,amd_a55e_fch
Motherboard Chipset,AMD A75 FCH,40,amd_a75_fch
Motherboard Chipset,AMD B450,50,amd_b450
Motherboard Chipset,AMD Hudson E1 FCH,60,amd_hudson_e1_fch
Motherboard Chipset,AMD Hudson M1 FCH,70,amd_hudson_m1_fch
Motherboard Chipset,AMD Premium X570,80,amd_premium_x570
Motherboard Chipset,Freescale Semiconductor,90,freescale_semiconductor
Motherboard Chipset,ICH10R,100,ich10r
Motherboard Chipset,Intel 945GSE/ICH7M,110,intel_945gseich7m
Motherboard Chipset,Intel C226,120,intel_c226
Motherboard Chipset,Intel C236,130,intel_c236
Motherboard Chipset,Intel C246,140,intel_c246
Motherboard Chipset,Intel C621,150,intel_c621
Motherboard Chipset,Intel GM45/ICH9M,160,intel_gm45ich9m
Motherboard Chipset,Intel GM45/ICH9ME,170,intel_gm45ich9me
Motherboard Chipset,Intel GME965/ICH8M,180,intel_gme965ich8m
Motherboard Chipset,Intel H110,190,intel_h110
Motherboard Chipset,Intel H310,200,intel_h310
Motherboard Chipset,Intel H410,210,intel_h410
Motherboard Chipset,Intel H61,220,intel_h61
Motherboard Chipset,Intel H77,230,intel_h77
Motherboard Chipset,Intel H81,240,intel_h81
Motherboard Chipset,Intel HM55,250,intel_hm55
Motherboard Chipset,Intel HM65,260,intel_hm65
Motherboard Chipset,Intel HM76,270,intel_hm76
Motherboard Chipset,Intel ICH10R,280,intel_ich10r
Motherboard Chipset,Intel ICH8M,290,intel_ich8m
Motherboard Chipset,Intel ICH9R,300,intel_ich9r
Motherboard Chipset,Intel MCP,310,intel_mcp
Motherboard Chipset,Intel NM10,320,intel_nm10
Motherboard Chipset,Intel NM70,330,intel_nm70
Motherboard Chipset,Intel Q170,340,intel_q170
Motherboard Chipset,Intel Q370,350,intel_q370
Motherboard Chipset,Intel Q470,360,intel_q470
Motherboard Chipset,Intel Q77,370,intel_q77
Motherboard Chipset,Intel Q87,380,intel_q87
Motherboard Chipset,Intel QM57,390,intel_qm57
Motherboard Chipset,Intel QM67,400,intel_qm67
Motherboard Chipset,Intel QM77,410,intel_qm77
Motherboard Chipset,Intel QM87,420,intel_qm87
Motherboard Chipset,Intel QS77,430,intel_qs77
Motherboard Chipset,Intel R680E,434,intel_r680e
Motherboard Chipset,Mobile Intel HM175,440,mobile_intel_hm175
Motherboard Chipset,Shared with CPU,450,shared_with_cpu
Motherboard Chipset,VIA CN700/VT8237R,460,via_cn700vt8237r
Motherboard Chipset,VIA CX700,470,via_cx700
Motherboard Chipset,VIA VX11H,480,via_vx11h
Motherboard Chipset,VIA VX855,490,via_vx855
Motherboard Chipset,VIA VX900,500,via_vx900
Motherboard Chipset,VIA VX900H,510,via_vx900h
Motherboard Chipset,W480E,520,w480e
Motherboard Chipset,W680,530,w680
Motherboard Form Factor,"3.5""",10,35
Motherboard Form Factor,4x4,20,4x4
Motherboard Form Factor,ATX,30,atx
Motherboard Form Factor,Micro-ATX,40,microatx
Motherboard Form Factor,Mini-ITX,50,miniitx
Motherboard Form Factor,Nano-ITX,60,nanoitx
Motherboard Form Factor,NUC,70,nuc
Motherboard Form Factor,Pico-ITX,80,picoitx
Motherboard Form Factor,Thin Mini-ITX,90,thin_miniitx
Motherboard Form Factor,UTX,100,utx
Motherboard Raid Support,0+1,80,0_1
Motherboard Raid Support,1+0,90,1_0
Motherboard Raid Support,5+0,140,5_0
Motherboard Raid Support,0,10,0
Motherboard Raid Support,1,20,1
Motherboard Raid Support,5,30,5
Motherboard Raid Support,6,40,6
Motherboard Raid Support,10,50,10
Motherboard Raid Support,None,60,none
Motherboard Raid Support,0/1,70,1
Motherboard Raid Support,1E,100,1e
Motherboard Raid Support,2,110,2
Motherboard Raid Support,3,120,3
Motherboard Raid Support,4,130,4
Motherboard Raid Support,5EE,150,5ee
Network Standards,IEEE 802.11a/b/g,10,ieee_80211abg
Network Standards,IEEE 802.11a/b/g/n,20,ieee_80211abgn
Network Standards,IEEE 802.11a/b/g/n/ac,30,ieee_80211abgnac
Network Standards,IEEE 802.11a/g/n,40,ieee_80211agn
Network Standards,IEEE 802.11b/g,50,ieee_80211bg
Network Standards,IEEE 802.11b/g/n,60,ieee_80211bgn
Network Standards,IEEE 802.3,70,ieee_8023
Network Standards,IEEE 802.3/u/ab/z,80,ieee_8023uabz
Network Standards,IEEE 802.3ab,90,ieee_8023ab
Network Standards,IEEE 802.3af,100,ieee_8023af
Network Standards,IEEE 802.3at,110,ieee_8023at
Network Standards,IEEE 802.3u,120,ieee_8023u
Network Standards,ZigBee 802.15.4,130,zigbee_802154
Networking Type,Wired,,wired
Networking Type,Wireless,,wireless
Optical Drive Bay,None,10,none
Optical Drive Bay,"5.25""",20,525
Optical Drive Bay,Slimline,30,slimline
Partner,AMD,10,amd
Partner,AWS,20,aws
Partner,Inductive Automation,30,inductive_automation
Partner,Intel,40,intel
Partner,Microsoft Azure,50,microsoft_azure
Partner,Raspberry Pi,60,raspberry_pi
Partner,Red Hat,70,red_hat
Partner,ThinManager,80,thinmanager
Partner,Ubuntu,90,ubuntu
Power Automotive Features,Automotive Intelligence,10,automotive_intelligence
Power Automotive Features,Peripheral Power Out,20,peripheral_power_out
Power Automotive Features,Wide Input,30,wide_input
Power Cable Connectors,Side A: C13 / Side B: BS1363,10,side_a_c13_side_b_bs1363
Power Cable Connectors,Side A: C13 / Side B: CEE 7/7,20,side_a_c13_side_b_cee_77
Power Cable Connectors,Side A: C13 / Side B: NEMA 5-15-P,30,side_a_c13_side_b_nema_515p
Power Cable Coupler,C13 to C14,30,c13_to_c14
Power Cable Coupler,C5 to C6,10,c5_to_c6
Power Cable Coupler,C7 to C8,20,c7_to_c8
Power Input Connector,2-pin Terminal Block,10,2pin_terminal_block
Power Input Connector,3-pin Terminal Block,20,3pin_terminal_block
Power Input Connector,2 3-pin Terminal Block,30,2_3pin_terminal_block
Power Input Connector,4-pin,40,4pin
Power Input Connector,4-pin ATX,50,4pin_atx
Power Input Connector,4-pin DC Jack,60,4pin_dc_jack
Power Input Connector,4-pin DIN,70,4pin_din
Power Input Connector,4-pin Mini-DIN,80,4pin_minidin
Power Input Connector,4-pin Terminal Block,90,4pin_terminal_block
Power Input Connector,4-pin Terminal Block (Optional),100,4pin_terminal_block_optional
Power Input Connector,2 4-pin Terminal Block,110,2_4pin_terminal_block
Power Input Connector,5-pin Terminal Block,120,5pin_terminal_block
Power Input Connector,5-pin USB Mini,130,5pin_usb_mini
Power Input Connector,6-pin Terminal Block,140,6pin_terminal_block
Power Input Connector,20-pin ATX,150,20pin_atx
Power Input Connector,24-pin ATX,160,24pin_atx
Power Input Connector,9-48 VDC,170,948_vdc
Power Input Connector,100-240 VAC,180,100240_vac
Power Input Connector,C13-C14 Coupler,190,c13c14_coupler
Power Input Connector,DC Jack,200,dc_jack
Power Input Connector,M12,210,m12
Power Input Connector,PoE PD 802.3at (Optional),,poe_pd_8023at_optional
Processor,NVIDIA® Jetson AGX Xavier,1170,nvidia_jetson_agx_xavier
Processor,AM3352,10,am3352
Processor,AMD EPYC™ 7282,20,amd_epyc_7282
Processor,AMD EPYC™ 7452,30,amd_epyc_7452
Processor,AMD Fusion T40E,40,amd_fusion_t40e
Processor,AMD Fusion T56N,50,amd_fusion_t56n
Processor,AMD GX-210HA,60,amd_gx210ha
Processor,AMD GX-217GA,70,amd_gx217ga
Processor,AMD GX-415GA,80,amd_gx415ga
Processor,AMD GX-420CA,90,amd_gx420ca
Processor,AMD R-272F,100,amd_r272f
Processor,AMD R-464L,110,amd_r464l
Processor,AMD Ryzen,120,amd_ryzen
Processor,AMD Ryzen™ 3 4300U,130,amd_ryzen_3_4300u
Processor,AMD Ryzen™ 5 3600,140,amd_ryzen_5_3600
Processor,AMD Ryzen™ 7 3700X,150,amd_ryzen_7_3700x
Processor,AMD Ryzen™ 7 4800U,160,amd_ryzen_7_4800u
Processor,"AMD Ryzen™ 7 4800U, AMD Ryzen V2516, AMD Ryzen V2718",165,"amd_ryzen™_7_4800u,_amd_ryzen_v2516,_amd_ryzen_v2718"
Processor,AMD Ryzen™ 9 3900X,170,amd_ryzen_9_3900x
Processor,AMD Ryzen™ 9 3950X,180,amd_ryzen_9_3950x
Processor,AMD Ryzen™ Embedded V1605B,190,amd_ryzen_embedded_v1605b
Processor,AMD Ryzen™ R1505G,200,amd_ryzen_r1505g
Processor,AMD Ryzen™ V1605B,210,amd_ryzen_v1605b
Processor,AMD Ryzen™ V1807B,220,amd_ryzen_v1807b
Processor,Broadcom BCM2711 with ARM Cortex-A72,230,broadcom_bcm2711_with_arm_cortexa72
Processor,Cortex-A7,240,cortexa7
Processor,Cortex-A8,250,cortexa8
Processor,Cortex-A9,260,cortexa9
Processor,Freescale Cortex-A8 iMX537,270,freescale_cortexa8_imx537
Processor,Freescale i.MX6,280,freescale_imx6
Processor,Intel 11th Gen (Tiger Lake-UP3),290,intel_11th_gen_tiger_lakeup3
Processor,Intel 12th Gen Alder Lake-N<br>Intel N97<br>Intel N200<br>Intel Atom x7425E (w/ Intel TSN; TCC support)<br>Intel i3-N305,,intel_12th_gen_alder_laken<br>intel_n97<br>intel_n200<br>intel_atom_x7425e_w/_intel_tsn;_tcc_support<br>intel_i3n305
Processor,Intel 8th Gen (Whiskey Lake-U),300,intel_8th_gen_whiskey_lakeu
Processor,Intel 8th/9th Gen (Coffee Lake),310,intel_8th9th_gen_coffee_lake
Processor,Intel Alder Lake Core i3/i5/i7/i9,320,intel_alder_lake_core_i3i5i7i9
Processor,Intel Alder Lake 12th Gen Celeron 7305E,322,intel_alder_lake_12th_gen_celeron_7305e
Processor,Intel Alder Lake 12th Gen i3-1220PE,324,intel_alder_lake_12th_gen_i31220pe
Processor,Intel Alder Lake 12th Gen i5-1250PE,326,intel_alder_lake_12th_gen_i51250pe
Processor,Intel Alder Lake 12th Gen i7-1270PE,328,intel_alder_lake_12th_gen_i71270pe
Processor,Intel Atom D2500,330,intel_atom_d2500
Processor,Intel Atom D2550,340,intel_atom_d2550
Processor,Intel Atom D2700,350,intel_atom_d2700
Processor,Intel Atom D525,360,intel_atom_d525
Processor,Intel Atom E3815,370,intel_atom_e3815
Processor,Intel Atom E3826,380,intel_atom_e3826
Processor,Intel Atom E3845,390,intel_atom_e3845
Processor,Intel Atom E3930,400,intel_atom_e3930
Processor,Intel Atom E3940,410,intel_atom_e3940
Processor,Intel Atom E3950,420,intel_atom_e3950
Processor,Intel Atom N2600,430,intel_atom_n2600
Processor,Intel Atom N270,440,intel_atom_n270
Processor,Intel Atom N2800,450,intel_atom_n2800
Processor,Intel Atom x6211E,460,intel_atom_x6211e
Processor,Intel Atom x6425E,470,intel_atom_x6425e
Processor,Intel Alder Lake 12th Gen Celeron 7305,471,intel_alder_lake_12th_gen_celeron_7305
Processor,Intel Alder Lake 12th Gen i3-12300HL,472,intel_alder_lake_12th_gen_i312300hl
Processor,Intel Alder Lake 12th Gen i5-12600HL,473,intel_alder_lake_12th_gen_i512600hl
Processor,Intel Alder Lake 12th Gen i7-12800HL,474,intel_alder_lake_12th_gen_i712800hl
Processor,Intel Broadwell,480,intel_broadwell
Processor,Intel Celeron 1020E,490,intel_celeron_1020e
Processor,Intel Celeron 1037U,500,intel_celeron_1037u
Processor,Intel Celeron 1047UE,510,intel_celeron_1047ue
Processor,Intel Celeron 2980U,520,intel_celeron_2980u
Processor,Intel Celeron 3955U,530,intel_celeron_3955u
Processor,Intel Celeron 827E,540,intel_celeron_827e
Processor,Intel Celeron 847,550,intel_celeron_847
Processor,Intel Celeron G1820TE,560,intel_celeron_g1820te
Processor,Intel Celeron J1900,570,intel_celeron_j1900
Processor,Intel Celeron N2820,580,intel_celeron_n2820
Processor,Intel Celeron N2930,590,intel_celeron_n2930
Processor,Intel Celeron N2980U,600,intel_celeron_n2980u
Processor,Intel Celeron N3150,610,intel_celeron_n3150
Processor,Intel Celeron N3160,620,intel_celeron_n3160
Processor,Intel Celeron N3350,630,intel_celeron_n3350
Processor,Intel Celeron N4200,640,intel_celeron_n4200
Processor,Intel Celeron N6211,650,intel_celeron_n6211
Processor,Intel Comet Lake,660,intel_comet_lake
Processor,Intel Comet Lake Core i3/i5/i7/i9,670,intel_comet_lake_core_i3i5i7i9
Processor,Intel Core 2980U,680,intel_core_2980u
Processor,Intel Core i i3-3217U,690,intel_core_i_i33217u
Processor,Intel Core i i5-520M,700,intel_core_i_i5520m
Processor,Intel Core i i7-2610UE,710,intel_core_i_i72610ue
Processor,Intel Core i3 to i9 13th Gen,715,intel_core_i3_to_i9_13th_gen
Processor,Intel Core i3-3217U,720,intel_core_i33217u
Processor,Intel Core i3-4000M,730,intel_core_i34000m
Processor,Intel Core i3-4010U,740,intel_core_i34010u
Processor,Intel Core i3-4330TE,750,intel_core_i34330te
Processor,Intel Core i3-5010U,760,intel_core_i35010u
Processor,Intel Core i3-6100U,770,intel_core_i36100u
Processor,Intel Core i3-7100U,780,intel_core_i37100u
Processor,Intel Core i3-8145UE,790,intel_core_i38145ue
Processor,Intel Core i5 4200M,800,intel_core_i5_4200m
Processor,Intel Core i5-3427U,810,intel_core_i53427u
Processor,Intel Core i5-3610ME,820,intel_core_i53610me
Processor,Intel Core i5-4200M,830,intel_core_i54200m
Processor,Intel Core i5-4250U,840,intel_core_i54250u
Processor,Intel Core i5-4300U,850,intel_core_i54300u
Processor,Intel Core i5-4570TE,860,intel_core_i54570te
Processor,Intel Core i5-5300U,870,intel_core_i55300u
Processor,Intel Core i5-6300U,880,intel_core_i56300u
Processor,Intel Core i5-7300U,890,intel_core_i57300u
Processor,Intel Core i5-8265U,900,intel_core_i58265u
Processor,Intel Core i5-8365UE,910,intel_core_i58365ue
Processor,Intel Core i7-3517UE,920,intel_core_i73517ue
Processor,Intel Core i7-3610QE,930,intel_core_i73610qe
Processor,Intel Core i7-3612QM,940,intel_core_i73612qm
Processor,Intel Core i7-4650 or i5-4300U,950,intel_core_i74650_or_i54300u
Processor,Intel Core i7-4650U,960,intel_core_i74650u
Processor,Intel Core i7-4700EQ,970,intel_core_i74700eq
Processor,Intel Core i7-4765T,980,intel_core_i74765t
Processor,Intel Core i7-4770TE,990,intel_core_i74770te
Processor,Intel Core i7-6600U,1000,intel_core_i76600u
Processor,Intel Core i7-8565U,1010,intel_core_i78565u
Processor,Intel Core i7-8665UE,1020,intel_core_i78665ue
Processor,Intel Core i7-8705G,1030,intel_core_i78705g
Processor,Intel Core i7-8809G,1040,intel_core_i78809g
Processor,Intel Haswell G3320TE,1050,intel_haswell_g3320te
Processor,Intel J3455,1060,intel_j3455
Processor,Intel Pentium J6425,1070,intel_pentium_j6425
Processor,Intel Pentium J6426,1080,intel_pentium_j6426
Processor,Intel Pentium N3710,1090,intel_pentium_n3710
Processor,Intel Pentium N4200,1100,intel_pentium_n4200
Processor,Intel Celeron N6211; Pentium J6426 (optional - contact us),1102,intel_celeron_n6211;_pentium_j6426_optional_contact_us
Processor,Intel Xeon D1541 Processor,1110,intel_xeon_d1541_processor
Processor,Intel Xeon E3-1240Lv3,1120,intel_xeon_e31240lv3
Processor,Intel Xeon E3-1265L v2,1130,intel_xeon_e31265l_v2
Processor,Intel Xeon E3-1275v3,1140,intel_xeon_e31275v3
Processor,Intel Xeon E3-1585 v5,1150,intel_xeon_e31585_v5
Processor,MTK6582,1160,mtk6582
Processor,NXP i.MX 6 DualLite,1180,nxp_imx_6_duallite
Processor,"Socket LGA 1700 - Raptor/Alder Lake S		",1184,"socket_lga_1700_raptor/alder_lake_s		"
Processor,VIA C7,1190,via_c7
Processor,VIA Eden ULV,1200,via_eden_ulv
Processor,VIA Eden X2,1210,via_eden_x2
Processor,VIA Nano E,1220,via_nano_e
Processor,VIA Nano ULV (U3300),1230,via_nano_ulv_u3300
Processor,VIA Nano X2 E (L4350E),1240,via_nano_x2_e_l4350e
Processor,VIA QuadCore E (L4700E),1250,via_quadcore_e_l4700e
Processor Family,AMD Embedded G-series,10,amd_embedded_gseries
Processor Family,AMD e-Ontario,20,amd_eontario
Processor Family,AMD EPYC™,30,amd_epyc
Processor Family,AMD Ryzen™,40,amd_ryzen
Processor Family,ARM,50,arm
Processor Family,Cortex-A9,60,cortexa9
Processor Family,Intel Atom,70,intel_atom
Processor Family,Intel Apollo Lake,80,intel_apollo_lake
Processor Family,Intel Arrandale,90,intel_arrandale
Processor Family,Intel Bay Trail,100,intel_bay_trail
Processor Family,Intel Braswell,110,intel_braswell
Processor Family,Intel Broadwell,120,intel_broadwell
Processor Family,Intel Haswell,130,intel_haswell
Processor Family,Intel Ivy Bridge,140,intel_ivy_bridge
Processor Family,Intel Sandy Bridge,150,intel_sandy_bridge
Processor Family,Intel Skylake,160,intel_skylake
Processor Family,VIA,170,via
Processor Features,Intel vPro®,60,intel_vpro
Processor Features,AMT Support,10,amt_support
Processor Features,ECC Memory Supported,20,ecc_memory_supported
Processor Features,Embedded Lifecycle,30,embedded_lifecycle
Processor Features,Embedded Options Available,40,embedded_options_available
Processor Features,Hyper-Threading Technology,50,hyperthreading_technology
Processor Generation,2nd Generation,10,2nd_generation
Processor Generation,3rd Generation,20,3rd_generation
Processor Generation,4th Generation,30,4th_generation
Processor Generation,5th Generation,40,5th_generation
Processor Generation,6th Generation,50,6th_generation
Processor Generation,7th Generation,60,7th_generation
Processor Generation,8th Generation,70,8th_generation
Processor Generation,9th Generation,80,9th_generation
Processor Generation,10th Generation,90,10th_generation
Processor Generation,Alder Lake,95,alder_lake
Processor Generation,Apollo Lake,100,apollo_lake
Processor Generation,Arrandale,110,arrandale
Processor Generation,Avoton,120,avoton
Processor Generation,Bay Trail,130,bay_trail
Processor Generation,Braswell,140,braswell
Processor Generation,Broadwell,150,broadwell
Processor Generation,Cascade Lake,160,cascade_lake
Processor Generation,Cedarview,170,cedarview
Processor Generation,Coffee Lake,180,coffee_lake
Processor Generation,Comet Lake,190,comet_lake
Processor Generation,Cortex-A7,200,cortexa7
Processor Generation,Cortex-A8,210,cortexa8
Processor Generation,Cortex-A9,220,cortexa9
Processor Generation,Elkhart Lake,230,elkhart_lake
Processor Generation,eOntario,240,eontario
Processor Generation,eTrinity,250,etrinity
Processor Generation,G Series,260,g_series
Processor Generation,Gold Processor Series,270,gold_processor_series
Processor Generation,Gold Series,280,gold_series
Processor Generation,Haswell,290,haswell
Processor Generation,Ivy Bridge,300,ivy_bridge
Processor Generation,Jetson AGX Xavier,310,jetson_agx_xavier
Processor Generation,Kabini SOC,320,kabini_soc
Processor Generation,Kaby Lake,330,kaby_lake
Processor Generation,Kaby Lake G,340,kaby_lake_g
Processor Generation,Penryn,350,penryn
Processor Generation,Pineview,360,pineview
Processor Generation,Raptor Lake (13th Gen),362,raptor_lake_13th_gen
Processor Generation,Raspberry Pi CM4,365,raspberry_pi_cm4
Processor Generation,Renoir,370,renoir
Processor Generation,Rome,380,rome
Processor Generation,Sandy Bridge,390,sandy_bridge
Processor Generation,Skylake,400,skylake
Processor Generation,Tiger Lake,410,tiger_lake
Processor Generation,Trinity,420,trinity
Processor Generation,Whiskey Lake,430,whiskey_lake
Processor Generation,Zen,440,zen
Processor Generation,Zen 2,450,zen_2
Processor Socket,AM4,10,am4
Processor Socket,AM4 PGA 1331,20,am4_pga_1331
Processor Socket,AMD R Series,30,amd_r_series
Processor Socket,FCBGA1449,40,fcbga1449
Processor Socket,FCBGA1528,50,fcbga1528
Processor Socket,FCLGA1151,60,fclga1151
Processor Socket,FCLGA1200,70,fclga1200
Processor Socket,FCLGA14C,80,fclga14c
Processor Socket,FCLGA1700,85,fclga1700
Processor Socket,FP6,90,fp6
Processor Socket,FS1R2,100,fs1r2
Processor Socket,G1 (rPGA988A),110,g1_rpga988a
Processor Socket,G2 (rPGA988B),120,g2_rpga988b
Processor Socket,G3 (rPGA947),130,g3_rpga947
Processor Socket,LGA1150,140,lga1150
Processor Socket,LGA1151,150,lga1151
Processor Socket,LGA1155,160,lga1155
Processor Socket,LGA1156,170,lga1156
Processor Socket,LGA1200,180,lga1200
Processor Socket,LGA1700,185,lga1700
Processor Socket,LGA3647,190,lga3647
Processor Socket,M (FCPGA478),200,m_fcpga478
Processor Socket,Onboard (BGA),210,onboard_bga
Processor Socket,SP3,220,sp3
Product Type,Component,10,component
Product Type,System,20,system
Product Type,Bundle,30,bundle
Product Type,Service,40,service
Product Type,Virtual,50,virtual
Product Type,Consumable,60,consumable
PSU Form Factor,AT/ATX,10,atatx
PSU Form Factor,ATX12V,20,atx12v
PSU Form Factor,ATX12V v1.0,30,atx12v_v10
PSU Form Factor,ATX12V v1.3,40,atx12v_v13
PSU Form Factor,ATX12V v2,50,atx12v_v2
PSU Form Factor,EPS12V,60,eps12v
PSU Form Factor,Small Form Factor - CFX,70,small_form_factor_cfx
PSU Form Factor,Small Form Factor - TFX,80,small_form_factor_tfx
PSU Form Factor,Small Form Factor - SFX,90,small_form_factor_sfx
PSU Modularity,Non-Modular,10,nonmodular
PSU Modularity,Semi-Modular,20,semimodular
PSU Modularity,Full-Modular,30,fullmodular
PSU Protection,BOP - Brown Out Protection,10,bop_brown_out_protection
PSU Protection,OCP - Over Current Protection,20,ocp_over_current_protection
PSU Protection,OPP - Over Power Protection,30,opp_over_power_protection
PSU Protection,OTP - Over Temperature Protection,40,otp_over_temperature_protection
PSU Protection,OVP - Over Voltage Protection,50,ovp_over_voltage_protection
PSU Protection,SCP - Short Circuit Protection,60,scp_short_circuit_protection
PSU Protection,UVP - Under Voltage Protection,70,uvp_under_voltage_protection
PSU Rails,+3.3V Rail,10,33v_rail
PSU Rails,+5V Rail,20,5v_rail
PSU Rails,+12V Rail,30,12v_rail
PSU Rails,Single-Rail,40,singlerail
PSU Rails,Multi-Rail,50,multirail
PSU Rating,80 PLUS,10,80_plus
PSU Rating,80 PLUS Bronze,20,80_plus_bronze
PSU Rating,80 PLUS Silver,30,80_plus_silver
PSU Rating,80 PLUS Gold,40,80_plus_gold
PSU Rating,80 PLUS Platinum,50,80_plus_platinum
PSU Rating,80 PLUS Titanium,60,80_plus_titanium
Public Destination,Not Public,,not_public
Public Destination,B2B,,b2b
Public Destination,B2C,,b2c
Public Destination,B2B + B2C,,b2b_b2c
Recommended Applications,Education,10,education
Recommended Applications,Government,20,government
Recommended Applications,Human Machine Interface,30,human_machine_interface
Recommended Applications,Image Processing,40,image_processing
Recommended Applications,Internet of Things,50,internet_of_things
Recommended Applications,Machine Vision,60,machine_vision
Recommended Applications,Medical / Medical Imaging,70,medical_medical_imaging
Recommended Applications,Network Attached Storage,80,network_attached_storage
Recommended Applications,Point-of-Use / Kiosk,90,pointofuse_kiosk
Recommended Applications,Surveillance / Security,100,surveillance_security
Recommended Applications,Thin Client,110,thin_client
Recommended Applications,Workstation,120,workstation
Regions,US,10,us
Regions,EU,20,eu
Regulatory Certifications,BSMI,10,bsmi
Regulatory Certifications,CAN ICES-003(A) / NMB-003(A) (Class A),12,can_ices003a_/_nmb003a_class_a
Regulatory Certifications,CCC,20,ccc
Regulatory Certifications,CE,30,ce
Regulatory Certifications,CISPR 11,40,cispr_11
Regulatory Certifications,CISPR 32,50,cispr_32
Regulatory Certifications,CISPR 32 / 35 (EN 55032 / EN 55035 Class A),54,cispr_32_/_35_en_55032_/_en_55035_class_a
Regulatory Certifications,CISPR 35,60,cispr_35
Regulatory Certifications,E-Mark,70,emark
Regulatory Certifications,EN 300 220-2,80,en_300_2202
Regulatory Certifications,EN 300 328,90,en_300_328
Regulatory Certifications,EN 300 440,100,en_300_440
Regulatory Certifications,EN 301 328,110,en_301_328
Regulatory Certifications,EN 301 489-1,120,en_301_4891
Regulatory Certifications,EN 301 489-17,130,en_301_48917
Regulatory Certifications,EN 301 489-52,135,en_301_48952
Regulatory Certifications,EN 301 893,140,en_301_893
Regulatory Certifications,EN 301 908-1,150,en_301_9081
Regulatory Certifications,EN 301 908-13,160,en_301_90813
Regulatory Certifications,EN 301 908-2,170,en_301_9082
Regulatory Certifications,EN 45545-2,180,en_455452
Regulatory Certifications,EN 50121-3-2,190,en_5012132
Regulatory Certifications,EN 50566,200,en_50566
Regulatory Certifications,EN 55011,210,en_55011
Regulatory Certifications,EN 55022,220,en_55022
Regulatory Certifications,EN 55024,230,en_55024
Regulatory Certifications,EN 55032,240,en_55032
Regulatory Certifications,EN 55035,250,en_55035
Regulatory Certifications,EN 60601-1-2,260,en_6060112
Regulatory Certifications,EN 60601-1-2 4th ed.,264,en_6060112_4th_ed.
Regulatory Certifications,EN 60950-1,270,en_609501
Regulatory Certifications,EN 60945 Ed. 4,274,en_60945_ed._4
Regulatory Certifications,EN 61373,280,en_61373
Regulatory Certifications,EN 62311:2020,284,en_62311:2020
Regulatory Certifications,EN 62368-1,290,en_623681
Regulatory Certifications,EN 63268-1,295,en_632681
Regulatory Certifications,Energy Star,300,energy_star
Regulatory Certifications,ETL,305,etl
Regulatory Certifications,ETL Listed Configurations available,310,etl_listed_configurations_available
Regulatory Certifications,ETSI EN 301 328,311,etsi_en_301_328
Regulatory Certifications,"ETSI EN 301 489 (parts 1, 17, 52)",312,"etsi_en_301_489_parts_1,_17,_52"
Regulatory Certifications,ETSI EN 301 893,313,etsi_en_301_893
Regulatory Certifications,ETSI EN 300 908,314,etsi_en_300_908
Regulatory Certifications,ETSI EN 301 908,315,etsi_en_301_908
Regulatory Certifications,ETSI EN 300 328,316,etsi_en_300_328
Regulatory Certifications,FCC 47 CFR Part 15 (Class A),317,fcc_47_cfr_part_15_class_a
Regulatory Certifications,FCC 47 CFR Part 15 Subpart B,320,fcc_47_cfr_part_15_subpart_b
Regulatory Certifications,FCC/CE Class B upon request,324,fcc/ce_class_b_upon_request
Regulatory Certifications,IEC 60050,330,iec_60050
Regulatory Certifications,IEC 60068-2-27,340,iec_60068227
Regulatory Certifications,IEC 60068-2-6,350,iec_6006826
Regulatory Certifications,IEC 60068-2-64,360,iec_60068264
Regulatory Certifications,IEC 60601-1-2 (4th edition),363,iec_6060112_4th_edition
Regulatory Certifications,IEC 60945,366,iec_60945
Regulatory Certifications,IEC 60945 Ed. 4,370,iec_60945_ed_4
Regulatory Certifications,IEC 60950-1,380,iec_609501
Regulatory Certifications,IEC 62368-1,390,iec_623681
Regulatory Certifications,IEC/UL/EN 62368-1,391,iec/ul/en_623681
Regulatory Certifications,ICES-003 Class A,392,ices003_class_a
Regulatory Certifications,EN IEC 61000-3-2,393,en_iec_6100032
Regulatory Certifications,cUL,394,cul
Regulatory Certifications,IEC,395,iec
Regulatory Certifications,ISED,400,ised
Regulatory Certifications,KC,410,kc
Regulatory Certifications,LPS,420,lps
Regulatory Certifications,MIL-STD-810F Test,430,milstd810f_test
Regulatory Certifications,MIL-STD-810G,440,milstd810g
Regulatory Certifications,MIL-STD-810G Test,450,milstd810g_test
Regulatory Certifications,RCM,460,rcm
Regulatory Certifications,REACH,470,reach
Regulatory Certifications,RoHS 3 (2015/863/EU),480,rohs_3_2015863eu
Regulatory Certifications,TUV Listed,490,tuv_listed
Regulatory Certifications,UKCA,495,ukca
Regulatory Certifications,UL 508,500,ul_508
Regulatory Certifications,UL 60950-1,510,ul_609501
Regulatory Certifications,UL 62368-1,520,ul_623681
Regulatory Certifications,UL/EN/IEC 62368-1 (UL E490677) NRTL + CB,522,ul/en/iec_623681_ul_e490677_nrtl_+_cb
Regulatory Certifications,UL/EN/IEC 60950-1(UL E490677) NRTL + CB,524,ul/en/iec_609501ul_e490677_nrtl_+_cb
Regulatory Certifications,UL Recognized Component,530,ul_recognized_component
Regulatory Certifications,UL/ETL Listed configurations available,535,ul_etl_listed_configurations
Regulatory Certifications,UL/IEC/EN 61010-1,536,ul_iec_en_610101
Regulatory Certifications,UL/IEC/EN 61010-2-201,539,ul_iec_en_610102201
Regulatory Certifications,UN Reg.10,540,un_reg10
Regulatory Certifications,VCCI,550,vcci
Regulatory Certifications,WEEE,560,weee
Regulatory Certifications,UL/IEC/EN 62368-1 (UL E490677) NRTL + CB UL/IEC/EN 60950-1(UL E490677) NRTL + CB,,ul/iec/en_623681_ul_e490677_nrtl_+_cb_ul/iec/en_609501ul_e490677_nrtl_+_cb
Regulatory Certifications,CISPR 32/35 & EN 55032/55035,,cispr_32/35_en_55032/55035
Regulatory Certifications,WEEE Directive (2012/19/EU),,weee_directive_2012/19/eu
Regulatory Certifications,REACH & CMRT Compliant,,reach_cmrt_compliant
Regulatory Certifications,Immunity per ISO 7637-2 & ISO 16750-2,,immunity_per_iso_76372_iso_167502
Regulatory Certifications,IEC 60601-1-2 / EN 55011,,iec_6060112_/_en_55011
Regulatory Certifications,Contact us for more information,570,contact
Reporting Category: Category,Components,,components
Reporting Category: Category,Industrial,,industrial
Reporting Category: Category,Rugged,,rugged
Reporting Category: Category,Server,,server
Reporting Category: Category,Manufacturing SKUs,,manufacturing_skus
Reporting Category: Category,Services,,services
Reporting Category: Category,ARM,,arm
Reporting Category: Category,Not Categorized,,not_categorized
Reporting Category: Category,Panel,,panel
Reporting Category: Category,Panel by Cincoze,,panel_by_cincoze
Reporting Category: Line,Components,,components
Reporting Category: Line,Coolers,,coolers
Reporting Category: Line,Display,,display
Reporting Category: Line,Engineering Parts,,engineering_parts
Reporting Category: Line,Fanless,,fanless
Reporting Category: Line,Fanned,,fanned
Reporting Category: Line,Fanned Rackmounts,,fanned_rackmounts
Reporting Category: Line,Industrial Displays,,industrial_displays
Reporting Category: Line,Legacy Industrial,,legacy_industrial
Reporting Category: Line,Legacy Rugged,,legacy_rugged
Reporting Category: Line,Memory,,memory
Reporting Category: Line,Motherboard Kits,,motherboard_kits
Reporting Category: Line,Operating Systems,,operating_systems
Reporting Category: Line,Other,,other
Reporting Category: Line,Packaging,,packaging
Reporting Category: Line,Panels,,panels
Reporting Category: Line,Performance,,performance
Reporting Category: Line,Power Supplies,,power_supplies
Reporting Category: Line,Processor,,processor
Reporting Category: Line,Rugged By Cincoze,,rugged_by_cincoze
Reporting Category: Line,Rugged By Neousys,,rugged_by_neousys
Reporting Category: Line,Rugged By OnLogic,,rugged_by_onlogic
Reporting Category: Line,Storage,,storage
Reporting Category: Line,1U & 1.5U Rackmount,,1u_15u_rackmount
Reporting Category: Line,Mid Tier,,mid_tier
Reporting Category: Line,Gateway,,gateway
Reporting Category: Line,Small Form Factor,,small_form_factor
Reporting Category: Line,Entry,,entry
Reporting Category: Line,High Performance,,high_performance
Reporting Category: Line,Standalone,,standalone
Reporting Category: Line,4U Rackmount,,4u_rackmount
Reporting Category: Line,2U Rackmount,,2u_rackmount
Reporting Category: Line,Rugged Jetson,,rugged_jetson
Reporting Category: Line,Jetson,,jetson
Reporting Category: Line,Support & Warranty,,support_warranty
Reporting Category: Line,Panel PC,,panel_pc
Reporting Category: Line,Raspberry Pi,,raspberry_pi
Reporting Category: Line,Custom Imaging and BIOS,,custom_imaging_and_bios
Reporting Category: Series,Extended Support Program,,extended_support_program
Reporting Category: Series,BIOS,,bios
Reporting Category: Series,Accessories,,accessories
Reporting Category: Series,Axial Series,,axial_series
Reporting Category: Series,Barebones,,barebones
Reporting Category: Series,Cables,,cables
Reporting Category: Series,Chassis,,chassis
Reporting Category: Series,CL100 Series,,cl100_series
Reporting Category: Series,CL200 Series,,cl200_series
Reporting Category: Series,CS Series,,cs_series
Reporting Category: Series,Components,,components
Reporting Category: Series,CV Series,,cv_series
Reporting Category: Series,DA Series,,da_series
Reporting Category: Series,DC Series,,dc_series
Reporting Category: Series,DE Series,,de_series
Reporting Category: Series,DI Series,,di_series
Reporting Category: Series,Displays,,displays
Reporting Category: Series,D Series,,d_series
Reporting Category: Series,DS Series,,ds_series
Reporting Category: Series,DX Series,,dx_series
Reporting Category: Series,Expansion,,expansion
Reporting Category: Series,FR200 Series,,fr200_series
Reporting Category: Series,GM Series,,gm_series
Reporting Category: Series,GP Series,,gp_series
Reporting Category: Series,Hardware,,hardware
Reporting Category: Series,Helix Series,,helix_series
Reporting Category: Series,HX300 Series,,hx300_series
Reporting Category: Series,HX400 Series,,hx400_series
Reporting Category: Series,HX500 Series,,hx500_series
Reporting Category: Series,HX600 Series,,hx600_series
Reporting Category: Series,IGT Series,,igt_series
Reporting Category: Series,IMB Series,,imb_series
Reporting Category: Series,Internal Power Supplies,,internal_power_supplies
Reporting Category: Series,K300 Series,,k300_series
Reporting Category: Series,K400 Series,,k400_series
Reporting Category: Series,K700 Series,,k700_series
Reporting Category: Series,K800 Series,,k800_series
Reporting Category: Series,Legacy Industrial,,legacy_industrial
Reporting Category: Series,Legacy Rugged,,legacy_rugged
Reporting Category: Series,MC500 Series,,mc500_series
Reporting Category: Series,MC600 Series,,mc600_series
Reporting Category: Series,MC800 Series,,mc800_series
Reporting Category: Series,MC850 Series,,mc850_series
Reporting Category: Series,Memory,,memory
Reporting Category: Series,MK100 Series,,mk100_series
Reporting Category: Series,MK150 Series,,mk150_series
Reporting Category: Series,MK200 Series,,mk200_series
Reporting Category: Series,MK400 Series,,mk400_series
Reporting Category: Series,ML100 Series,,ml100_series
Reporting Category: Series,ML200 Series,,ml200_series
Reporting Category: Series,ML250 Series,,ml250_series
Reporting Category: Series,ML300 Series,,ml300_series
Reporting Category: Series,ML400 Series,,ml400_series
Reporting Category: Series,ML500 Series,,ml500_series
Reporting Category: Series,ML600 Series,,ml600_series
Reporting Category: Series,Motherboards,,motherboards
Reporting Category: Series,M1000 Series,,m1000_series
Reporting Category: Series,Other,,other
Reporting Category: Series,PD Series,,pd_series
Reporting Category: Series,PH Series,,ph_series
Reporting Category: Series,NC100 Series,,nc100_series
Reporting Category: Series,NC200 Series,,nc200_series
Reporting Category: Series,NUC Series,,nuc_series
Reporting Category: Series,NRU Series,,nru_series
Reporting Category: Series,Nuvis Series,,nuvis_series
Reporting Category: Series,Nuvo Series,,nuvo_series
Reporting Category: Series,Onyx Series,,onyx_series
Reporting Category: Series,Operating Systems,,operating_systems
Reporting Category: Series,P100 Series,,p100_series
Reporting Category: Series,P1000 Series,,p1000_series
Reporting Category: Series,P2000 Series,,p2000_series
Reporting Category: Series,P Series,,p_series
Reporting Category: Series,Packaging,,packaging
Reporting Category: Series,POC Series,,poc_series
Reporting Category: Series,Printed Matter,,printed_matter
Reporting Category: Series,Processors,,processors
Reporting Category: Series,Storage,,storage
Reporting Category: Series,Tacton Series,,tacton_series
Reporting Category: Series,MZ1 Series,,mz1_series
Reporting Category: Series,AGX Series,,agx_series
Reporting Category: Series,NX Series,,nx_series
Reporting Category: Series,Nano Series,,nano_series
Reporting Category: Series,Warranty,,warranty
Reporting Category: System,"2.5"" HDD",,"25""_hdd"
Reporting Category: System,"2.5"" SSD",,"25""_ssd"
Reporting Category: System,"3.5"" HDD",,"35""_hdd"
Reporting Category: System,AC101,,ac101
Reporting Category: System,Antennas,,antennas
Reporting Category: System,Bag,,bag
Reporting Category: System,Barebones,,barebones
Reporting Category: System,Battery,,battery
Reporting Category: System,Box,,box
Reporting Category: System,Button Board,,button_board
Reporting Category: System,CAN,,can
Reporting Category: System,Case Components,,case_components
Reporting Category: System,Chassis,,chassis
Reporting Category: System,CL100,,cl100
Reporting Category: System,CL100 (TM700),,cl100_tm700
Reporting Category: System,CL200G-10,,cl200g10
Reporting Category: System,CL200G-10 (Other),,cl200g10_other
Reporting Category: System,CL200G-11,,cl200g11
Reporting Category: System,CL210G-10,,cl210g10
Reporting Category: System,CL210G-10 (Other),,cl210g10_other
Reporting Category: System,CL210G-10 (IGL200),,cl210g10_igl200
Reporting Category: System,CL210G-10 (IGN600),,cl210g10_ign600
Reporting Category: System,CL210G-10 (TM110),,cl210g10 tm110
Reporting Category: System,CL210G-11,,cl210g11
Reporting Category: System,CL210G-11 (IGL200),,cl210g11_igl200
Reporting Category: System,CL210G-11 (Other),,cl210g11_other
Reporting Category: System,CL250,,cl250
Reporting Category: System,CL250 (IGN610),,cl250_ign610
Reporting Category: System,CL250 (TM710),,cl250_tm710
Reporting Category: System,Components,,components
Reporting Category: System,Compute,,compute
Reporting Category: System,CPU Cooler,,cpu_cooler
Reporting Category: System,CS-P1001,,csp1001
Reporting Category: System,CS-P1101,,csp1101
Reporting Category: System,CS-P2002,,csp2002
Reporting Category: System,CS-P2102,,csp2102
Reporting Category: System,CV-P1001,,cvp1001
Reporting Category: System,CV-P1101,,cvp1101
Reporting Category: System,CV-P1101 (TM410),,cvp1101_tm410
Reporting Category: System,CV-P2002,,cvp2002
Reporting Category: System,CV-P2102,,cvp2102
Reporting Category: System,D210-11KS,,d21011ks
Reporting Category: System,DA-1000,,da1000
Reporting Category: System,DA-1100,,da1100
Reporting Category: System,DC-1100,,dc1100
Reporting Category: System,DC-1100 (TM300),,dc1100_tm300
Reporting Category: System,DC-1200,,dc1200
Reporting Category: System,DE-1000,,de1000
Reporting Category: System,DE-1001,,de1001
Reporting Category: System,DI-1000,,di1000
Reporting Category: System,DI-1100,,di1100
Reporting Category: System,DIO,,dio
Reporting Category: System,DS-1000,,ds1000
Reporting Category: System,DS-1001,,ds1001
Reporting Category: System,DS-1002,,ds1002
Reporting Category: System,DS-1100,,ds1100
Reporting Category: System,DS-1101,,ds1101
Reporting Category: System,DS-1102,,ds1102
Reporting Category: System,DS-1200,,ds1200
Reporting Category: System,DS-1201,,ds1201
Reporting Category: System,DS-1202,,ds1202
Reporting Category: System,DS-1300,,ds1300
Reporting Category: System,DS-1301,,ds1301
Reporting Category: System,DS-1302,,ds1302
Reporting Category: System,DX-1000,,dx1000
Reporting Category: System,DX-1100,,dx1100
Reporting Category: System,DX-1100 (GRL200),,dx1100_grl200
Reporting Category: System,External Components,,external_components
Reporting Category: System,Fan,,fan
Reporting Category: System,Foam,,foam
Reporting Category: System,FR201,,fr201
Reporting Category: System,FR201 (IGN800),,fr201_ign800
Reporting Category: System,FR202,,fr202
Reporting Category: System,FR202 (IGN802),,fr202_ign802
Reporting Category: System,Gasket,,gasket
Reporting Category: System,GM-1000,,gm1000
Reporting Category: System,GP-3001,,gp3001
Reporting Category: System,GP-3002,,gp3002
Reporting Category: System,GPU,,gpu
Reporting Category: System,Half-Height mSATA,,halfheight_msata
Reporting Category: System,Hardware,,hardware
Reporting Category: System,Hot Swap,,hot_swap
Reporting Category: System,HX310,,hx310
Reporting Category: System,HX330,,hx330
Reporting Category: System,HX330 (TM260),,hx330_tm260
Reporting Category: System,HX500,,hx500
Reporting Category: System,HX500 (IGN700),,hx500_ign700
Reporting Category: System,HX511,,hx511
Reporting Category: System,HX600,,hx600
Reporting Category: System,HX610,,hx610
Reporting Category: System,IGT-20,,igt20
Reporting Category: System,Ignition,,ignition
Reporting Category: System,Industrial (Other),,industrial_other
Reporting Category: System,Insert,,insert
Reporting Category: System,Internal Brackets,,internal_brackets
Reporting Category: System,Internal Power Supplies,,internal_power_supplies
Reporting Category: System,K300,,k300
Reporting Category: System,K300 (CKT110),,k300_ckt110
Reporting Category: System,K300 (IGL300),,k300_igl300
Reporting Category: System,K300 (IGN200),,k300_ign200
Reporting Category: System,K410,,k410
Reporting Category: System,K410 (IGN210),,k410_ign210
Reporting Category: System,K430,,k430
Reporting Category: System,K700-SE,,k700se
Reporting Category: System,K700-SE-2,,k700se2
Reporting Category: System,K700-SE (GRL400),,k700se_grl400
Reporting Category: System,K700-SE (IGN400),,k700se_ign400
Reporting Category: System,K700-X2,,k700x2
Reporting Category: System,K700-X2-2,,k700x22
Reporting Category: System,K801,,k801
Reporting Category: System,K802,,k802
Reporting Category: System,K803,,k803
Reporting Category: System,K804,,k804
Reporting Category: System,Keyboard,,keyboard
Reporting Category: System,Kit,,kit
Reporting Category: System,Label,,label
Reporting Category: System,LCD,,lcd
Reporting Category: System,M.2 2242,,m2_2242
Reporting Category: System,M.2 2260,,m2_2260
Reporting Category: System,M.2 2280,,m2_2280
Reporting Category: System,MC500-10,,mc50010
Reporting Category: System,MC500-11,,mc50011
Reporting Category: System,MC500-30,,mc50030
Reporting Category: System,MC500-50,,mc50050
Reporting Category: System,MC500-51,,mc50051
Reporting Category: System,MC500-52,,mc50052
Reporting Category: System,MC500 (Other),,mc500_other
Reporting Category: System,MC510-10,,mc51010
Reporting Category: System,MC510-40,,mc51040
Reporting Category: System,MC510-40 (TM800),,mc51040_tm800
Reporting Category: System,MC510-50,,mc51050
Reporting Category: System,MC510-50 (GRL100),,mc51050_grl100
Reporting Category: System,MC600-10,,mc60010
Reporting Category: System,MC600-11,,mc60011
Reporting Category: System,MC600-50,,mc60050
Reporting Category: System,MC600-51,,mc60051
Reporting Category: System,MC600-52,,mc60052
Reporting Category: System,MC600 (Other),,mc600_other
Reporting Category: System,MC610-10,,mc61010
Reporting Category: System,MC610-50,,mc61050
Reporting Category: System,MC610-50 (TM610),,mc61050_tm610
Reporting Category: System,MC800 (Other),,mc800_other
Reporting Category: System,MC850-40,,mc85040
Reporting Category: System,MC850-50,,mc85050
Reporting Category: System,MC850-51,,mc85051
Reporting Category: System,MC850-52,,mc85052
Reporting Category: System,MC850-53,,mc85053
Reporting Category: System,MC850-54,,mc85054
Reporting Category: System,MC850-70,,mc85070
Reporting Category: System,MK100B-10,,mk100b10
Reporting Category: System,MK100B-40,,mk100b40
Reporting Category: System,MK100B-50,,mk100b50
Reporting Category: System,MK100B-51,,mk100b51
Reporting Category: System,MK100B-52,,mk100b52
Reporting Category: System,MK100B-53,,mk100b53
Reporting Category: System,MK100B-54,,mk100b54
Reporting Category: System,MK100B-70,,mk100b70
Reporting Category: System,MK100 (Other),,mk100_other
Reporting Category: System,MK101B-30,,mk101b30
Reporting Category: System,MK150B-10,,mk150b10
Reporting Category: System,MK150B-30,,mk150b30
Reporting Category: System,MK150B-40,,mk150b40
Reporting Category: System,MK150B-50,,mk150b50
Reporting Category: System,MK150B-51,,mk150b51
Reporting Category: System,MK150B-52,,mk150b52
Reporting Category: System,MK150B-53,,mk150b53
Reporting Category: System,MK150B-54,,mk150b54
Reporting Category: System,MK150B-70,,mk150b70
Reporting Category: System,MK150 (Other),,mk150_other
Reporting Category: System,MK200-60,,mk20060
Reporting Category: System,MK200-70,,mk20070
Reporting Category: System,MK200 (Other),,mk200_other
Reporting Category: System,MK400-60,,mk40060
Reporting Category: System,MK400-70,,mk40070
Reporting Category: System,MK400 (Other),,mk400_other
Reporting Category: System,ML100G-10,,ml100g10
Reporting Category: System,ML100G-10 (TM100),,ml100g10_tm100
Reporting Category: System,ML100G-30,,ml100g30
Reporting Category: System,ML100G-31,,ml100g31
Reporting Category: System,ML100G-40,,ml100g40
Reporting Category: System,ML100G-40 (IGL160),,ml100g40_igl160
Reporting Category: System,ML100G-40 (IGN510),,ml100g40_ign510
Reporting Category: System,ML100G-41,,ml100g41
Reporting Category: System,ML100G-50,,ml100g50
Reporting Category: System,ML100G-51,,ml100g51
Reporting Category: System,ML100G-51 (IGN500),,ml100g51_ign500
Reporting Category: System,ML100G-52,,ml100g52
Reporting Category: System,ML100G-53,,ml100g53
Reporting Category: System,ML100G-53 (TM120),,ml100g53_tm120
Reporting Category: System,ML200 (Other),,ml200_other
Reporting Category: System,ML210G-10,,ml210g10
Reporting Category: System,ML210G-10 (TM200),,ml210g10_tm200
Reporting Category: System,ML210G-11,,ml210g11
Reporting Category: System,ML210G-12,,ml210g12
Reporting Category: System,ML210G-50,,ml210g50
Reporting Category: System,ML210G-51,,ml210g51
Reporting Category: System,ML250 (Other),,ml250_other
Reporting Category: System,ML300 (Other),,ml300_other
Reporting Category: System,ML340G-10,,ml340g10
Reporting Category: System,ML340G-50,,ml340g50
Reporting Category: System,ML340G-51,,ml340g51
Reporting Category: System,ML350G-10,,ml350g10
Reporting Category: System,ML350G-10 (GRL600),,ml350g10_grl600
Reporting Category: System,ML350G-10 (IGL100),,ml350g10_igl100
Reporting Category: System,ML350G-10 (IGN100),,ml350g10_ign100
Reporting Category: System,ML350G-10 (TM250),,ml350g10_tm250
Reporting Category: System,ML400B-50,,ml400b50
Reporting Category: System,ML400G-10,,ml400g10
Reporting Category: System,ML400G-12,,ml400g12
Reporting Category: System,ML400G-14,,ml400g14
Reporting Category: System,ML400G-30,,ml400g30
Reporting Category: System,ML400G-50,,ml400g50
Reporting Category: System,ML400G-51,,ml400g51
Reporting Category: System,ML400G-52,,ml400g52
Reporting Category: System,ML400 (Other),,ml400_other
Reporting Category: System,ML450G-10,,ml450g10
Reporting Category: System,ML450G-11,,ml450g11
Reporting Category: System,ML450G-12,,ml450g12
Reporting Category: System,ML450G-50,,ml450g50
Reporting Category: System,ML450G-51,,ml450g51
Reporting Category: System,ML450G-52,,ml450g52
Reporting Category: System,ML450G-53,,ml450g53
Reporting Category: System,ML500G-30,,ml500g30
Reporting Category: System,ML500G-50,,ml500g50
Reporting Category: System,ML500G-51,,ml500g51
Reporting Category: System,ML500 (Other),,ml500_other
Reporting Category: System,ML510G-50,,ml510g50
Reporting Category: System,ML510G-50 (GRL500),,ml510g50_grl500
Reporting Category: System,ML600G-10,,ml600g10
Reporting Category: System,ML600G-30,,ml600g30
Reporting Category: System,ML600G-50,,ml600g50
Reporting Category: System,ML600G-51,,ml600g51
Reporting Category: System,ML600G-52,,ml600g52
Reporting Category: System,ML600G-53,,ml600g53
Reporting Category: System,Mounting Brackets,,mounting_brackets
Reporting Category: System,mSATA,,msata
Reporting Category: System,NC100-50,,nc10050
Reporting Category: System,NC200 (Other),,nc200_other
Reporting Category: System,NG100W-10,,ng100w10
Reporting Category: System,NRU-120S,,nru120s
Reporting Category: System,Nuvis-3304af,,nuvis3304af
Reporting Category: System,Nuvis-3616VR,,nuvis3616vr
Reporting Category: System,Nuvis-5306RT,,nuvis5306rt
Reporting Category: System,Nuvo-1000,,nuvo1000
Reporting Category: System,Nuvo-1300af,,nuvo1300af
Reporting Category: System,Nuvo-2510VTC,,nuvo2510vtc
Reporting Category: System,Nuvo-3000,,nuvo3000
Reporting Category: System,Nuvo-3000LP,,nuvo3000lp
Reporting Category: System,Nuvo-3000TB,,nuvo3000tb
Reporting Category: System,Nuvo-3100VTC,,nuvo3100vtc
Reporting Category: System,Nuvo-4000,,nuvo4000
Reporting Category: System,Nuvo-5000,,nuvo5000
Reporting Category: System,Nuvo-5000LP,,nuvo5000lp
Reporting Category: System,Nuvo-5026E,,nuvo5026e
Reporting Category: System,Nuvo-5095GC,,nuvo5095gc
Reporting Category: System,Nuvo-5100VTC,,nuvo5100vtc
Reporting Category: System,Nuvo-5501,,nuvo5501
Reporting Category: System,Nuvo-6000,,nuvo6000
Reporting Category: System,Nuvo-6108GC,,nuvo6108gc
Reporting Category: System,Nuvo-7000E,,nuvo7000e
Reporting Category: System,Nuvo-7000DE,,nuvo7000de
Reporting Category: System,Nuvo-7000LP,,nuvo7000lp
Reporting Category: System,Nuvo-7100VTC,,nuvo7100vtc
Reporting Category: System,Nuvo-7160GC,,nuvo7160gc
Reporting Category: System,Nuvo-7200VTC,,nuvo7200vtc
Reporting Category: System,Nuvo-7501,,nuvo7501
Reporting Category: System,Nuvo-8108GC,,nuvo8108gc
Reporting Category: System,Nuvo-8208GC,,nuvo8208gc
Reporting Category: System,Motherboard Kits,,motherboard_kits
Reporting Category: System,Other,,other
Reporting Category: System,Overlay,,overlay
Reporting Category: System,P1001,,p1001
Reporting Category: System,P100-10AS,,p10010as
Reporting Category: System,P1001 (TM400),,p1001_tm400
Reporting Category: System,P1101,,p1101
Reporting Category: System,P1101 (IGL500),,p1101_igl500
Reporting Category: System,P1101 (IGN310),,p1101_ign310
Reporting Category: System,P2002,,p2002
Reporting Category: System,P2002 (IGN300),,p2002_ign300
Reporting Category: System,P2102,,p2102
Reporting Category: System,P2102 (IGN320),,p2102_ign320
Reporting Category: System,Pad,,pad
Reporting Category: System,Pigtail,,pigtail
Reporting Category: System,PoE,,poe
Reporting Category: System,POC-100,,poc100
Reporting Category: System,POC-120,,poc120
Reporting Category: System,POC-200,,poc200
Reporting Category: System,POC-300,,poc300
Reporting Category: System,POC-351VTC,,poc351vtc
Reporting Category: System,POC-500,,poc500
Reporting Category: System,Power,,power
Reporting Category: System,Printed Matter,,printed_matter
Reporting Category: System,Riser,,riser
Reporting Category: System,Rugged (Other),,rugged_other
Reporting Category: System,Screw,,screw
Reporting Category: System,Serial,,serial
Reporting Category: System,SV-PremServPack,,svpremservpack
Reporting Category: System,SV-PremServPack-Annual,,svpremservpackannual
Reporting Category: System,Sleeve,,sleeve
Reporting Category: System,Terminal Block,,terminal_block
Reporting Category: System,Thermal,,thermal
Reporting Category: System,TPM,,tpm
Reporting Category: System,Ubuntu,,ubuntu
Reporting Category: System,USB,,usb
Reporting Category: System,Wireless,,wireless
Reporting Category: System,HX401,,hx401
Reporting Category: System,TC401,,tc401
Reporting Category: System,TN401,,tn401
Reporting Category: System,M1001,,m1001
Reporting Category: System,M1101,,m1101
Reporting Category: System,GP-3100,,gp3100
Reporting Category: System,RGS-8805GC,,rgs8805gc
Reporting Category: System,MZ1-AS,,mz1as
Reporting Category: System,JETAGX64-F,,jetagx64f
Reporting Category: System,JETAGX32-F,,jetagx32f
Reporting Category: System,JETNX16-F,,jetnx16f
Reporting Category: System,JETNX8-F,,jetnx8f
Reporting Category: System,JETNAN8-F,,jetnan8f
Reporting Category: System,JETNAN4-F,,jetnan4f
Reporting Category: System,JETAGX64,,jetagx64
Reporting Category: System,JETAGX32,,jetagx32
Reporting Category: System,JETNX16,,jetnx16
Reporting Category: System,JETNX8,,jetnx8
Reporting Category: System,JETNAN8,,jetnan8
Reporting Category: System,JETNAN4,,jetnan4
Reporting Category: System,MC510-55,,mc51055
Reporting Category: System,MC610-55,,mc61055
Reporting Category: System,Back Plates,,back_plates
Reporting Category: System,OnLogic Power Supplies,,onlogic_power_supplies
Reporting Category: System,Mid Plates,,mid_plates
Reporting Category: System,Front Plates,,front_plates
Reporting Category: System,5 Year,,5_year
Reporting Category: System,3 Year to 5 Year Upgrade,,3_year_to_5_year_upgrade
Reporting Category: System,3 Year,,3_year
Reporting Category: System,2 Year,,2_year
RS-232 pin header type,1,10,1
RS-232 pin header type,AT/Everex,20,ateverex
RS-232 pin header type,ASrock 2mm AR/Everex Proprietary,30,asrock_2mm_areverex_proprietary
RS-232 pin header type,DTK/Intel,40,dtkintel
Series,CL100_series,10,cl100_series
Series,CL200_series,20,cl200_series
Series,FR200_series,30,fr200_series
Series,Helix-300_series,40,helix300_series
Series,Helix-500-600_series,50,helix500600_series
Series,Karbon-300-700_series,60,karbon300700_series
Series,Karbon-400_series,70,karbon400_series
Series,Karbon-800_series,80,karbon800_series
Series,MC500_series,90,mc500_series
Series,MC600_series,100,mc600_series
Series,MC850_series,110,mc850_series
Series,ML100_series,120,ml100_series
Series,ML200_series,130,ml200_series
Series,ML300_series,140,ml300_series
Series,ML400_series,150,ml400_series
Series,ML500_series,160,ml500_series
Series,ML600_series,170,ml600_series
Series,NC100_series,180,nc100_series
Signal Type,USB 2.0 (on Mini PCIe),,usb_20_on_mini_pcie
Signal Type,USB 3.0 (on Mini PCIe),,usb_30_on_mini_pcie
Size,Low Profile,10,low_profile
Size,NUC,20,nuc
Size,Mini PC,30,mini_pc
Size,1U Rackmount,40,1u_rackmount
Size,1.5U Rackmount,50,15u_rackmount
Size,2U Rackmount,60,2u_rackmount
Size,4U Rackmount,70,4u_rackmount
Software Certifications,AWS IoT Greengrass,10,aws_iot_greengrass
Software Certifications,AWS IoT SiteWise,20,aws_iot_sitewise
Software Certifications,Azure IoT Edge,30,azure_iot_edge
Software Certifications,Ignition,30,ignition
Software Certifications,Red Hat,40,red_hat
Software Certifications,ThinManager,50,thinmanager
Software Certifications,Ubuntu,60,ubuntu
Solution Categories,Industrial Control & Automation,155,industrial_control_automation
Solution Categories,SCADA Servers & HMIs with Ignition by Inductive Automation,260,scada_servers_hmis_with_ignition_by_inductive_automation
Solution Categories,AI Computers,5,ai_computers
Solution Categories,Automation Computers,10,automation_computers
Solution Categories,Building Automation,20,building_automation
Solution Categories,Deep Learning Computers,30,deep_learning_computers
Solution Categories,Digital Signage Media Players,40,digital_signage_media_players
Solution Categories,Edge Computers,50,edge_computers
Solution Categories,EdgeIQ Edge Devices,52,edgeiq_edge_devices
Solution Categories,Embedded Computers,80,embedded_computers
Solution Categories,Firewall Appliance,90,firewall_appliance
Solution Categories,Gateways for IoT,100,gateways_for_iot
Solution Categories,HMI Panels,110,hmi_panels
Solution Categories,IGEL Thin Clients,120,igel_thin_clients
Solution Categories,Ignition Edge Gateways,130,ignition_edge_gateways
Solution Categories,In Vehicle Computer Systems,140,in_vehicle_computer_systems
Solution Categories,Industrial Controllers,150,industrial_controllers
Solution Categories,Industrial Thin Clients,160,industrial_thin_clients
Solution Categories,Industrial Workstation PCs,170,industrial_workstation_pcs
Solution Categories,IoT Gateways,180,iot_gateways
Solution Categories,Kiosk Computers,190,kiosk_computers
Solution Categories,Machine Vision Computers,200,machine_vision_computers
Solution Categories,Medical PCs,210,medical_pcs
Solution Categories,Mini Servers,220,mini_servers
Solution Categories,NVR PCs,230,nvr_pcs
Solution Categories,RHEL Certified Hardware,240,rhel_certified_hardware
Solution Categories,Robotics Computers,250,robotics_computers
Solution Categories,ThinManager Thin Clients,270,thinmanager_thin_clients
Solution Categories,Warehouse Computers,280,warehouse_computers
Storage Disk Features,AES Encryption,10,aes_encryption
Storage Disk Features,ECC,20,ecc
Storage Disk Features,Host Power Loss Protection,30,host_power_loss_protection
Storage Disk Features,NCQ,40,ncq
Storage Disk Features,Power Shield,50,power_shield
Storage Disk Features,SMART,60,smart
Storage Disk Features,TRIM,70,trim
Storage Flash Memory Type,3D NAND Flash,10,3d_nand_flash
Storage Flash Memory Type,eMLC NAND Flash,20,emlc_nand_flash
Storage Flash Memory Type,MLC NAND Flash,30,mlc_nand_flash
Storage Flash Memory Type,SLC NAND Flash,40,slc_nand_flash
Storage Options,"1 M.2 2260 (PCIe x4, SATA)",90,1_m2_2260_pcie_x4_sata
Storage Options,"1 M.2 2280 (PCIe Gen 4.0 x4, SATA)",120,1_m2_2280_pcie_gen_40_x4_sata
Storage Options,"1 M.2 2280 (PCIe x2, SATA)",130,1_m2_2280_pcie_x2_sata
Storage Options,"1 M.2 2280 (PCIe x4, SATA)",140,1_m2_2280_pcie_x4_sata
Storage Options,"1 M.2 2280 M-key (PCIe Gen 4.0 x4, SATA)",190,1_m2_2280_mkey_pcie_gen_40_x4_sata
Storage Options,"1 M.2 2280 M-Key (PCIe x4, SATA)",210,1_m2_2280_mkey_pcie_x4_sata
Storage Options,"1 M.2 2280/60/3042 B-key (PCIe x2, USB 3.0, SATA)",220,1_m2_2280603042_bkey_pcie_x2_usb_30_sata
Storage Options,"1 M.2 3042/2260/2280 B-key (PCIe x2, USB 2.0, SATA)",230,1_m2_304222602280_bkey_pcie_x2_usb_20_sata
Storage Options,"2 M.2 2280 (PCIe x1, SATA)",310,2_m2_2280_pcie_x1_sata
Storage Options,"Coming Soon - 1 M.2 2280 (PCIe Gen 4.0 x4, SATA)",660,coming_soon_1_m2_2280_pcie_gen_40_x4_sata
Storage Options,"1 2.5"" HDD/SSD",10,1_25_hddssd
Storage Options,"1 2.5"" HDD/SSD (Nuvo-6002)",20,1_25_hddssd_nuvo6002
Storage Options,1 M.2 2242 (PCIe x4),30,1_m2_2242_pcie_x4
Storage Options,1 M.2 2242/60 M-key (PCIe x4) for NVMe SSD,40,1_m2_224260_mkey_pcie_x4_for_nvme_ssd
Storage Options,1 M.2 2242/60/80 B-key,50,1_m2_22426080_bkey
Storage Options,1 M.2 2242/60/80 M-key,60,1_m2_22426080_mkey
Storage Options,1 M.2 2242/60/80 M-key (SATA),70,1_m2_22426080_mkey_sata
Storage Options,1 M.2 2242/80,80,1_m2_224280
Storage Options,1 M.2 2260 M-key (PCIe x4) for NVMe SSD,100,1_m2_2260_mkey_pcie_x4_for_nvme_ssd
Storage Options,1 M.2 2280,110,1_m2_2280
Storage Options,1 M.2 2280 B-key (SATA),112,1_m2_2280_bkey_sata
Storage Options,1 M.2 2280 (PCIe Gen 4.0 x4),118,1_m2_2280_pcie_gen_40_x4
Storage Options,1 M.2 2280 (PCIe x4),150,1_m2_2280_pcie_x4
Storage Options,1 M.2 2280 (SATA),160,1_m2_2280_sata
Storage Options,1 M.2 2280 M-key,170,1_m2_2280_mkey
Storage Options,1 M.2 2280 M-key (PCIe Gen 3.0 x4) for NVMe SSD,180,1_m2_2280_mkey_pcie_gen_30_x4_for_nvme_ssd
Storage Options,1 M.2 2280 M-key (PCIe x2) for NVMe SSD,200,1_m2_2280_mkey_pcie_x2_for_nvme_ssd
Storage Options,1 M.2 M-key 2280 for SATA/NVMe PCIe Gen 4,205,1_m.2_mkey_2280_for_sata/nvme_pcie_gen_4
Storage Options,1 mSATA (mux with mPCIe),240,1_msata_mux_with_mpcie
Storage Options,1 mSATA (shared with full-size mPCIe slot),250,1_msata_shared_with_fullsize_mpcie_slot
Storage Options,1 mSATA (shared with mPCIe),260,1_msata_shared_with_mpcie
Storage Options,1 mSATA (shared with SATA2),270,1_msata_shared_with_sata2
Storage Options,"1 SATA 2.5"" Drive",275,1_sata_25_drive
Storage Options,"1.8"" SSD",280,18_ssd
Storage Options,10 SATA 6 Gb/s,290,10_sata_6_gbs
Storage Options,"2 3.5"" HDD",300,2_35_hdd
Storage Options,2 M.2 2280 (PCIe x4),320,2_m2_2280_pcie_x4
Storage Options,2 MicroSDHC cards up to 32 GB (1 external 1 internal),330,2_microsdhc_cards_up_to_32_gb_1_external_1_internal
Storage Options,2 mSATA (1 shared with mPCIe),340,2_msata_1_shared_with_mpcie
Storage Options,2 mSATA (shared with mPCIe),350,2_msata_shared_with_mpcie
Storage Options,"2 mSATA Socket ( SATA 3.0, shared by Mini-PCIe socket)",,"2_msata_socket_sata_30,_shared_by_minipcie_socket"
Storage Options,2 SATA 6 Gb/s,360,2_sata_6_gbs
Storage Options,2 SATA 6 Gb/s (SATA2 shared w/ mSATA),370,2_sata_6_gbs_sata2_shared_w_msata
Storage Options,"2 SATA III 2.5"" Drives",380,2_sata_iii_25_drives
Storage Options,"2 SATA III connectors for 2.5"" HDD/SSD (externally accessible hot swap optional)",390,2_sata_iii_connectors_for_25_hddssd_externally_accessible_hot_swap_optional
Storage Options,"2 2.5"" SATA HDD/SSD Bay (SATA 3.0)",,"2_25""_sata_hdd/ssd_bay_sata_30"
Storage Options,2 SO-DIMM (2 32GB max Dual-Channel) 64 GB total,400,2_sodimm_2_32gb_max_dualchannel_64_gb_total
Storage Options,"2.5"" HDD",410,25_hdd
Storage Options,"2.5"" HDD/SDD (Externally Accessible)",420,25_hddsdd_externally_accessible
Storage Options,"2.5"" HDD/SSD",430,25_hddssd
Storage Options,"2.5"" Hot-swap HDD/SSD",440,25_hotswap_hddssd
Storage Options,"2.5"" PC HDD",450,25_pc_hdd
Storage Options,"2.5"" SSD",460,25_ssd
Storage Options,"3 2.5"" HDD/SSD",470,3_25_hddssd
Storage Options,"3 2.5"" HDD/SSD (Nuvo-6032)",480,3_25_hddssd_nuvo6032
Storage Options,3 mSATA slots (Shared by mPCIe),490,3_msata_slots_shared_by_mpcie
Storage Options,"3.5"" HDD",500,35_hdd
Storage Options,"3.5"" Hot-swap HDD",510,35_hotswap_hdd
Storage Options,"4 2.5"" HDD/SSD",520,4_25_hddssd
Storage Options,"4 2.5"" Hot Swappable SATA III HDD/SSD Bays (Max Height 15 mm)",530,4_25_hot_swappable_sata_iii_hddssd_bays_max_height_15_mm
Storage Options,4 mSATA (shared with mPCIe),540,4_msata_shared_with_mpcie
Storage Options,4 SATA 6 Gb/s,550,4_sata_6_gbs
Storage Options,40-pin IDE Module,560,40pin_ide_module
Storage Options,44-pin IDE Module,570,44pin_ide_module
Storage Options,4GB eMMC flash,580,4gb_emmc_flash
Storage Options,6 SATA 6 Gb/s,590,6_sata_6_gbs
Storage Options,"8 Hot-Swap 2.5"" SATA3 SSD",600,8_hotswap_25_sata3_ssd
Storage Options,8 SATA 6 Gb/s,610,8_sata_6_gbs
Storage Options,8MB NOR Flash,620,8mb_nor_flash
Storage Options,CFast,630,cfast
Storage Options,CFast (Externally Accessible),640,cfast_externally_accessible
Storage Options,CFast/SIM (Externally Accessible),650,cfastsim_externally_accessible
Storage Options,CompactFlash,670,compactflash
Storage Options,CompactFlash (Externally Accessible),680,compactflash_externally_accessible
Storage Options,"Dual 2.5"" Hot-swap HDD/SDD",690,dual_25_hotswap_hddsdd
Storage Options,eSATA,700,esata
Storage Options,M.2 2242/60/80,710,m2_22426080
Storage Options,M.2 2260 SSD,720,m2_2260_ssd
Storage Options,M.2 2260/80,730,m2_226080
Storage Options,MicroSD,740,microsd
Storage Options,MicroSD Card,750,microsd_card
Storage Options,mSATA,760,msata
Storage Options,mSATA (full-size),770,msata_fullsize
Storage Options,mSATA (half-size),780,msata_halfsize
Storage Options,mSATA (shared with mPCIe slot),790,msata_shared_with_mpcie_slot
Storage Options,Onboard eMMC up to 32GB,795,onboard_emmc_up_to_32gb
Storage Options,SATA 3 Gb/s,800,sata_3_gbs
Storage Options,SATA 6 Gb/s,810,sata_6_gbs
Storage Options,SATA Flash Module,820,sata_flash_module
Storage Options,SD Card,830,sd_card
Storage Options,SIM Card,840,sim_card
Storage Options,SIM Card (Externally Accessible),850,sim_card_externally_accessible
Storage Options,SlimSATA,860,slimsata
Storage Options,Up to 4 2.5” NVMe,870,up_to_4_2.5”_nvme
Storage Options,Up to 4 2.5” SATA,880,up_to_4_2.5”_sata
Storage SATA Interface,1.5,10,15
Storage SATA Interface,3,20,30
Storage SATA Interface,6,30,60
Storage SATA Interface,Pin7 Power,40,pin7_power
Storage Type,"2.5"" HDD",10,25_hdd
Storage Type,"2.5"" SSD",20,25_ssd
Storage Type,eMMC,30,emmc
Storage Type,Hot Swap,40,hot_swap
Storage Type,NVMe,50,nvme
Storage Type,mSATA,60,msata
Storage Type,M.2 SATA,70,m2_sata
Suitable Environments,Vibration & Shock,80,vibration_shock
Suitable Environments,Automotive,10,automotive
Suitable Environments,Cold,20,cold
Suitable Environments,Dust,30,dust
Suitable Environments,Extreme Environment,40,extreme_environment
Suitable Environments,General Office,50,general_office
Suitable Environments,Heat,60,heat
Suitable Environments,Industrial,70,industrial
Suitable Environments,Splashproof,90,splashproof
Suitable Environments,Waterproof,100,waterproof
Suitable Environments,Wide Power,110,wide_power
System Categories,Computers with 4G from AT&T,170,computers_with_4g_from_at_t
System Categories,"Embedded Computers with Intel Core i3, i5 and i7 Processors",280,embedded_computers_with_intel_core_i3_i5_and_i7_processors
System Categories,Fanless Skylake Computers & Motherboards,340,fanless_skylake_computers_motherboards
System Categories,Helix 500 & 600 Series,370,helix_500_600_series
System Categories,1U Rackmount PC,10,1u_rackmount_pc
System Categories,2U Rackmount PC,20,2u_rackmount_pc
System Categories,Aetina AI Computers,25,aetina_ai_computers
System Categories,AMD Computers,30,amd_computers
System Categories,AMD Ryzen Computers,40,amd_ryzen_computers
System Categories,AMD Servers,50,amd_servers
System Categories,ARM Computers,60,arm_computers
System Categories,ASRock,70,asrock
System Categories,AWS Greengrass Compatible IoT Edge Gateways,80,aws_greengrass_compatible_iot_edge_gateways
System Categories,Backplates,85,backplates
System Categories,CAN bus,90,can_bus
System Categories,CEC,110,cec
System Categories,Cincoze Rugged Computers,120,cincoze_rugged_computers
System Categories,CL100 Series,130,cl100_series
System Categories,CL200 Series,140,cl200_series
System Categories,Computer Finder Page,150,computer_finder_page
System Categories,Computers with 4G,160,computers_with_4g
System Categories,Computers with 4G from Verizon,180,computers_with_4g_from_verizon
System Categories,Computers with Intel Atom,200,computers_with_intel_atom
System Categories,Computers With Intel PTT,210,computers_with_intel_ptt
System Categories,Computers with PCIe,220,computers_with_pcie
System Categories,CPU Coolers & Fans,222,cpu_coolers_fans
System Categories,Data Storage & I/O Cables,226,data_storage_i/o_cables
System Categories,DIN Rail Computer,230,din_rail_computer
System Categories,DIN Rail Power Supplies,234,din_rail_power_supplies
System Categories,Dual LAN Mini PCs,240,dual_lan_mini_pcs
System Categories,Edge Server Systems,250,edge_server_systems
System Categories,Edge Servers,260,edge_servers
System Categories,Embedded Computers with GPU,270,embedded_computers_with_gpu
System Categories,Embedded Mini-ITX Computers,290,embedded_miniitx_computers
System Categories,Embedded Servers with Intel Xeon,300,embedded_servers_with_intel_xeon
System Categories,Ethernet Switches,302,ethernet_switches
System Categories,Extended Life,308,extended_life
System Categories,Fanless,310,fanless
System Categories,Fanless Industrial Computers,320,fanless_industrial_computers
System Categories,Fanless Rackmount Computers,330,fanless_rackmount_computers
System Categories,Fanned Industrial Computers,350,fanned_industrial_computers
System Categories,Fanned Rackmount Computers,360,fanned_rackmount_computers
System Categories,HotSwap,380,hotswap
System Categories,Industrial Computers,390,industrial_computers
System Categories,Industrial Displays,392,industrial_displays
System Categories,Industrial Mini PCs,400,industrial_mini_pcs
System Categories,Industrial PCs with GPU,410,industrial_pcs_with_gpu
System Categories,Industrial Touchscreens,412,industrial_touchscreens
System Categories,Intel Celeron Computers,420,intel_celeron_computers
System Categories,Intel Core i5 Computers,430,intel_core_i5_computers
System Categories,Intel Core i7 Computers,440,intel_core_i7_computers
System Categories,Intel Embedded Systems,450,intel_embedded_systems
System Categories,Intel i9 Processor Computers,460,intel_i9_processor_computers
System Categories,Intel Processor,470,intel_processor
System Categories,MC500 Series,480,mc500_series
System Categories,MC600 Series,490,mc600_series
System Categories,MC850 Series,500,mc850_series
System Categories,Microsoft Azure Certified Embedded Computers,510,microsoft_azure_certified_embedded_computers
System Categories,Mini ITX,512,mini_itx
System Categories,Mini-ITX Cases,514,miniitx_cases
System Categories,ML100 Series,520,ml100_series
System Categories,ML200 Series,530,ml200_series
System Categories,ML300 Series,540,ml300_series
System Categories,ML400 Series,550,ml400_series
System Categories,ML500 Series,560,ml500_series
System Categories,ML600 Series,570,ml600_series
System Categories,Mounting Hardware,574,mounting_hardware
System Categories,Movidius,580,movidius
System Categories,mSATA SSDs,582,msata_ssds
System Categories,NC100 Series,590,nc100_series
System Categories,Neousys Rugged Computers,600,neousys_rugged_computers
System Categories,Networking,602,networking
System Categories,NUC,610,nuc
System Categories,OEM Hardware Services,612,oem_hardware_services
System Categories,Panel PCs,620,panel_pcs
System Categories,Pheonix Connector,622,pheonix_connector
System Categories,Processors,624,processors
System Categories,Power Cables,626,power_cables
System Categories,Power over Ethernet Computers,630,power_over_ethernet_computers
System Categories,Rackmount Computer Cases,632,rackmount_computer_cases
System Categories,Rackmount Computers,640,rackmount_computers
System Categories,Rackmount Servers,645,rackmount_servers
System Categories,Ready-to-Ship Computers,650,readytoship_computers
System Categories,Riser Cards,652,riser_cards
System Categories,Rugged Computers,660,rugged_computers
System Categories,Rugged Display Computers,670,rugged_display_computers
System Categories,Rugged PCs with GPU,680,rugged_pcs_with_gpu
System Categories,Silent Computers,690,silent_computers
System Categories,Small Form Factor Motherboard,692,small_form_factor_motherboard
System Categories,Small PC Cases,694,small_pc_cases
System Categories,Solid State Computers,700,solid_state_computers
System Categories,Solid State Drives,704,solid_state_drives
System Categories,Special Offers,710,special_offers
System Categories,Ubuntu Linux Computers,720,ubuntu_linux_computers
System Categories,Wide Temperature Computers,730,wide_temperature_computers
System Categories,Wired Networking,732,wired_networking
System Categories,Wireless Network Cards,736,wireless_network_cards
System Monitoring,AMT Support,10,amt_support
System Monitoring,AMT 11.0 Support,20,amt_110_support
System Monitoring,AMT 12.0 Support,30,amt_120_support
System Monitoring,AMT Support (with i5 Processor),40,amt_support_with_i5_processor
System Monitoring,CPU Voltage Monitoring,50,cpu_voltage_monitoring
System Monitoring,Infinion SLB9670VQ2.0,60,infinion_slb9670vq20
System Monitoring,IPMI v2.0,70,ipmi_v20
System Monitoring,NMI,80,nmi
System Monitoring,On-Board TPM 2.0 (embedded),85,onboard_tpm_2.0_embedded
System Monitoring,PTT in BIOS,90,ptt_in_bios
System Monitoring,RedFish,95,redfish
System Monitoring,Smart Fan Control,100,smart_fan_control
System Monitoring,System Power Management,110,system_power_management
System Monitoring,TPM,120,tpm
System Monitoring,TPM (Optional),130,tpm_optional
System Monitoring,TPM 2.0 Support,140,tpm_20_support
System Monitoring,Wake on LAN,150,wake_on_lan
System Monitoring,Wake on PCI,160,wake_on_pci
System Monitoring,Wake on USB,170,wake_on_usb
System Monitoring,Watchdog Timer,180,watchdog_timer
System Processor Core Options,1,10,1
System Processor Core Options,2,20,2
System Processor Core Options,4,30,4
System Processor Core Options,6,40,6
System Processor Core Options,8,50,8
System Processor Core Options,10,60,10
System Processor Core Options,12,70,12
System Processor Core Options,16,80,16
System Processor Core Options,18,90,18
System Processor Core Options,20,100,20
System Processor Core Options,22,110,22
System Processor Core Options,24,115,24
System Processor Core Options,32,120,32
System Processor Core Options,64,130,64
Testing Status,Canceled,10,canceled
Testing Status,Pending,20,pending
Testing Status,Rejected,30,rejected
Testing Status,Approved,40,approved
Tier,Portfolio,10,portfolio
Tier,Tier 1,20,tier_1
Tier,Tier 2,30,tier_2
US Backorder Status,No Backorder,10,no-backorder
US Backorder Status,"Backorder Allowed, Do Not Notify",20,no-notify
US Backorder Status,"Backorder Allowed, Notify",30,notify
US Lifecycle Status,In Development,10,in_development
US Lifecycle Status,Coming Soon,20,coming_soon
US Lifecycle Status,Pre-Order,30,preorder
US Lifecycle Status,Available,40,available
US Lifecycle Status,Discontinued,50,discontinued
US Lifecycle Status,End of Life,60,end_of_life
US Lifecycle Status,Canceled,70,canceled
US Product Tax Code,[SE050000] Engineering Services,,8ec17d3f-bb3a-4968-bf3c-4b4d98c94016
US Product Tax Code,"[PC070000] Hardware, Labor, and Services used in producing a system",,10b4537e-1194-47f4-bbc6-cacb5f867bd0
US Product Tax Code,[ON020000] Non-Taxable (CAUTION),,e7979bf5-31b6-44c1-b368-57c207075a7d
US Product Tax Code,[FR020200] Shipping & Freight,,7609216d-5ae7-4375-ad04-d157e5d64fcd
US Product Tax Code,[DC011000] Software,,5ccc1dd6-091b-407f-96fd-ca4ba9d67c7f
US Product Tax Code,[S0000000] Standalone Services not used in producing a system,,90b5059d-2658-43b1-b156-7582dcce2f37
US Product Tax Code,"[SR060000] Support Service, Labor, and Parts",,c8d434ab-efc2-41fd-9779-122ac4e444ab
US Product Tax Code,[NOTAVATAX2] Taxable Goods,,95cf857e-7161-11e8-89d7-0242ac120002
US Product Tax Code,[NOTAVATAX7] Taxable Goods EU,,99788c69-137a-49b9-827b-4a50dcb7568a
US Product Tax Code,[SW019478] Warranty,,4e127d7c-c069-4263-bfec-9ec9bb30e32a
Video Encoding Standards,PAL,20,pal
Video Encoding Standards,NTSC,10,ntsc
Video Encoding Standards,SECAM,30,secam
Video Input,DisplayPort,10,displayport
Video Input,DVI-D,20,dvid
Video Input,DVI-I,30,dvii
Video Input,HDMI,40,hdmi
Video Input,RCA,50,rca
Video Input,VGA,60,vga
Video Interface,DisplayPort,10,displayport
Video Interface,DVI-D,20,dvid
Video Interface,DVI-I,30,dvii
Video Interface,HDMI,40,hdmi
Video Interface,Mini-DisplayPort,50,minidisplayport
Video Interface,VGA,60,vga
Voltage Type,AC,,ac
Voltage Type,DC,,dc
