id,name,display_name,location_id/id,warehouse_id/id,usage,company_id/id
__setup__.stock_location_1202_A_1,1202 A 1,1202 A 1,stock.stock_location_stock,stock.warehouse0,internal,base.main_company
__setup__.stock_location_1202_A_2,1202 A 2,1202 A 2,stock.stock_location_stock,stock.warehouse0,internal,base.main_company
__setup__.stock_location_1202_A_3,1202 A 3,1202 A 3,stock.stock_location_stock,stock.warehouse0,internal,base.main_company
__setup__.stock_location_1202_A_4,1202 A 4,1202 A 4,stock.stock_location_stock,stock.warehouse0,internal,base.main_company
__setup__.stock_location_1202_B_1,1202 B 1,1202 B 1,stock.stock_location_stock,stock.warehouse0,internal,base.main_company
__setup__.stock_location_1202_B_2,1202 B 2,1202 B 2,stock.stock_location_stock,stock.warehouse0,internal,base.main_company
__setup__.stock_location_1202_B_3,1202 B 3,1202 B 3,stock.stock_location_stock,stock.warehouse0,internal,base.main_company
__setup__.stock_location_1202_B_4,1202 B 4,1202 B 4,stock.stock_location_stock,stock.warehouse0,internal,base.main_company
__setup__.stock_location_1202_C_1,1202 C 1,1202 C 1,stock.stock_location_stock,stock.warehouse0,internal,base.main_company
__setup__.stock_location_1202_C_2,1202 C 2,1202 C 2,stock.stock_location_stock,stock.warehouse0,internal,base.main_company
__setup__.stock_location_1202_C_3,1202 C 3,1202 C 3,stock.stock_location_stock,stock.warehouse0,internal,base.main_company
__setup__.stock_location_1202_C_4,1202 C 4,1202 C 4,stock.stock_location_stock,stock.warehouse0,internal,base.main_company
__setup__.stock_location_1202_D_1,1202 D 1,1202 D 1,stock.stock_location_stock,stock.warehouse0,internal,base.main_company
__setup__.stock_location_1202_D_2,1202 D 2,1202 D 2,stock.stock_location_stock,stock.warehouse0,internal,base.main_company
__setup__.stock_location_1202_D_3,1202 D 3,1202 D 3,stock.stock_location_stock,stock.warehouse0,internal,base.main_company
__setup__.stock_location_1202_D_4,1202 D 4,1202 D 4,stock.stock_location_stock,stock.warehouse0,internal,base.main_company
__setup__.stock_location_1202_E_1,1202 E 1,1202 E 1,stock.stock_location_stock,stock.warehouse0,internal,base.main_company
__setup__.stock_location_1202_E_2,1202 E 2,1202 E 2,stock.stock_location_stock,stock.warehouse0,internal,base.main_company
__setup__.stock_location_1202_E_3,1202 E 3,1202 E 3,stock.stock_location_stock,stock.warehouse0,internal,base.main_company
__setup__.stock_location_1202_E_4,1202 E 4,1202 E 4,stock.stock_location_stock,stock.warehouse0,internal,base.main_company
__setup__.stock_location_1302_A_1,1302 A 1,1302 A 1,stock.stock_location_stock,stock.warehouse0,internal,base.main_company
__setup__.stock_location_1302_A_2,1302 A 2,1302 A 2,stock.stock_location_stock,stock.warehouse0,internal,base.main_company
__setup__.stock_location_1302_A_3,1302 A 3,1302 A 3,stock.stock_location_stock,stock.warehouse0,internal,base.main_company
__setup__.stock_location_1302_A_4,1302 A 4,1302 A 4,stock.stock_location_stock,stock.warehouse0,internal,base.main_company
__setup__.stock_location_1302_B_1,1302 B 1,1302 B 1,stock.stock_location_stock,stock.warehouse0,internal,base.main_company
__setup__.stock_location_1302_B_2,1302 B 2,1302 B 2,stock.stock_location_stock,stock.warehouse0,internal,base.main_company
__setup__.stock_location_1302_B_3,1302 B 3,1302 B 3,stock.stock_location_stock,stock.warehouse0,internal,base.main_company
__setup__.stock_location_1302_B_4,1302 B 4,1302 B 4,stock.stock_location_stock,stock.warehouse0,internal,base.main_company
__setup__.stock_location_1302_C_1,1302 C 1,1302 C 1,stock.stock_location_stock,stock.warehouse0,internal,base.main_company
__setup__.stock_location_1302_C_2,1302 C 2,1302 C 2,stock.stock_location_stock,stock.warehouse0,internal,base.main_company
__setup__.stock_location_1302_C_3,1302 C 3,1302 C 3,stock.stock_location_stock,stock.warehouse0,internal,base.main_company
__setup__.stock_location_1302_C_4,1302 C 4,1302 C 4,stock.stock_location_stock,stock.warehouse0,internal,base.main_company
__setup__.stock_location_1302_D_1,1302 D 1,1302 D 1,stock.stock_location_stock,stock.warehouse0,internal,base.main_company
__setup__.stock_location_1302_D_2,1302 D 2,1302 D 2,stock.stock_location_stock,stock.warehouse0,internal,base.main_company
__setup__.stock_location_1302_D_3,1302 D 3,1302 D 3,stock.stock_location_stock,stock.warehouse0,internal,base.main_company
__setup__.stock_location_1302_D_4,1302 D 4,1302 D 4,stock.stock_location_stock,stock.warehouse0,internal,base.main_company
__setup__.stock_location_1302_E_1,1302 E 1,1302 E 1,stock.stock_location_stock,stock.warehouse0,internal,base.main_company
__setup__.stock_location_1302_E_2,1302 E 2,1302 E 2,stock.stock_location_stock,stock.warehouse0,internal,base.main_company
__setup__.stock_location_1302_E_3,1302 E 3,1302 E 3,stock.stock_location_stock,stock.warehouse0,internal,base.main_company
__setup__.stock_location_1302_E_4,1302 E 4,1302 E 4,stock.stock_location_stock,stock.warehouse0,internal,base.main_company
__setup__.stock_location_1411_A_1,1411 A 1,1411 A 1,stock.stock_location_stock,stock.warehouse0,internal,base.main_company
__setup__.stock_location_1411_A_2,1411 A 2,1411 A 2,stock.stock_location_stock,stock.warehouse0,internal,base.main_company
__setup__.stock_location_1411_A_3,1411 A 3,1411 A 3,stock.stock_location_stock,stock.warehouse0,internal,base.main_company
__setup__.stock_location_1411_A_4,1411 A 4,1411 A 4,stock.stock_location_stock,stock.warehouse0,internal,base.main_company
__setup__.stock_location_1411_A_5,1411 A 5,1411 A 5,stock.stock_location_stock,stock.warehouse0,internal,base.main_company
__setup__.stock_location_1411_B_1,1411 B 1,1411 B 1,stock.stock_location_stock,stock.warehouse0,internal,base.main_company
__setup__.stock_location_1411_B_2,1411 B 2,1411 B 2,stock.stock_location_stock,stock.warehouse0,internal,base.main_company
__setup__.stock_location_1411_B_3,1411 B 3,1411 B 3,stock.stock_location_stock,stock.warehouse0,internal,base.main_company
__setup__.stock_location_1411_B_4,1411 B 4,1411 B 4,stock.stock_location_stock,stock.warehouse0,internal,base.main_company
__setup__.stock_location_1411_B_5,1411 B 5,1411 B 5,stock.stock_location_stock,stock.warehouse0,internal,base.main_company
__setup__.stock_location_1411_C_1,1411 C 1,1411 C 1,stock.stock_location_stock,stock.warehouse0,internal,base.main_company
__setup__.stock_location_1411_C_2,1411 C 2,1411 C 2,stock.stock_location_stock,stock.warehouse0,internal,base.main_company
__setup__.stock_location_1411_C_3,1411 C 3,1411 C 3,stock.stock_location_stock,stock.warehouse0,internal,base.main_company
__setup__.stock_location_1411_C_4,1411 C 4,1411 C 4,stock.stock_location_stock,stock.warehouse0,internal,base.main_company
__setup__.stock_location_1411_C_5,1411 C 5,1411 C 5,stock.stock_location_stock,stock.warehouse0,internal,base.main_company
__setup__.stock_location_1411_D_1,1411 D 1,1411 D 1,stock.stock_location_stock,stock.warehouse0,internal,base.main_company
__setup__.stock_location_1411_D_2,1411 D 2,1411 D 2,stock.stock_location_stock,stock.warehouse0,internal,base.main_company
__setup__.stock_location_1411_D_3,1411 D 3,1411 D 3,stock.stock_location_stock,stock.warehouse0,internal,base.main_company
__setup__.stock_location_1411_D_4,1411 D 4,1411 D 4,stock.stock_location_stock,stock.warehouse0,internal,base.main_company
__setup__.stock_location_1411_D_5,1411 D 5,1411 D 5,stock.stock_location_stock,stock.warehouse0,internal,base.main_company
__setup__.stock_location_1411_E_1,1411 E 1,1411 E 1,stock.stock_location_stock,stock.warehouse0,internal,base.main_company
__setup__.stock_location_1411_E_2,1411 E 2,1411 E 2,stock.stock_location_stock,stock.warehouse0,internal,base.main_company
__setup__.stock_location_1411_E_3,1411 E 3,1411 E 3,stock.stock_location_stock,stock.warehouse0,internal,base.main_company
__setup__.stock_location_1411_E_4,1411 E 4,1411 E 4,stock.stock_location_stock,stock.warehouse0,internal,base.main_company
__setup__.stock_location_1411_E_5,1411 E 5,1411 E 5,stock.stock_location_stock,stock.warehouse0,internal,base.main_company
__setup__.stock_location_1412_A_1,1412 A 1,1412 A 1,stock.stock_location_stock,stock.warehouse0,internal,base.main_company
__setup__.stock_location_1412_A_2,1412 A 2,1412 A 2,stock.stock_location_stock,stock.warehouse0,internal,base.main_company
__setup__.stock_location_1412_A_3,1412 A 3,1412 A 3,stock.stock_location_stock,stock.warehouse0,internal,base.main_company
__setup__.stock_location_1412_A_4,1412 A 4,1412 A 4,stock.stock_location_stock,stock.warehouse0,internal,base.main_company
__setup__.stock_location_1412_A_5,1412 A 5,1412 A 5,stock.stock_location_stock,stock.warehouse0,internal,base.main_company
__setup__.stock_location_1412_B_1,1412 B 1,1412 B 1,stock.stock_location_stock,stock.warehouse0,internal,base.main_company
__setup__.stock_location_1412_B_2,1412 B 2,1412 B 2,stock.stock_location_stock,stock.warehouse0,internal,base.main_company
__setup__.stock_location_1412_B_3,1412 B 3,1412 B 3,stock.stock_location_stock,stock.warehouse0,internal,base.main_company
__setup__.stock_location_1412_B_4,1412 B 4,1412 B 4,stock.stock_location_stock,stock.warehouse0,internal,base.main_company
__setup__.stock_location_1412_B_5,1412 B 5,1412 B 5,stock.stock_location_stock,stock.warehouse0,internal,base.main_company
__setup__.stock_location_1412_C_1,1412 C 1,1412 C 1,stock.stock_location_stock,stock.warehouse0,internal,base.main_company
__setup__.stock_location_1412_C_2,1412 C 2,1412 C 2,stock.stock_location_stock,stock.warehouse0,internal,base.main_company
__setup__.stock_location_1412_C_3,1412 C 3,1412 C 3,stock.stock_location_stock,stock.warehouse0,internal,base.main_company
__setup__.stock_location_1412_C_4,1412 C 4,1412 C 4,stock.stock_location_stock,stock.warehouse0,internal,base.main_company
__setup__.stock_location_1412_C_5,1412 C 5,1412 C 5,stock.stock_location_stock,stock.warehouse0,internal,base.main_company
__setup__.stock_location_1412_D_1,1412 D 1,1412 D 1,stock.stock_location_stock,stock.warehouse0,internal,base.main_company
__setup__.stock_location_1412_D_2,1412 D 2,1412 D 2,stock.stock_location_stock,stock.warehouse0,internal,base.main_company
__setup__.stock_location_1412_D_3,1412 D 3,1412 D 3,stock.stock_location_stock,stock.warehouse0,internal,base.main_company
__setup__.stock_location_1412_D_4,1412 D 4,1412 D 4,stock.stock_location_stock,stock.warehouse0,internal,base.main_company
__setup__.stock_location_1412_D_5,1412 D 5,1412 D 5,stock.stock_location_stock,stock.warehouse0,internal,base.main_company
__setup__.stock_location_1412_E_1,1412 E 1,1412 E 1,stock.stock_location_stock,stock.warehouse0,internal,base.main_company
__setup__.stock_location_1412_E_2,1412 E 2,1412 E 2,stock.stock_location_stock,stock.warehouse0,internal,base.main_company
__setup__.stock_location_1412_E_3,1412 E 3,1412 E 3,stock.stock_location_stock,stock.warehouse0,internal,base.main_company
__setup__.stock_location_1412_E_4,1412 E 4,1412 E 4,stock.stock_location_stock,stock.warehouse0,internal,base.main_company
__setup__.stock_location_1412_E_5,1412 E 5,1412 E 5,stock.stock_location_stock,stock.warehouse0,internal,base.main_company
__setup__.stock_location_1413_A_1,1413 A 1,1413 A 1,stock.stock_location_stock,stock.warehouse0,internal,base.main_company
__setup__.stock_location_1413_A_2,1413 A 2,1413 A 2,stock.stock_location_stock,stock.warehouse0,internal,base.main_company
__setup__.stock_location_1413_A_3,1413 A 3,1413 A 3,stock.stock_location_stock,stock.warehouse0,internal,base.main_company
__setup__.stock_location_1413_A_4,1413 A 4,1413 A 4,stock.stock_location_stock,stock.warehouse0,internal,base.main_company
__setup__.stock_location_1413_A_5,1413 A 5,1413 A 5,stock.stock_location_stock,stock.warehouse0,internal,base.main_company
__setup__.stock_location_1413_B_1,1413 B 1,1413 B 1,stock.stock_location_stock,stock.warehouse0,internal,base.main_company
__setup__.stock_location_1413_B_2,1413 B 2,1413 B 2,stock.stock_location_stock,stock.warehouse0,internal,base.main_company
__setup__.stock_location_1413_B_3,1413 B 3,1413 B 3,stock.stock_location_stock,stock.warehouse0,internal,base.main_company
__setup__.stock_location_1413_B_4,1413 B 4,1413 B 4,stock.stock_location_stock,stock.warehouse0,internal,base.main_company
__setup__.stock_location_1413_B_5,1413 B 5,1413 B 5,stock.stock_location_stock,stock.warehouse0,internal,base.main_company
__setup__.stock_location_1413_C_1,1413 C 1,1413 C 1,stock.stock_location_stock,stock.warehouse0,internal,base.main_company
__setup__.stock_location_1413_C_2,1413 C 2,1413 C 2,stock.stock_location_stock,stock.warehouse0,internal,base.main_company
__setup__.stock_location_1413_C_3,1413 C 3,1413 C 3,stock.stock_location_stock,stock.warehouse0,internal,base.main_company
__setup__.stock_location_1413_C_4,1413 C 4,1413 C 4,stock.stock_location_stock,stock.warehouse0,internal,base.main_company
__setup__.stock_location_1413_C_5,1413 C 5,1413 C 5,stock.stock_location_stock,stock.warehouse0,internal,base.main_company
__setup__.stock_location_1413_D_1,1413 D 1,1413 D 1,stock.stock_location_stock,stock.warehouse0,internal,base.main_company
__setup__.stock_location_1413_D_2,1413 D 2,1413 D 2,stock.stock_location_stock,stock.warehouse0,internal,base.main_company
__setup__.stock_location_1413_D_3,1413 D 3,1413 D 3,stock.stock_location_stock,stock.warehouse0,internal,base.main_company
__setup__.stock_location_1413_D_4,1413 D 4,1413 D 4,stock.stock_location_stock,stock.warehouse0,internal,base.main_company
__setup__.stock_location_1413_D_5,1413 D 5,1413 D 5,stock.stock_location_stock,stock.warehouse0,internal,base.main_company
__setup__.stock_location_1413_E_1,1413 E 1,1413 E 1,stock.stock_location_stock,stock.warehouse0,internal,base.main_company
__setup__.stock_location_1413_E_2,1413 E 2,1413 E 2,stock.stock_location_stock,stock.warehouse0,internal,base.main_company
__setup__.stock_location_1413_E_3,1413 E 3,1413 E 3,stock.stock_location_stock,stock.warehouse0,internal,base.main_company
__setup__.stock_location_1413_E_4,1413 E 4,1413 E 4,stock.stock_location_stock,stock.warehouse0,internal,base.main_company
__setup__.stock_location_1413_E_5,1413 E 5,1413 E 5,stock.stock_location_stock,stock.warehouse0,internal,base.main_company
__setup__.stock_location_1414_A_1,1414 A 1,1414 A 1,stock.stock_location_stock,stock.warehouse0,internal,base.main_company
__setup__.stock_location_1414_A_2,1414 A 2,1414 A 2,stock.stock_location_stock,stock.warehouse0,internal,base.main_company
__setup__.stock_location_1414_A_3,1414 A 3,1414 A 3,stock.stock_location_stock,stock.warehouse0,internal,base.main_company
__setup__.stock_location_1414_A_4,1414 A 4,1414 A 4,stock.stock_location_stock,stock.warehouse0,internal,base.main_company
__setup__.stock_location_1414_A_5,1414 A 5,1414 A 5,stock.stock_location_stock,stock.warehouse0,internal,base.main_company
__setup__.stock_location_1414_B_1,1414 B 1,1414 B 1,stock.stock_location_stock,stock.warehouse0,internal,base.main_company
__setup__.stock_location_1414_B_2,1414 B 2,1414 B 2,stock.stock_location_stock,stock.warehouse0,internal,base.main_company
__setup__.stock_location_1414_B_3,1414 B 3,1414 B 3,stock.stock_location_stock,stock.warehouse0,internal,base.main_company
__setup__.stock_location_1414_B_4,1414 B 4,1414 B 4,stock.stock_location_stock,stock.warehouse0,internal,base.main_company
__setup__.stock_location_1414_B_5,1414 B 5,1414 B 5,stock.stock_location_stock,stock.warehouse0,internal,base.main_company
__setup__.stock_location_1414_C_1,1414 C 1,1414 C 1,stock.stock_location_stock,stock.warehouse0,internal,base.main_company
__setup__.stock_location_1414_C_2,1414 C 2,1414 C 2,stock.stock_location_stock,stock.warehouse0,internal,base.main_company
__setup__.stock_location_1414_C_3,1414 C 3,1414 C 3,stock.stock_location_stock,stock.warehouse0,internal,base.main_company
__setup__.stock_location_1414_C_4,1414 C 4,1414 C 4,stock.stock_location_stock,stock.warehouse0,internal,base.main_company
__setup__.stock_location_1414_C_5,1414 C 5,1414 C 5,stock.stock_location_stock,stock.warehouse0,internal,base.main_company
__setup__.stock_location_1414_D_1,1414 D 1,1414 D 1,stock.stock_location_stock,stock.warehouse0,internal,base.main_company
__setup__.stock_location_1414_D_2,1414 D 2,1414 D 2,stock.stock_location_stock,stock.warehouse0,internal,base.main_company
__setup__.stock_location_1414_D_3,1414 D 3,1414 D 3,stock.stock_location_stock,stock.warehouse0,internal,base.main_company
__setup__.stock_location_1414_D_4,1414 D 4,1414 D 4,stock.stock_location_stock,stock.warehouse0,internal,base.main_company
__setup__.stock_location_1414_D_5,1414 D 5,1414 D 5,stock.stock_location_stock,stock.warehouse0,internal,base.main_company
__setup__.stock_location_1414_E_1,1414 E 1,1414 E 1,stock.stock_location_stock,stock.warehouse0,internal,base.main_company
__setup__.stock_location_1414_E_2,1414 E 2,1414 E 2,stock.stock_location_stock,stock.warehouse0,internal,base.main_company
__setup__.stock_location_1414_E_3,1414 E 3,1414 E 3,stock.stock_location_stock,stock.warehouse0,internal,base.main_company
__setup__.stock_location_1414_E_4,1414 E 4,1414 E 4,stock.stock_location_stock,stock.warehouse0,internal,base.main_company
__setup__.stock_location_1414_E_5,1414 E 5,1414 E 5,stock.stock_location_stock,stock.warehouse0,internal,base.main_company
__setup__.stock_location_1415_A_1,1415 A 1,1415 A 1,stock.stock_location_stock,stock.warehouse0,internal,base.main_company
__setup__.stock_location_1415_A_2,1415 A 2,1415 A 2,stock.stock_location_stock,stock.warehouse0,internal,base.main_company
__setup__.stock_location_1415_A_3,1415 A 3,1415 A 3,stock.stock_location_stock,stock.warehouse0,internal,base.main_company
__setup__.stock_location_1415_A_4,1415 A 4,1415 A 4,stock.stock_location_stock,stock.warehouse0,internal,base.main_company
__setup__.stock_location_1415_A_5,1415 A 5,1415 A 5,stock.stock_location_stock,stock.warehouse0,internal,base.main_company
__setup__.stock_location_1415_B_1,1415 B 1,1415 B 1,stock.stock_location_stock,stock.warehouse0,internal,base.main_company
__setup__.stock_location_1415_B_2,1415 B 2,1415 B 2,stock.stock_location_stock,stock.warehouse0,internal,base.main_company
__setup__.stock_location_1415_B_3,1415 B 3,1415 B 3,stock.stock_location_stock,stock.warehouse0,internal,base.main_company
__setup__.stock_location_1415_B_4,1415 B 4,1415 B 4,stock.stock_location_stock,stock.warehouse0,internal,base.main_company
__setup__.stock_location_1415_B_5,1415 B 5,1415 B 5,stock.stock_location_stock,stock.warehouse0,internal,base.main_company
__setup__.stock_location_1415_C_1,1415 C 1,1415 C 1,stock.stock_location_stock,stock.warehouse0,internal,base.main_company
__setup__.stock_location_1415_C_2,1415 C 2,1415 C 2,stock.stock_location_stock,stock.warehouse0,internal,base.main_company
__setup__.stock_location_1415_C_3,1415 C 3,1415 C 3,stock.stock_location_stock,stock.warehouse0,internal,base.main_company
__setup__.stock_location_1415_C_4,1415 C 4,1415 C 4,stock.stock_location_stock,stock.warehouse0,internal,base.main_company
__setup__.stock_location_1415_C_5,1415 C 5,1415 C 5,stock.stock_location_stock,stock.warehouse0,internal,base.main_company
__setup__.stock_location_1415_D_1,1415 D 1,1415 D 1,stock.stock_location_stock,stock.warehouse0,internal,base.main_company
__setup__.stock_location_1415_D_2,1415 D 2,1415 D 2,stock.stock_location_stock,stock.warehouse0,internal,base.main_company
__setup__.stock_location_1415_D_3,1415 D 3,1415 D 3,stock.stock_location_stock,stock.warehouse0,internal,base.main_company
__setup__.stock_location_1415_D_4,1415 D 4,1415 D 4,stock.stock_location_stock,stock.warehouse0,internal,base.main_company
__setup__.stock_location_1415_D_5,1415 D 5,1415 D 5,stock.stock_location_stock,stock.warehouse0,internal,base.main_company
__setup__.stock_location_1415_E_1,1415 E 1,1415 E 1,stock.stock_location_stock,stock.warehouse0,internal,base.main_company
__setup__.stock_location_1415_E_2,1415 E 2,1415 E 2,stock.stock_location_stock,stock.warehouse0,internal,base.main_company
__setup__.stock_location_1415_E_3,1415 E 3,1415 E 3,stock.stock_location_stock,stock.warehouse0,internal,base.main_company
__setup__.stock_location_1415_E_4,1415 E 4,1415 E 4,stock.stock_location_stock,stock.warehouse0,internal,base.main_company
__setup__.stock_location_1415_E_5,1415 E 5,1415 E 5,stock.stock_location_stock,stock.warehouse0,internal,base.main_company
__setup__.stock_location_1416_A_1,1416 A 1,1416 A 1,stock.stock_location_stock,stock.warehouse0,internal,base.main_company
__setup__.stock_location_1416_A_2,1416 A 2,1416 A 2,stock.stock_location_stock,stock.warehouse0,internal,base.main_company
__setup__.stock_location_1416_A_3,1416 A 3,1416 A 3,stock.stock_location_stock,stock.warehouse0,internal,base.main_company
__setup__.stock_location_1416_A_4,1416 A 4,1416 A 4,stock.stock_location_stock,stock.warehouse0,internal,base.main_company
__setup__.stock_location_1416_A_5,1416 A 5,1416 A 5,stock.stock_location_stock,stock.warehouse0,internal,base.main_company
__setup__.stock_location_1416_B_1,1416 B 1,1416 B 1,stock.stock_location_stock,stock.warehouse0,internal,base.main_company
__setup__.stock_location_1416_B_2,1416 B 2,1416 B 2,stock.stock_location_stock,stock.warehouse0,internal,base.main_company
__setup__.stock_location_1416_B_3,1416 B 3,1416 B 3,stock.stock_location_stock,stock.warehouse0,internal,base.main_company
__setup__.stock_location_1416_B_4,1416 B 4,1416 B 4,stock.stock_location_stock,stock.warehouse0,internal,base.main_company
__setup__.stock_location_1416_B_5,1416 B 5,1416 B 5,stock.stock_location_stock,stock.warehouse0,internal,base.main_company
__setup__.stock_location_1416_C_1,1416 C 1,1416 C 1,stock.stock_location_stock,stock.warehouse0,internal,base.main_company
__setup__.stock_location_1416_C_2,1416 C 2,1416 C 2,stock.stock_location_stock,stock.warehouse0,internal,base.main_company
__setup__.stock_location_1416_C_3,1416 C 3,1416 C 3,stock.stock_location_stock,stock.warehouse0,internal,base.main_company
__setup__.stock_location_1416_C_4,1416 C 4,1416 C 4,stock.stock_location_stock,stock.warehouse0,internal,base.main_company
__setup__.stock_location_1416_C_5,1416 C 5,1416 C 5,stock.stock_location_stock,stock.warehouse0,internal,base.main_company
__setup__.stock_location_1416_D_1,1416 D 1,1416 D 1,stock.stock_location_stock,stock.warehouse0,internal,base.main_company
__setup__.stock_location_1416_D_2,1416 D 2,1416 D 2,stock.stock_location_stock,stock.warehouse0,internal,base.main_company
__setup__.stock_location_1416_D_3,1416 D 3,1416 D 3,stock.stock_location_stock,stock.warehouse0,internal,base.main_company
__setup__.stock_location_1416_D_4,1416 D 4,1416 D 4,stock.stock_location_stock,stock.warehouse0,internal,base.main_company
__setup__.stock_location_1416_D_5,1416 D 5,1416 D 5,stock.stock_location_stock,stock.warehouse0,internal,base.main_company
__setup__.stock_location_1416_E_1,1416 E 1,1416 E 1,stock.stock_location_stock,stock.warehouse0,internal,base.main_company
__setup__.stock_location_1416_E_2,1416 E 2,1416 E 2,stock.stock_location_stock,stock.warehouse0,internal,base.main_company
__setup__.stock_location_1416_E_3,1416 E 3,1416 E 3,stock.stock_location_stock,stock.warehouse0,internal,base.main_company
__setup__.stock_location_1416_E_4,1416 E 4,1416 E 4,stock.stock_location_stock,stock.warehouse0,internal,base.main_company
__setup__.stock_location_1416_E_5,1416 E 5,1416 E 5,stock.stock_location_stock,stock.warehouse0,internal,base.main_company
__setup__.stock_location_1417_A_1,1417 A 1,1417 A 1,stock.stock_location_stock,stock.warehouse0,internal,base.main_company
__setup__.stock_location_1417_A_2,1417 A 2,1417 A 2,stock.stock_location_stock,stock.warehouse0,internal,base.main_company
__setup__.stock_location_1417_A_3,1417 A 3,1417 A 3,stock.stock_location_stock,stock.warehouse0,internal,base.main_company
__setup__.stock_location_1417_A_4,1417 A 4,1417 A 4,stock.stock_location_stock,stock.warehouse0,internal,base.main_company
__setup__.stock_location_1417_A_5,1417 A 5,1417 A 5,stock.stock_location_stock,stock.warehouse0,internal,base.main_company
__setup__.stock_location_1417_B_1,1417 B 1,1417 B 1,stock.stock_location_stock,stock.warehouse0,internal,base.main_company
__setup__.stock_location_1417_B_2,1417 B 2,1417 B 2,stock.stock_location_stock,stock.warehouse0,internal,base.main_company
__setup__.stock_location_1417_B_3,1417 B 3,1417 B 3,stock.stock_location_stock,stock.warehouse0,internal,base.main_company
__setup__.stock_location_1417_B_4,1417 B 4,1417 B 4,stock.stock_location_stock,stock.warehouse0,internal,base.main_company
__setup__.stock_location_1417_B_5,1417 B 5,1417 B 5,stock.stock_location_stock,stock.warehouse0,internal,base.main_company
__setup__.stock_location_1417_C_1,1417 C 1,1417 C 1,stock.stock_location_stock,stock.warehouse0,internal,base.main_company
__setup__.stock_location_1417_C_2,1417 C 2,1417 C 2,stock.stock_location_stock,stock.warehouse0,internal,base.main_company
__setup__.stock_location_1417_C_3,1417 C 3,1417 C 3,stock.stock_location_stock,stock.warehouse0,internal,base.main_company
__setup__.stock_location_1417_C_4,1417 C 4,1417 C 4,stock.stock_location_stock,stock.warehouse0,internal,base.main_company
__setup__.stock_location_1417_C_5,1417 C 5,1417 C 5,stock.stock_location_stock,stock.warehouse0,internal,base.main_company
__setup__.stock_location_1417_D_1,1417 D 1,1417 D 1,stock.stock_location_stock,stock.warehouse0,internal,base.main_company
__setup__.stock_location_1417_D_2,1417 D 2,1417 D 2,stock.stock_location_stock,stock.warehouse0,internal,base.main_company
__setup__.stock_location_1417_D_3,1417 D 3,1417 D 3,stock.stock_location_stock,stock.warehouse0,internal,base.main_company
__setup__.stock_location_1417_D_4,1417 D 4,1417 D 4,stock.stock_location_stock,stock.warehouse0,internal,base.main_company
__setup__.stock_location_1417_D_5,1417 D 5,1417 D 5,stock.stock_location_stock,stock.warehouse0,internal,base.main_company
__setup__.stock_location_1417_E_1,1417 E 1,1417 E 1,stock.stock_location_stock,stock.warehouse0,internal,base.main_company
__setup__.stock_location_1417_E_2,1417 E 2,1417 E 2,stock.stock_location_stock,stock.warehouse0,internal,base.main_company
__setup__.stock_location_1417_E_3,1417 E 3,1417 E 3,stock.stock_location_stock,stock.warehouse0,internal,base.main_company
__setup__.stock_location_1417_E_4,1417 E 4,1417 E 4,stock.stock_location_stock,stock.warehouse0,internal,base.main_company
__setup__.stock_location_1417_E_5,1417 E 5,1417 E 5,stock.stock_location_stock,stock.warehouse0,internal,base.main_company
__setup__.stock_location_1511_A_1,1511 A 1,1511 A 1,stock.stock_location_stock,stock.warehouse0,internal,base.main_company
__setup__.stock_location_1511_A_2,1511 A 2,1511 A 2,stock.stock_location_stock,stock.warehouse0,internal,base.main_company
__setup__.stock_location_1511_A_3,1511 A 3,1511 A 3,stock.stock_location_stock,stock.warehouse0,internal,base.main_company
__setup__.stock_location_1511_A_4,1511 A 4,1511 A 4,stock.stock_location_stock,stock.warehouse0,internal,base.main_company
__setup__.stock_location_1511_A_5,1511 A 5,1511 A 5,stock.stock_location_stock,stock.warehouse0,internal,base.main_company
__setup__.stock_location_1511_B_1,1511 B 1,1511 B 1,stock.stock_location_stock,stock.warehouse0,internal,base.main_company
__setup__.stock_location_1511_B_2,1511 B 2,1511 B 2,stock.stock_location_stock,stock.warehouse0,internal,base.main_company
__setup__.stock_location_1511_B_3,1511 B 3,1511 B 3,stock.stock_location_stock,stock.warehouse0,internal,base.main_company
__setup__.stock_location_1511_B_4,1511 B 4,1511 B 4,stock.stock_location_stock,stock.warehouse0,internal,base.main_company
__setup__.stock_location_1511_B_5,1511 B 5,1511 B 5,stock.stock_location_stock,stock.warehouse0,internal,base.main_company
__setup__.stock_location_1511_C_1,1511 C 1,1511 C 1,stock.stock_location_stock,stock.warehouse0,internal,base.main_company
__setup__.stock_location_1511_C_2,1511 C 2,1511 C 2,stock.stock_location_stock,stock.warehouse0,internal,base.main_company
__setup__.stock_location_1511_C_3,1511 C 3,1511 C 3,stock.stock_location_stock,stock.warehouse0,internal,base.main_company
__setup__.stock_location_1511_C_4,1511 C 4,1511 C 4,stock.stock_location_stock,stock.warehouse0,internal,base.main_company
__setup__.stock_location_1511_C_5,1511 C 5,1511 C 5,stock.stock_location_stock,stock.warehouse0,internal,base.main_company
__setup__.stock_location_1511_D_1,1511 D 1,1511 D 1,stock.stock_location_stock,stock.warehouse0,internal,base.main_company
__setup__.stock_location_1511_D_2,1511 D 2,1511 D 2,stock.stock_location_stock,stock.warehouse0,internal,base.main_company
__setup__.stock_location_1511_D_3,1511 D 3,1511 D 3,stock.stock_location_stock,stock.warehouse0,internal,base.main_company
__setup__.stock_location_1511_D_4,1511 D 4,1511 D 4,stock.stock_location_stock,stock.warehouse0,internal,base.main_company
__setup__.stock_location_1511_D_5,1511 D 5,1511 D 5,stock.stock_location_stock,stock.warehouse0,internal,base.main_company
__setup__.stock_location_1511_E_1,1511 E 1,1511 E 1,stock.stock_location_stock,stock.warehouse0,internal,base.main_company
__setup__.stock_location_1511_E_2,1511 E 2,1511 E 2,stock.stock_location_stock,stock.warehouse0,internal,base.main_company
__setup__.stock_location_1511_E_3,1511 E 3,1511 E 3,stock.stock_location_stock,stock.warehouse0,internal,base.main_company
__setup__.stock_location_1511_E_4,1511 E 4,1511 E 4,stock.stock_location_stock,stock.warehouse0,internal,base.main_company
__setup__.stock_location_1511_E_5,1511 E 5,1511 E 5,stock.stock_location_stock,stock.warehouse0,internal,base.main_company
__setup__.stock_location_1512_A_1,1512 A 1,1512 A 1,stock.stock_location_stock,stock.warehouse0,internal,base.main_company
__setup__.stock_location_1512_A_2,1512 A 2,1512 A 2,stock.stock_location_stock,stock.warehouse0,internal,base.main_company
__setup__.stock_location_1512_A_3,1512 A 3,1512 A 3,stock.stock_location_stock,stock.warehouse0,internal,base.main_company
__setup__.stock_location_1512_A_4,1512 A 4,1512 A 4,stock.stock_location_stock,stock.warehouse0,internal,base.main_company
__setup__.stock_location_1512_A_5,1512 A 5,1512 A 5,stock.stock_location_stock,stock.warehouse0,internal,base.main_company
__setup__.stock_location_1512_B_1,1512 B 1,1512 B 1,stock.stock_location_stock,stock.warehouse0,internal,base.main_company
__setup__.stock_location_1512_B_2,1512 B 2,1512 B 2,stock.stock_location_stock,stock.warehouse0,internal,base.main_company
__setup__.stock_location_1512_B_3,1512 B 3,1512 B 3,stock.stock_location_stock,stock.warehouse0,internal,base.main_company
__setup__.stock_location_1512_B_4,1512 B 4,1512 B 4,stock.stock_location_stock,stock.warehouse0,internal,base.main_company
__setup__.stock_location_1512_B_5,1512 B 5,1512 B 5,stock.stock_location_stock,stock.warehouse0,internal,base.main_company
__setup__.stock_location_1512_C_1,1512 C 1,1512 C 1,stock.stock_location_stock,stock.warehouse0,internal,base.main_company
__setup__.stock_location_1512_C_2,1512 C 2,1512 C 2,stock.stock_location_stock,stock.warehouse0,internal,base.main_company
__setup__.stock_location_1512_C_3,1512 C 3,1512 C 3,stock.stock_location_stock,stock.warehouse0,internal,base.main_company
__setup__.stock_location_1512_C_4,1512 C 4,1512 C 4,stock.stock_location_stock,stock.warehouse0,internal,base.main_company
__setup__.stock_location_1512_C_5,1512 C 5,1512 C 5,stock.stock_location_stock,stock.warehouse0,internal,base.main_company
__setup__.stock_location_1512_D_1,1512 D 1,1512 D 1,stock.stock_location_stock,stock.warehouse0,internal,base.main_company
__setup__.stock_location_1512_D_2,1512 D 2,1512 D 2,stock.stock_location_stock,stock.warehouse0,internal,base.main_company
__setup__.stock_location_1512_D_3,1512 D 3,1512 D 3,stock.stock_location_stock,stock.warehouse0,internal,base.main_company
__setup__.stock_location_1512_D_4,1512 D 4,1512 D 4,stock.stock_location_stock,stock.warehouse0,internal,base.main_company
__setup__.stock_location_1512_D_5,1512 D 5,1512 D 5,stock.stock_location_stock,stock.warehouse0,internal,base.main_company
__setup__.stock_location_1512_E_1,1512 E 1,1512 E 1,stock.stock_location_stock,stock.warehouse0,internal,base.main_company
__setup__.stock_location_1512_E_2,1512 E 2,1512 E 2,stock.stock_location_stock,stock.warehouse0,internal,base.main_company
__setup__.stock_location_1512_E_3,1512 E 3,1512 E 3,stock.stock_location_stock,stock.warehouse0,internal,base.main_company
__setup__.stock_location_1512_E_4,1512 E 4,1512 E 4,stock.stock_location_stock,stock.warehouse0,internal,base.main_company
__setup__.stock_location_1512_E_5,1512 E 5,1512 E 5,stock.stock_location_stock,stock.warehouse0,internal,base.main_company
__setup__.stock_location_1513_A_1,1513 A 1,1513 A 1,stock.stock_location_stock,stock.warehouse0,internal,base.main_company
__setup__.stock_location_1513_A_2,1513 A 2,1513 A 2,stock.stock_location_stock,stock.warehouse0,internal,base.main_company
__setup__.stock_location_1513_A_3,1513 A 3,1513 A 3,stock.stock_location_stock,stock.warehouse0,internal,base.main_company
__setup__.stock_location_1513_A_4,1513 A 4,1513 A 4,stock.stock_location_stock,stock.warehouse0,internal,base.main_company
__setup__.stock_location_1513_A_5,1513 A 5,1513 A 5,stock.stock_location_stock,stock.warehouse0,internal,base.main_company
__setup__.stock_location_1513_B_1,1513 B 1,1513 B 1,stock.stock_location_stock,stock.warehouse0,internal,base.main_company
__setup__.stock_location_1513_B_2,1513 B 2,1513 B 2,stock.stock_location_stock,stock.warehouse0,internal,base.main_company
__setup__.stock_location_1513_B_3,1513 B 3,1513 B 3,stock.stock_location_stock,stock.warehouse0,internal,base.main_company
__setup__.stock_location_1513_B_4,1513 B 4,1513 B 4,stock.stock_location_stock,stock.warehouse0,internal,base.main_company
__setup__.stock_location_1513_B_5,1513 B 5,1513 B 5,stock.stock_location_stock,stock.warehouse0,internal,base.main_company
__setup__.stock_location_1513_C_1,1513 C 1,1513 C 1,stock.stock_location_stock,stock.warehouse0,internal,base.main_company
__setup__.stock_location_1513_C_2,1513 C 2,1513 C 2,stock.stock_location_stock,stock.warehouse0,internal,base.main_company
__setup__.stock_location_1513_C_3,1513 C 3,1513 C 3,stock.stock_location_stock,stock.warehouse0,internal,base.main_company
__setup__.stock_location_1513_C_4,1513 C 4,1513 C 4,stock.stock_location_stock,stock.warehouse0,internal,base.main_company
__setup__.stock_location_1513_C_5,1513 C 5,1513 C 5,stock.stock_location_stock,stock.warehouse0,internal,base.main_company
__setup__.stock_location_1513_D_1,1513 D 1,1513 D 1,stock.stock_location_stock,stock.warehouse0,internal,base.main_company
__setup__.stock_location_1513_D_2,1513 D 2,1513 D 2,stock.stock_location_stock,stock.warehouse0,internal,base.main_company
__setup__.stock_location_1513_D_3,1513 D 3,1513 D 3,stock.stock_location_stock,stock.warehouse0,internal,base.main_company
__setup__.stock_location_1513_D_4,1513 D 4,1513 D 4,stock.stock_location_stock,stock.warehouse0,internal,base.main_company
__setup__.stock_location_1513_D_5,1513 D 5,1513 D 5,stock.stock_location_stock,stock.warehouse0,internal,base.main_company
__setup__.stock_location_1513_E_1,1513 E 1,1513 E 1,stock.stock_location_stock,stock.warehouse0,internal,base.main_company
__setup__.stock_location_1513_E_2,1513 E 2,1513 E 2,stock.stock_location_stock,stock.warehouse0,internal,base.main_company
__setup__.stock_location_1513_E_3,1513 E 3,1513 E 3,stock.stock_location_stock,stock.warehouse0,internal,base.main_company
__setup__.stock_location_1513_E_4,1513 E 4,1513 E 4,stock.stock_location_stock,stock.warehouse0,internal,base.main_company
__setup__.stock_location_1513_E_5,1513 E 5,1513 E 5,stock.stock_location_stock,stock.warehouse0,internal,base.main_company
__setup__.stock_location_1514_A_1,1514 A 1,1514 A 1,stock.stock_location_stock,stock.warehouse0,internal,base.main_company
__setup__.stock_location_1514_A_2,1514 A 2,1514 A 2,stock.stock_location_stock,stock.warehouse0,internal,base.main_company
__setup__.stock_location_1514_A_3,1514 A 3,1514 A 3,stock.stock_location_stock,stock.warehouse0,internal,base.main_company
__setup__.stock_location_1514_A_4,1514 A 4,1514 A 4,stock.stock_location_stock,stock.warehouse0,internal,base.main_company
__setup__.stock_location_1514_A_5,1514 A 5,1514 A 5,stock.stock_location_stock,stock.warehouse0,internal,base.main_company
__setup__.stock_location_1514_B_1,1514 B 1,1514 B 1,stock.stock_location_stock,stock.warehouse0,internal,base.main_company
__setup__.stock_location_1514_B_2,1514 B 2,1514 B 2,stock.stock_location_stock,stock.warehouse0,internal,base.main_company
__setup__.stock_location_1514_B_3,1514 B 3,1514 B 3,stock.stock_location_stock,stock.warehouse0,internal,base.main_company
__setup__.stock_location_1514_B_4,1514 B 4,1514 B 4,stock.stock_location_stock,stock.warehouse0,internal,base.main_company
__setup__.stock_location_1514_B_5,1514 B 5,1514 B 5,stock.stock_location_stock,stock.warehouse0,internal,base.main_company
__setup__.stock_location_1514_C_1,1514 C 1,1514 C 1,stock.stock_location_stock,stock.warehouse0,internal,base.main_company
__setup__.stock_location_1514_C_2,1514 C 2,1514 C 2,stock.stock_location_stock,stock.warehouse0,internal,base.main_company
__setup__.stock_location_1514_C_3,1514 C 3,1514 C 3,stock.stock_location_stock,stock.warehouse0,internal,base.main_company
__setup__.stock_location_1514_C_4,1514 C 4,1514 C 4,stock.stock_location_stock,stock.warehouse0,internal,base.main_company
__setup__.stock_location_1514_C_5,1514 C 5,1514 C 5,stock.stock_location_stock,stock.warehouse0,internal,base.main_company
__setup__.stock_location_1514_D_1,1514 D 1,1514 D 1,stock.stock_location_stock,stock.warehouse0,internal,base.main_company
__setup__.stock_location_1514_D_2,1514 D 2,1514 D 2,stock.stock_location_stock,stock.warehouse0,internal,base.main_company
__setup__.stock_location_1514_D_3,1514 D 3,1514 D 3,stock.stock_location_stock,stock.warehouse0,internal,base.main_company
__setup__.stock_location_1514_D_4,1514 D 4,1514 D 4,stock.stock_location_stock,stock.warehouse0,internal,base.main_company
__setup__.stock_location_1514_D_5,1514 D 5,1514 D 5,stock.stock_location_stock,stock.warehouse0,internal,base.main_company
__setup__.stock_location_1514_E_1,1514 E 1,1514 E 1,stock.stock_location_stock,stock.warehouse0,internal,base.main_company
__setup__.stock_location_1514_E_2,1514 E 2,1514 E 2,stock.stock_location_stock,stock.warehouse0,internal,base.main_company
__setup__.stock_location_1514_E_3,1514 E 3,1514 E 3,stock.stock_location_stock,stock.warehouse0,internal,base.main_company
__setup__.stock_location_1514_E_4,1514 E 4,1514 E 4,stock.stock_location_stock,stock.warehouse0,internal,base.main_company
__setup__.stock_location_1514_E_5,1514 E 5,1514 E 5,stock.stock_location_stock,stock.warehouse0,internal,base.main_company
__setup__.stock_location_1515_A_1,1515 A 1,1515 A 1,stock.stock_location_stock,stock.warehouse0,internal,base.main_company
__setup__.stock_location_1515_A_2,1515 A 2,1515 A 2,stock.stock_location_stock,stock.warehouse0,internal,base.main_company
__setup__.stock_location_1515_A_3,1515 A 3,1515 A 3,stock.stock_location_stock,stock.warehouse0,internal,base.main_company
__setup__.stock_location_1515_A_4,1515 A 4,1515 A 4,stock.stock_location_stock,stock.warehouse0,internal,base.main_company
__setup__.stock_location_1515_A_5,1515 A 5,1515 A 5,stock.stock_location_stock,stock.warehouse0,internal,base.main_company
__setup__.stock_location_1515_B_1,1515 B 1,1515 B 1,stock.stock_location_stock,stock.warehouse0,internal,base.main_company
__setup__.stock_location_1515_B_2,1515 B 2,1515 B 2,stock.stock_location_stock,stock.warehouse0,internal,base.main_company
__setup__.stock_location_1515_B_3,1515 B 3,1515 B 3,stock.stock_location_stock,stock.warehouse0,internal,base.main_company
__setup__.stock_location_1515_B_4,1515 B 4,1515 B 4,stock.stock_location_stock,stock.warehouse0,internal,base.main_company
__setup__.stock_location_1515_B_5,1515 B 5,1515 B 5,stock.stock_location_stock,stock.warehouse0,internal,base.main_company
__setup__.stock_location_1515_C_1,1515 C 1,1515 C 1,stock.stock_location_stock,stock.warehouse0,internal,base.main_company
__setup__.stock_location_1515_C_2,1515 C 2,1515 C 2,stock.stock_location_stock,stock.warehouse0,internal,base.main_company
__setup__.stock_location_1515_C_3,1515 C 3,1515 C 3,stock.stock_location_stock,stock.warehouse0,internal,base.main_company
__setup__.stock_location_1515_C_4,1515 C 4,1515 C 4,stock.stock_location_stock,stock.warehouse0,internal,base.main_company
__setup__.stock_location_1515_C_5,1515 C 5,1515 C 5,stock.stock_location_stock,stock.warehouse0,internal,base.main_company
__setup__.stock_location_1515_D_1,1515 D 1,1515 D 1,stock.stock_location_stock,stock.warehouse0,internal,base.main_company
__setup__.stock_location_1515_D_2,1515 D 2,1515 D 2,stock.stock_location_stock,stock.warehouse0,internal,base.main_company
__setup__.stock_location_1515_D_3,1515 D 3,1515 D 3,stock.stock_location_stock,stock.warehouse0,internal,base.main_company
__setup__.stock_location_1515_D_4,1515 D 4,1515 D 4,stock.stock_location_stock,stock.warehouse0,internal,base.main_company
__setup__.stock_location_1515_D_5,1515 D 5,1515 D 5,stock.stock_location_stock,stock.warehouse0,internal,base.main_company
__setup__.stock_location_1515_E_1,1515 E 1,1515 E 1,stock.stock_location_stock,stock.warehouse0,internal,base.main_company
__setup__.stock_location_1515_E_2,1515 E 2,1515 E 2,stock.stock_location_stock,stock.warehouse0,internal,base.main_company
__setup__.stock_location_1515_E_3,1515 E 3,1515 E 3,stock.stock_location_stock,stock.warehouse0,internal,base.main_company
__setup__.stock_location_1515_E_4,1515 E 4,1515 E 4,stock.stock_location_stock,stock.warehouse0,internal,base.main_company
__setup__.stock_location_1515_E_5,1515 E 5,1515 E 5,stock.stock_location_stock,stock.warehouse0,internal,base.main_company
__setup__.stock_location_1516_A_1,1516 A 1,1516 A 1,stock.stock_location_stock,stock.warehouse0,internal,base.main_company
__setup__.stock_location_1516_A_2,1516 A 2,1516 A 2,stock.stock_location_stock,stock.warehouse0,internal,base.main_company
__setup__.stock_location_1516_A_3,1516 A 3,1516 A 3,stock.stock_location_stock,stock.warehouse0,internal,base.main_company
__setup__.stock_location_1516_A_4,1516 A 4,1516 A 4,stock.stock_location_stock,stock.warehouse0,internal,base.main_company
__setup__.stock_location_1516_A_5,1516 A 5,1516 A 5,stock.stock_location_stock,stock.warehouse0,internal,base.main_company
__setup__.stock_location_1516_B_1,1516 B 1,1516 B 1,stock.stock_location_stock,stock.warehouse0,internal,base.main_company
__setup__.stock_location_1516_B_2,1516 B 2,1516 B 2,stock.stock_location_stock,stock.warehouse0,internal,base.main_company
__setup__.stock_location_1516_B_3,1516 B 3,1516 B 3,stock.stock_location_stock,stock.warehouse0,internal,base.main_company
__setup__.stock_location_1516_B_4,1516 B 4,1516 B 4,stock.stock_location_stock,stock.warehouse0,internal,base.main_company
__setup__.stock_location_1516_B_5,1516 B 5,1516 B 5,stock.stock_location_stock,stock.warehouse0,internal,base.main_company
__setup__.stock_location_1516_C_1,1516 C 1,1516 C 1,stock.stock_location_stock,stock.warehouse0,internal,base.main_company
__setup__.stock_location_1516_C_2,1516 C 2,1516 C 2,stock.stock_location_stock,stock.warehouse0,internal,base.main_company
__setup__.stock_location_1516_C_3,1516 C 3,1516 C 3,stock.stock_location_stock,stock.warehouse0,internal,base.main_company
__setup__.stock_location_1516_C_4,1516 C 4,1516 C 4,stock.stock_location_stock,stock.warehouse0,internal,base.main_company
__setup__.stock_location_1516_C_5,1516 C 5,1516 C 5,stock.stock_location_stock,stock.warehouse0,internal,base.main_company
__setup__.stock_location_1516_D_1,1516 D 1,1516 D 1,stock.stock_location_stock,stock.warehouse0,internal,base.main_company
__setup__.stock_location_1516_D_2,1516 D 2,1516 D 2,stock.stock_location_stock,stock.warehouse0,internal,base.main_company
__setup__.stock_location_1516_D_3,1516 D 3,1516 D 3,stock.stock_location_stock,stock.warehouse0,internal,base.main_company
__setup__.stock_location_1516_D_4,1516 D 4,1516 D 4,stock.stock_location_stock,stock.warehouse0,internal,base.main_company
__setup__.stock_location_1516_D_5,1516 D 5,1516 D 5,stock.stock_location_stock,stock.warehouse0,internal,base.main_company
__setup__.stock_location_1516_E_1,1516 E 1,1516 E 1,stock.stock_location_stock,stock.warehouse0,internal,base.main_company
__setup__.stock_location_1516_E_2,1516 E 2,1516 E 2,stock.stock_location_stock,stock.warehouse0,internal,base.main_company
__setup__.stock_location_1516_E_3,1516 E 3,1516 E 3,stock.stock_location_stock,stock.warehouse0,internal,base.main_company
__setup__.stock_location_1516_E_4,1516 E 4,1516 E 4,stock.stock_location_stock,stock.warehouse0,internal,base.main_company
__setup__.stock_location_1516_E_5,1516 E 5,1516 E 5,stock.stock_location_stock,stock.warehouse0,internal,base.main_company
__setup__.stock_location_1517_A_1,1517 A 1,1517 A 1,stock.stock_location_stock,stock.warehouse0,internal,base.main_company
__setup__.stock_location_1517_A_2,1517 A 2,1517 A 2,stock.stock_location_stock,stock.warehouse0,internal,base.main_company
__setup__.stock_location_1517_A_3,1517 A 3,1517 A 3,stock.stock_location_stock,stock.warehouse0,internal,base.main_company
__setup__.stock_location_1517_A_4,1517 A 4,1517 A 4,stock.stock_location_stock,stock.warehouse0,internal,base.main_company
__setup__.stock_location_1517_A_5,1517 A 5,1517 A 5,stock.stock_location_stock,stock.warehouse0,internal,base.main_company
__setup__.stock_location_1517_B_1,1517 B 1,1517 B 1,stock.stock_location_stock,stock.warehouse0,internal,base.main_company
__setup__.stock_location_1517_B_2,1517 B 2,1517 B 2,stock.stock_location_stock,stock.warehouse0,internal,base.main_company
__setup__.stock_location_1517_B_3,1517 B 3,1517 B 3,stock.stock_location_stock,stock.warehouse0,internal,base.main_company
__setup__.stock_location_1517_B_4,1517 B 4,1517 B 4,stock.stock_location_stock,stock.warehouse0,internal,base.main_company
__setup__.stock_location_1517_B_5,1517 B 5,1517 B 5,stock.stock_location_stock,stock.warehouse0,internal,base.main_company
__setup__.stock_location_1517_C_1,1517 C 1,1517 C 1,stock.stock_location_stock,stock.warehouse0,internal,base.main_company
__setup__.stock_location_1517_C_2,1517 C 2,1517 C 2,stock.stock_location_stock,stock.warehouse0,internal,base.main_company
__setup__.stock_location_1517_C_3,1517 C 3,1517 C 3,stock.stock_location_stock,stock.warehouse0,internal,base.main_company
__setup__.stock_location_1517_C_4,1517 C 4,1517 C 4,stock.stock_location_stock,stock.warehouse0,internal,base.main_company
__setup__.stock_location_1517_C_5,1517 C 5,1517 C 5,stock.stock_location_stock,stock.warehouse0,internal,base.main_company
__setup__.stock_location_1517_D_1,1517 D 1,1517 D 1,stock.stock_location_stock,stock.warehouse0,internal,base.main_company
__setup__.stock_location_1517_D_2,1517 D 2,1517 D 2,stock.stock_location_stock,stock.warehouse0,internal,base.main_company
__setup__.stock_location_1517_D_3,1517 D 3,1517 D 3,stock.stock_location_stock,stock.warehouse0,internal,base.main_company
__setup__.stock_location_1517_D_4,1517 D 4,1517 D 4,stock.stock_location_stock,stock.warehouse0,internal,base.main_company
__setup__.stock_location_1517_D_5,1517 D 5,1517 D 5,stock.stock_location_stock,stock.warehouse0,internal,base.main_company
__setup__.stock_location_1517_E_1,1517 E 1,1517 E 1,stock.stock_location_stock,stock.warehouse0,internal,base.main_company
__setup__.stock_location_1517_E_2,1517 E 2,1517 E 2,stock.stock_location_stock,stock.warehouse0,internal,base.main_company
__setup__.stock_location_1517_E_3,1517 E 3,1517 E 3,stock.stock_location_stock,stock.warehouse0,internal,base.main_company
__setup__.stock_location_1517_E_4,1517 E 4,1517 E 4,stock.stock_location_stock,stock.warehouse0,internal,base.main_company
__setup__.stock_location_1517_E_5,1517 E 5,1517 E 5,stock.stock_location_stock,stock.warehouse0,internal,base.main_company
__setup__.stock_location_1701_A_,1701 A ,1701 A ,stock.stock_location_stock,stock.warehouse0,internal,base.main_company
__setup__.stock_location_1701_B_,1701 B ,1701 B ,stock.stock_location_stock,stock.warehouse0,internal,base.main_company
__setup__.stock_location_1701_C_,1701 C ,1701 C ,stock.stock_location_stock,stock.warehouse0,internal,base.main_company
__setup__.stock_location_1702_A_,1702 A ,1702 A ,stock.stock_location_stock,stock.warehouse0,internal,base.main_company
__setup__.stock_location_1702_B_,1702 B ,1702 B ,stock.stock_location_stock,stock.warehouse0,internal,base.main_company
__setup__.stock_location_1702_C_,1702 C ,1702 C ,stock.stock_location_stock,stock.warehouse0,internal,base.main_company
__setup__.stock_location_1703_A_,1703 A ,1703 A ,stock.stock_location_stock,stock.warehouse0,internal,base.main_company
__setup__.stock_location_1703_B_,1703 B ,1703 B ,stock.stock_location_stock,stock.warehouse0,internal,base.main_company
__setup__.stock_location_1703_C_,1703 C ,1703 C ,stock.stock_location_stock,stock.warehouse0,internal,base.main_company
__setup__.stock_location_1704_A_,1704 A ,1704 A ,stock.stock_location_stock,stock.warehouse0,internal,base.main_company
__setup__.stock_location_1704_B_,1704 B ,1704 B ,stock.stock_location_stock,stock.warehouse0,internal,base.main_company
__setup__.stock_location_1704_C_,1704 C ,1704 C ,stock.stock_location_stock,stock.warehouse0,internal,base.main_company
__setup__.stock_location_1705_A_,1705 A ,1705 A ,stock.stock_location_stock,stock.warehouse0,internal,base.main_company
__setup__.stock_location_1705_B_,1705 B ,1705 B ,stock.stock_location_stock,stock.warehouse0,internal,base.main_company
__setup__.stock_location_1705_C_,1705 C ,1705 C ,stock.stock_location_stock,stock.warehouse0,internal,base.main_company
__setup__.stock_location_1706_A_,1706 A ,1706 A ,stock.stock_location_stock,stock.warehouse0,internal,base.main_company
__setup__.stock_location_1706_B_,1706 B ,1706 B ,stock.stock_location_stock,stock.warehouse0,internal,base.main_company
__setup__.stock_location_1706_C_,1706 C ,1706 C ,stock.stock_location_stock,stock.warehouse0,internal,base.main_company
__setup__.stock_location_1707_A_,1707 A ,1707 A ,stock.stock_location_stock,stock.warehouse0,internal,base.main_company
__setup__.stock_location_1707_B_,1707 B ,1707 B ,stock.stock_location_stock,stock.warehouse0,internal,base.main_company
__setup__.stock_location_1707_C_,1707 C ,1707 C ,stock.stock_location_stock,stock.warehouse0,internal,base.main_company
__setup__.stock_location_1710_A_,1710 A ,1710 A ,stock.stock_location_stock,stock.warehouse0,internal,base.main_company
__setup__.stock_location_1710_B_,1710 B ,1710 B ,stock.stock_location_stock,stock.warehouse0,internal,base.main_company
__setup__.stock_location_1710_C_,1710 C ,1710 C ,stock.stock_location_stock,stock.warehouse0,internal,base.main_company
__setup__.stock_location_1711_A_,1711 A ,1711 A ,stock.stock_location_stock,stock.warehouse0,internal,base.main_company
__setup__.stock_location_1711_B_,1711 B ,1711 B ,stock.stock_location_stock,stock.warehouse0,internal,base.main_company
__setup__.stock_location_1711_C_,1711 C ,1711 C ,stock.stock_location_stock,stock.warehouse0,internal,base.main_company
__setup__.stock_location_1712_A_,1712 A ,1712 A ,stock.stock_location_stock,stock.warehouse0,internal,base.main_company
__setup__.stock_location_1712_B_,1712 B ,1712 B ,stock.stock_location_stock,stock.warehouse0,internal,base.main_company
__setup__.stock_location_1712_C_,1712 C ,1712 C ,stock.stock_location_stock,stock.warehouse0,internal,base.main_company
__setup__.stock_location_1713_A_,1713 A ,1713 A ,stock.stock_location_stock,stock.warehouse0,internal,base.main_company
__setup__.stock_location_1713_B_,1713 B ,1713 B ,stock.stock_location_stock,stock.warehouse0,internal,base.main_company
__setup__.stock_location_1713_C_,1713 C ,1713 C ,stock.stock_location_stock,stock.warehouse0,internal,base.main_company
__setup__.stock_location_1714_A_,1714 A ,1714 A ,stock.stock_location_stock,stock.warehouse0,internal,base.main_company
__setup__.stock_location_1714_B_,1714 B ,1714 B ,stock.stock_location_stock,stock.warehouse0,internal,base.main_company
__setup__.stock_location_1714_C_,1714 C ,1714 C ,stock.stock_location_stock,stock.warehouse0,internal,base.main_company
__setup__.stock_location_1715_A_,1715 A ,1715 A ,stock.stock_location_stock,stock.warehouse0,internal,base.main_company
__setup__.stock_location_1715_B_,1715 B ,1715 B ,stock.stock_location_stock,stock.warehouse0,internal,base.main_company
__setup__.stock_location_1715_C_,1715 C ,1715 C ,stock.stock_location_stock,stock.warehouse0,internal,base.main_company
__setup__.stock_location_1716_A_,1716 A ,1716 A ,stock.stock_location_stock,stock.warehouse0,internal,base.main_company
__setup__.stock_location_1716_B_,1716 B ,1716 B ,stock.stock_location_stock,stock.warehouse0,internal,base.main_company
__setup__.stock_location_1716_C_,1716 C ,1716 C ,stock.stock_location_stock,stock.warehouse0,internal,base.main_company
__setup__.stock_location_1717_A_,1717 A ,1717 A ,stock.stock_location_stock,stock.warehouse0,internal,base.main_company
__setup__.stock_location_1717_B_,1717 B ,1717 B ,stock.stock_location_stock,stock.warehouse0,internal,base.main_company
__setup__.stock_location_1717_C_,1717 C ,1717 C ,stock.stock_location_stock,stock.warehouse0,internal,base.main_company
__setup__.stock_location_1718_A_,1718 A ,1718 A ,stock.stock_location_stock,stock.warehouse0,internal,base.main_company
__setup__.stock_location_1718_B_,1718 B ,1718 B ,stock.stock_location_stock,stock.warehouse0,internal,base.main_company
__setup__.stock_location_1718_C_,1718 C ,1718 C ,stock.stock_location_stock,stock.warehouse0,internal,base.main_company
__setup__.stock_location_1719_A_,1719 A ,1719 A ,stock.stock_location_stock,stock.warehouse0,internal,base.main_company
__setup__.stock_location_1719_B_,1719 B ,1719 B ,stock.stock_location_stock,stock.warehouse0,internal,base.main_company
__setup__.stock_location_1719_C_,1719 C ,1719 C ,stock.stock_location_stock,stock.warehouse0,internal,base.main_company
__setup__.stock_location_1720_A_,1720 A ,1720 A ,stock.stock_location_stock,stock.warehouse0,internal,base.main_company
__setup__.stock_location_1720_B_,1720 B ,1720 B ,stock.stock_location_stock,stock.warehouse0,internal,base.main_company
__setup__.stock_location_1720_C_,1720 C ,1720 C ,stock.stock_location_stock,stock.warehouse0,internal,base.main_company
__setup__.stock_location_1721_A_,1721 A ,1721 A ,stock.stock_location_stock,stock.warehouse0,internal,base.main_company
__setup__.stock_location_1721_B_,1721 B ,1721 B ,stock.stock_location_stock,stock.warehouse0,internal,base.main_company
__setup__.stock_location_1721_C_,1721 C ,1721 C ,stock.stock_location_stock,stock.warehouse0,internal,base.main_company
__setup__.stock_location_1722_A_,1722 A ,1722 A ,stock.stock_location_stock,stock.warehouse0,internal,base.main_company
__setup__.stock_location_1722_B_,1722 B ,1722 B ,stock.stock_location_stock,stock.warehouse0,internal,base.main_company
__setup__.stock_location_1722_C_,1722 C ,1722 C ,stock.stock_location_stock,stock.warehouse0,internal,base.main_company
__setup__.stock_location_1723_A_,1723 A ,1723 A ,stock.stock_location_stock,stock.warehouse0,internal,base.main_company
__setup__.stock_location_1723_B_,1723 B ,1723 B ,stock.stock_location_stock,stock.warehouse0,internal,base.main_company
__setup__.stock_location_1723_C_,1723 C ,1723 C ,stock.stock_location_stock,stock.warehouse0,internal,base.main_company
__setup__.stock_location_1724_A_,1724 A ,1724 A ,stock.stock_location_stock,stock.warehouse0,internal,base.main_company
__setup__.stock_location_1724_B_,1724 B ,1724 B ,stock.stock_location_stock,stock.warehouse0,internal,base.main_company
__setup__.stock_location_1724_C_,1724 C ,1724 C ,stock.stock_location_stock,stock.warehouse0,internal,base.main_company
__setup__.stock_location_1801_A_,1801 A ,1801 A ,stock.stock_location_stock,stock.warehouse0,internal,base.main_company
__setup__.stock_location_1801_B_,1801 B ,1801 B ,stock.stock_location_stock,stock.warehouse0,internal,base.main_company
__setup__.stock_location_1801_C_,1801 C ,1801 C ,stock.stock_location_stock,stock.warehouse0,internal,base.main_company
__setup__.stock_location_1802_A_,1802 A ,1802 A ,stock.stock_location_stock,stock.warehouse0,internal,base.main_company
__setup__.stock_location_1802_B_,1802 B ,1802 B ,stock.stock_location_stock,stock.warehouse0,internal,base.main_company
__setup__.stock_location_1802_C_,1802 C ,1802 C ,stock.stock_location_stock,stock.warehouse0,internal,base.main_company
__setup__.stock_location_1803_A_,1803 A ,1803 A ,stock.stock_location_stock,stock.warehouse0,internal,base.main_company
__setup__.stock_location_1803_B_,1803 B ,1803 B ,stock.stock_location_stock,stock.warehouse0,internal,base.main_company
__setup__.stock_location_1803_C_,1803 C ,1803 C ,stock.stock_location_stock,stock.warehouse0,internal,base.main_company
__setup__.stock_location_1804_A_,1804 A ,1804 A ,stock.stock_location_stock,stock.warehouse0,internal,base.main_company
__setup__.stock_location_1804_B_,1804 B ,1804 B ,stock.stock_location_stock,stock.warehouse0,internal,base.main_company
__setup__.stock_location_1804_C_,1804 C ,1804 C ,stock.stock_location_stock,stock.warehouse0,internal,base.main_company
__setup__.stock_location_1805_A_,1805 A ,1805 A ,stock.stock_location_stock,stock.warehouse0,internal,base.main_company
__setup__.stock_location_1805_B_,1805 B ,1805 B ,stock.stock_location_stock,stock.warehouse0,internal,base.main_company
__setup__.stock_location_1805_C_,1805 C ,1805 C ,stock.stock_location_stock,stock.warehouse0,internal,base.main_company
__setup__.stock_location_1806_A_,1806 A ,1806 A ,stock.stock_location_stock,stock.warehouse0,internal,base.main_company
__setup__.stock_location_1806_B_,1806 B ,1806 B ,stock.stock_location_stock,stock.warehouse0,internal,base.main_company
__setup__.stock_location_1806_C_,1806 C ,1806 C ,stock.stock_location_stock,stock.warehouse0,internal,base.main_company
__setup__.stock_location_1807_A_,1807 A ,1807 A ,stock.stock_location_stock,stock.warehouse0,internal,base.main_company
__setup__.stock_location_1807_B_,1807 B ,1807 B ,stock.stock_location_stock,stock.warehouse0,internal,base.main_company
__setup__.stock_location_1807_C_,1807 C ,1807 C ,stock.stock_location_stock,stock.warehouse0,internal,base.main_company
__setup__.stock_location_1810_A_,1810 A ,1810 A ,stock.stock_location_stock,stock.warehouse0,internal,base.main_company
__setup__.stock_location_1810_B_,1810 B ,1810 B ,stock.stock_location_stock,stock.warehouse0,internal,base.main_company
__setup__.stock_location_1810_C_,1810 C ,1810 C ,stock.stock_location_stock,stock.warehouse0,internal,base.main_company
__setup__.stock_location_1811_A_,1811 A ,1811 A ,stock.stock_location_stock,stock.warehouse0,internal,base.main_company
__setup__.stock_location_1811_B_,1811 B ,1811 B ,stock.stock_location_stock,stock.warehouse0,internal,base.main_company
__setup__.stock_location_1811_C_,1811 C ,1811 C ,stock.stock_location_stock,stock.warehouse0,internal,base.main_company
__setup__.stock_location_1812_A_,1812 A ,1812 A ,stock.stock_location_stock,stock.warehouse0,internal,base.main_company
__setup__.stock_location_1812_B_,1812 B ,1812 B ,stock.stock_location_stock,stock.warehouse0,internal,base.main_company
__setup__.stock_location_1812_C_,1812 C ,1812 C ,stock.stock_location_stock,stock.warehouse0,internal,base.main_company
__setup__.stock_location_1813_A_,1813 A ,1813 A ,stock.stock_location_stock,stock.warehouse0,internal,base.main_company
__setup__.stock_location_1813_B_,1813 B ,1813 B ,stock.stock_location_stock,stock.warehouse0,internal,base.main_company
__setup__.stock_location_1813_C_,1813 C ,1813 C ,stock.stock_location_stock,stock.warehouse0,internal,base.main_company
__setup__.stock_location_1814_A_,1814 A ,1814 A ,stock.stock_location_stock,stock.warehouse0,internal,base.main_company
__setup__.stock_location_1814_B_,1814 B ,1814 B ,stock.stock_location_stock,stock.warehouse0,internal,base.main_company
__setup__.stock_location_1814_C_,1814 C ,1814 C ,stock.stock_location_stock,stock.warehouse0,internal,base.main_company
__setup__.stock_location_1815_A_,1815 A ,1815 A ,stock.stock_location_stock,stock.warehouse0,internal,base.main_company
__setup__.stock_location_1815_B_,1815 B ,1815 B ,stock.stock_location_stock,stock.warehouse0,internal,base.main_company
__setup__.stock_location_1815_C_,1815 C ,1815 C ,stock.stock_location_stock,stock.warehouse0,internal,base.main_company
__setup__.stock_location_1816_A_,1816 A ,1816 A ,stock.stock_location_stock,stock.warehouse0,internal,base.main_company
__setup__.stock_location_1816_B_,1816 B ,1816 B ,stock.stock_location_stock,stock.warehouse0,internal,base.main_company
__setup__.stock_location_1816_C_,1816 C ,1816 C ,stock.stock_location_stock,stock.warehouse0,internal,base.main_company
__setup__.stock_location_1817_A_,1817 A ,1817 A ,stock.stock_location_stock,stock.warehouse0,internal,base.main_company
__setup__.stock_location_1817_B_,1817 B ,1817 B ,stock.stock_location_stock,stock.warehouse0,internal,base.main_company
__setup__.stock_location_1817_C_,1817 C ,1817 C ,stock.stock_location_stock,stock.warehouse0,internal,base.main_company
__setup__.stock_location_1818_A_,1818 A ,1818 A ,stock.stock_location_stock,stock.warehouse0,internal,base.main_company
__setup__.stock_location_1818_B_,1818 B ,1818 B ,stock.stock_location_stock,stock.warehouse0,internal,base.main_company
__setup__.stock_location_1818_C_,1818 C ,1818 C ,stock.stock_location_stock,stock.warehouse0,internal,base.main_company
__setup__.stock_location_1819_A_,1819 A ,1819 A ,stock.stock_location_stock,stock.warehouse0,internal,base.main_company
__setup__.stock_location_1819_B_,1819 B ,1819 B ,stock.stock_location_stock,stock.warehouse0,internal,base.main_company
__setup__.stock_location_1819_C_,1819 C ,1819 C ,stock.stock_location_stock,stock.warehouse0,internal,base.main_company
__setup__.stock_location_1820_A_,1820 A ,1820 A ,stock.stock_location_stock,stock.warehouse0,internal,base.main_company
__setup__.stock_location_1820_B_,1820 B ,1820 B ,stock.stock_location_stock,stock.warehouse0,internal,base.main_company
__setup__.stock_location_1820_C_,1820 C ,1820 C ,stock.stock_location_stock,stock.warehouse0,internal,base.main_company
__setup__.stock_location_1821_A_,1821 A ,1821 A ,stock.stock_location_stock,stock.warehouse0,internal,base.main_company
__setup__.stock_location_1821_B_,1821 B ,1821 B ,stock.stock_location_stock,stock.warehouse0,internal,base.main_company
__setup__.stock_location_1821_C_,1821 C ,1821 C ,stock.stock_location_stock,stock.warehouse0,internal,base.main_company
__setup__.stock_location_1822_A_,1822 A ,1822 A ,stock.stock_location_stock,stock.warehouse0,internal,base.main_company
__setup__.stock_location_1822_B_,1822 B ,1822 B ,stock.stock_location_stock,stock.warehouse0,internal,base.main_company
__setup__.stock_location_1822_C_,1822 C ,1822 C ,stock.stock_location_stock,stock.warehouse0,internal,base.main_company
__setup__.stock_location_1823_A_,1823 A ,1823 A ,stock.stock_location_stock,stock.warehouse0,internal,base.main_company
__setup__.stock_location_1823_B_,1823 B ,1823 B ,stock.stock_location_stock,stock.warehouse0,internal,base.main_company
__setup__.stock_location_1823_C_,1823 C ,1823 C ,stock.stock_location_stock,stock.warehouse0,internal,base.main_company
__setup__.stock_location_1824_A_,1824 A ,1824 A ,stock.stock_location_stock,stock.warehouse0,internal,base.main_company
__setup__.stock_location_1824_B_,1824 B ,1824 B ,stock.stock_location_stock,stock.warehouse0,internal,base.main_company
__setup__.stock_location_1824_C_,1824 C ,1824 C ,stock.stock_location_stock,stock.warehouse0,internal,base.main_company
__setup__.stock_location_1901_A_,1901 A ,1901 A ,stock.stock_location_stock,stock.warehouse0,internal,base.main_company
__setup__.stock_location_1901_B_,1901 B ,1901 B ,stock.stock_location_stock,stock.warehouse0,internal,base.main_company
__setup__.stock_location_1901_C_,1901 C ,1901 C ,stock.stock_location_stock,stock.warehouse0,internal,base.main_company
__setup__.stock_location_1902_A_,1902 A ,1902 A ,stock.stock_location_stock,stock.warehouse0,internal,base.main_company
__setup__.stock_location_1902_B_,1902 B ,1902 B ,stock.stock_location_stock,stock.warehouse0,internal,base.main_company
__setup__.stock_location_1902_C_,1902 C ,1902 C ,stock.stock_location_stock,stock.warehouse0,internal,base.main_company
__setup__.stock_location_1903_A_,1903 A ,1903 A ,stock.stock_location_stock,stock.warehouse0,internal,base.main_company
__setup__.stock_location_1903_B_,1903 B ,1903 B ,stock.stock_location_stock,stock.warehouse0,internal,base.main_company
__setup__.stock_location_1903_C_,1903 C ,1903 C ,stock.stock_location_stock,stock.warehouse0,internal,base.main_company
__setup__.stock_location_1904_A_,1904 A ,1904 A ,stock.stock_location_stock,stock.warehouse0,internal,base.main_company
__setup__.stock_location_1904_B_,1904 B ,1904 B ,stock.stock_location_stock,stock.warehouse0,internal,base.main_company
__setup__.stock_location_1904_C_,1904 C ,1904 C ,stock.stock_location_stock,stock.warehouse0,internal,base.main_company
__setup__.stock_location_1905_A_,1905 A ,1905 A ,stock.stock_location_stock,stock.warehouse0,internal,base.main_company
__setup__.stock_location_1905_B_,1905 B ,1905 B ,stock.stock_location_stock,stock.warehouse0,internal,base.main_company
__setup__.stock_location_1905_C_,1905 C ,1905 C ,stock.stock_location_stock,stock.warehouse0,internal,base.main_company
__setup__.stock_location_1906_A_,1906 A ,1906 A ,stock.stock_location_stock,stock.warehouse0,internal,base.main_company
__setup__.stock_location_1906_B_,1906 B ,1906 B ,stock.stock_location_stock,stock.warehouse0,internal,base.main_company
__setup__.stock_location_1906_C_,1906 C ,1906 C ,stock.stock_location_stock,stock.warehouse0,internal,base.main_company
__setup__.stock_location_1907_A_,1907 A ,1907 A ,stock.stock_location_stock,stock.warehouse0,internal,base.main_company
__setup__.stock_location_1907_B_,1907 B ,1907 B ,stock.stock_location_stock,stock.warehouse0,internal,base.main_company
__setup__.stock_location_1907_C_,1907 C ,1907 C ,stock.stock_location_stock,stock.warehouse0,internal,base.main_company
__setup__.stock_location_1910_A_,1910 A ,1910 A ,stock.stock_location_stock,stock.warehouse0,internal,base.main_company
__setup__.stock_location_1910_B_,1910 B ,1910 B ,stock.stock_location_stock,stock.warehouse0,internal,base.main_company
__setup__.stock_location_1910_C_,1910 C ,1910 C ,stock.stock_location_stock,stock.warehouse0,internal,base.main_company
__setup__.stock_location_1911_A_,1911 A ,1911 A ,stock.stock_location_stock,stock.warehouse0,internal,base.main_company
__setup__.stock_location_1911_B_,1911 B ,1911 B ,stock.stock_location_stock,stock.warehouse0,internal,base.main_company
__setup__.stock_location_1911_C_,1911 C ,1911 C ,stock.stock_location_stock,stock.warehouse0,internal,base.main_company
__setup__.stock_location_1912_A_,1912 A ,1912 A ,stock.stock_location_stock,stock.warehouse0,internal,base.main_company
__setup__.stock_location_1912_B_,1912 B ,1912 B ,stock.stock_location_stock,stock.warehouse0,internal,base.main_company
__setup__.stock_location_1912_C_,1912 C ,1912 C ,stock.stock_location_stock,stock.warehouse0,internal,base.main_company
__setup__.stock_location_1913_A_,1913 A ,1913 A ,stock.stock_location_stock,stock.warehouse0,internal,base.main_company
__setup__.stock_location_1913_B_,1913 B ,1913 B ,stock.stock_location_stock,stock.warehouse0,internal,base.main_company
__setup__.stock_location_1913_C_,1913 C ,1913 C ,stock.stock_location_stock,stock.warehouse0,internal,base.main_company
__setup__.stock_location_1914_A_,1914 A ,1914 A ,stock.stock_location_stock,stock.warehouse0,internal,base.main_company
__setup__.stock_location_1914_B_,1914 B ,1914 B ,stock.stock_location_stock,stock.warehouse0,internal,base.main_company
__setup__.stock_location_1914_C_,1914 C ,1914 C ,stock.stock_location_stock,stock.warehouse0,internal,base.main_company
__setup__.stock_location_1919_B_,1919 B ,1919 B ,stock.stock_location_stock,stock.warehouse0,internal,base.main_company
__setup__.stock_location_1919_C_,1919 C ,1919 C ,stock.stock_location_stock,stock.warehouse0,internal,base.main_company
__setup__.stock_location_1920_A_,1920 A ,1920 A ,stock.stock_location_stock,stock.warehouse0,internal,base.main_company
__setup__.stock_location_1920_B_,1920 B ,1920 B ,stock.stock_location_stock,stock.warehouse0,internal,base.main_company
__setup__.stock_location_1920_C_,1920 C ,1920 C ,stock.stock_location_stock,stock.warehouse0,internal,base.main_company
__setup__.stock_location_1921_A_,1921 A ,1921 A ,stock.stock_location_stock,stock.warehouse0,internal,base.main_company
__setup__.stock_location_1921_B_,1921 B ,1921 B ,stock.stock_location_stock,stock.warehouse0,internal,base.main_company
__setup__.stock_location_1921_C_,1921 C ,1921 C ,stock.stock_location_stock,stock.warehouse0,internal,base.main_company
__setup__.stock_location_1922_A_,1922 A ,1922 A ,stock.stock_location_stock,stock.warehouse0,internal,base.main_company
__setup__.stock_location_1922_B_,1922 B ,1922 B ,stock.stock_location_stock,stock.warehouse0,internal,base.main_company
__setup__.stock_location_1922_C_,1922 C ,1922 C ,stock.stock_location_stock,stock.warehouse0,internal,base.main_company
__setup__.stock_location_1923_A_,1923 A ,1923 A ,stock.stock_location_stock,stock.warehouse0,internal,base.main_company
__setup__.stock_location_1923_B_,1923 B ,1923 B ,stock.stock_location_stock,stock.warehouse0,internal,base.main_company
__setup__.stock_location_1923_C_,1923 C ,1923 C ,stock.stock_location_stock,stock.warehouse0,internal,base.main_company
__setup__.stock_location_1924_A_,1924 A ,1924 A ,stock.stock_location_stock,stock.warehouse0,internal,base.main_company
__setup__.stock_location_1924_B_,1924 B ,1924 B ,stock.stock_location_stock,stock.warehouse0,internal,base.main_company
__setup__.stock_location_1924_C_,1924 C ,1924 C ,stock.stock_location_stock,stock.warehouse0,internal,base.main_company
__setup__.stock_location_2001_A_,2001 A ,2001 A ,stock.stock_location_stock,stock.warehouse0,internal,base.main_company
__setup__.stock_location_2001_B_,2001 B ,2001 B ,stock.stock_location_stock,stock.warehouse0,internal,base.main_company
__setup__.stock_location_2001_C_,2001 C ,2001 C ,stock.stock_location_stock,stock.warehouse0,internal,base.main_company
__setup__.stock_location_2002_A_,2002 A ,2002 A ,stock.stock_location_stock,stock.warehouse0,internal,base.main_company
__setup__.stock_location_2002_B_,2002 B ,2002 B ,stock.stock_location_stock,stock.warehouse0,internal,base.main_company
__setup__.stock_location_2002_C_,2002 C ,2002 C ,stock.stock_location_stock,stock.warehouse0,internal,base.main_company
__setup__.stock_location_2003_A_,2003 A ,2003 A ,stock.stock_location_stock,stock.warehouse0,internal,base.main_company
__setup__.stock_location_2003_B_,2003 B ,2003 B ,stock.stock_location_stock,stock.warehouse0,internal,base.main_company
__setup__.stock_location_2003_C_,2003 C ,2003 C ,stock.stock_location_stock,stock.warehouse0,internal,base.main_company
__setup__.stock_location_2004_A_,2004 A ,2004 A ,stock.stock_location_stock,stock.warehouse0,internal,base.main_company
__setup__.stock_location_2004_B_,2004 B ,2004 B ,stock.stock_location_stock,stock.warehouse0,internal,base.main_company
__setup__.stock_location_2004_C_,2004 C ,2004 C ,stock.stock_location_stock,stock.warehouse0,internal,base.main_company
__setup__.stock_location_2005_A_,2005 A ,2005 A ,stock.stock_location_stock,stock.warehouse0,internal,base.main_company
__setup__.stock_location_2005_B_,2005 B ,2005 B ,stock.stock_location_stock,stock.warehouse0,internal,base.main_company
__setup__.stock_location_2005_C_,2005 C ,2005 C ,stock.stock_location_stock,stock.warehouse0,internal,base.main_company
__setup__.stock_location_2006_A_,2006 A ,2006 A ,stock.stock_location_stock,stock.warehouse0,internal,base.main_company
__setup__.stock_location_2006_B_,2006 B ,2006 B ,stock.stock_location_stock,stock.warehouse0,internal,base.main_company
__setup__.stock_location_2006_C_,2006 C ,2006 C ,stock.stock_location_stock,stock.warehouse0,internal,base.main_company
__setup__.stock_location_2007_A_,2007 A ,2007 A ,stock.stock_location_stock,stock.warehouse0,internal,base.main_company
__setup__.stock_location_2007_B_,2007 B ,2007 B ,stock.stock_location_stock,stock.warehouse0,internal,base.main_company
__setup__.stock_location_2007_C_,2007 C ,2007 C ,stock.stock_location_stock,stock.warehouse0,internal,base.main_company
__setup__.stock_location_2010_A_,2010 A ,2010 A ,stock.stock_location_stock,stock.warehouse0,internal,base.main_company
__setup__.stock_location_2010_B_,2010 B ,2010 B ,stock.stock_location_stock,stock.warehouse0,internal,base.main_company
__setup__.stock_location_2010_C_,2010 C ,2010 C ,stock.stock_location_stock,stock.warehouse0,internal,base.main_company
__setup__.stock_location_2011_A_,2011 A ,2011 A ,stock.stock_location_stock,stock.warehouse0,internal,base.main_company
__setup__.stock_location_2011_B_,2011 B ,2011 B ,stock.stock_location_stock,stock.warehouse0,internal,base.main_company
__setup__.stock_location_2011_C_,2011 C ,2011 C ,stock.stock_location_stock,stock.warehouse0,internal,base.main_company
__setup__.stock_location_2012_A_,2012 A ,2012 A ,stock.stock_location_stock,stock.warehouse0,internal,base.main_company
__setup__.stock_location_2012_B_,2012 B ,2012 B ,stock.stock_location_stock,stock.warehouse0,internal,base.main_company
__setup__.stock_location_2012_C_,2012 C ,2012 C ,stock.stock_location_stock,stock.warehouse0,internal,base.main_company
__setup__.stock_location_2013_A_,2013 A ,2013 A ,stock.stock_location_stock,stock.warehouse0,internal,base.main_company
__setup__.stock_location_2013_B_,2013 B ,2013 B ,stock.stock_location_stock,stock.warehouse0,internal,base.main_company
__setup__.stock_location_2013_C_,2013 C ,2013 C ,stock.stock_location_stock,stock.warehouse0,internal,base.main_company
__setup__.stock_location_2014_A_,2014 A ,2014 A ,stock.stock_location_stock,stock.warehouse0,internal,base.main_company
__setup__.stock_location_2014_B_,2014 B ,2014 B ,stock.stock_location_stock,stock.warehouse0,internal,base.main_company
__setup__.stock_location_2014_C_,2014 C ,2014 C ,stock.stock_location_stock,stock.warehouse0,internal,base.main_company
__setup__.stock_location_2019_B_,2019 B ,2019 B ,stock.stock_location_stock,stock.warehouse0,internal,base.main_company
__setup__.stock_location_2019_C_,2019 C ,2019 C ,stock.stock_location_stock,stock.warehouse0,internal,base.main_company
__setup__.stock_location_2020_A_,2020 A ,2020 A ,stock.stock_location_stock,stock.warehouse0,internal,base.main_company
__setup__.stock_location_2020_B_,2020 B ,2020 B ,stock.stock_location_stock,stock.warehouse0,internal,base.main_company
__setup__.stock_location_2020_C_,2020 C ,2020 C ,stock.stock_location_stock,stock.warehouse0,internal,base.main_company
__setup__.stock_location_2021_A_,2021 A ,2021 A ,stock.stock_location_stock,stock.warehouse0,internal,base.main_company
__setup__.stock_location_2021_B_,2021 B ,2021 B ,stock.stock_location_stock,stock.warehouse0,internal,base.main_company
__setup__.stock_location_2021_C_,2021 C ,2021 C ,stock.stock_location_stock,stock.warehouse0,internal,base.main_company
__setup__.stock_location_2022_A_,2022 A ,2022 A ,stock.stock_location_stock,stock.warehouse0,internal,base.main_company
__setup__.stock_location_2022_B_,2022 B ,2022 B ,stock.stock_location_stock,stock.warehouse0,internal,base.main_company
__setup__.stock_location_2022_C_,2022 C ,2022 C ,stock.stock_location_stock,stock.warehouse0,internal,base.main_company
__setup__.stock_location_2023_A_,2023 A ,2023 A ,stock.stock_location_stock,stock.warehouse0,internal,base.main_company
__setup__.stock_location_2023_B_,2023 B ,2023 B ,stock.stock_location_stock,stock.warehouse0,internal,base.main_company
__setup__.stock_location_2023_C_,2023 C ,2023 C ,stock.stock_location_stock,stock.warehouse0,internal,base.main_company
__setup__.stock_location_2024_A_,2024 A ,2024 A ,stock.stock_location_stock,stock.warehouse0,internal,base.main_company
__setup__.stock_location_2024_B_,2024 B ,2024 B ,stock.stock_location_stock,stock.warehouse0,internal,base.main_company
__setup__.stock_location_2024_C_,2024 C ,2024 C ,stock.stock_location_stock,stock.warehouse0,internal,base.main_company
__setup__.stock_location_2101_A_,2101 A ,2101 A ,stock.stock_location_stock,stock.warehouse0,internal,base.main_company
__setup__.stock_location_2101_B_,2101 B ,2101 B ,stock.stock_location_stock,stock.warehouse0,internal,base.main_company
__setup__.stock_location_2101_C_,2101 C ,2101 C ,stock.stock_location_stock,stock.warehouse0,internal,base.main_company
__setup__.stock_location_2102_A_,2102 A ,2102 A ,stock.stock_location_stock,stock.warehouse0,internal,base.main_company
__setup__.stock_location_2102_B_,2102 B ,2102 B ,stock.stock_location_stock,stock.warehouse0,internal,base.main_company
__setup__.stock_location_2102_C_,2102 C ,2102 C ,stock.stock_location_stock,stock.warehouse0,internal,base.main_company
__setup__.stock_location_2103_A_,2103 A ,2103 A ,stock.stock_location_stock,stock.warehouse0,internal,base.main_company
__setup__.stock_location_2103_B_,2103 B ,2103 B ,stock.stock_location_stock,stock.warehouse0,internal,base.main_company
__setup__.stock_location_2103_C_,2103 C ,2103 C ,stock.stock_location_stock,stock.warehouse0,internal,base.main_company
__setup__.stock_location_2104_A_,2104 A ,2104 A ,stock.stock_location_stock,stock.warehouse0,internal,base.main_company
__setup__.stock_location_2104_B_,2104 B ,2104 B ,stock.stock_location_stock,stock.warehouse0,internal,base.main_company
__setup__.stock_location_2104_C_,2104 C ,2104 C ,stock.stock_location_stock,stock.warehouse0,internal,base.main_company
__setup__.stock_location_2105_A_,2105 A ,2105 A ,stock.stock_location_stock,stock.warehouse0,internal,base.main_company
__setup__.stock_location_2105_B_,2105 B ,2105 B ,stock.stock_location_stock,stock.warehouse0,internal,base.main_company
__setup__.stock_location_2105_C_,2105 C ,2105 C ,stock.stock_location_stock,stock.warehouse0,internal,base.main_company
__setup__.stock_location_2106_A_,2106 A ,2106 A ,stock.stock_location_stock,stock.warehouse0,internal,base.main_company
__setup__.stock_location_2106_B_,2106 B ,2106 B ,stock.stock_location_stock,stock.warehouse0,internal,base.main_company
__setup__.stock_location_2106_C_,2106 C ,2106 C ,stock.stock_location_stock,stock.warehouse0,internal,base.main_company
__setup__.stock_location_2107_A_,2107 A ,2107 A ,stock.stock_location_stock,stock.warehouse0,internal,base.main_company
__setup__.stock_location_2107_B_,2107 B ,2107 B ,stock.stock_location_stock,stock.warehouse0,internal,base.main_company
__setup__.stock_location_2107_C_,2107 C ,2107 C ,stock.stock_location_stock,stock.warehouse0,internal,base.main_company
__setup__.stock_location_2110_A_,2110 A ,2110 A ,stock.stock_location_stock,stock.warehouse0,internal,base.main_company
__setup__.stock_location_2110_B_,2110 B ,2110 B ,stock.stock_location_stock,stock.warehouse0,internal,base.main_company
__setup__.stock_location_2110_C_,2110 C ,2110 C ,stock.stock_location_stock,stock.warehouse0,internal,base.main_company
__setup__.stock_location_2111_A_,2111 A ,2111 A ,stock.stock_location_stock,stock.warehouse0,internal,base.main_company
__setup__.stock_location_2111_B_,2111 B ,2111 B ,stock.stock_location_stock,stock.warehouse0,internal,base.main_company
__setup__.stock_location_2111_C_,2111 C ,2111 C ,stock.stock_location_stock,stock.warehouse0,internal,base.main_company
__setup__.stock_location_2112_A_,2112 A ,2112 A ,stock.stock_location_stock,stock.warehouse0,internal,base.main_company
__setup__.stock_location_2112_B_,2112 B ,2112 B ,stock.stock_location_stock,stock.warehouse0,internal,base.main_company
__setup__.stock_location_2112_C_,2112 C ,2112 C ,stock.stock_location_stock,stock.warehouse0,internal,base.main_company
__setup__.stock_location_2113_A_,2113 A ,2113 A ,stock.stock_location_stock,stock.warehouse0,internal,base.main_company
__setup__.stock_location_2113_B_,2113 B ,2113 B ,stock.stock_location_stock,stock.warehouse0,internal,base.main_company
__setup__.stock_location_2113_C_,2113 C ,2113 C ,stock.stock_location_stock,stock.warehouse0,internal,base.main_company
__setup__.stock_location_2114_A_,2114 A ,2114 A ,stock.stock_location_stock,stock.warehouse0,internal,base.main_company
__setup__.stock_location_2114_B_,2114 B ,2114 B ,stock.stock_location_stock,stock.warehouse0,internal,base.main_company
__setup__.stock_location_2114_C_,2114 C ,2114 C ,stock.stock_location_stock,stock.warehouse0,internal,base.main_company
__setup__.stock_location_2115_A_,2115 A ,2115 A ,stock.stock_location_stock,stock.warehouse0,internal,base.main_company
__setup__.stock_location_2115_B_,2115 B ,2115 B ,stock.stock_location_stock,stock.warehouse0,internal,base.main_company
__setup__.stock_location_2115_C_,2115 C ,2115 C ,stock.stock_location_stock,stock.warehouse0,internal,base.main_company
__setup__.stock_location_2116_A_,2116 A ,2116 A ,stock.stock_location_stock,stock.warehouse0,internal,base.main_company
__setup__.stock_location_2116_B_,2116 B ,2116 B ,stock.stock_location_stock,stock.warehouse0,internal,base.main_company
__setup__.stock_location_2116_C_,2116 C ,2116 C ,stock.stock_location_stock,stock.warehouse0,internal,base.main_company
__setup__.stock_location_2117_A_,2117 A ,2117 A ,stock.stock_location_stock,stock.warehouse0,internal,base.main_company
__setup__.stock_location_2117_B_,2117 B ,2117 B ,stock.stock_location_stock,stock.warehouse0,internal,base.main_company
__setup__.stock_location_2117_C_,2117 C ,2117 C ,stock.stock_location_stock,stock.warehouse0,internal,base.main_company
__setup__.stock_location_2118_A_,2118 A ,2118 A ,stock.stock_location_stock,stock.warehouse0,internal,base.main_company
__setup__.stock_location_2118_B_,2118 B ,2118 B ,stock.stock_location_stock,stock.warehouse0,internal,base.main_company
__setup__.stock_location_2118_C_,2118 C ,2118 C ,stock.stock_location_stock,stock.warehouse0,internal,base.main_company
__setup__.stock_location_2119_A_,2119 A ,2119 A ,stock.stock_location_stock,stock.warehouse0,internal,base.main_company
__setup__.stock_location_2119_B_,2119 B ,2119 B ,stock.stock_location_stock,stock.warehouse0,internal,base.main_company
__setup__.stock_location_2119_C_,2119 C ,2119 C ,stock.stock_location_stock,stock.warehouse0,internal,base.main_company
__setup__.stock_location_2120_A_,2120 A ,2120 A ,stock.stock_location_stock,stock.warehouse0,internal,base.main_company
__setup__.stock_location_2120_B_,2120 B ,2120 B ,stock.stock_location_stock,stock.warehouse0,internal,base.main_company
__setup__.stock_location_2120_C_,2120 C ,2120 C ,stock.stock_location_stock,stock.warehouse0,internal,base.main_company
__setup__.stock_location_2121_A_,2121 A ,2121 A ,stock.stock_location_stock,stock.warehouse0,internal,base.main_company
__setup__.stock_location_2121_B_,2121 B ,2121 B ,stock.stock_location_stock,stock.warehouse0,internal,base.main_company
__setup__.stock_location_2121_C_,2121 C ,2121 C ,stock.stock_location_stock,stock.warehouse0,internal,base.main_company
__setup__.stock_location_2122_A_,2122 A ,2122 A ,stock.stock_location_stock,stock.warehouse0,internal,base.main_company
__setup__.stock_location_2122_B_,2122 B ,2122 B ,stock.stock_location_stock,stock.warehouse0,internal,base.main_company
__setup__.stock_location_2122_C_,2122 C ,2122 C ,stock.stock_location_stock,stock.warehouse0,internal,base.main_company
__setup__.stock_location_2123_A_,2123 A ,2123 A ,stock.stock_location_stock,stock.warehouse0,internal,base.main_company
__setup__.stock_location_2123_B_,2123 B ,2123 B ,stock.stock_location_stock,stock.warehouse0,internal,base.main_company
__setup__.stock_location_2123_C_,2123 C ,2123 C ,stock.stock_location_stock,stock.warehouse0,internal,base.main_company
__setup__.stock_location_2124_A_,2124 A ,2124 A ,stock.stock_location_stock,stock.warehouse0,internal,base.main_company
__setup__.stock_location_2124_B_,2124 B ,2124 B ,stock.stock_location_stock,stock.warehouse0,internal,base.main_company
__setup__.stock_location_2124_C_,2124 C ,2124 C ,stock.stock_location_stock,stock.warehouse0,internal,base.main_company
__setup__.stock_location_2201_A_,2201 A ,2201 A ,stock.stock_location_stock,stock.warehouse0,internal,base.main_company
__setup__.stock_location_2201_B_,2201 B ,2201 B ,stock.stock_location_stock,stock.warehouse0,internal,base.main_company
__setup__.stock_location_2201_C_,2201 C ,2201 C ,stock.stock_location_stock,stock.warehouse0,internal,base.main_company
__setup__.stock_location_2202_A_,2202 A ,2202 A ,stock.stock_location_stock,stock.warehouse0,internal,base.main_company
__setup__.stock_location_2202_B_,2202 B ,2202 B ,stock.stock_location_stock,stock.warehouse0,internal,base.main_company
__setup__.stock_location_2202_C_,2202 C ,2202 C ,stock.stock_location_stock,stock.warehouse0,internal,base.main_company
__setup__.stock_location_2203_A_,2203 A ,2203 A ,stock.stock_location_stock,stock.warehouse0,internal,base.main_company
__setup__.stock_location_2203_B_,2203 B ,2203 B ,stock.stock_location_stock,stock.warehouse0,internal,base.main_company
__setup__.stock_location_2203_C_,2203 C ,2203 C ,stock.stock_location_stock,stock.warehouse0,internal,base.main_company
__setup__.stock_location_2204_A_,2204 A ,2204 A ,stock.stock_location_stock,stock.warehouse0,internal,base.main_company
__setup__.stock_location_2204_B_,2204 B ,2204 B ,stock.stock_location_stock,stock.warehouse0,internal,base.main_company
__setup__.stock_location_2204_C_,2204 C ,2204 C ,stock.stock_location_stock,stock.warehouse0,internal,base.main_company
__setup__.stock_location_2205_A_,2205 A ,2205 A ,stock.stock_location_stock,stock.warehouse0,internal,base.main_company
__setup__.stock_location_2205_B_,2205 B ,2205 B ,stock.stock_location_stock,stock.warehouse0,internal,base.main_company
__setup__.stock_location_2205_C_,2205 C ,2205 C ,stock.stock_location_stock,stock.warehouse0,internal,base.main_company
__setup__.stock_location_2206_A_,2206 A ,2206 A ,stock.stock_location_stock,stock.warehouse0,internal,base.main_company
__setup__.stock_location_2206_B_,2206 B ,2206 B ,stock.stock_location_stock,stock.warehouse0,internal,base.main_company
__setup__.stock_location_2206_C_,2206 C ,2206 C ,stock.stock_location_stock,stock.warehouse0,internal,base.main_company
__setup__.stock_location_2207_A_,2207 A ,2207 A ,stock.stock_location_stock,stock.warehouse0,internal,base.main_company
__setup__.stock_location_2207_B_,2207 B ,2207 B ,stock.stock_location_stock,stock.warehouse0,internal,base.main_company
__setup__.stock_location_2207_C_,2207 C ,2207 C ,stock.stock_location_stock,stock.warehouse0,internal,base.main_company
__setup__.stock_location_2210_A_,2210 A ,2210 A ,stock.stock_location_stock,stock.warehouse0,internal,base.main_company
__setup__.stock_location_2210_B_,2210 B ,2210 B ,stock.stock_location_stock,stock.warehouse0,internal,base.main_company
__setup__.stock_location_2210_C_,2210 C ,2210 C ,stock.stock_location_stock,stock.warehouse0,internal,base.main_company
__setup__.stock_location_2211_A_,2211 A ,2211 A ,stock.stock_location_stock,stock.warehouse0,internal,base.main_company
__setup__.stock_location_2211_B_,2211 B ,2211 B ,stock.stock_location_stock,stock.warehouse0,internal,base.main_company
__setup__.stock_location_2211_C_,2211 C ,2211 C ,stock.stock_location_stock,stock.warehouse0,internal,base.main_company
__setup__.stock_location_2212_A_,2212 A ,2212 A ,stock.stock_location_stock,stock.warehouse0,internal,base.main_company
__setup__.stock_location_2212_B_,2212 B ,2212 B ,stock.stock_location_stock,stock.warehouse0,internal,base.main_company
__setup__.stock_location_2212_C_,2212 C ,2212 C ,stock.stock_location_stock,stock.warehouse0,internal,base.main_company
__setup__.stock_location_2213_A_,2213 A ,2213 A ,stock.stock_location_stock,stock.warehouse0,internal,base.main_company
__setup__.stock_location_2213_B_,2213 B ,2213 B ,stock.stock_location_stock,stock.warehouse0,internal,base.main_company
__setup__.stock_location_2213_C_,2213 C ,2213 C ,stock.stock_location_stock,stock.warehouse0,internal,base.main_company
__setup__.stock_location_2214_A_,2214 A ,2214 A ,stock.stock_location_stock,stock.warehouse0,internal,base.main_company
__setup__.stock_location_2214_B_,2214 B ,2214 B ,stock.stock_location_stock,stock.warehouse0,internal,base.main_company
__setup__.stock_location_2214_C_,2214 C ,2214 C ,stock.stock_location_stock,stock.warehouse0,internal,base.main_company
__setup__.stock_location_2215_A_,2215 A ,2215 A ,stock.stock_location_stock,stock.warehouse0,internal,base.main_company
__setup__.stock_location_2215_B_,2215 B ,2215 B ,stock.stock_location_stock,stock.warehouse0,internal,base.main_company
__setup__.stock_location_2215_C_,2215 C ,2215 C ,stock.stock_location_stock,stock.warehouse0,internal,base.main_company
__setup__.stock_location_2216_A_,2216 A ,2216 A ,stock.stock_location_stock,stock.warehouse0,internal,base.main_company
__setup__.stock_location_2216_B_,2216 B ,2216 B ,stock.stock_location_stock,stock.warehouse0,internal,base.main_company
__setup__.stock_location_2216_C_,2216 C ,2216 C ,stock.stock_location_stock,stock.warehouse0,internal,base.main_company
__setup__.stock_location_2217_A_,2217 A ,2217 A ,stock.stock_location_stock,stock.warehouse0,internal,base.main_company
__setup__.stock_location_2217_B_,2217 B ,2217 B ,stock.stock_location_stock,stock.warehouse0,internal,base.main_company
__setup__.stock_location_2217_C_,2217 C ,2217 C ,stock.stock_location_stock,stock.warehouse0,internal,base.main_company
__setup__.stock_location_2218_A_,2218 A ,2218 A ,stock.stock_location_stock,stock.warehouse0,internal,base.main_company
__setup__.stock_location_2218_B_,2218 B ,2218 B ,stock.stock_location_stock,stock.warehouse0,internal,base.main_company
__setup__.stock_location_2218_C_,2218 C ,2218 C ,stock.stock_location_stock,stock.warehouse0,internal,base.main_company
__setup__.stock_location_2219_A_,2219 A ,2219 A ,stock.stock_location_stock,stock.warehouse0,internal,base.main_company
__setup__.stock_location_2219_B_,2219 B ,2219 B ,stock.stock_location_stock,stock.warehouse0,internal,base.main_company
__setup__.stock_location_2219_C_,2219 C ,2219 C ,stock.stock_location_stock,stock.warehouse0,internal,base.main_company
__setup__.stock_location_2220_A_,2220 A ,2220 A ,stock.stock_location_stock,stock.warehouse0,internal,base.main_company
__setup__.stock_location_2220_B_,2220 B ,2220 B ,stock.stock_location_stock,stock.warehouse0,internal,base.main_company
__setup__.stock_location_2220_C_,2220 C ,2220 C ,stock.stock_location_stock,stock.warehouse0,internal,base.main_company
__setup__.stock_location_2221_A_,2221 A ,2221 A ,stock.stock_location_stock,stock.warehouse0,internal,base.main_company
__setup__.stock_location_2221_B_,2221 B ,2221 B ,stock.stock_location_stock,stock.warehouse0,internal,base.main_company
__setup__.stock_location_2221_C_,2221 C ,2221 C ,stock.stock_location_stock,stock.warehouse0,internal,base.main_company
__setup__.stock_location_2222_A_,2222 A ,2222 A ,stock.stock_location_stock,stock.warehouse0,internal,base.main_company
__setup__.stock_location_2222_B_,2222 B ,2222 B ,stock.stock_location_stock,stock.warehouse0,internal,base.main_company
__setup__.stock_location_2222_C_,2222 C ,2222 C ,stock.stock_location_stock,stock.warehouse0,internal,base.main_company
__setup__.stock_location_2223_A_,2223 A ,2223 A ,stock.stock_location_stock,stock.warehouse0,internal,base.main_company
__setup__.stock_location_2223_B_,2223 B ,2223 B ,stock.stock_location_stock,stock.warehouse0,internal,base.main_company
__setup__.stock_location_2223_C_,2223 C ,2223 C ,stock.stock_location_stock,stock.warehouse0,internal,base.main_company
__setup__.stock_location_2224_A_,2224 A ,2224 A ,stock.stock_location_stock,stock.warehouse0,internal,base.main_company
__setup__.stock_location_2224_B_,2224 B ,2224 B ,stock.stock_location_stock,stock.warehouse0,internal,base.main_company
__setup__.stock_location_2224_C_,2224 C ,2224 C ,stock.stock_location_stock,stock.warehouse0,internal,base.main_company
__setup__.stock_location_2301_A_,2301 A ,2301 A ,stock.stock_location_stock,stock.warehouse0,internal,base.main_company
__setup__.stock_location_2301_B_,2301 B ,2301 B ,stock.stock_location_stock,stock.warehouse0,internal,base.main_company
__setup__.stock_location_2301_C_,2301 C ,2301 C ,stock.stock_location_stock,stock.warehouse0,internal,base.main_company
__setup__.stock_location_2302_A_,2302 A ,2302 A ,stock.stock_location_stock,stock.warehouse0,internal,base.main_company
__setup__.stock_location_2302_B_,2302 B ,2302 B ,stock.stock_location_stock,stock.warehouse0,internal,base.main_company
__setup__.stock_location_2302_C_,2302 C ,2302 C ,stock.stock_location_stock,stock.warehouse0,internal,base.main_company
__setup__.stock_location_2303_A_,2303 A ,2303 A ,stock.stock_location_stock,stock.warehouse0,internal,base.main_company
__setup__.stock_location_2303_B_,2303 B ,2303 B ,stock.stock_location_stock,stock.warehouse0,internal,base.main_company
__setup__.stock_location_2303_C_,2303 C ,2303 C ,stock.stock_location_stock,stock.warehouse0,internal,base.main_company
__setup__.stock_location_2304_A_,2304 A ,2304 A ,stock.stock_location_stock,stock.warehouse0,internal,base.main_company
__setup__.stock_location_2304_B_,2304 B ,2304 B ,stock.stock_location_stock,stock.warehouse0,internal,base.main_company
__setup__.stock_location_2304_C_,2304 C ,2304 C ,stock.stock_location_stock,stock.warehouse0,internal,base.main_company
__setup__.stock_location_2305_A_,2305 A ,2305 A ,stock.stock_location_stock,stock.warehouse0,internal,base.main_company
__setup__.stock_location_2305_B_,2305 B ,2305 B ,stock.stock_location_stock,stock.warehouse0,internal,base.main_company
__setup__.stock_location_2305_C_,2305 C ,2305 C ,stock.stock_location_stock,stock.warehouse0,internal,base.main_company
__setup__.stock_location_2306_A_,2306 A ,2306 A ,stock.stock_location_stock,stock.warehouse0,internal,base.main_company
__setup__.stock_location_2306_B_,2306 B ,2306 B ,stock.stock_location_stock,stock.warehouse0,internal,base.main_company
__setup__.stock_location_2306_C_,2306 C ,2306 C ,stock.stock_location_stock,stock.warehouse0,internal,base.main_company
__setup__.stock_location_2307_A_,2307 A ,2307 A ,stock.stock_location_stock,stock.warehouse0,internal,base.main_company
__setup__.stock_location_2307_B_,2307 B ,2307 B ,stock.stock_location_stock,stock.warehouse0,internal,base.main_company
__setup__.stock_location_2307_C_,2307 C ,2307 C ,stock.stock_location_stock,stock.warehouse0,internal,base.main_company
__setup__.stock_location_2310_A_,2310 A ,2310 A ,stock.stock_location_stock,stock.warehouse0,internal,base.main_company
__setup__.stock_location_2310_B_,2310 B ,2310 B ,stock.stock_location_stock,stock.warehouse0,internal,base.main_company
__setup__.stock_location_2310_C_,2310 C ,2310 C ,stock.stock_location_stock,stock.warehouse0,internal,base.main_company
__setup__.stock_location_2311_A_,2311 A ,2311 A ,stock.stock_location_stock,stock.warehouse0,internal,base.main_company
__setup__.stock_location_2311_B_,2311 B ,2311 B ,stock.stock_location_stock,stock.warehouse0,internal,base.main_company
__setup__.stock_location_2311_C_,2311 C ,2311 C ,stock.stock_location_stock,stock.warehouse0,internal,base.main_company
__setup__.stock_location_2312_A_,2312 A ,2312 A ,stock.stock_location_stock,stock.warehouse0,internal,base.main_company
__setup__.stock_location_2312_B_,2312 B ,2312 B ,stock.stock_location_stock,stock.warehouse0,internal,base.main_company
__setup__.stock_location_2312_C_,2312 C ,2312 C ,stock.stock_location_stock,stock.warehouse0,internal,base.main_company
__setup__.stock_location_2313_A_,2313 A ,2313 A ,stock.stock_location_stock,stock.warehouse0,internal,base.main_company
__setup__.stock_location_2313_B_,2313 B ,2313 B ,stock.stock_location_stock,stock.warehouse0,internal,base.main_company
__setup__.stock_location_2313_C_,2313 C ,2313 C ,stock.stock_location_stock,stock.warehouse0,internal,base.main_company
__setup__.stock_location_2314_A_,2314 A ,2314 A ,stock.stock_location_stock,stock.warehouse0,internal,base.main_company
__setup__.stock_location_2314_B_,2314 B ,2314 B ,stock.stock_location_stock,stock.warehouse0,internal,base.main_company
__setup__.stock_location_2314_C_,2314 C ,2314 C ,stock.stock_location_stock,stock.warehouse0,internal,base.main_company
__setup__.stock_location_2315_A_,2315 A ,2315 A ,stock.stock_location_stock,stock.warehouse0,internal,base.main_company
__setup__.stock_location_2315_B_,2315 B ,2315 B ,stock.stock_location_stock,stock.warehouse0,internal,base.main_company
__setup__.stock_location_2315_C_,2315 C ,2315 C ,stock.stock_location_stock,stock.warehouse0,internal,base.main_company
__setup__.stock_location_2316_A_,2316 A ,2316 A ,stock.stock_location_stock,stock.warehouse0,internal,base.main_company
__setup__.stock_location_2316_B_,2316 B ,2316 B ,stock.stock_location_stock,stock.warehouse0,internal,base.main_company
__setup__.stock_location_2316_C_,2316 C ,2316 C ,stock.stock_location_stock,stock.warehouse0,internal,base.main_company
__setup__.stock_location_2317_A_,2317 A ,2317 A ,stock.stock_location_stock,stock.warehouse0,internal,base.main_company
__setup__.stock_location_2317_B_,2317 B ,2317 B ,stock.stock_location_stock,stock.warehouse0,internal,base.main_company
__setup__.stock_location_2317_C_,2317 C ,2317 C ,stock.stock_location_stock,stock.warehouse0,internal,base.main_company
__setup__.stock_location_2318_A_,2318 A ,2318 A ,stock.stock_location_stock,stock.warehouse0,internal,base.main_company
__setup__.stock_location_2318_B_,2318 B ,2318 B ,stock.stock_location_stock,stock.warehouse0,internal,base.main_company
__setup__.stock_location_2318_C_,2318 C ,2318 C ,stock.stock_location_stock,stock.warehouse0,internal,base.main_company
__setup__.stock_location_2319_A_,2319 A ,2319 A ,stock.stock_location_stock,stock.warehouse0,internal,base.main_company
__setup__.stock_location_2319_B_,2319 B ,2319 B ,stock.stock_location_stock,stock.warehouse0,internal,base.main_company
__setup__.stock_location_2319_C_,2319 C ,2319 C ,stock.stock_location_stock,stock.warehouse0,internal,base.main_company
__setup__.stock_location_2320_A_,2320 A ,2320 A ,stock.stock_location_stock,stock.warehouse0,internal,base.main_company
__setup__.stock_location_2320_B_,2320 B ,2320 B ,stock.stock_location_stock,stock.warehouse0,internal,base.main_company
__setup__.stock_location_2320_C_,2320 C ,2320 C ,stock.stock_location_stock,stock.warehouse0,internal,base.main_company
__setup__.stock_location_2321_A_,2321 A ,2321 A ,stock.stock_location_stock,stock.warehouse0,internal,base.main_company
__setup__.stock_location_2321_B_,2321 B ,2321 B ,stock.stock_location_stock,stock.warehouse0,internal,base.main_company
__setup__.stock_location_2321_C_,2321 C ,2321 C ,stock.stock_location_stock,stock.warehouse0,internal,base.main_company
__setup__.stock_location_2322_A_,2322 A ,2322 A ,stock.stock_location_stock,stock.warehouse0,internal,base.main_company
__setup__.stock_location_2322_B_,2322 B ,2322 B ,stock.stock_location_stock,stock.warehouse0,internal,base.main_company
__setup__.stock_location_2322_C_,2322 C ,2322 C ,stock.stock_location_stock,stock.warehouse0,internal,base.main_company
__setup__.stock_location_2323_A_,2323 A ,2323 A ,stock.stock_location_stock,stock.warehouse0,internal,base.main_company
__setup__.stock_location_2323_B_,2323 B ,2323 B ,stock.stock_location_stock,stock.warehouse0,internal,base.main_company
__setup__.stock_location_2323_C_,2323 C ,2323 C ,stock.stock_location_stock,stock.warehouse0,internal,base.main_company
__setup__.stock_location_2324_A_,2324 A ,2324 A ,stock.stock_location_stock,stock.warehouse0,internal,base.main_company
__setup__.stock_location_2324_B_,2324 B ,2324 B ,stock.stock_location_stock,stock.warehouse0,internal,base.main_company
__setup__.stock_location_2324_C_,2324 C ,2324 C ,stock.stock_location_stock,stock.warehouse0,internal,base.main_company
__setup__.stock_location_2401_A_,2401 A ,2401 A ,stock.stock_location_stock,stock.warehouse0,internal,base.main_company
__setup__.stock_location_2401_B_,2401 B ,2401 B ,stock.stock_location_stock,stock.warehouse0,internal,base.main_company
__setup__.stock_location_2401_C_,2401 C ,2401 C ,stock.stock_location_stock,stock.warehouse0,internal,base.main_company
__setup__.stock_location_2402_A_,2402 A ,2402 A ,stock.stock_location_stock,stock.warehouse0,internal,base.main_company
__setup__.stock_location_2402_B_,2402 B ,2402 B ,stock.stock_location_stock,stock.warehouse0,internal,base.main_company
__setup__.stock_location_2402_C_,2402 C ,2402 C ,stock.stock_location_stock,stock.warehouse0,internal,base.main_company
__setup__.stock_location_2403_A_,2403 A ,2403 A ,stock.stock_location_stock,stock.warehouse0,internal,base.main_company
__setup__.stock_location_2403_B_,2403 B ,2403 B ,stock.stock_location_stock,stock.warehouse0,internal,base.main_company
__setup__.stock_location_2403_C_,2403 C ,2403 C ,stock.stock_location_stock,stock.warehouse0,internal,base.main_company
__setup__.stock_location_2404_A_,2404 A ,2404 A ,stock.stock_location_stock,stock.warehouse0,internal,base.main_company
__setup__.stock_location_2404_B_,2404 B ,2404 B ,stock.stock_location_stock,stock.warehouse0,internal,base.main_company
__setup__.stock_location_2404_C_,2404 C ,2404 C ,stock.stock_location_stock,stock.warehouse0,internal,base.main_company
__setup__.stock_location_2405_A_,2405 A ,2405 A ,stock.stock_location_stock,stock.warehouse0,internal,base.main_company
__setup__.stock_location_2405_B_,2405 B ,2405 B ,stock.stock_location_stock,stock.warehouse0,internal,base.main_company
__setup__.stock_location_2405_C_,2405 C ,2405 C ,stock.stock_location_stock,stock.warehouse0,internal,base.main_company
__setup__.stock_location_2406_A_,2406 A ,2406 A ,stock.stock_location_stock,stock.warehouse0,internal,base.main_company
__setup__.stock_location_2406_B_,2406 B ,2406 B ,stock.stock_location_stock,stock.warehouse0,internal,base.main_company
__setup__.stock_location_2406_C_,2406 C ,2406 C ,stock.stock_location_stock,stock.warehouse0,internal,base.main_company
__setup__.stock_location_2407_A_,2407 A ,2407 A ,stock.stock_location_stock,stock.warehouse0,internal,base.main_company
__setup__.stock_location_2407_B_,2407 B ,2407 B ,stock.stock_location_stock,stock.warehouse0,internal,base.main_company
__setup__.stock_location_2407_C_,2407 C ,2407 C ,stock.stock_location_stock,stock.warehouse0,internal,base.main_company
__setup__.stock_location_2410_A_,2410 A ,2410 A ,stock.stock_location_stock,stock.warehouse0,internal,base.main_company
__setup__.stock_location_2410_B_,2410 B ,2410 B ,stock.stock_location_stock,stock.warehouse0,internal,base.main_company
__setup__.stock_location_2410_C_,2410 C ,2410 C ,stock.stock_location_stock,stock.warehouse0,internal,base.main_company
__setup__.stock_location_2411_A_,2411 A ,2411 A ,stock.stock_location_stock,stock.warehouse0,internal,base.main_company
__setup__.stock_location_2411_B_,2411 B ,2411 B ,stock.stock_location_stock,stock.warehouse0,internal,base.main_company
__setup__.stock_location_2411_C_,2411 C ,2411 C ,stock.stock_location_stock,stock.warehouse0,internal,base.main_company
__setup__.stock_location_2412_A_,2412 A ,2412 A ,stock.stock_location_stock,stock.warehouse0,internal,base.main_company
__setup__.stock_location_2412_B_,2412 B ,2412 B ,stock.stock_location_stock,stock.warehouse0,internal,base.main_company
__setup__.stock_location_2412_C_,2412 C ,2412 C ,stock.stock_location_stock,stock.warehouse0,internal,base.main_company
__setup__.stock_location_2413_A_,2413 A ,2413 A ,stock.stock_location_stock,stock.warehouse0,internal,base.main_company
__setup__.stock_location_2413_B_,2413 B ,2413 B ,stock.stock_location_stock,stock.warehouse0,internal,base.main_company
__setup__.stock_location_2413_C_,2413 C ,2413 C ,stock.stock_location_stock,stock.warehouse0,internal,base.main_company
__setup__.stock_location_2414_A_,2414 A ,2414 A ,stock.stock_location_stock,stock.warehouse0,internal,base.main_company
__setup__.stock_location_2414_B_,2414 B ,2414 B ,stock.stock_location_stock,stock.warehouse0,internal,base.main_company
__setup__.stock_location_2414_C_,2414 C ,2414 C ,stock.stock_location_stock,stock.warehouse0,internal,base.main_company
__setup__.stock_location_2415_A_,2415 A ,2415 A ,stock.stock_location_stock,stock.warehouse0,internal,base.main_company
__setup__.stock_location_2415_B_,2415 B ,2415 B ,stock.stock_location_stock,stock.warehouse0,internal,base.main_company
__setup__.stock_location_2415_C_,2415 C ,2415 C ,stock.stock_location_stock,stock.warehouse0,internal,base.main_company
__setup__.stock_location_2416_A_,2416 A ,2416 A ,stock.stock_location_stock,stock.warehouse0,internal,base.main_company
__setup__.stock_location_2416_B_,2416 B ,2416 B ,stock.stock_location_stock,stock.warehouse0,internal,base.main_company
__setup__.stock_location_2416_C_,2416 C ,2416 C ,stock.stock_location_stock,stock.warehouse0,internal,base.main_company
__setup__.stock_location_2417_A_,2417 A ,2417 A ,stock.stock_location_stock,stock.warehouse0,internal,base.main_company
__setup__.stock_location_2417_B_,2417 B ,2417 B ,stock.stock_location_stock,stock.warehouse0,internal,base.main_company
__setup__.stock_location_2417_C_,2417 C ,2417 C ,stock.stock_location_stock,stock.warehouse0,internal,base.main_company
__setup__.stock_location_2418_A_,2418 A ,2418 A ,stock.stock_location_stock,stock.warehouse0,internal,base.main_company
__setup__.stock_location_2418_B_,2418 B ,2418 B ,stock.stock_location_stock,stock.warehouse0,internal,base.main_company
__setup__.stock_location_2418_C_,2418 C ,2418 C ,stock.stock_location_stock,stock.warehouse0,internal,base.main_company
__setup__.stock_location_2419_A_,2419 A ,2419 A ,stock.stock_location_stock,stock.warehouse0,internal,base.main_company
__setup__.stock_location_2419_B_,2419 B ,2419 B ,stock.stock_location_stock,stock.warehouse0,internal,base.main_company
__setup__.stock_location_2419_C_,2419 C ,2419 C ,stock.stock_location_stock,stock.warehouse0,internal,base.main_company
__setup__.stock_location_2420_A_,2420 A ,2420 A ,stock.stock_location_stock,stock.warehouse0,internal,base.main_company
__setup__.stock_location_2420_B_,2420 B ,2420 B ,stock.stock_location_stock,stock.warehouse0,internal,base.main_company
__setup__.stock_location_2420_C_,2420 C ,2420 C ,stock.stock_location_stock,stock.warehouse0,internal,base.main_company
__setup__.stock_location_2421_A_,2421 A ,2421 A ,stock.stock_location_stock,stock.warehouse0,internal,base.main_company
__setup__.stock_location_2421_B_,2421 B ,2421 B ,stock.stock_location_stock,stock.warehouse0,internal,base.main_company
__setup__.stock_location_2421_C_,2421 C ,2421 C ,stock.stock_location_stock,stock.warehouse0,internal,base.main_company
__setup__.stock_location_2422_A_,2422 A ,2422 A ,stock.stock_location_stock,stock.warehouse0,internal,base.main_company
__setup__.stock_location_2422_B_,2422 B ,2422 B ,stock.stock_location_stock,stock.warehouse0,internal,base.main_company
__setup__.stock_location_2422_C_,2422 C ,2422 C ,stock.stock_location_stock,stock.warehouse0,internal,base.main_company
__setup__.stock_location_2423_A_,2423 A ,2423 A ,stock.stock_location_stock,stock.warehouse0,internal,base.main_company
__setup__.stock_location_2423_B_,2423 B ,2423 B ,stock.stock_location_stock,stock.warehouse0,internal,base.main_company
__setup__.stock_location_2423_C_,2423 C ,2423 C ,stock.stock_location_stock,stock.warehouse0,internal,base.main_company
__setup__.stock_location_2424_A_,2424 A ,2424 A ,stock.stock_location_stock,stock.warehouse0,internal,base.main_company
__setup__.stock_location_2424_B_,2424 B ,2424 B ,stock.stock_location_stock,stock.warehouse0,internal,base.main_company
__setup__.stock_location_2424_C_,2424 C ,2424 C ,stock.stock_location_stock,stock.warehouse0,internal,base.main_company
__setup__.stock_location_1214_A_1,1214 A 1,1214 A 1,stock.stock_location_stock,stock.warehouse0,internal,base.main_company
__setup__.stock_location_1214_A_2,1214 A 2,1214 A 2,stock.stock_location_stock,stock.warehouse0,internal,base.main_company
__setup__.stock_location_1214_A_3,1214 A 3,1214 A 3,stock.stock_location_stock,stock.warehouse0,internal,base.main_company
__setup__.stock_location_1214_A_4,1214 A 4,1214 A 4,stock.stock_location_stock,stock.warehouse0,internal,base.main_company
__setup__.stock_location_1214_A_5,1214 A 5,1214 A 5,stock.stock_location_stock,stock.warehouse0,internal,base.main_company
__setup__.stock_location_1214_B_1,1214 B 1,1214 B 1,stock.stock_location_stock,stock.warehouse0,internal,base.main_company
__setup__.stock_location_1214_B_2,1214 B 2,1214 B 2,stock.stock_location_stock,stock.warehouse0,internal,base.main_company
__setup__.stock_location_1214_B_3,1214 B 3,1214 B 3,stock.stock_location_stock,stock.warehouse0,internal,base.main_company
__setup__.stock_location_1214_B_4,1214 B 4,1214 B 4,stock.stock_location_stock,stock.warehouse0,internal,base.main_company
__setup__.stock_location_1214_B_5,1214 B 5,1214 B 5,stock.stock_location_stock,stock.warehouse0,internal,base.main_company
__setup__.stock_location_1214_C_1,1214 C 1,1214 C 1,stock.stock_location_stock,stock.warehouse0,internal,base.main_company
__setup__.stock_location_1214_C_2,1214 C 2,1214 C 2,stock.stock_location_stock,stock.warehouse0,internal,base.main_company
__setup__.stock_location_1214_C_3,1214 C 3,1214 C 3,stock.stock_location_stock,stock.warehouse0,internal,base.main_company
__setup__.stock_location_1214_C_4,1214 C 4,1214 C 4,stock.stock_location_stock,stock.warehouse0,internal,base.main_company
__setup__.stock_location_1214_C_5,1214 C 5,1214 C 5,stock.stock_location_stock,stock.warehouse0,internal,base.main_company
__setup__.stock_location_1214_D_1,1214 D 1,1214 D 1,stock.stock_location_stock,stock.warehouse0,internal,base.main_company
__setup__.stock_location_1214_D_2,1214 D 2,1214 D 2,stock.stock_location_stock,stock.warehouse0,internal,base.main_company
__setup__.stock_location_1214_D_3,1214 D 3,1214 D 3,stock.stock_location_stock,stock.warehouse0,internal,base.main_company
__setup__.stock_location_1214_D_4,1214 D 4,1214 D 4,stock.stock_location_stock,stock.warehouse0,internal,base.main_company
__setup__.stock_location_1214_D_5,1214 D 5,1214 D 5,stock.stock_location_stock,stock.warehouse0,internal,base.main_company
__setup__.stock_location_1214_E_1,1214 E 1,1214 E 1,stock.stock_location_stock,stock.warehouse0,internal,base.main_company
__setup__.stock_location_1214_E_2,1214 E 2,1214 E 2,stock.stock_location_stock,stock.warehouse0,internal,base.main_company
__setup__.stock_location_1214_E_3,1214 E 3,1214 E 3,stock.stock_location_stock,stock.warehouse0,internal,base.main_company
__setup__.stock_location_1214_E_4,1214 E 4,1214 E 4,stock.stock_location_stock,stock.warehouse0,internal,base.main_company
__setup__.stock_location_1214_E_5,1214 E 5,1214 E 5,stock.stock_location_stock,stock.warehouse0,internal,base.main_company
__setup__.stock_location_1214_F_1,1214 F 1,1214 F 1,stock.stock_location_stock,stock.warehouse0,internal,base.main_company
__setup__.stock_location_1214_F_2,1214 F 2,1214 F 2,stock.stock_location_stock,stock.warehouse0,internal,base.main_company
__setup__.stock_location_1214_F_3,1214 F 3,1214 F 3,stock.stock_location_stock,stock.warehouse0,internal,base.main_company
__setup__.stock_location_1214_F_4,1214 F 4,1214 F 4,stock.stock_location_stock,stock.warehouse0,internal,base.main_company
__setup__.stock_location_1214_F_5,1214 F 5,1214 F 5,stock.stock_location_stock,stock.warehouse0,internal,base.main_company
__setup__.stock_location_1214_G_1,1214 G 1,1214 G 1,stock.stock_location_stock,stock.warehouse0,internal,base.main_company
__setup__.stock_location_1214_G_2,1214 G 2,1214 G 2,stock.stock_location_stock,stock.warehouse0,internal,base.main_company
__setup__.stock_location_1214_G_3,1214 G 3,1214 G 3,stock.stock_location_stock,stock.warehouse0,internal,base.main_company
__setup__.stock_location_1214_G_4,1214 G 4,1214 G 4,stock.stock_location_stock,stock.warehouse0,internal,base.main_company
__setup__.stock_location_1214_G_5,1214 G 5,1214 G 5,stock.stock_location_stock,stock.warehouse0,internal,base.main_company
__setup__.stock_location_1215_A_1,1215 A 1,1215 A 1,stock.stock_location_stock,stock.warehouse0,internal,base.main_company
__setup__.stock_location_1215_A_2,1215 A 2,1215 A 2,stock.stock_location_stock,stock.warehouse0,internal,base.main_company
__setup__.stock_location_1215_A_3,1215 A 3,1215 A 3,stock.stock_location_stock,stock.warehouse0,internal,base.main_company
__setup__.stock_location_1215_A_4,1215 A 4,1215 A 4,stock.stock_location_stock,stock.warehouse0,internal,base.main_company
__setup__.stock_location_1215_A_5,1215 A 5,1215 A 5,stock.stock_location_stock,stock.warehouse0,internal,base.main_company
__setup__.stock_location_1215_B_1,1215 B 1,1215 B 1,stock.stock_location_stock,stock.warehouse0,internal,base.main_company
__setup__.stock_location_1215_B_2,1215 B 2,1215 B 2,stock.stock_location_stock,stock.warehouse0,internal,base.main_company
__setup__.stock_location_1215_B_3,1215 B 3,1215 B 3,stock.stock_location_stock,stock.warehouse0,internal,base.main_company
__setup__.stock_location_1215_B_4,1215 B 4,1215 B 4,stock.stock_location_stock,stock.warehouse0,internal,base.main_company
__setup__.stock_location_1215_B_5,1215 B 5,1215 B 5,stock.stock_location_stock,stock.warehouse0,internal,base.main_company
__setup__.stock_location_1215_C_1,1215 C 1,1215 C 1,stock.stock_location_stock,stock.warehouse0,internal,base.main_company
__setup__.stock_location_1215_C_2,1215 C 2,1215 C 2,stock.stock_location_stock,stock.warehouse0,internal,base.main_company
__setup__.stock_location_1215_C_3,1215 C 3,1215 C 3,stock.stock_location_stock,stock.warehouse0,internal,base.main_company
__setup__.stock_location_1215_C_4,1215 C 4,1215 C 4,stock.stock_location_stock,stock.warehouse0,internal,base.main_company
__setup__.stock_location_1215_C_5,1215 C 5,1215 C 5,stock.stock_location_stock,stock.warehouse0,internal,base.main_company
__setup__.stock_location_1215_D_1,1215 D 1,1215 D 1,stock.stock_location_stock,stock.warehouse0,internal,base.main_company
__setup__.stock_location_1215_D_2,1215 D 2,1215 D 2,stock.stock_location_stock,stock.warehouse0,internal,base.main_company
__setup__.stock_location_1215_D_3,1215 D 3,1215 D 3,stock.stock_location_stock,stock.warehouse0,internal,base.main_company
__setup__.stock_location_1215_D_4,1215 D 4,1215 D 4,stock.stock_location_stock,stock.warehouse0,internal,base.main_company
__setup__.stock_location_1215_D_5,1215 D 5,1215 D 5,stock.stock_location_stock,stock.warehouse0,internal,base.main_company
__setup__.stock_location_1215_E_1,1215 E 1,1215 E 1,stock.stock_location_stock,stock.warehouse0,internal,base.main_company
__setup__.stock_location_1215_E_2,1215 E 2,1215 E 2,stock.stock_location_stock,stock.warehouse0,internal,base.main_company
__setup__.stock_location_1215_E_3,1215 E 3,1215 E 3,stock.stock_location_stock,stock.warehouse0,internal,base.main_company
__setup__.stock_location_1215_E_4,1215 E 4,1215 E 4,stock.stock_location_stock,stock.warehouse0,internal,base.main_company
__setup__.stock_location_1215_E_5,1215 E 5,1215 E 5,stock.stock_location_stock,stock.warehouse0,internal,base.main_company
__setup__.stock_location_1215_F_1,1215 F 1,1215 F 1,stock.stock_location_stock,stock.warehouse0,internal,base.main_company
__setup__.stock_location_1215_F_2,1215 F 2,1215 F 2,stock.stock_location_stock,stock.warehouse0,internal,base.main_company
__setup__.stock_location_1215_F_3,1215 F 3,1215 F 3,stock.stock_location_stock,stock.warehouse0,internal,base.main_company
__setup__.stock_location_1215_F_4,1215 F 4,1215 F 4,stock.stock_location_stock,stock.warehouse0,internal,base.main_company
__setup__.stock_location_1215_F_5,1215 F 5,1215 F 5,stock.stock_location_stock,stock.warehouse0,internal,base.main_company
__setup__.stock_location_1215_G_1,1215 G 1,1215 G 1,stock.stock_location_stock,stock.warehouse0,internal,base.main_company
__setup__.stock_location_1215_G_2,1215 G 2,1215 G 2,stock.stock_location_stock,stock.warehouse0,internal,base.main_company
__setup__.stock_location_1215_G_3,1215 G 3,1215 G 3,stock.stock_location_stock,stock.warehouse0,internal,base.main_company
__setup__.stock_location_1215_G_4,1215 G 4,1215 G 4,stock.stock_location_stock,stock.warehouse0,internal,base.main_company
__setup__.stock_location_1215_G_5,1215 G 5,1215 G 5,stock.stock_location_stock,stock.warehouse0,internal,base.main_company
__setup__.stock_location_1216_A_1,1216 A 1,1216 A 1,stock.stock_location_stock,stock.warehouse0,internal,base.main_company
__setup__.stock_location_1216_A_2,1216 A 2,1216 A 2,stock.stock_location_stock,stock.warehouse0,internal,base.main_company
__setup__.stock_location_1216_A_3,1216 A 3,1216 A 3,stock.stock_location_stock,stock.warehouse0,internal,base.main_company
__setup__.stock_location_1216_A_4,1216 A 4,1216 A 4,stock.stock_location_stock,stock.warehouse0,internal,base.main_company
__setup__.stock_location_1216_A_5,1216 A 5,1216 A 5,stock.stock_location_stock,stock.warehouse0,internal,base.main_company
__setup__.stock_location_1216_B_1,1216 B 1,1216 B 1,stock.stock_location_stock,stock.warehouse0,internal,base.main_company
__setup__.stock_location_1216_B_2,1216 B 2,1216 B 2,stock.stock_location_stock,stock.warehouse0,internal,base.main_company
__setup__.stock_location_1216_B_3,1216 B 3,1216 B 3,stock.stock_location_stock,stock.warehouse0,internal,base.main_company
__setup__.stock_location_1216_B_4,1216 B 4,1216 B 4,stock.stock_location_stock,stock.warehouse0,internal,base.main_company
__setup__.stock_location_1216_B_5,1216 B 5,1216 B 5,stock.stock_location_stock,stock.warehouse0,internal,base.main_company
__setup__.stock_location_1216_C_1,1216 C 1,1216 C 1,stock.stock_location_stock,stock.warehouse0,internal,base.main_company
__setup__.stock_location_1216_C_2,1216 C 2,1216 C 2,stock.stock_location_stock,stock.warehouse0,internal,base.main_company
__setup__.stock_location_1216_C_3,1216 C 3,1216 C 3,stock.stock_location_stock,stock.warehouse0,internal,base.main_company
__setup__.stock_location_1216_C_4,1216 C 4,1216 C 4,stock.stock_location_stock,stock.warehouse0,internal,base.main_company
__setup__.stock_location_1216_C_5,1216 C 5,1216 C 5,stock.stock_location_stock,stock.warehouse0,internal,base.main_company
__setup__.stock_location_1216_D_1,1216 D 1,1216 D 1,stock.stock_location_stock,stock.warehouse0,internal,base.main_company
__setup__.stock_location_1216_D_2,1216 D 2,1216 D 2,stock.stock_location_stock,stock.warehouse0,internal,base.main_company
__setup__.stock_location_1216_D_3,1216 D 3,1216 D 3,stock.stock_location_stock,stock.warehouse0,internal,base.main_company
__setup__.stock_location_1216_D_4,1216 D 4,1216 D 4,stock.stock_location_stock,stock.warehouse0,internal,base.main_company
__setup__.stock_location_1216_D_5,1216 D 5,1216 D 5,stock.stock_location_stock,stock.warehouse0,internal,base.main_company
__setup__.stock_location_1216_E_1,1216 E 1,1216 E 1,stock.stock_location_stock,stock.warehouse0,internal,base.main_company
__setup__.stock_location_1216_E_2,1216 E 2,1216 E 2,stock.stock_location_stock,stock.warehouse0,internal,base.main_company
__setup__.stock_location_1216_E_3,1216 E 3,1216 E 3,stock.stock_location_stock,stock.warehouse0,internal,base.main_company
__setup__.stock_location_1216_E_4,1216 E 4,1216 E 4,stock.stock_location_stock,stock.warehouse0,internal,base.main_company
__setup__.stock_location_1216_E_5,1216 E 5,1216 E 5,stock.stock_location_stock,stock.warehouse0,internal,base.main_company
__setup__.stock_location_1216_F_1,1216 F 1,1216 F 1,stock.stock_location_stock,stock.warehouse0,internal,base.main_company
__setup__.stock_location_1216_F_2,1216 F 2,1216 F 2,stock.stock_location_stock,stock.warehouse0,internal,base.main_company
__setup__.stock_location_1216_F_3,1216 F 3,1216 F 3,stock.stock_location_stock,stock.warehouse0,internal,base.main_company
__setup__.stock_location_1216_F_4,1216 F 4,1216 F 4,stock.stock_location_stock,stock.warehouse0,internal,base.main_company
__setup__.stock_location_1216_F_5,1216 F 5,1216 F 5,stock.stock_location_stock,stock.warehouse0,internal,base.main_company
__setup__.stock_location_1216_G_1,1216 G 1,1216 G 1,stock.stock_location_stock,stock.warehouse0,internal,base.main_company
__setup__.stock_location_1216_G_2,1216 G 2,1216 G 2,stock.stock_location_stock,stock.warehouse0,internal,base.main_company
__setup__.stock_location_1216_G_3,1216 G 3,1216 G 3,stock.stock_location_stock,stock.warehouse0,internal,base.main_company
__setup__.stock_location_1216_G_4,1216 G 4,1216 G 4,stock.stock_location_stock,stock.warehouse0,internal,base.main_company
__setup__.stock_location_1216_G_5,1216 G 5,1216 G 5,stock.stock_location_stock,stock.warehouse0,internal,base.main_company
__setup__.stock_location_1217_A_1,1217 A 1,1217 A 1,stock.stock_location_stock,stock.warehouse0,internal,base.main_company
__setup__.stock_location_1217_A_2,1217 A 2,1217 A 2,stock.stock_location_stock,stock.warehouse0,internal,base.main_company
__setup__.stock_location_1217_A_3,1217 A 3,1217 A 3,stock.stock_location_stock,stock.warehouse0,internal,base.main_company
__setup__.stock_location_1217_A_4,1217 A 4,1217 A 4,stock.stock_location_stock,stock.warehouse0,internal,base.main_company
__setup__.stock_location_1217_A_5,1217 A 5,1217 A 5,stock.stock_location_stock,stock.warehouse0,internal,base.main_company
__setup__.stock_location_1217_B_1,1217 B 1,1217 B 1,stock.stock_location_stock,stock.warehouse0,internal,base.main_company
__setup__.stock_location_1217_B_2,1217 B 2,1217 B 2,stock.stock_location_stock,stock.warehouse0,internal,base.main_company
__setup__.stock_location_1217_B_3,1217 B 3,1217 B 3,stock.stock_location_stock,stock.warehouse0,internal,base.main_company
__setup__.stock_location_1217_B_4,1217 B 4,1217 B 4,stock.stock_location_stock,stock.warehouse0,internal,base.main_company
__setup__.stock_location_1217_B_5,1217 B 5,1217 B 5,stock.stock_location_stock,stock.warehouse0,internal,base.main_company
__setup__.stock_location_1217_C_1,1217 C 1,1217 C 1,stock.stock_location_stock,stock.warehouse0,internal,base.main_company
__setup__.stock_location_1217_C_2,1217 C 2,1217 C 2,stock.stock_location_stock,stock.warehouse0,internal,base.main_company
__setup__.stock_location_1217_C_3,1217 C 3,1217 C 3,stock.stock_location_stock,stock.warehouse0,internal,base.main_company
__setup__.stock_location_1217_C_4,1217 C 4,1217 C 4,stock.stock_location_stock,stock.warehouse0,internal,base.main_company
__setup__.stock_location_1217_C_5,1217 C 5,1217 C 5,stock.stock_location_stock,stock.warehouse0,internal,base.main_company
__setup__.stock_location_1217_D_1,1217 D 1,1217 D 1,stock.stock_location_stock,stock.warehouse0,internal,base.main_company
__setup__.stock_location_1217_D_2,1217 D 2,1217 D 2,stock.stock_location_stock,stock.warehouse0,internal,base.main_company
__setup__.stock_location_1217_D_3,1217 D 3,1217 D 3,stock.stock_location_stock,stock.warehouse0,internal,base.main_company
__setup__.stock_location_1217_D_4,1217 D 4,1217 D 4,stock.stock_location_stock,stock.warehouse0,internal,base.main_company
__setup__.stock_location_1217_D_5,1217 D 5,1217 D 5,stock.stock_location_stock,stock.warehouse0,internal,base.main_company
__setup__.stock_location_1217_E_1,1217 E 1,1217 E 1,stock.stock_location_stock,stock.warehouse0,internal,base.main_company
__setup__.stock_location_1217_E_2,1217 E 2,1217 E 2,stock.stock_location_stock,stock.warehouse0,internal,base.main_company
__setup__.stock_location_1217_E_3,1217 E 3,1217 E 3,stock.stock_location_stock,stock.warehouse0,internal,base.main_company
__setup__.stock_location_1217_E_4,1217 E 4,1217 E 4,stock.stock_location_stock,stock.warehouse0,internal,base.main_company
__setup__.stock_location_1217_E_5,1217 E 5,1217 E 5,stock.stock_location_stock,stock.warehouse0,internal,base.main_company
__setup__.stock_location_1217_F_1,1217 F 1,1217 F 1,stock.stock_location_stock,stock.warehouse0,internal,base.main_company
__setup__.stock_location_1217_F_2,1217 F 2,1217 F 2,stock.stock_location_stock,stock.warehouse0,internal,base.main_company
__setup__.stock_location_1217_F_3,1217 F 3,1217 F 3,stock.stock_location_stock,stock.warehouse0,internal,base.main_company
__setup__.stock_location_1217_F_4,1217 F 4,1217 F 4,stock.stock_location_stock,stock.warehouse0,internal,base.main_company
__setup__.stock_location_1217_F_5,1217 F 5,1217 F 5,stock.stock_location_stock,stock.warehouse0,internal,base.main_company
__setup__.stock_location_1217_G_1,1217 G 1,1217 G 1,stock.stock_location_stock,stock.warehouse0,internal,base.main_company
__setup__.stock_location_1217_G_2,1217 G 2,1217 G 2,stock.stock_location_stock,stock.warehouse0,internal,base.main_company
__setup__.stock_location_1217_G_3,1217 G 3,1217 G 3,stock.stock_location_stock,stock.warehouse0,internal,base.main_company
__setup__.stock_location_1217_G_4,1217 G 4,1217 G 4,stock.stock_location_stock,stock.warehouse0,internal,base.main_company
__setup__.stock_location_1217_G_5,1217 G 5,1217 G 5,stock.stock_location_stock,stock.warehouse0,internal,base.main_company
__setup__.stock_location_1218_A_1,1218 A 1,1218 A 1,stock.stock_location_stock,stock.warehouse0,internal,base.main_company
__setup__.stock_location_1218_A_2,1218 A 2,1218 A 2,stock.stock_location_stock,stock.warehouse0,internal,base.main_company
__setup__.stock_location_1218_A_3,1218 A 3,1218 A 3,stock.stock_location_stock,stock.warehouse0,internal,base.main_company
__setup__.stock_location_1218_A_4,1218 A 4,1218 A 4,stock.stock_location_stock,stock.warehouse0,internal,base.main_company
__setup__.stock_location_1218_A_5,1218 A 5,1218 A 5,stock.stock_location_stock,stock.warehouse0,internal,base.main_company
__setup__.stock_location_1218_B_1,1218 B 1,1218 B 1,stock.stock_location_stock,stock.warehouse0,internal,base.main_company
__setup__.stock_location_1218_B_2,1218 B 2,1218 B 2,stock.stock_location_stock,stock.warehouse0,internal,base.main_company
__setup__.stock_location_1218_B_3,1218 B 3,1218 B 3,stock.stock_location_stock,stock.warehouse0,internal,base.main_company
__setup__.stock_location_1218_B_4,1218 B 4,1218 B 4,stock.stock_location_stock,stock.warehouse0,internal,base.main_company
__setup__.stock_location_1218_B_5,1218 B 5,1218 B 5,stock.stock_location_stock,stock.warehouse0,internal,base.main_company
__setup__.stock_location_1218_C_1,1218 C 1,1218 C 1,stock.stock_location_stock,stock.warehouse0,internal,base.main_company
__setup__.stock_location_1218_C_2,1218 C 2,1218 C 2,stock.stock_location_stock,stock.warehouse0,internal,base.main_company
__setup__.stock_location_1218_C_3,1218 C 3,1218 C 3,stock.stock_location_stock,stock.warehouse0,internal,base.main_company
__setup__.stock_location_1218_C_4,1218 C 4,1218 C 4,stock.stock_location_stock,stock.warehouse0,internal,base.main_company
__setup__.stock_location_1218_C_5,1218 C 5,1218 C 5,stock.stock_location_stock,stock.warehouse0,internal,base.main_company
__setup__.stock_location_1218_D_1,1218 D 1,1218 D 1,stock.stock_location_stock,stock.warehouse0,internal,base.main_company
__setup__.stock_location_1218_D_2,1218 D 2,1218 D 2,stock.stock_location_stock,stock.warehouse0,internal,base.main_company
__setup__.stock_location_1218_D_3,1218 D 3,1218 D 3,stock.stock_location_stock,stock.warehouse0,internal,base.main_company
__setup__.stock_location_1218_D_4,1218 D 4,1218 D 4,stock.stock_location_stock,stock.warehouse0,internal,base.main_company
__setup__.stock_location_1218_D_5,1218 D 5,1218 D 5,stock.stock_location_stock,stock.warehouse0,internal,base.main_company
__setup__.stock_location_1218_E_1,1218 E 1,1218 E 1,stock.stock_location_stock,stock.warehouse0,internal,base.main_company
__setup__.stock_location_1218_E_2,1218 E 2,1218 E 2,stock.stock_location_stock,stock.warehouse0,internal,base.main_company
__setup__.stock_location_1218_E_3,1218 E 3,1218 E 3,stock.stock_location_stock,stock.warehouse0,internal,base.main_company
__setup__.stock_location_1218_E_4,1218 E 4,1218 E 4,stock.stock_location_stock,stock.warehouse0,internal,base.main_company
__setup__.stock_location_1218_E_5,1218 E 5,1218 E 5,stock.stock_location_stock,stock.warehouse0,internal,base.main_company
__setup__.stock_location_1218_F_1,1218 F 1,1218 F 1,stock.stock_location_stock,stock.warehouse0,internal,base.main_company
__setup__.stock_location_1218_F_2,1218 F 2,1218 F 2,stock.stock_location_stock,stock.warehouse0,internal,base.main_company
__setup__.stock_location_1218_F_3,1218 F 3,1218 F 3,stock.stock_location_stock,stock.warehouse0,internal,base.main_company
__setup__.stock_location_1218_F_4,1218 F 4,1218 F 4,stock.stock_location_stock,stock.warehouse0,internal,base.main_company
__setup__.stock_location_1218_F_5,1218 F 5,1218 F 5,stock.stock_location_stock,stock.warehouse0,internal,base.main_company
__setup__.stock_location_1218_G_1,1218 G 1,1218 G 1,stock.stock_location_stock,stock.warehouse0,internal,base.main_company
__setup__.stock_location_1218_G_2,1218 G 2,1218 G 2,stock.stock_location_stock,stock.warehouse0,internal,base.main_company
__setup__.stock_location_1218_G_3,1218 G 3,1218 G 3,stock.stock_location_stock,stock.warehouse0,internal,base.main_company
__setup__.stock_location_1218_G_4,1218 G 4,1218 G 4,stock.stock_location_stock,stock.warehouse0,internal,base.main_company
__setup__.stock_location_1218_G_5,1218 G 5,1218 G 5,stock.stock_location_stock,stock.warehouse0,internal,base.main_company
__setup__.stock_location_1219_A_1,1219 A 1,1219 A 1,stock.stock_location_stock,stock.warehouse0,internal,base.main_company
__setup__.stock_location_1219_A_2,1219 A 2,1219 A 2,stock.stock_location_stock,stock.warehouse0,internal,base.main_company
__setup__.stock_location_1219_A_3,1219 A 3,1219 A 3,stock.stock_location_stock,stock.warehouse0,internal,base.main_company
__setup__.stock_location_1219_A_4,1219 A 4,1219 A 4,stock.stock_location_stock,stock.warehouse0,internal,base.main_company
__setup__.stock_location_1219_A_5,1219 A 5,1219 A 5,stock.stock_location_stock,stock.warehouse0,internal,base.main_company
__setup__.stock_location_1219_B_1,1219 B 1,1219 B 1,stock.stock_location_stock,stock.warehouse0,internal,base.main_company
__setup__.stock_location_1219_B_2,1219 B 2,1219 B 2,stock.stock_location_stock,stock.warehouse0,internal,base.main_company
__setup__.stock_location_1219_B_3,1219 B 3,1219 B 3,stock.stock_location_stock,stock.warehouse0,internal,base.main_company
__setup__.stock_location_1219_B_4,1219 B 4,1219 B 4,stock.stock_location_stock,stock.warehouse0,internal,base.main_company
__setup__.stock_location_1219_B_5,1219 B 5,1219 B 5,stock.stock_location_stock,stock.warehouse0,internal,base.main_company
__setup__.stock_location_1219_C_1,1219 C 1,1219 C 1,stock.stock_location_stock,stock.warehouse0,internal,base.main_company
__setup__.stock_location_1219_C_2,1219 C 2,1219 C 2,stock.stock_location_stock,stock.warehouse0,internal,base.main_company
__setup__.stock_location_1219_C_3,1219 C 3,1219 C 3,stock.stock_location_stock,stock.warehouse0,internal,base.main_company
__setup__.stock_location_1219_C_4,1219 C 4,1219 C 4,stock.stock_location_stock,stock.warehouse0,internal,base.main_company
__setup__.stock_location_1219_C_5,1219 C 5,1219 C 5,stock.stock_location_stock,stock.warehouse0,internal,base.main_company
__setup__.stock_location_1219_D_1,1219 D 1,1219 D 1,stock.stock_location_stock,stock.warehouse0,internal,base.main_company
__setup__.stock_location_1219_D_2,1219 D 2,1219 D 2,stock.stock_location_stock,stock.warehouse0,internal,base.main_company
__setup__.stock_location_1219_D_3,1219 D 3,1219 D 3,stock.stock_location_stock,stock.warehouse0,internal,base.main_company
__setup__.stock_location_1219_D_4,1219 D 4,1219 D 4,stock.stock_location_stock,stock.warehouse0,internal,base.main_company
__setup__.stock_location_1219_D_5,1219 D 5,1219 D 5,stock.stock_location_stock,stock.warehouse0,internal,base.main_company
__setup__.stock_location_1219_E_1,1219 E 1,1219 E 1,stock.stock_location_stock,stock.warehouse0,internal,base.main_company
__setup__.stock_location_1219_E_2,1219 E 2,1219 E 2,stock.stock_location_stock,stock.warehouse0,internal,base.main_company
__setup__.stock_location_1219_E_3,1219 E 3,1219 E 3,stock.stock_location_stock,stock.warehouse0,internal,base.main_company
__setup__.stock_location_1219_E_4,1219 E 4,1219 E 4,stock.stock_location_stock,stock.warehouse0,internal,base.main_company
__setup__.stock_location_1219_E_5,1219 E 5,1219 E 5,stock.stock_location_stock,stock.warehouse0,internal,base.main_company
__setup__.stock_location_1219_F_1,1219 F 1,1219 F 1,stock.stock_location_stock,stock.warehouse0,internal,base.main_company
__setup__.stock_location_1219_F_2,1219 F 2,1219 F 2,stock.stock_location_stock,stock.warehouse0,internal,base.main_company
__setup__.stock_location_1219_F_3,1219 F 3,1219 F 3,stock.stock_location_stock,stock.warehouse0,internal,base.main_company
__setup__.stock_location_1219_F_4,1219 F 4,1219 F 4,stock.stock_location_stock,stock.warehouse0,internal,base.main_company
__setup__.stock_location_1219_F_5,1219 F 5,1219 F 5,stock.stock_location_stock,stock.warehouse0,internal,base.main_company
__setup__.stock_location_1219_G_1,1219 G 1,1219 G 1,stock.stock_location_stock,stock.warehouse0,internal,base.main_company
__setup__.stock_location_1219_G_2,1219 G 2,1219 G 2,stock.stock_location_stock,stock.warehouse0,internal,base.main_company
__setup__.stock_location_1219_G_3,1219 G 3,1219 G 3,stock.stock_location_stock,stock.warehouse0,internal,base.main_company
__setup__.stock_location_1219_G_4,1219 G 4,1219 G 4,stock.stock_location_stock,stock.warehouse0,internal,base.main_company
__setup__.stock_location_1219_G_5,1219 G 5,1219 G 5,stock.stock_location_stock,stock.warehouse0,internal,base.main_company
__setup__.stock_location_1220_A_1,1220 A 1,1220 A 1,stock.stock_location_stock,stock.warehouse0,internal,base.main_company
__setup__.stock_location_1220_A_2,1220 A 2,1220 A 2,stock.stock_location_stock,stock.warehouse0,internal,base.main_company
__setup__.stock_location_1220_A_3,1220 A 3,1220 A 3,stock.stock_location_stock,stock.warehouse0,internal,base.main_company
__setup__.stock_location_1220_A_4,1220 A 4,1220 A 4,stock.stock_location_stock,stock.warehouse0,internal,base.main_company
__setup__.stock_location_1220_A_5,1220 A 5,1220 A 5,stock.stock_location_stock,stock.warehouse0,internal,base.main_company
__setup__.stock_location_1220_B_1,1220 B 1,1220 B 1,stock.stock_location_stock,stock.warehouse0,internal,base.main_company
__setup__.stock_location_1220_B_2,1220 B 2,1220 B 2,stock.stock_location_stock,stock.warehouse0,internal,base.main_company
__setup__.stock_location_1220_B_3,1220 B 3,1220 B 3,stock.stock_location_stock,stock.warehouse0,internal,base.main_company
__setup__.stock_location_1220_B_4,1220 B 4,1220 B 4,stock.stock_location_stock,stock.warehouse0,internal,base.main_company
__setup__.stock_location_1220_B_5,1220 B 5,1220 B 5,stock.stock_location_stock,stock.warehouse0,internal,base.main_company
__setup__.stock_location_1220_C_1,1220 C 1,1220 C 1,stock.stock_location_stock,stock.warehouse0,internal,base.main_company
__setup__.stock_location_1220_C_2,1220 C 2,1220 C 2,stock.stock_location_stock,stock.warehouse0,internal,base.main_company
__setup__.stock_location_1220_C_3,1220 C 3,1220 C 3,stock.stock_location_stock,stock.warehouse0,internal,base.main_company
__setup__.stock_location_1220_C_4,1220 C 4,1220 C 4,stock.stock_location_stock,stock.warehouse0,internal,base.main_company
__setup__.stock_location_1220_C_5,1220 C 5,1220 C 5,stock.stock_location_stock,stock.warehouse0,internal,base.main_company
__setup__.stock_location_1220_D_1,1220 D 1,1220 D 1,stock.stock_location_stock,stock.warehouse0,internal,base.main_company
__setup__.stock_location_1220_D_2,1220 D 2,1220 D 2,stock.stock_location_stock,stock.warehouse0,internal,base.main_company
__setup__.stock_location_1220_D_3,1220 D 3,1220 D 3,stock.stock_location_stock,stock.warehouse0,internal,base.main_company
__setup__.stock_location_1220_D_4,1220 D 4,1220 D 4,stock.stock_location_stock,stock.warehouse0,internal,base.main_company
__setup__.stock_location_1220_D_5,1220 D 5,1220 D 5,stock.stock_location_stock,stock.warehouse0,internal,base.main_company
__setup__.stock_location_1220_E_1,1220 E 1,1220 E 1,stock.stock_location_stock,stock.warehouse0,internal,base.main_company
__setup__.stock_location_1220_E_2,1220 E 2,1220 E 2,stock.stock_location_stock,stock.warehouse0,internal,base.main_company
__setup__.stock_location_1220_E_3,1220 E 3,1220 E 3,stock.stock_location_stock,stock.warehouse0,internal,base.main_company
__setup__.stock_location_1220_E_4,1220 E 4,1220 E 4,stock.stock_location_stock,stock.warehouse0,internal,base.main_company
__setup__.stock_location_1220_E_5,1220 E 5,1220 E 5,stock.stock_location_stock,stock.warehouse0,internal,base.main_company
__setup__.stock_location_1220_F_1,1220 F 1,1220 F 1,stock.stock_location_stock,stock.warehouse0,internal,base.main_company
__setup__.stock_location_1220_F_2,1220 F 2,1220 F 2,stock.stock_location_stock,stock.warehouse0,internal,base.main_company
__setup__.stock_location_1220_F_3,1220 F 3,1220 F 3,stock.stock_location_stock,stock.warehouse0,internal,base.main_company
__setup__.stock_location_1220_F_4,1220 F 4,1220 F 4,stock.stock_location_stock,stock.warehouse0,internal,base.main_company
__setup__.stock_location_1220_F_5,1220 F 5,1220 F 5,stock.stock_location_stock,stock.warehouse0,internal,base.main_company
__setup__.stock_location_1220_G_1,1220 G 1,1220 G 1,stock.stock_location_stock,stock.warehouse0,internal,base.main_company
__setup__.stock_location_1220_G_2,1220 G 2,1220 G 2,stock.stock_location_stock,stock.warehouse0,internal,base.main_company
__setup__.stock_location_1220_G_3,1220 G 3,1220 G 3,stock.stock_location_stock,stock.warehouse0,internal,base.main_company
__setup__.stock_location_1220_G_4,1220 G 4,1220 G 4,stock.stock_location_stock,stock.warehouse0,internal,base.main_company
__setup__.stock_location_1220_G_5,1220 G 5,1220 G 5,stock.stock_location_stock,stock.warehouse0,internal,base.main_company
__setup__.stock_location_1221_A_1,1221 A 1,1221 A 1,stock.stock_location_stock,stock.warehouse0,internal,base.main_company
__setup__.stock_location_1221_A_2,1221 A 2,1221 A 2,stock.stock_location_stock,stock.warehouse0,internal,base.main_company
__setup__.stock_location_1221_A_3,1221 A 3,1221 A 3,stock.stock_location_stock,stock.warehouse0,internal,base.main_company
__setup__.stock_location_1221_A_4,1221 A 4,1221 A 4,stock.stock_location_stock,stock.warehouse0,internal,base.main_company
__setup__.stock_location_1221_A_5,1221 A 5,1221 A 5,stock.stock_location_stock,stock.warehouse0,internal,base.main_company
__setup__.stock_location_1221_B_1,1221 B 1,1221 B 1,stock.stock_location_stock,stock.warehouse0,internal,base.main_company
__setup__.stock_location_1221_B_2,1221 B 2,1221 B 2,stock.stock_location_stock,stock.warehouse0,internal,base.main_company
__setup__.stock_location_1221_B_3,1221 B 3,1221 B 3,stock.stock_location_stock,stock.warehouse0,internal,base.main_company
__setup__.stock_location_1221_B_4,1221 B 4,1221 B 4,stock.stock_location_stock,stock.warehouse0,internal,base.main_company
__setup__.stock_location_1221_B_5,1221 B 5,1221 B 5,stock.stock_location_stock,stock.warehouse0,internal,base.main_company
__setup__.stock_location_1221_C_1,1221 C 1,1221 C 1,stock.stock_location_stock,stock.warehouse0,internal,base.main_company
__setup__.stock_location_1221_C_2,1221 C 2,1221 C 2,stock.stock_location_stock,stock.warehouse0,internal,base.main_company
__setup__.stock_location_1221_C_3,1221 C 3,1221 C 3,stock.stock_location_stock,stock.warehouse0,internal,base.main_company
__setup__.stock_location_1221_C_4,1221 C 4,1221 C 4,stock.stock_location_stock,stock.warehouse0,internal,base.main_company
__setup__.stock_location_1221_C_5,1221 C 5,1221 C 5,stock.stock_location_stock,stock.warehouse0,internal,base.main_company
__setup__.stock_location_1221_D_1,1221 D 1,1221 D 1,stock.stock_location_stock,stock.warehouse0,internal,base.main_company
__setup__.stock_location_1221_D_2,1221 D 2,1221 D 2,stock.stock_location_stock,stock.warehouse0,internal,base.main_company
__setup__.stock_location_1221_D_3,1221 D 3,1221 D 3,stock.stock_location_stock,stock.warehouse0,internal,base.main_company
__setup__.stock_location_1221_D_4,1221 D 4,1221 D 4,stock.stock_location_stock,stock.warehouse0,internal,base.main_company
__setup__.stock_location_1221_D_5,1221 D 5,1221 D 5,stock.stock_location_stock,stock.warehouse0,internal,base.main_company
__setup__.stock_location_1221_E_1,1221 E 1,1221 E 1,stock.stock_location_stock,stock.warehouse0,internal,base.main_company
__setup__.stock_location_1221_E_2,1221 E 2,1221 E 2,stock.stock_location_stock,stock.warehouse0,internal,base.main_company
__setup__.stock_location_1221_E_3,1221 E 3,1221 E 3,stock.stock_location_stock,stock.warehouse0,internal,base.main_company
__setup__.stock_location_1221_E_4,1221 E 4,1221 E 4,stock.stock_location_stock,stock.warehouse0,internal,base.main_company
__setup__.stock_location_1221_E_5,1221 E 5,1221 E 5,stock.stock_location_stock,stock.warehouse0,internal,base.main_company
__setup__.stock_location_1221_F_1,1221 F 1,1221 F 1,stock.stock_location_stock,stock.warehouse0,internal,base.main_company
__setup__.stock_location_1221_F_2,1221 F 2,1221 F 2,stock.stock_location_stock,stock.warehouse0,internal,base.main_company
__setup__.stock_location_1221_F_3,1221 F 3,1221 F 3,stock.stock_location_stock,stock.warehouse0,internal,base.main_company
__setup__.stock_location_1221_F_4,1221 F 4,1221 F 4,stock.stock_location_stock,stock.warehouse0,internal,base.main_company
__setup__.stock_location_1221_F_5,1221 F 5,1221 F 5,stock.stock_location_stock,stock.warehouse0,internal,base.main_company
__setup__.stock_location_1221_G_1,1221 G 1,1221 G 1,stock.stock_location_stock,stock.warehouse0,internal,base.main_company
__setup__.stock_location_1221_G_2,1221 G 2,1221 G 2,stock.stock_location_stock,stock.warehouse0,internal,base.main_company
__setup__.stock_location_1221_G_3,1221 G 3,1221 G 3,stock.stock_location_stock,stock.warehouse0,internal,base.main_company
__setup__.stock_location_1221_G_4,1221 G 4,1221 G 4,stock.stock_location_stock,stock.warehouse0,internal,base.main_company
__setup__.stock_location_1221_G_5,1221 G 5,1221 G 5,stock.stock_location_stock,stock.warehouse0,internal,base.main_company
__setup__.stock_location_1222_A_1,1222 A 1,1222 A 1,stock.stock_location_stock,stock.warehouse0,internal,base.main_company
__setup__.stock_location_1222_A_2,1222 A 2,1222 A 2,stock.stock_location_stock,stock.warehouse0,internal,base.main_company
__setup__.stock_location_1222_A_3,1222 A 3,1222 A 3,stock.stock_location_stock,stock.warehouse0,internal,base.main_company
__setup__.stock_location_1222_A_4,1222 A 4,1222 A 4,stock.stock_location_stock,stock.warehouse0,internal,base.main_company
__setup__.stock_location_1222_A_5,1222 A 5,1222 A 5,stock.stock_location_stock,stock.warehouse0,internal,base.main_company
__setup__.stock_location_1222_B_1,1222 B 1,1222 B 1,stock.stock_location_stock,stock.warehouse0,internal,base.main_company
__setup__.stock_location_1222_B_2,1222 B 2,1222 B 2,stock.stock_location_stock,stock.warehouse0,internal,base.main_company
__setup__.stock_location_1222_B_3,1222 B 3,1222 B 3,stock.stock_location_stock,stock.warehouse0,internal,base.main_company
__setup__.stock_location_1222_B_4,1222 B 4,1222 B 4,stock.stock_location_stock,stock.warehouse0,internal,base.main_company
__setup__.stock_location_1222_B_5,1222 B 5,1222 B 5,stock.stock_location_stock,stock.warehouse0,internal,base.main_company
__setup__.stock_location_1222_C_1,1222 C 1,1222 C 1,stock.stock_location_stock,stock.warehouse0,internal,base.main_company
__setup__.stock_location_1222_C_2,1222 C 2,1222 C 2,stock.stock_location_stock,stock.warehouse0,internal,base.main_company
__setup__.stock_location_1222_C_3,1222 C 3,1222 C 3,stock.stock_location_stock,stock.warehouse0,internal,base.main_company
__setup__.stock_location_1222_C_4,1222 C 4,1222 C 4,stock.stock_location_stock,stock.warehouse0,internal,base.main_company
__setup__.stock_location_1222_C_5,1222 C 5,1222 C 5,stock.stock_location_stock,stock.warehouse0,internal,base.main_company
__setup__.stock_location_1222_D_1,1222 D 1,1222 D 1,stock.stock_location_stock,stock.warehouse0,internal,base.main_company
__setup__.stock_location_1222_D_2,1222 D 2,1222 D 2,stock.stock_location_stock,stock.warehouse0,internal,base.main_company
__setup__.stock_location_1222_D_3,1222 D 3,1222 D 3,stock.stock_location_stock,stock.warehouse0,internal,base.main_company
__setup__.stock_location_1222_D_4,1222 D 4,1222 D 4,stock.stock_location_stock,stock.warehouse0,internal,base.main_company
__setup__.stock_location_1222_D_5,1222 D 5,1222 D 5,stock.stock_location_stock,stock.warehouse0,internal,base.main_company
__setup__.stock_location_1222_E_1,1222 E 1,1222 E 1,stock.stock_location_stock,stock.warehouse0,internal,base.main_company
__setup__.stock_location_1222_E_2,1222 E 2,1222 E 2,stock.stock_location_stock,stock.warehouse0,internal,base.main_company
__setup__.stock_location_1222_E_3,1222 E 3,1222 E 3,stock.stock_location_stock,stock.warehouse0,internal,base.main_company
__setup__.stock_location_1222_E_4,1222 E 4,1222 E 4,stock.stock_location_stock,stock.warehouse0,internal,base.main_company
__setup__.stock_location_1222_E_5,1222 E 5,1222 E 5,stock.stock_location_stock,stock.warehouse0,internal,base.main_company
__setup__.stock_location_1222_F_1,1222 F 1,1222 F 1,stock.stock_location_stock,stock.warehouse0,internal,base.main_company
__setup__.stock_location_1222_F_2,1222 F 2,1222 F 2,stock.stock_location_stock,stock.warehouse0,internal,base.main_company
__setup__.stock_location_1222_F_3,1222 F 3,1222 F 3,stock.stock_location_stock,stock.warehouse0,internal,base.main_company
__setup__.stock_location_1222_F_4,1222 F 4,1222 F 4,stock.stock_location_stock,stock.warehouse0,internal,base.main_company
__setup__.stock_location_1222_F_5,1222 F 5,1222 F 5,stock.stock_location_stock,stock.warehouse0,internal,base.main_company
__setup__.stock_location_1222_G_1,1222 G 1,1222 G 1,stock.stock_location_stock,stock.warehouse0,internal,base.main_company
__setup__.stock_location_1222_G_2,1222 G 2,1222 G 2,stock.stock_location_stock,stock.warehouse0,internal,base.main_company
__setup__.stock_location_1222_G_3,1222 G 3,1222 G 3,stock.stock_location_stock,stock.warehouse0,internal,base.main_company
__setup__.stock_location_1222_G_4,1222 G 4,1222 G 4,stock.stock_location_stock,stock.warehouse0,internal,base.main_company
__setup__.stock_location_1222_G_5,1222 G 5,1222 G 5,stock.stock_location_stock,stock.warehouse0,internal,base.main_company
__setup__.stock_location_1223_A_1,1223 A 1,1223 A 1,stock.stock_location_stock,stock.warehouse0,internal,base.main_company
__setup__.stock_location_1223_A_2,1223 A 2,1223 A 2,stock.stock_location_stock,stock.warehouse0,internal,base.main_company
__setup__.stock_location_1223_A_3,1223 A 3,1223 A 3,stock.stock_location_stock,stock.warehouse0,internal,base.main_company
__setup__.stock_location_1223_A_4,1223 A 4,1223 A 4,stock.stock_location_stock,stock.warehouse0,internal,base.main_company
__setup__.stock_location_1223_A_5,1223 A 5,1223 A 5,stock.stock_location_stock,stock.warehouse0,internal,base.main_company
__setup__.stock_location_1223_B_1,1223 B 1,1223 B 1,stock.stock_location_stock,stock.warehouse0,internal,base.main_company
__setup__.stock_location_1223_B_2,1223 B 2,1223 B 2,stock.stock_location_stock,stock.warehouse0,internal,base.main_company
__setup__.stock_location_1223_B_3,1223 B 3,1223 B 3,stock.stock_location_stock,stock.warehouse0,internal,base.main_company
__setup__.stock_location_1223_B_4,1223 B 4,1223 B 4,stock.stock_location_stock,stock.warehouse0,internal,base.main_company
__setup__.stock_location_1223_B_5,1223 B 5,1223 B 5,stock.stock_location_stock,stock.warehouse0,internal,base.main_company
__setup__.stock_location_1223_C_1,1223 C 1,1223 C 1,stock.stock_location_stock,stock.warehouse0,internal,base.main_company
__setup__.stock_location_1223_C_2,1223 C 2,1223 C 2,stock.stock_location_stock,stock.warehouse0,internal,base.main_company
__setup__.stock_location_1223_C_3,1223 C 3,1223 C 3,stock.stock_location_stock,stock.warehouse0,internal,base.main_company
__setup__.stock_location_1223_C_4,1223 C 4,1223 C 4,stock.stock_location_stock,stock.warehouse0,internal,base.main_company
__setup__.stock_location_1223_C_5,1223 C 5,1223 C 5,stock.stock_location_stock,stock.warehouse0,internal,base.main_company
__setup__.stock_location_1223_D_1,1223 D 1,1223 D 1,stock.stock_location_stock,stock.warehouse0,internal,base.main_company
__setup__.stock_location_1223_D_2,1223 D 2,1223 D 2,stock.stock_location_stock,stock.warehouse0,internal,base.main_company
__setup__.stock_location_1223_D_3,1223 D 3,1223 D 3,stock.stock_location_stock,stock.warehouse0,internal,base.main_company
__setup__.stock_location_1223_D_4,1223 D 4,1223 D 4,stock.stock_location_stock,stock.warehouse0,internal,base.main_company
__setup__.stock_location_1223_D_5,1223 D 5,1223 D 5,stock.stock_location_stock,stock.warehouse0,internal,base.main_company
__setup__.stock_location_1223_E_1,1223 E 1,1223 E 1,stock.stock_location_stock,stock.warehouse0,internal,base.main_company
__setup__.stock_location_1223_E_2,1223 E 2,1223 E 2,stock.stock_location_stock,stock.warehouse0,internal,base.main_company
__setup__.stock_location_1223_E_3,1223 E 3,1223 E 3,stock.stock_location_stock,stock.warehouse0,internal,base.main_company
__setup__.stock_location_1223_E_4,1223 E 4,1223 E 4,stock.stock_location_stock,stock.warehouse0,internal,base.main_company
__setup__.stock_location_1223_E_5,1223 E 5,1223 E 5,stock.stock_location_stock,stock.warehouse0,internal,base.main_company
__setup__.stock_location_1223_F_1,1223 F 1,1223 F 1,stock.stock_location_stock,stock.warehouse0,internal,base.main_company
__setup__.stock_location_1223_F_2,1223 F 2,1223 F 2,stock.stock_location_stock,stock.warehouse0,internal,base.main_company
__setup__.stock_location_1223_F_3,1223 F 3,1223 F 3,stock.stock_location_stock,stock.warehouse0,internal,base.main_company
__setup__.stock_location_1223_F_4,1223 F 4,1223 F 4,stock.stock_location_stock,stock.warehouse0,internal,base.main_company
__setup__.stock_location_1223_F_5,1223 F 5,1223 F 5,stock.stock_location_stock,stock.warehouse0,internal,base.main_company
__setup__.stock_location_1223_G_1,1223 G 1,1223 G 1,stock.stock_location_stock,stock.warehouse0,internal,base.main_company
__setup__.stock_location_1223_G_2,1223 G 2,1223 G 2,stock.stock_location_stock,stock.warehouse0,internal,base.main_company
__setup__.stock_location_1223_G_3,1223 G 3,1223 G 3,stock.stock_location_stock,stock.warehouse0,internal,base.main_company
__setup__.stock_location_1223_G_4,1223 G 4,1223 G 4,stock.stock_location_stock,stock.warehouse0,internal,base.main_company
__setup__.stock_location_1223_G_5,1223 G 5,1223 G 5,stock.stock_location_stock,stock.warehouse0,internal,base.main_company
__setup__.stock_location_1224_A_1,1224 A 1,1224 A 1,stock.stock_location_stock,stock.warehouse0,internal,base.main_company
__setup__.stock_location_1224_A_2,1224 A 2,1224 A 2,stock.stock_location_stock,stock.warehouse0,internal,base.main_company
__setup__.stock_location_1224_A_3,1224 A 3,1224 A 3,stock.stock_location_stock,stock.warehouse0,internal,base.main_company
__setup__.stock_location_1224_A_4,1224 A 4,1224 A 4,stock.stock_location_stock,stock.warehouse0,internal,base.main_company
__setup__.stock_location_1224_A_5,1224 A 5,1224 A 5,stock.stock_location_stock,stock.warehouse0,internal,base.main_company
__setup__.stock_location_1224_B_1,1224 B 1,1224 B 1,stock.stock_location_stock,stock.warehouse0,internal,base.main_company
__setup__.stock_location_1224_B_2,1224 B 2,1224 B 2,stock.stock_location_stock,stock.warehouse0,internal,base.main_company
__setup__.stock_location_1224_B_3,1224 B 3,1224 B 3,stock.stock_location_stock,stock.warehouse0,internal,base.main_company
__setup__.stock_location_1224_B_4,1224 B 4,1224 B 4,stock.stock_location_stock,stock.warehouse0,internal,base.main_company
__setup__.stock_location_1224_B_5,1224 B 5,1224 B 5,stock.stock_location_stock,stock.warehouse0,internal,base.main_company
__setup__.stock_location_1224_C_1,1224 C 1,1224 C 1,stock.stock_location_stock,stock.warehouse0,internal,base.main_company
__setup__.stock_location_1224_C_2,1224 C 2,1224 C 2,stock.stock_location_stock,stock.warehouse0,internal,base.main_company
__setup__.stock_location_1224_C_3,1224 C 3,1224 C 3,stock.stock_location_stock,stock.warehouse0,internal,base.main_company
__setup__.stock_location_1224_C_4,1224 C 4,1224 C 4,stock.stock_location_stock,stock.warehouse0,internal,base.main_company
__setup__.stock_location_1224_C_5,1224 C 5,1224 C 5,stock.stock_location_stock,stock.warehouse0,internal,base.main_company
__setup__.stock_location_1224_D_1,1224 D 1,1224 D 1,stock.stock_location_stock,stock.warehouse0,internal,base.main_company
__setup__.stock_location_1224_D_2,1224 D 2,1224 D 2,stock.stock_location_stock,stock.warehouse0,internal,base.main_company
__setup__.stock_location_1224_D_3,1224 D 3,1224 D 3,stock.stock_location_stock,stock.warehouse0,internal,base.main_company
__setup__.stock_location_1224_D_4,1224 D 4,1224 D 4,stock.stock_location_stock,stock.warehouse0,internal,base.main_company
__setup__.stock_location_1224_D_5,1224 D 5,1224 D 5,stock.stock_location_stock,stock.warehouse0,internal,base.main_company
__setup__.stock_location_1224_E_1,1224 E 1,1224 E 1,stock.stock_location_stock,stock.warehouse0,internal,base.main_company
__setup__.stock_location_1224_E_2,1224 E 2,1224 E 2,stock.stock_location_stock,stock.warehouse0,internal,base.main_company
__setup__.stock_location_1224_E_3,1224 E 3,1224 E 3,stock.stock_location_stock,stock.warehouse0,internal,base.main_company
__setup__.stock_location_1224_E_4,1224 E 4,1224 E 4,stock.stock_location_stock,stock.warehouse0,internal,base.main_company
__setup__.stock_location_1224_E_5,1224 E 5,1224 E 5,stock.stock_location_stock,stock.warehouse0,internal,base.main_company
__setup__.stock_location_1224_F_1,1224 F 1,1224 F 1,stock.stock_location_stock,stock.warehouse0,internal,base.main_company
__setup__.stock_location_1224_F_2,1224 F 2,1224 F 2,stock.stock_location_stock,stock.warehouse0,internal,base.main_company
__setup__.stock_location_1224_F_3,1224 F 3,1224 F 3,stock.stock_location_stock,stock.warehouse0,internal,base.main_company
__setup__.stock_location_1224_F_4,1224 F 4,1224 F 4,stock.stock_location_stock,stock.warehouse0,internal,base.main_company
__setup__.stock_location_1224_F_5,1224 F 5,1224 F 5,stock.stock_location_stock,stock.warehouse0,internal,base.main_company
__setup__.stock_location_1224_G_1,1224 G 1,1224 G 1,stock.stock_location_stock,stock.warehouse0,internal,base.main_company
__setup__.stock_location_1224_G_2,1224 G 2,1224 G 2,stock.stock_location_stock,stock.warehouse0,internal,base.main_company
__setup__.stock_location_1224_G_3,1224 G 3,1224 G 3,stock.stock_location_stock,stock.warehouse0,internal,base.main_company
__setup__.stock_location_1224_G_4,1224 G 4,1224 G 4,stock.stock_location_stock,stock.warehouse0,internal,base.main_company
__setup__.stock_location_1224_G_5,1224 G 5,1224 G 5,stock.stock_location_stock,stock.warehouse0,internal,base.main_company
__setup__.stock_location_1314_A_1,1314 A 1,1314 A 1,stock.stock_location_stock,stock.warehouse0,internal,base.main_company
__setup__.stock_location_1314_A_2,1314 A 2,1314 A 2,stock.stock_location_stock,stock.warehouse0,internal,base.main_company
__setup__.stock_location_1314_A_3,1314 A 3,1314 A 3,stock.stock_location_stock,stock.warehouse0,internal,base.main_company
__setup__.stock_location_1314_A_4,1314 A 4,1314 A 4,stock.stock_location_stock,stock.warehouse0,internal,base.main_company
__setup__.stock_location_1314_A_5,1314 A 5,1314 A 5,stock.stock_location_stock,stock.warehouse0,internal,base.main_company
__setup__.stock_location_1314_B_1,1314 B 1,1314 B 1,stock.stock_location_stock,stock.warehouse0,internal,base.main_company
__setup__.stock_location_1314_B_2,1314 B 2,1314 B 2,stock.stock_location_stock,stock.warehouse0,internal,base.main_company
__setup__.stock_location_1314_B_3,1314 B 3,1314 B 3,stock.stock_location_stock,stock.warehouse0,internal,base.main_company
__setup__.stock_location_1314_B_4,1314 B 4,1314 B 4,stock.stock_location_stock,stock.warehouse0,internal,base.main_company
__setup__.stock_location_1314_B_5,1314 B 5,1314 B 5,stock.stock_location_stock,stock.warehouse0,internal,base.main_company
__setup__.stock_location_1314_C_1,1314 C 1,1314 C 1,stock.stock_location_stock,stock.warehouse0,internal,base.main_company
__setup__.stock_location_1314_C_2,1314 C 2,1314 C 2,stock.stock_location_stock,stock.warehouse0,internal,base.main_company
__setup__.stock_location_1314_C_3,1314 C 3,1314 C 3,stock.stock_location_stock,stock.warehouse0,internal,base.main_company
__setup__.stock_location_1314_C_4,1314 C 4,1314 C 4,stock.stock_location_stock,stock.warehouse0,internal,base.main_company
__setup__.stock_location_1314_C_5,1314 C 5,1314 C 5,stock.stock_location_stock,stock.warehouse0,internal,base.main_company
__setup__.stock_location_1314_D_1,1314 D 1,1314 D 1,stock.stock_location_stock,stock.warehouse0,internal,base.main_company
__setup__.stock_location_1314_D_2,1314 D 2,1314 D 2,stock.stock_location_stock,stock.warehouse0,internal,base.main_company
__setup__.stock_location_1314_D_3,1314 D 3,1314 D 3,stock.stock_location_stock,stock.warehouse0,internal,base.main_company
__setup__.stock_location_1314_D_4,1314 D 4,1314 D 4,stock.stock_location_stock,stock.warehouse0,internal,base.main_company
__setup__.stock_location_1314_D_5,1314 D 5,1314 D 5,stock.stock_location_stock,stock.warehouse0,internal,base.main_company
__setup__.stock_location_1314_E_1,1314 E 1,1314 E 1,stock.stock_location_stock,stock.warehouse0,internal,base.main_company
__setup__.stock_location_1314_E_2,1314 E 2,1314 E 2,stock.stock_location_stock,stock.warehouse0,internal,base.main_company
__setup__.stock_location_1314_E_3,1314 E 3,1314 E 3,stock.stock_location_stock,stock.warehouse0,internal,base.main_company
__setup__.stock_location_1314_E_4,1314 E 4,1314 E 4,stock.stock_location_stock,stock.warehouse0,internal,base.main_company
__setup__.stock_location_1314_E_5,1314 E 5,1314 E 5,stock.stock_location_stock,stock.warehouse0,internal,base.main_company
__setup__.stock_location_1314_F_1,1314 F 1,1314 F 1,stock.stock_location_stock,stock.warehouse0,internal,base.main_company
__setup__.stock_location_1314_F_2,1314 F 2,1314 F 2,stock.stock_location_stock,stock.warehouse0,internal,base.main_company
__setup__.stock_location_1314_F_3,1314 F 3,1314 F 3,stock.stock_location_stock,stock.warehouse0,internal,base.main_company
__setup__.stock_location_1314_F_4,1314 F 4,1314 F 4,stock.stock_location_stock,stock.warehouse0,internal,base.main_company
__setup__.stock_location_1314_F_5,1314 F 5,1314 F 5,stock.stock_location_stock,stock.warehouse0,internal,base.main_company
__setup__.stock_location_1314_G_1,1314 G 1,1314 G 1,stock.stock_location_stock,stock.warehouse0,internal,base.main_company
__setup__.stock_location_1314_G_2,1314 G 2,1314 G 2,stock.stock_location_stock,stock.warehouse0,internal,base.main_company
__setup__.stock_location_1314_G_3,1314 G 3,1314 G 3,stock.stock_location_stock,stock.warehouse0,internal,base.main_company
__setup__.stock_location_1314_G_4,1314 G 4,1314 G 4,stock.stock_location_stock,stock.warehouse0,internal,base.main_company
__setup__.stock_location_1314_G_5,1314 G 5,1314 G 5,stock.stock_location_stock,stock.warehouse0,internal,base.main_company
__setup__.stock_location_1315_A_1,1315 A 1,1315 A 1,stock.stock_location_stock,stock.warehouse0,internal,base.main_company
__setup__.stock_location_1315_A_2,1315 A 2,1315 A 2,stock.stock_location_stock,stock.warehouse0,internal,base.main_company
__setup__.stock_location_1315_A_3,1315 A 3,1315 A 3,stock.stock_location_stock,stock.warehouse0,internal,base.main_company
__setup__.stock_location_1315_A_4,1315 A 4,1315 A 4,stock.stock_location_stock,stock.warehouse0,internal,base.main_company
__setup__.stock_location_1315_A_5,1315 A 5,1315 A 5,stock.stock_location_stock,stock.warehouse0,internal,base.main_company
__setup__.stock_location_1315_B_1,1315 B 1,1315 B 1,stock.stock_location_stock,stock.warehouse0,internal,base.main_company
__setup__.stock_location_1315_B_2,1315 B 2,1315 B 2,stock.stock_location_stock,stock.warehouse0,internal,base.main_company
__setup__.stock_location_1315_B_3,1315 B 3,1315 B 3,stock.stock_location_stock,stock.warehouse0,internal,base.main_company
__setup__.stock_location_1315_B_4,1315 B 4,1315 B 4,stock.stock_location_stock,stock.warehouse0,internal,base.main_company
__setup__.stock_location_1315_B_5,1315 B 5,1315 B 5,stock.stock_location_stock,stock.warehouse0,internal,base.main_company
__setup__.stock_location_1315_C_1,1315 C 1,1315 C 1,stock.stock_location_stock,stock.warehouse0,internal,base.main_company
__setup__.stock_location_1315_C_2,1315 C 2,1315 C 2,stock.stock_location_stock,stock.warehouse0,internal,base.main_company
__setup__.stock_location_1315_C_3,1315 C 3,1315 C 3,stock.stock_location_stock,stock.warehouse0,internal,base.main_company
__setup__.stock_location_1315_C_4,1315 C 4,1315 C 4,stock.stock_location_stock,stock.warehouse0,internal,base.main_company
__setup__.stock_location_1315_C_5,1315 C 5,1315 C 5,stock.stock_location_stock,stock.warehouse0,internal,base.main_company
__setup__.stock_location_1315_D_1,1315 D 1,1315 D 1,stock.stock_location_stock,stock.warehouse0,internal,base.main_company
__setup__.stock_location_1315_D_2,1315 D 2,1315 D 2,stock.stock_location_stock,stock.warehouse0,internal,base.main_company
__setup__.stock_location_1315_D_3,1315 D 3,1315 D 3,stock.stock_location_stock,stock.warehouse0,internal,base.main_company
__setup__.stock_location_1315_D_4,1315 D 4,1315 D 4,stock.stock_location_stock,stock.warehouse0,internal,base.main_company
__setup__.stock_location_1315_D_5,1315 D 5,1315 D 5,stock.stock_location_stock,stock.warehouse0,internal,base.main_company
__setup__.stock_location_1315_E_1,1315 E 1,1315 E 1,stock.stock_location_stock,stock.warehouse0,internal,base.main_company
__setup__.stock_location_1315_E_2,1315 E 2,1315 E 2,stock.stock_location_stock,stock.warehouse0,internal,base.main_company
__setup__.stock_location_1315_E_3,1315 E 3,1315 E 3,stock.stock_location_stock,stock.warehouse0,internal,base.main_company
__setup__.stock_location_1315_E_4,1315 E 4,1315 E 4,stock.stock_location_stock,stock.warehouse0,internal,base.main_company
__setup__.stock_location_1315_E_5,1315 E 5,1315 E 5,stock.stock_location_stock,stock.warehouse0,internal,base.main_company
__setup__.stock_location_1315_F_1,1315 F 1,1315 F 1,stock.stock_location_stock,stock.warehouse0,internal,base.main_company
__setup__.stock_location_1315_F_2,1315 F 2,1315 F 2,stock.stock_location_stock,stock.warehouse0,internal,base.main_company
__setup__.stock_location_1315_F_3,1315 F 3,1315 F 3,stock.stock_location_stock,stock.warehouse0,internal,base.main_company
__setup__.stock_location_1315_F_4,1315 F 4,1315 F 4,stock.stock_location_stock,stock.warehouse0,internal,base.main_company
__setup__.stock_location_1315_F_5,1315 F 5,1315 F 5,stock.stock_location_stock,stock.warehouse0,internal,base.main_company
__setup__.stock_location_1315_G_1,1315 G 1,1315 G 1,stock.stock_location_stock,stock.warehouse0,internal,base.main_company
__setup__.stock_location_1315_G_2,1315 G 2,1315 G 2,stock.stock_location_stock,stock.warehouse0,internal,base.main_company
__setup__.stock_location_1315_G_3,1315 G 3,1315 G 3,stock.stock_location_stock,stock.warehouse0,internal,base.main_company
__setup__.stock_location_1315_G_4,1315 G 4,1315 G 4,stock.stock_location_stock,stock.warehouse0,internal,base.main_company
__setup__.stock_location_1315_G_5,1315 G 5,1315 G 5,stock.stock_location_stock,stock.warehouse0,internal,base.main_company
__setup__.stock_location_1316_A_1,1316 A 1,1316 A 1,stock.stock_location_stock,stock.warehouse0,internal,base.main_company
__setup__.stock_location_1316_A_2,1316 A 2,1316 A 2,stock.stock_location_stock,stock.warehouse0,internal,base.main_company
__setup__.stock_location_1316_A_3,1316 A 3,1316 A 3,stock.stock_location_stock,stock.warehouse0,internal,base.main_company
__setup__.stock_location_1316_A_4,1316 A 4,1316 A 4,stock.stock_location_stock,stock.warehouse0,internal,base.main_company
__setup__.stock_location_1316_A_5,1316 A 5,1316 A 5,stock.stock_location_stock,stock.warehouse0,internal,base.main_company
__setup__.stock_location_1316_B_1,1316 B 1,1316 B 1,stock.stock_location_stock,stock.warehouse0,internal,base.main_company
__setup__.stock_location_1316_B_2,1316 B 2,1316 B 2,stock.stock_location_stock,stock.warehouse0,internal,base.main_company
__setup__.stock_location_1316_B_3,1316 B 3,1316 B 3,stock.stock_location_stock,stock.warehouse0,internal,base.main_company
__setup__.stock_location_1316_B_4,1316 B 4,1316 B 4,stock.stock_location_stock,stock.warehouse0,internal,base.main_company
__setup__.stock_location_1316_B_5,1316 B 5,1316 B 5,stock.stock_location_stock,stock.warehouse0,internal,base.main_company
__setup__.stock_location_1316_C_1,1316 C 1,1316 C 1,stock.stock_location_stock,stock.warehouse0,internal,base.main_company
__setup__.stock_location_1316_C_2,1316 C 2,1316 C 2,stock.stock_location_stock,stock.warehouse0,internal,base.main_company
__setup__.stock_location_1316_C_3,1316 C 3,1316 C 3,stock.stock_location_stock,stock.warehouse0,internal,base.main_company
__setup__.stock_location_1316_C_4,1316 C 4,1316 C 4,stock.stock_location_stock,stock.warehouse0,internal,base.main_company
__setup__.stock_location_1316_C_5,1316 C 5,1316 C 5,stock.stock_location_stock,stock.warehouse0,internal,base.main_company
__setup__.stock_location_1316_D_1,1316 D 1,1316 D 1,stock.stock_location_stock,stock.warehouse0,internal,base.main_company
__setup__.stock_location_1316_D_2,1316 D 2,1316 D 2,stock.stock_location_stock,stock.warehouse0,internal,base.main_company
__setup__.stock_location_1316_D_3,1316 D 3,1316 D 3,stock.stock_location_stock,stock.warehouse0,internal,base.main_company
__setup__.stock_location_1316_D_4,1316 D 4,1316 D 4,stock.stock_location_stock,stock.warehouse0,internal,base.main_company
__setup__.stock_location_1316_D_5,1316 D 5,1316 D 5,stock.stock_location_stock,stock.warehouse0,internal,base.main_company
__setup__.stock_location_1316_E_1,1316 E 1,1316 E 1,stock.stock_location_stock,stock.warehouse0,internal,base.main_company
__setup__.stock_location_1316_E_2,1316 E 2,1316 E 2,stock.stock_location_stock,stock.warehouse0,internal,base.main_company
__setup__.stock_location_1316_E_3,1316 E 3,1316 E 3,stock.stock_location_stock,stock.warehouse0,internal,base.main_company
__setup__.stock_location_1316_E_4,1316 E 4,1316 E 4,stock.stock_location_stock,stock.warehouse0,internal,base.main_company
__setup__.stock_location_1316_E_5,1316 E 5,1316 E 5,stock.stock_location_stock,stock.warehouse0,internal,base.main_company
__setup__.stock_location_1316_F_1,1316 F 1,1316 F 1,stock.stock_location_stock,stock.warehouse0,internal,base.main_company
__setup__.stock_location_1316_F_2,1316 F 2,1316 F 2,stock.stock_location_stock,stock.warehouse0,internal,base.main_company
__setup__.stock_location_1316_F_3,1316 F 3,1316 F 3,stock.stock_location_stock,stock.warehouse0,internal,base.main_company
__setup__.stock_location_1316_F_4,1316 F 4,1316 F 4,stock.stock_location_stock,stock.warehouse0,internal,base.main_company
__setup__.stock_location_1316_F_5,1316 F 5,1316 F 5,stock.stock_location_stock,stock.warehouse0,internal,base.main_company
__setup__.stock_location_1316_G_1,1316 G 1,1316 G 1,stock.stock_location_stock,stock.warehouse0,internal,base.main_company
__setup__.stock_location_1316_G_2,1316 G 2,1316 G 2,stock.stock_location_stock,stock.warehouse0,internal,base.main_company
__setup__.stock_location_1316_G_3,1316 G 3,1316 G 3,stock.stock_location_stock,stock.warehouse0,internal,base.main_company
__setup__.stock_location_1316_G_4,1316 G 4,1316 G 4,stock.stock_location_stock,stock.warehouse0,internal,base.main_company
__setup__.stock_location_1316_G_5,1316 G 5,1316 G 5,stock.stock_location_stock,stock.warehouse0,internal,base.main_company
__setup__.stock_location_1317_A_1,1317 A 1,1317 A 1,stock.stock_location_stock,stock.warehouse0,internal,base.main_company
__setup__.stock_location_1317_A_2,1317 A 2,1317 A 2,stock.stock_location_stock,stock.warehouse0,internal,base.main_company
__setup__.stock_location_1317_A_3,1317 A 3,1317 A 3,stock.stock_location_stock,stock.warehouse0,internal,base.main_company
__setup__.stock_location_1317_A_4,1317 A 4,1317 A 4,stock.stock_location_stock,stock.warehouse0,internal,base.main_company
__setup__.stock_location_1317_A_5,1317 A 5,1317 A 5,stock.stock_location_stock,stock.warehouse0,internal,base.main_company
__setup__.stock_location_1317_B_1,1317 B 1,1317 B 1,stock.stock_location_stock,stock.warehouse0,internal,base.main_company
__setup__.stock_location_1317_B_2,1317 B 2,1317 B 2,stock.stock_location_stock,stock.warehouse0,internal,base.main_company
__setup__.stock_location_1317_B_3,1317 B 3,1317 B 3,stock.stock_location_stock,stock.warehouse0,internal,base.main_company
__setup__.stock_location_1317_B_4,1317 B 4,1317 B 4,stock.stock_location_stock,stock.warehouse0,internal,base.main_company
__setup__.stock_location_1317_B_5,1317 B 5,1317 B 5,stock.stock_location_stock,stock.warehouse0,internal,base.main_company
__setup__.stock_location_1317_C_1,1317 C 1,1317 C 1,stock.stock_location_stock,stock.warehouse0,internal,base.main_company
__setup__.stock_location_1317_C_2,1317 C 2,1317 C 2,stock.stock_location_stock,stock.warehouse0,internal,base.main_company
__setup__.stock_location_1317_C_3,1317 C 3,1317 C 3,stock.stock_location_stock,stock.warehouse0,internal,base.main_company
__setup__.stock_location_1317_C_4,1317 C 4,1317 C 4,stock.stock_location_stock,stock.warehouse0,internal,base.main_company
__setup__.stock_location_1317_C_5,1317 C 5,1317 C 5,stock.stock_location_stock,stock.warehouse0,internal,base.main_company
__setup__.stock_location_1317_D_1,1317 D 1,1317 D 1,stock.stock_location_stock,stock.warehouse0,internal,base.main_company
__setup__.stock_location_1317_D_2,1317 D 2,1317 D 2,stock.stock_location_stock,stock.warehouse0,internal,base.main_company
__setup__.stock_location_1317_D_3,1317 D 3,1317 D 3,stock.stock_location_stock,stock.warehouse0,internal,base.main_company
__setup__.stock_location_1317_D_4,1317 D 4,1317 D 4,stock.stock_location_stock,stock.warehouse0,internal,base.main_company
__setup__.stock_location_1317_D_5,1317 D 5,1317 D 5,stock.stock_location_stock,stock.warehouse0,internal,base.main_company
__setup__.stock_location_1317_E_1,1317 E 1,1317 E 1,stock.stock_location_stock,stock.warehouse0,internal,base.main_company
__setup__.stock_location_1317_E_2,1317 E 2,1317 E 2,stock.stock_location_stock,stock.warehouse0,internal,base.main_company
__setup__.stock_location_1317_E_3,1317 E 3,1317 E 3,stock.stock_location_stock,stock.warehouse0,internal,base.main_company
__setup__.stock_location_1317_E_4,1317 E 4,1317 E 4,stock.stock_location_stock,stock.warehouse0,internal,base.main_company
__setup__.stock_location_1317_E_5,1317 E 5,1317 E 5,stock.stock_location_stock,stock.warehouse0,internal,base.main_company
__setup__.stock_location_1317_F_1,1317 F 1,1317 F 1,stock.stock_location_stock,stock.warehouse0,internal,base.main_company
__setup__.stock_location_1317_F_2,1317 F 2,1317 F 2,stock.stock_location_stock,stock.warehouse0,internal,base.main_company
__setup__.stock_location_1317_F_3,1317 F 3,1317 F 3,stock.stock_location_stock,stock.warehouse0,internal,base.main_company
__setup__.stock_location_1317_F_4,1317 F 4,1317 F 4,stock.stock_location_stock,stock.warehouse0,internal,base.main_company
__setup__.stock_location_1317_F_5,1317 F 5,1317 F 5,stock.stock_location_stock,stock.warehouse0,internal,base.main_company
__setup__.stock_location_1317_G_1,1317 G 1,1317 G 1,stock.stock_location_stock,stock.warehouse0,internal,base.main_company
__setup__.stock_location_1317_G_2,1317 G 2,1317 G 2,stock.stock_location_stock,stock.warehouse0,internal,base.main_company
__setup__.stock_location_1317_G_3,1317 G 3,1317 G 3,stock.stock_location_stock,stock.warehouse0,internal,base.main_company
__setup__.stock_location_1317_G_4,1317 G 4,1317 G 4,stock.stock_location_stock,stock.warehouse0,internal,base.main_company
__setup__.stock_location_1317_G_5,1317 G 5,1317 G 5,stock.stock_location_stock,stock.warehouse0,internal,base.main_company
__setup__.stock_location_1318_A_1,1318 A 1,1318 A 1,stock.stock_location_stock,stock.warehouse0,internal,base.main_company
__setup__.stock_location_1318_A_2,1318 A 2,1318 A 2,stock.stock_location_stock,stock.warehouse0,internal,base.main_company
__setup__.stock_location_1318_A_3,1318 A 3,1318 A 3,stock.stock_location_stock,stock.warehouse0,internal,base.main_company
__setup__.stock_location_1318_A_4,1318 A 4,1318 A 4,stock.stock_location_stock,stock.warehouse0,internal,base.main_company
__setup__.stock_location_1318_A_5,1318 A 5,1318 A 5,stock.stock_location_stock,stock.warehouse0,internal,base.main_company
__setup__.stock_location_1318_B_1,1318 B 1,1318 B 1,stock.stock_location_stock,stock.warehouse0,internal,base.main_company
__setup__.stock_location_1318_B_2,1318 B 2,1318 B 2,stock.stock_location_stock,stock.warehouse0,internal,base.main_company
__setup__.stock_location_1318_B_3,1318 B 3,1318 B 3,stock.stock_location_stock,stock.warehouse0,internal,base.main_company
__setup__.stock_location_1318_B_4,1318 B 4,1318 B 4,stock.stock_location_stock,stock.warehouse0,internal,base.main_company
__setup__.stock_location_1318_B_5,1318 B 5,1318 B 5,stock.stock_location_stock,stock.warehouse0,internal,base.main_company
__setup__.stock_location_1318_C_1,1318 C 1,1318 C 1,stock.stock_location_stock,stock.warehouse0,internal,base.main_company
__setup__.stock_location_1318_C_2,1318 C 2,1318 C 2,stock.stock_location_stock,stock.warehouse0,internal,base.main_company
__setup__.stock_location_1318_C_3,1318 C 3,1318 C 3,stock.stock_location_stock,stock.warehouse0,internal,base.main_company
__setup__.stock_location_1318_C_4,1318 C 4,1318 C 4,stock.stock_location_stock,stock.warehouse0,internal,base.main_company
__setup__.stock_location_1318_C_5,1318 C 5,1318 C 5,stock.stock_location_stock,stock.warehouse0,internal,base.main_company
__setup__.stock_location_1318_D_1,1318 D 1,1318 D 1,stock.stock_location_stock,stock.warehouse0,internal,base.main_company
__setup__.stock_location_1318_D_2,1318 D 2,1318 D 2,stock.stock_location_stock,stock.warehouse0,internal,base.main_company
__setup__.stock_location_1318_D_3,1318 D 3,1318 D 3,stock.stock_location_stock,stock.warehouse0,internal,base.main_company
__setup__.stock_location_1318_D_4,1318 D 4,1318 D 4,stock.stock_location_stock,stock.warehouse0,internal,base.main_company
__setup__.stock_location_1318_D_5,1318 D 5,1318 D 5,stock.stock_location_stock,stock.warehouse0,internal,base.main_company
__setup__.stock_location_1318_E_1,1318 E 1,1318 E 1,stock.stock_location_stock,stock.warehouse0,internal,base.main_company
__setup__.stock_location_1318_E_2,1318 E 2,1318 E 2,stock.stock_location_stock,stock.warehouse0,internal,base.main_company
__setup__.stock_location_1318_E_3,1318 E 3,1318 E 3,stock.stock_location_stock,stock.warehouse0,internal,base.main_company
__setup__.stock_location_1318_E_4,1318 E 4,1318 E 4,stock.stock_location_stock,stock.warehouse0,internal,base.main_company
__setup__.stock_location_1318_E_5,1318 E 5,1318 E 5,stock.stock_location_stock,stock.warehouse0,internal,base.main_company
__setup__.stock_location_1318_F_1,1318 F 1,1318 F 1,stock.stock_location_stock,stock.warehouse0,internal,base.main_company
__setup__.stock_location_1318_F_2,1318 F 2,1318 F 2,stock.stock_location_stock,stock.warehouse0,internal,base.main_company
__setup__.stock_location_1318_F_3,1318 F 3,1318 F 3,stock.stock_location_stock,stock.warehouse0,internal,base.main_company
__setup__.stock_location_1318_F_4,1318 F 4,1318 F 4,stock.stock_location_stock,stock.warehouse0,internal,base.main_company
__setup__.stock_location_1318_F_5,1318 F 5,1318 F 5,stock.stock_location_stock,stock.warehouse0,internal,base.main_company
__setup__.stock_location_1318_G_1,1318 G 1,1318 G 1,stock.stock_location_stock,stock.warehouse0,internal,base.main_company
__setup__.stock_location_1318_G_2,1318 G 2,1318 G 2,stock.stock_location_stock,stock.warehouse0,internal,base.main_company
__setup__.stock_location_1318_G_3,1318 G 3,1318 G 3,stock.stock_location_stock,stock.warehouse0,internal,base.main_company
__setup__.stock_location_1318_G_4,1318 G 4,1318 G 4,stock.stock_location_stock,stock.warehouse0,internal,base.main_company
__setup__.stock_location_1318_G_5,1318 G 5,1318 G 5,stock.stock_location_stock,stock.warehouse0,internal,base.main_company
__setup__.stock_location_1319_A_1,1319 A 1,1319 A 1,stock.stock_location_stock,stock.warehouse0,internal,base.main_company
__setup__.stock_location_1319_A_2,1319 A 2,1319 A 2,stock.stock_location_stock,stock.warehouse0,internal,base.main_company
__setup__.stock_location_1319_A_3,1319 A 3,1319 A 3,stock.stock_location_stock,stock.warehouse0,internal,base.main_company
__setup__.stock_location_1319_A_4,1319 A 4,1319 A 4,stock.stock_location_stock,stock.warehouse0,internal,base.main_company
__setup__.stock_location_1319_A_5,1319 A 5,1319 A 5,stock.stock_location_stock,stock.warehouse0,internal,base.main_company
__setup__.stock_location_1319_B_1,1319 B 1,1319 B 1,stock.stock_location_stock,stock.warehouse0,internal,base.main_company
__setup__.stock_location_1319_B_2,1319 B 2,1319 B 2,stock.stock_location_stock,stock.warehouse0,internal,base.main_company
__setup__.stock_location_1319_B_3,1319 B 3,1319 B 3,stock.stock_location_stock,stock.warehouse0,internal,base.main_company
__setup__.stock_location_1319_B_4,1319 B 4,1319 B 4,stock.stock_location_stock,stock.warehouse0,internal,base.main_company
__setup__.stock_location_1319_B_5,1319 B 5,1319 B 5,stock.stock_location_stock,stock.warehouse0,internal,base.main_company
__setup__.stock_location_1319_C_1,1319 C 1,1319 C 1,stock.stock_location_stock,stock.warehouse0,internal,base.main_company
__setup__.stock_location_1319_C_2,1319 C 2,1319 C 2,stock.stock_location_stock,stock.warehouse0,internal,base.main_company
__setup__.stock_location_1319_C_3,1319 C 3,1319 C 3,stock.stock_location_stock,stock.warehouse0,internal,base.main_company
__setup__.stock_location_1319_C_4,1319 C 4,1319 C 4,stock.stock_location_stock,stock.warehouse0,internal,base.main_company
__setup__.stock_location_1319_C_5,1319 C 5,1319 C 5,stock.stock_location_stock,stock.warehouse0,internal,base.main_company
__setup__.stock_location_1319_D_1,1319 D 1,1319 D 1,stock.stock_location_stock,stock.warehouse0,internal,base.main_company
__setup__.stock_location_1319_D_2,1319 D 2,1319 D 2,stock.stock_location_stock,stock.warehouse0,internal,base.main_company
__setup__.stock_location_1319_D_3,1319 D 3,1319 D 3,stock.stock_location_stock,stock.warehouse0,internal,base.main_company
__setup__.stock_location_1319_D_4,1319 D 4,1319 D 4,stock.stock_location_stock,stock.warehouse0,internal,base.main_company
__setup__.stock_location_1319_D_5,1319 D 5,1319 D 5,stock.stock_location_stock,stock.warehouse0,internal,base.main_company
__setup__.stock_location_1319_E_1,1319 E 1,1319 E 1,stock.stock_location_stock,stock.warehouse0,internal,base.main_company
__setup__.stock_location_1319_E_2,1319 E 2,1319 E 2,stock.stock_location_stock,stock.warehouse0,internal,base.main_company
__setup__.stock_location_1319_E_3,1319 E 3,1319 E 3,stock.stock_location_stock,stock.warehouse0,internal,base.main_company
__setup__.stock_location_1319_E_4,1319 E 4,1319 E 4,stock.stock_location_stock,stock.warehouse0,internal,base.main_company
__setup__.stock_location_1319_E_5,1319 E 5,1319 E 5,stock.stock_location_stock,stock.warehouse0,internal,base.main_company
__setup__.stock_location_1319_F_1,1319 F 1,1319 F 1,stock.stock_location_stock,stock.warehouse0,internal,base.main_company
__setup__.stock_location_1319_F_2,1319 F 2,1319 F 2,stock.stock_location_stock,stock.warehouse0,internal,base.main_company
__setup__.stock_location_1319_F_3,1319 F 3,1319 F 3,stock.stock_location_stock,stock.warehouse0,internal,base.main_company
__setup__.stock_location_1319_F_4,1319 F 4,1319 F 4,stock.stock_location_stock,stock.warehouse0,internal,base.main_company
__setup__.stock_location_1319_F_5,1319 F 5,1319 F 5,stock.stock_location_stock,stock.warehouse0,internal,base.main_company
__setup__.stock_location_1319_G_1,1319 G 1,1319 G 1,stock.stock_location_stock,stock.warehouse0,internal,base.main_company
__setup__.stock_location_1319_G_2,1319 G 2,1319 G 2,stock.stock_location_stock,stock.warehouse0,internal,base.main_company
__setup__.stock_location_1319_G_3,1319 G 3,1319 G 3,stock.stock_location_stock,stock.warehouse0,internal,base.main_company
__setup__.stock_location_1319_G_4,1319 G 4,1319 G 4,stock.stock_location_stock,stock.warehouse0,internal,base.main_company
__setup__.stock_location_1319_G_5,1319 G 5,1319 G 5,stock.stock_location_stock,stock.warehouse0,internal,base.main_company
__setup__.stock_location_1320_A_1,1320 A 1,1320 A 1,stock.stock_location_stock,stock.warehouse0,internal,base.main_company
__setup__.stock_location_1320_A_2,1320 A 2,1320 A 2,stock.stock_location_stock,stock.warehouse0,internal,base.main_company
__setup__.stock_location_1320_A_3,1320 A 3,1320 A 3,stock.stock_location_stock,stock.warehouse0,internal,base.main_company
__setup__.stock_location_1320_A_4,1320 A 4,1320 A 4,stock.stock_location_stock,stock.warehouse0,internal,base.main_company
__setup__.stock_location_1320_A_5,1320 A 5,1320 A 5,stock.stock_location_stock,stock.warehouse0,internal,base.main_company
__setup__.stock_location_1320_B_1,1320 B 1,1320 B 1,stock.stock_location_stock,stock.warehouse0,internal,base.main_company
__setup__.stock_location_1320_B_2,1320 B 2,1320 B 2,stock.stock_location_stock,stock.warehouse0,internal,base.main_company
__setup__.stock_location_1320_B_3,1320 B 3,1320 B 3,stock.stock_location_stock,stock.warehouse0,internal,base.main_company
__setup__.stock_location_1320_B_4,1320 B 4,1320 B 4,stock.stock_location_stock,stock.warehouse0,internal,base.main_company
__setup__.stock_location_1320_B_5,1320 B 5,1320 B 5,stock.stock_location_stock,stock.warehouse0,internal,base.main_company
__setup__.stock_location_1320_C_1,1320 C 1,1320 C 1,stock.stock_location_stock,stock.warehouse0,internal,base.main_company
__setup__.stock_location_1320_C_2,1320 C 2,1320 C 2,stock.stock_location_stock,stock.warehouse0,internal,base.main_company
__setup__.stock_location_1320_C_3,1320 C 3,1320 C 3,stock.stock_location_stock,stock.warehouse0,internal,base.main_company
__setup__.stock_location_1320_C_4,1320 C 4,1320 C 4,stock.stock_location_stock,stock.warehouse0,internal,base.main_company
__setup__.stock_location_1320_C_5,1320 C 5,1320 C 5,stock.stock_location_stock,stock.warehouse0,internal,base.main_company
__setup__.stock_location_1320_D_1,1320 D 1,1320 D 1,stock.stock_location_stock,stock.warehouse0,internal,base.main_company
__setup__.stock_location_1320_D_2,1320 D 2,1320 D 2,stock.stock_location_stock,stock.warehouse0,internal,base.main_company
__setup__.stock_location_1320_D_3,1320 D 3,1320 D 3,stock.stock_location_stock,stock.warehouse0,internal,base.main_company
__setup__.stock_location_1320_D_4,1320 D 4,1320 D 4,stock.stock_location_stock,stock.warehouse0,internal,base.main_company
__setup__.stock_location_1320_D_5,1320 D 5,1320 D 5,stock.stock_location_stock,stock.warehouse0,internal,base.main_company
__setup__.stock_location_1320_E_1,1320 E 1,1320 E 1,stock.stock_location_stock,stock.warehouse0,internal,base.main_company
__setup__.stock_location_1320_E_2,1320 E 2,1320 E 2,stock.stock_location_stock,stock.warehouse0,internal,base.main_company
__setup__.stock_location_1320_E_3,1320 E 3,1320 E 3,stock.stock_location_stock,stock.warehouse0,internal,base.main_company
__setup__.stock_location_1320_E_4,1320 E 4,1320 E 4,stock.stock_location_stock,stock.warehouse0,internal,base.main_company
__setup__.stock_location_1320_E_5,1320 E 5,1320 E 5,stock.stock_location_stock,stock.warehouse0,internal,base.main_company
__setup__.stock_location_1320_F_1,1320 F 1,1320 F 1,stock.stock_location_stock,stock.warehouse0,internal,base.main_company
__setup__.stock_location_1320_F_2,1320 F 2,1320 F 2,stock.stock_location_stock,stock.warehouse0,internal,base.main_company
__setup__.stock_location_1320_F_3,1320 F 3,1320 F 3,stock.stock_location_stock,stock.warehouse0,internal,base.main_company
__setup__.stock_location_1320_F_4,1320 F 4,1320 F 4,stock.stock_location_stock,stock.warehouse0,internal,base.main_company
__setup__.stock_location_1320_F_5,1320 F 5,1320 F 5,stock.stock_location_stock,stock.warehouse0,internal,base.main_company
__setup__.stock_location_1320_G_1,1320 G 1,1320 G 1,stock.stock_location_stock,stock.warehouse0,internal,base.main_company
__setup__.stock_location_1320_G_2,1320 G 2,1320 G 2,stock.stock_location_stock,stock.warehouse0,internal,base.main_company
__setup__.stock_location_1320_G_3,1320 G 3,1320 G 3,stock.stock_location_stock,stock.warehouse0,internal,base.main_company
__setup__.stock_location_1320_G_4,1320 G 4,1320 G 4,stock.stock_location_stock,stock.warehouse0,internal,base.main_company
__setup__.stock_location_1320_G_5,1320 G 5,1320 G 5,stock.stock_location_stock,stock.warehouse0,internal,base.main_company
__setup__.stock_location_1321_A_1,1321 A 1,1321 A 1,stock.stock_location_stock,stock.warehouse0,internal,base.main_company
__setup__.stock_location_1321_A_2,1321 A 2,1321 A 2,stock.stock_location_stock,stock.warehouse0,internal,base.main_company
__setup__.stock_location_1321_A_3,1321 A 3,1321 A 3,stock.stock_location_stock,stock.warehouse0,internal,base.main_company
__setup__.stock_location_1321_A_4,1321 A 4,1321 A 4,stock.stock_location_stock,stock.warehouse0,internal,base.main_company
__setup__.stock_location_1321_A_5,1321 A 5,1321 A 5,stock.stock_location_stock,stock.warehouse0,internal,base.main_company
__setup__.stock_location_1321_B_1,1321 B 1,1321 B 1,stock.stock_location_stock,stock.warehouse0,internal,base.main_company
__setup__.stock_location_1321_B_2,1321 B 2,1321 B 2,stock.stock_location_stock,stock.warehouse0,internal,base.main_company
__setup__.stock_location_1321_B_3,1321 B 3,1321 B 3,stock.stock_location_stock,stock.warehouse0,internal,base.main_company
__setup__.stock_location_1321_B_4,1321 B 4,1321 B 4,stock.stock_location_stock,stock.warehouse0,internal,base.main_company
__setup__.stock_location_1321_B_5,1321 B 5,1321 B 5,stock.stock_location_stock,stock.warehouse0,internal,base.main_company
__setup__.stock_location_1321_C_1,1321 C 1,1321 C 1,stock.stock_location_stock,stock.warehouse0,internal,base.main_company
__setup__.stock_location_1321_C_2,1321 C 2,1321 C 2,stock.stock_location_stock,stock.warehouse0,internal,base.main_company
__setup__.stock_location_1321_C_3,1321 C 3,1321 C 3,stock.stock_location_stock,stock.warehouse0,internal,base.main_company
__setup__.stock_location_1321_C_4,1321 C 4,1321 C 4,stock.stock_location_stock,stock.warehouse0,internal,base.main_company
__setup__.stock_location_1321_C_5,1321 C 5,1321 C 5,stock.stock_location_stock,stock.warehouse0,internal,base.main_company
__setup__.stock_location_1321_D_1,1321 D 1,1321 D 1,stock.stock_location_stock,stock.warehouse0,internal,base.main_company
__setup__.stock_location_1321_D_2,1321 D 2,1321 D 2,stock.stock_location_stock,stock.warehouse0,internal,base.main_company
__setup__.stock_location_1321_D_3,1321 D 3,1321 D 3,stock.stock_location_stock,stock.warehouse0,internal,base.main_company
__setup__.stock_location_1321_D_4,1321 D 4,1321 D 4,stock.stock_location_stock,stock.warehouse0,internal,base.main_company
__setup__.stock_location_1321_D_5,1321 D 5,1321 D 5,stock.stock_location_stock,stock.warehouse0,internal,base.main_company
__setup__.stock_location_1321_E_1,1321 E 1,1321 E 1,stock.stock_location_stock,stock.warehouse0,internal,base.main_company
__setup__.stock_location_1321_E_2,1321 E 2,1321 E 2,stock.stock_location_stock,stock.warehouse0,internal,base.main_company
__setup__.stock_location_1321_E_3,1321 E 3,1321 E 3,stock.stock_location_stock,stock.warehouse0,internal,base.main_company
__setup__.stock_location_1321_E_4,1321 E 4,1321 E 4,stock.stock_location_stock,stock.warehouse0,internal,base.main_company
__setup__.stock_location_1321_E_5,1321 E 5,1321 E 5,stock.stock_location_stock,stock.warehouse0,internal,base.main_company
__setup__.stock_location_1321_F_1,1321 F 1,1321 F 1,stock.stock_location_stock,stock.warehouse0,internal,base.main_company
__setup__.stock_location_1321_F_2,1321 F 2,1321 F 2,stock.stock_location_stock,stock.warehouse0,internal,base.main_company
__setup__.stock_location_1321_F_3,1321 F 3,1321 F 3,stock.stock_location_stock,stock.warehouse0,internal,base.main_company
__setup__.stock_location_1321_F_4,1321 F 4,1321 F 4,stock.stock_location_stock,stock.warehouse0,internal,base.main_company
__setup__.stock_location_1321_F_5,1321 F 5,1321 F 5,stock.stock_location_stock,stock.warehouse0,internal,base.main_company
__setup__.stock_location_1321_G_1,1321 G 1,1321 G 1,stock.stock_location_stock,stock.warehouse0,internal,base.main_company
__setup__.stock_location_1321_G_2,1321 G 2,1321 G 2,stock.stock_location_stock,stock.warehouse0,internal,base.main_company
__setup__.stock_location_1321_G_3,1321 G 3,1321 G 3,stock.stock_location_stock,stock.warehouse0,internal,base.main_company
__setup__.stock_location_1321_G_4,1321 G 4,1321 G 4,stock.stock_location_stock,stock.warehouse0,internal,base.main_company
__setup__.stock_location_1321_G_5,1321 G 5,1321 G 5,stock.stock_location_stock,stock.warehouse0,internal,base.main_company
__setup__.stock_location_1322_A_1,1322 A 1,1322 A 1,stock.stock_location_stock,stock.warehouse0,internal,base.main_company
__setup__.stock_location_1322_A_2,1322 A 2,1322 A 2,stock.stock_location_stock,stock.warehouse0,internal,base.main_company
__setup__.stock_location_1322_A_3,1322 A 3,1322 A 3,stock.stock_location_stock,stock.warehouse0,internal,base.main_company
__setup__.stock_location_1322_A_4,1322 A 4,1322 A 4,stock.stock_location_stock,stock.warehouse0,internal,base.main_company
__setup__.stock_location_1322_A_5,1322 A 5,1322 A 5,stock.stock_location_stock,stock.warehouse0,internal,base.main_company
__setup__.stock_location_1322_B_1,1322 B 1,1322 B 1,stock.stock_location_stock,stock.warehouse0,internal,base.main_company
__setup__.stock_location_1322_B_2,1322 B 2,1322 B 2,stock.stock_location_stock,stock.warehouse0,internal,base.main_company
__setup__.stock_location_1322_B_3,1322 B 3,1322 B 3,stock.stock_location_stock,stock.warehouse0,internal,base.main_company
__setup__.stock_location_1322_B_4,1322 B 4,1322 B 4,stock.stock_location_stock,stock.warehouse0,internal,base.main_company
__setup__.stock_location_1322_B_5,1322 B 5,1322 B 5,stock.stock_location_stock,stock.warehouse0,internal,base.main_company
__setup__.stock_location_1322_C_1,1322 C 1,1322 C 1,stock.stock_location_stock,stock.warehouse0,internal,base.main_company
__setup__.stock_location_1322_C_2,1322 C 2,1322 C 2,stock.stock_location_stock,stock.warehouse0,internal,base.main_company
__setup__.stock_location_1322_C_3,1322 C 3,1322 C 3,stock.stock_location_stock,stock.warehouse0,internal,base.main_company
__setup__.stock_location_1322_C_4,1322 C 4,1322 C 4,stock.stock_location_stock,stock.warehouse0,internal,base.main_company
__setup__.stock_location_1322_C_5,1322 C 5,1322 C 5,stock.stock_location_stock,stock.warehouse0,internal,base.main_company
__setup__.stock_location_1322_D_1,1322 D 1,1322 D 1,stock.stock_location_stock,stock.warehouse0,internal,base.main_company
__setup__.stock_location_1322_D_2,1322 D 2,1322 D 2,stock.stock_location_stock,stock.warehouse0,internal,base.main_company
__setup__.stock_location_1322_D_3,1322 D 3,1322 D 3,stock.stock_location_stock,stock.warehouse0,internal,base.main_company
__setup__.stock_location_1322_D_4,1322 D 4,1322 D 4,stock.stock_location_stock,stock.warehouse0,internal,base.main_company
__setup__.stock_location_1322_D_5,1322 D 5,1322 D 5,stock.stock_location_stock,stock.warehouse0,internal,base.main_company
__setup__.stock_location_1322_E_1,1322 E 1,1322 E 1,stock.stock_location_stock,stock.warehouse0,internal,base.main_company
__setup__.stock_location_1322_E_2,1322 E 2,1322 E 2,stock.stock_location_stock,stock.warehouse0,internal,base.main_company
__setup__.stock_location_1322_E_3,1322 E 3,1322 E 3,stock.stock_location_stock,stock.warehouse0,internal,base.main_company
__setup__.stock_location_1322_E_4,1322 E 4,1322 E 4,stock.stock_location_stock,stock.warehouse0,internal,base.main_company
__setup__.stock_location_1322_E_5,1322 E 5,1322 E 5,stock.stock_location_stock,stock.warehouse0,internal,base.main_company
__setup__.stock_location_1322_F_1,1322 F 1,1322 F 1,stock.stock_location_stock,stock.warehouse0,internal,base.main_company
__setup__.stock_location_1322_F_2,1322 F 2,1322 F 2,stock.stock_location_stock,stock.warehouse0,internal,base.main_company
__setup__.stock_location_1322_F_3,1322 F 3,1322 F 3,stock.stock_location_stock,stock.warehouse0,internal,base.main_company
__setup__.stock_location_1322_F_4,1322 F 4,1322 F 4,stock.stock_location_stock,stock.warehouse0,internal,base.main_company
__setup__.stock_location_1322_F_5,1322 F 5,1322 F 5,stock.stock_location_stock,stock.warehouse0,internal,base.main_company
__setup__.stock_location_1322_G_1,1322 G 1,1322 G 1,stock.stock_location_stock,stock.warehouse0,internal,base.main_company
__setup__.stock_location_1322_G_2,1322 G 2,1322 G 2,stock.stock_location_stock,stock.warehouse0,internal,base.main_company
__setup__.stock_location_1322_G_3,1322 G 3,1322 G 3,stock.stock_location_stock,stock.warehouse0,internal,base.main_company
__setup__.stock_location_1322_G_4,1322 G 4,1322 G 4,stock.stock_location_stock,stock.warehouse0,internal,base.main_company
__setup__.stock_location_1322_G_5,1322 G 5,1322 G 5,stock.stock_location_stock,stock.warehouse0,internal,base.main_company
__setup__.stock_location_1323_A_1,1323 A 1,1323 A 1,stock.stock_location_stock,stock.warehouse0,internal,base.main_company
__setup__.stock_location_1323_A_2,1323 A 2,1323 A 2,stock.stock_location_stock,stock.warehouse0,internal,base.main_company
__setup__.stock_location_1323_A_3,1323 A 3,1323 A 3,stock.stock_location_stock,stock.warehouse0,internal,base.main_company
__setup__.stock_location_1323_A_4,1323 A 4,1323 A 4,stock.stock_location_stock,stock.warehouse0,internal,base.main_company
__setup__.stock_location_1323_A_5,1323 A 5,1323 A 5,stock.stock_location_stock,stock.warehouse0,internal,base.main_company
__setup__.stock_location_1323_B_1,1323 B 1,1323 B 1,stock.stock_location_stock,stock.warehouse0,internal,base.main_company
__setup__.stock_location_1323_B_2,1323 B 2,1323 B 2,stock.stock_location_stock,stock.warehouse0,internal,base.main_company
__setup__.stock_location_1323_B_3,1323 B 3,1323 B 3,stock.stock_location_stock,stock.warehouse0,internal,base.main_company
__setup__.stock_location_1323_B_4,1323 B 4,1323 B 4,stock.stock_location_stock,stock.warehouse0,internal,base.main_company
__setup__.stock_location_1323_B_5,1323 B 5,1323 B 5,stock.stock_location_stock,stock.warehouse0,internal,base.main_company
__setup__.stock_location_1323_C_1,1323 C 1,1323 C 1,stock.stock_location_stock,stock.warehouse0,internal,base.main_company
__setup__.stock_location_1323_C_2,1323 C 2,1323 C 2,stock.stock_location_stock,stock.warehouse0,internal,base.main_company
__setup__.stock_location_1323_C_3,1323 C 3,1323 C 3,stock.stock_location_stock,stock.warehouse0,internal,base.main_company
__setup__.stock_location_1323_C_4,1323 C 4,1323 C 4,stock.stock_location_stock,stock.warehouse0,internal,base.main_company
__setup__.stock_location_1323_C_5,1323 C 5,1323 C 5,stock.stock_location_stock,stock.warehouse0,internal,base.main_company
__setup__.stock_location_1323_D_1,1323 D 1,1323 D 1,stock.stock_location_stock,stock.warehouse0,internal,base.main_company
__setup__.stock_location_1323_D_2,1323 D 2,1323 D 2,stock.stock_location_stock,stock.warehouse0,internal,base.main_company
__setup__.stock_location_1323_D_3,1323 D 3,1323 D 3,stock.stock_location_stock,stock.warehouse0,internal,base.main_company
__setup__.stock_location_1323_D_4,1323 D 4,1323 D 4,stock.stock_location_stock,stock.warehouse0,internal,base.main_company
__setup__.stock_location_1323_D_5,1323 D 5,1323 D 5,stock.stock_location_stock,stock.warehouse0,internal,base.main_company
__setup__.stock_location_1323_E_1,1323 E 1,1323 E 1,stock.stock_location_stock,stock.warehouse0,internal,base.main_company
__setup__.stock_location_1323_E_2,1323 E 2,1323 E 2,stock.stock_location_stock,stock.warehouse0,internal,base.main_company
__setup__.stock_location_1323_E_3,1323 E 3,1323 E 3,stock.stock_location_stock,stock.warehouse0,internal,base.main_company
__setup__.stock_location_1323_E_4,1323 E 4,1323 E 4,stock.stock_location_stock,stock.warehouse0,internal,base.main_company
__setup__.stock_location_1323_E_5,1323 E 5,1323 E 5,stock.stock_location_stock,stock.warehouse0,internal,base.main_company
__setup__.stock_location_1323_F_1,1323 F 1,1323 F 1,stock.stock_location_stock,stock.warehouse0,internal,base.main_company
__setup__.stock_location_1323_F_2,1323 F 2,1323 F 2,stock.stock_location_stock,stock.warehouse0,internal,base.main_company
__setup__.stock_location_1323_F_3,1323 F 3,1323 F 3,stock.stock_location_stock,stock.warehouse0,internal,base.main_company
__setup__.stock_location_1323_F_4,1323 F 4,1323 F 4,stock.stock_location_stock,stock.warehouse0,internal,base.main_company
__setup__.stock_location_1323_F_5,1323 F 5,1323 F 5,stock.stock_location_stock,stock.warehouse0,internal,base.main_company
__setup__.stock_location_1323_G_1,1323 G 1,1323 G 1,stock.stock_location_stock,stock.warehouse0,internal,base.main_company
__setup__.stock_location_1323_G_2,1323 G 2,1323 G 2,stock.stock_location_stock,stock.warehouse0,internal,base.main_company
__setup__.stock_location_1323_G_3,1323 G 3,1323 G 3,stock.stock_location_stock,stock.warehouse0,internal,base.main_company
__setup__.stock_location_1323_G_4,1323 G 4,1323 G 4,stock.stock_location_stock,stock.warehouse0,internal,base.main_company
__setup__.stock_location_1323_G_5,1323 G 5,1323 G 5,stock.stock_location_stock,stock.warehouse0,internal,base.main_company
__setup__.stock_location_1324_A_1,1324 A 1,1324 A 1,stock.stock_location_stock,stock.warehouse0,internal,base.main_company
__setup__.stock_location_1324_A_2,1324 A 2,1324 A 2,stock.stock_location_stock,stock.warehouse0,internal,base.main_company
__setup__.stock_location_1324_A_3,1324 A 3,1324 A 3,stock.stock_location_stock,stock.warehouse0,internal,base.main_company
__setup__.stock_location_1324_A_4,1324 A 4,1324 A 4,stock.stock_location_stock,stock.warehouse0,internal,base.main_company
__setup__.stock_location_1324_A_5,1324 A 5,1324 A 5,stock.stock_location_stock,stock.warehouse0,internal,base.main_company
__setup__.stock_location_1324_B_1,1324 B 1,1324 B 1,stock.stock_location_stock,stock.warehouse0,internal,base.main_company
__setup__.stock_location_1324_B_2,1324 B 2,1324 B 2,stock.stock_location_stock,stock.warehouse0,internal,base.main_company
__setup__.stock_location_1324_B_3,1324 B 3,1324 B 3,stock.stock_location_stock,stock.warehouse0,internal,base.main_company
__setup__.stock_location_1324_B_4,1324 B 4,1324 B 4,stock.stock_location_stock,stock.warehouse0,internal,base.main_company
__setup__.stock_location_1324_B_5,1324 B 5,1324 B 5,stock.stock_location_stock,stock.warehouse0,internal,base.main_company
__setup__.stock_location_1324_C_1,1324 C 1,1324 C 1,stock.stock_location_stock,stock.warehouse0,internal,base.main_company
__setup__.stock_location_1324_C_2,1324 C 2,1324 C 2,stock.stock_location_stock,stock.warehouse0,internal,base.main_company
__setup__.stock_location_1324_C_3,1324 C 3,1324 C 3,stock.stock_location_stock,stock.warehouse0,internal,base.main_company
__setup__.stock_location_1324_C_4,1324 C 4,1324 C 4,stock.stock_location_stock,stock.warehouse0,internal,base.main_company
__setup__.stock_location_1324_C_5,1324 C 5,1324 C 5,stock.stock_location_stock,stock.warehouse0,internal,base.main_company
__setup__.stock_location_1324_D_1,1324 D 1,1324 D 1,stock.stock_location_stock,stock.warehouse0,internal,base.main_company
__setup__.stock_location_1324_D_2,1324 D 2,1324 D 2,stock.stock_location_stock,stock.warehouse0,internal,base.main_company
__setup__.stock_location_1324_D_3,1324 D 3,1324 D 3,stock.stock_location_stock,stock.warehouse0,internal,base.main_company
__setup__.stock_location_1324_D_4,1324 D 4,1324 D 4,stock.stock_location_stock,stock.warehouse0,internal,base.main_company
__setup__.stock_location_1324_D_5,1324 D 5,1324 D 5,stock.stock_location_stock,stock.warehouse0,internal,base.main_company
__setup__.stock_location_1324_E_1,1324 E 1,1324 E 1,stock.stock_location_stock,stock.warehouse0,internal,base.main_company
__setup__.stock_location_1324_E_2,1324 E 2,1324 E 2,stock.stock_location_stock,stock.warehouse0,internal,base.main_company
__setup__.stock_location_1324_E_3,1324 E 3,1324 E 3,stock.stock_location_stock,stock.warehouse0,internal,base.main_company
__setup__.stock_location_1324_E_4,1324 E 4,1324 E 4,stock.stock_location_stock,stock.warehouse0,internal,base.main_company
__setup__.stock_location_1324_E_5,1324 E 5,1324 E 5,stock.stock_location_stock,stock.warehouse0,internal,base.main_company
__setup__.stock_location_1324_F_1,1324 F 1,1324 F 1,stock.stock_location_stock,stock.warehouse0,internal,base.main_company
__setup__.stock_location_1324_F_2,1324 F 2,1324 F 2,stock.stock_location_stock,stock.warehouse0,internal,base.main_company
__setup__.stock_location_1324_F_3,1324 F 3,1324 F 3,stock.stock_location_stock,stock.warehouse0,internal,base.main_company
__setup__.stock_location_1324_F_4,1324 F 4,1324 F 4,stock.stock_location_stock,stock.warehouse0,internal,base.main_company
__setup__.stock_location_1324_F_5,1324 F 5,1324 F 5,stock.stock_location_stock,stock.warehouse0,internal,base.main_company
__setup__.stock_location_1324_G_1,1324 G 1,1324 G 1,stock.stock_location_stock,stock.warehouse0,internal,base.main_company
__setup__.stock_location_1324_G_2,1324 G 2,1324 G 2,stock.stock_location_stock,stock.warehouse0,internal,base.main_company
__setup__.stock_location_1324_G_3,1324 G 3,1324 G 3,stock.stock_location_stock,stock.warehouse0,internal,base.main_company
__setup__.stock_location_1324_G_4,1324 G 4,1324 G 4,stock.stock_location_stock,stock.warehouse0,internal,base.main_company
__setup__.stock_location_1324_G_5,1324 G 5,1324 G 5,stock.stock_location_stock,stock.warehouse0,internal,base.main_company
__setup__.stock_location_1401_A_1,1401 A 1,1401 A 1,stock.stock_location_stock,stock.warehouse0,internal,base.main_company
__setup__.stock_location_1401_A_2,1401 A 2,1401 A 2,stock.stock_location_stock,stock.warehouse0,internal,base.main_company
__setup__.stock_location_1401_A_3,1401 A 3,1401 A 3,stock.stock_location_stock,stock.warehouse0,internal,base.main_company
__setup__.stock_location_1401_A_4,1401 A 4,1401 A 4,stock.stock_location_stock,stock.warehouse0,internal,base.main_company
__setup__.stock_location_1401_A_5,1401 A 5,1401 A 5,stock.stock_location_stock,stock.warehouse0,internal,base.main_company
__setup__.stock_location_1401_B_1,1401 B 1,1401 B 1,stock.stock_location_stock,stock.warehouse0,internal,base.main_company
__setup__.stock_location_1401_B_2,1401 B 2,1401 B 2,stock.stock_location_stock,stock.warehouse0,internal,base.main_company
__setup__.stock_location_1401_B_3,1401 B 3,1401 B 3,stock.stock_location_stock,stock.warehouse0,internal,base.main_company
__setup__.stock_location_1401_B_4,1401 B 4,1401 B 4,stock.stock_location_stock,stock.warehouse0,internal,base.main_company
__setup__.stock_location_1401_B_5,1401 B 5,1401 B 5,stock.stock_location_stock,stock.warehouse0,internal,base.main_company
__setup__.stock_location_1401_C_1,1401 C 1,1401 C 1,stock.stock_location_stock,stock.warehouse0,internal,base.main_company
__setup__.stock_location_1401_C_2,1401 C 2,1401 C 2,stock.stock_location_stock,stock.warehouse0,internal,base.main_company
__setup__.stock_location_1401_C_3,1401 C 3,1401 C 3,stock.stock_location_stock,stock.warehouse0,internal,base.main_company
__setup__.stock_location_1401_C_4,1401 C 4,1401 C 4,stock.stock_location_stock,stock.warehouse0,internal,base.main_company
__setup__.stock_location_1401_C_5,1401 C 5,1401 C 5,stock.stock_location_stock,stock.warehouse0,internal,base.main_company
__setup__.stock_location_1401_D_1,1401 D 1,1401 D 1,stock.stock_location_stock,stock.warehouse0,internal,base.main_company
__setup__.stock_location_1401_D_2,1401 D 2,1401 D 2,stock.stock_location_stock,stock.warehouse0,internal,base.main_company
__setup__.stock_location_1401_D_3,1401 D 3,1401 D 3,stock.stock_location_stock,stock.warehouse0,internal,base.main_company
__setup__.stock_location_1401_D_4,1401 D 4,1401 D 4,stock.stock_location_stock,stock.warehouse0,internal,base.main_company
__setup__.stock_location_1401_D_5,1401 D 5,1401 D 5,stock.stock_location_stock,stock.warehouse0,internal,base.main_company
__setup__.stock_location_1401_E_1,1401 E 1,1401 E 1,stock.stock_location_stock,stock.warehouse0,internal,base.main_company
__setup__.stock_location_1401_E_2,1401 E 2,1401 E 2,stock.stock_location_stock,stock.warehouse0,internal,base.main_company
__setup__.stock_location_1401_E_3,1401 E 3,1401 E 3,stock.stock_location_stock,stock.warehouse0,internal,base.main_company
__setup__.stock_location_1401_E_4,1401 E 4,1401 E 4,stock.stock_location_stock,stock.warehouse0,internal,base.main_company
__setup__.stock_location_1401_E_5,1401 E 5,1401 E 5,stock.stock_location_stock,stock.warehouse0,internal,base.main_company
__setup__.stock_location_1401_F_1,1401 F 1,1401 F 1,stock.stock_location_stock,stock.warehouse0,internal,base.main_company
__setup__.stock_location_1401_F_2,1401 F 2,1401 F 2,stock.stock_location_stock,stock.warehouse0,internal,base.main_company
__setup__.stock_location_1401_F_3,1401 F 3,1401 F 3,stock.stock_location_stock,stock.warehouse0,internal,base.main_company
__setup__.stock_location_1401_F_4,1401 F 4,1401 F 4,stock.stock_location_stock,stock.warehouse0,internal,base.main_company
__setup__.stock_location_1401_F_5,1401 F 5,1401 F 5,stock.stock_location_stock,stock.warehouse0,internal,base.main_company
__setup__.stock_location_1401_G_1,1401 G 1,1401 G 1,stock.stock_location_stock,stock.warehouse0,internal,base.main_company
__setup__.stock_location_1401_G_2,1401 G 2,1401 G 2,stock.stock_location_stock,stock.warehouse0,internal,base.main_company
__setup__.stock_location_1401_G_3,1401 G 3,1401 G 3,stock.stock_location_stock,stock.warehouse0,internal,base.main_company
__setup__.stock_location_1401_G_4,1401 G 4,1401 G 4,stock.stock_location_stock,stock.warehouse0,internal,base.main_company
__setup__.stock_location_1401_G_5,1401 G 5,1401 G 5,stock.stock_location_stock,stock.warehouse0,internal,base.main_company
__setup__.stock_location_1402_A_1,1402 A 1,1402 A 1,stock.stock_location_stock,stock.warehouse0,internal,base.main_company
__setup__.stock_location_1402_A_2,1402 A 2,1402 A 2,stock.stock_location_stock,stock.warehouse0,internal,base.main_company
__setup__.stock_location_1402_A_3,1402 A 3,1402 A 3,stock.stock_location_stock,stock.warehouse0,internal,base.main_company
__setup__.stock_location_1402_A_4,1402 A 4,1402 A 4,stock.stock_location_stock,stock.warehouse0,internal,base.main_company
__setup__.stock_location_1402_A_5,1402 A 5,1402 A 5,stock.stock_location_stock,stock.warehouse0,internal,base.main_company
__setup__.stock_location_1402_B_1,1402 B 1,1402 B 1,stock.stock_location_stock,stock.warehouse0,internal,base.main_company
__setup__.stock_location_1402_B_2,1402 B 2,1402 B 2,stock.stock_location_stock,stock.warehouse0,internal,base.main_company
__setup__.stock_location_1402_B_3,1402 B 3,1402 B 3,stock.stock_location_stock,stock.warehouse0,internal,base.main_company
__setup__.stock_location_1402_B_4,1402 B 4,1402 B 4,stock.stock_location_stock,stock.warehouse0,internal,base.main_company
__setup__.stock_location_1402_B_5,1402 B 5,1402 B 5,stock.stock_location_stock,stock.warehouse0,internal,base.main_company
__setup__.stock_location_1402_C_1,1402 C 1,1402 C 1,stock.stock_location_stock,stock.warehouse0,internal,base.main_company
__setup__.stock_location_1402_C_2,1402 C 2,1402 C 2,stock.stock_location_stock,stock.warehouse0,internal,base.main_company
__setup__.stock_location_1402_C_3,1402 C 3,1402 C 3,stock.stock_location_stock,stock.warehouse0,internal,base.main_company
__setup__.stock_location_1402_C_4,1402 C 4,1402 C 4,stock.stock_location_stock,stock.warehouse0,internal,base.main_company
__setup__.stock_location_1402_C_5,1402 C 5,1402 C 5,stock.stock_location_stock,stock.warehouse0,internal,base.main_company
__setup__.stock_location_1402_D_1,1402 D 1,1402 D 1,stock.stock_location_stock,stock.warehouse0,internal,base.main_company
__setup__.stock_location_1402_D_2,1402 D 2,1402 D 2,stock.stock_location_stock,stock.warehouse0,internal,base.main_company
__setup__.stock_location_1402_D_3,1402 D 3,1402 D 3,stock.stock_location_stock,stock.warehouse0,internal,base.main_company
__setup__.stock_location_1402_D_4,1402 D 4,1402 D 4,stock.stock_location_stock,stock.warehouse0,internal,base.main_company
__setup__.stock_location_1402_D_5,1402 D 5,1402 D 5,stock.stock_location_stock,stock.warehouse0,internal,base.main_company
__setup__.stock_location_1402_E_1,1402 E 1,1402 E 1,stock.stock_location_stock,stock.warehouse0,internal,base.main_company
__setup__.stock_location_1402_E_2,1402 E 2,1402 E 2,stock.stock_location_stock,stock.warehouse0,internal,base.main_company
__setup__.stock_location_1402_E_3,1402 E 3,1402 E 3,stock.stock_location_stock,stock.warehouse0,internal,base.main_company
__setup__.stock_location_1402_E_4,1402 E 4,1402 E 4,stock.stock_location_stock,stock.warehouse0,internal,base.main_company
__setup__.stock_location_1402_E_5,1402 E 5,1402 E 5,stock.stock_location_stock,stock.warehouse0,internal,base.main_company
__setup__.stock_location_1402_F_1,1402 F 1,1402 F 1,stock.stock_location_stock,stock.warehouse0,internal,base.main_company
__setup__.stock_location_1402_F_2,1402 F 2,1402 F 2,stock.stock_location_stock,stock.warehouse0,internal,base.main_company
__setup__.stock_location_1402_F_3,1402 F 3,1402 F 3,stock.stock_location_stock,stock.warehouse0,internal,base.main_company
__setup__.stock_location_1402_F_4,1402 F 4,1402 F 4,stock.stock_location_stock,stock.warehouse0,internal,base.main_company
__setup__.stock_location_1402_F_5,1402 F 5,1402 F 5,stock.stock_location_stock,stock.warehouse0,internal,base.main_company
__setup__.stock_location_1402_G_1,1402 G 1,1402 G 1,stock.stock_location_stock,stock.warehouse0,internal,base.main_company
__setup__.stock_location_1402_G_2,1402 G 2,1402 G 2,stock.stock_location_stock,stock.warehouse0,internal,base.main_company
__setup__.stock_location_1402_G_3,1402 G 3,1402 G 3,stock.stock_location_stock,stock.warehouse0,internal,base.main_company
__setup__.stock_location_1402_G_4,1402 G 4,1402 G 4,stock.stock_location_stock,stock.warehouse0,internal,base.main_company
__setup__.stock_location_1402_G_5,1402 G 5,1402 G 5,stock.stock_location_stock,stock.warehouse0,internal,base.main_company
__setup__.stock_location_1403_A_1,1403 A 1,1403 A 1,stock.stock_location_stock,stock.warehouse0,internal,base.main_company
__setup__.stock_location_1403_A_2,1403 A 2,1403 A 2,stock.stock_location_stock,stock.warehouse0,internal,base.main_company
__setup__.stock_location_1403_A_3,1403 A 3,1403 A 3,stock.stock_location_stock,stock.warehouse0,internal,base.main_company
__setup__.stock_location_1403_A_4,1403 A 4,1403 A 4,stock.stock_location_stock,stock.warehouse0,internal,base.main_company
__setup__.stock_location_1403_A_5,1403 A 5,1403 A 5,stock.stock_location_stock,stock.warehouse0,internal,base.main_company
__setup__.stock_location_1403_B_1,1403 B 1,1403 B 1,stock.stock_location_stock,stock.warehouse0,internal,base.main_company
__setup__.stock_location_1403_B_2,1403 B 2,1403 B 2,stock.stock_location_stock,stock.warehouse0,internal,base.main_company
__setup__.stock_location_1403_B_3,1403 B 3,1403 B 3,stock.stock_location_stock,stock.warehouse0,internal,base.main_company
__setup__.stock_location_1403_B_4,1403 B 4,1403 B 4,stock.stock_location_stock,stock.warehouse0,internal,base.main_company
__setup__.stock_location_1403_B_5,1403 B 5,1403 B 5,stock.stock_location_stock,stock.warehouse0,internal,base.main_company
__setup__.stock_location_1403_C_1,1403 C 1,1403 C 1,stock.stock_location_stock,stock.warehouse0,internal,base.main_company
__setup__.stock_location_1403_C_2,1403 C 2,1403 C 2,stock.stock_location_stock,stock.warehouse0,internal,base.main_company
__setup__.stock_location_1403_C_3,1403 C 3,1403 C 3,stock.stock_location_stock,stock.warehouse0,internal,base.main_company
__setup__.stock_location_1403_C_4,1403 C 4,1403 C 4,stock.stock_location_stock,stock.warehouse0,internal,base.main_company
__setup__.stock_location_1403_C_5,1403 C 5,1403 C 5,stock.stock_location_stock,stock.warehouse0,internal,base.main_company
__setup__.stock_location_1403_D_1,1403 D 1,1403 D 1,stock.stock_location_stock,stock.warehouse0,internal,base.main_company
__setup__.stock_location_1403_D_2,1403 D 2,1403 D 2,stock.stock_location_stock,stock.warehouse0,internal,base.main_company
__setup__.stock_location_1403_D_3,1403 D 3,1403 D 3,stock.stock_location_stock,stock.warehouse0,internal,base.main_company
__setup__.stock_location_1403_D_4,1403 D 4,1403 D 4,stock.stock_location_stock,stock.warehouse0,internal,base.main_company
__setup__.stock_location_1403_D_5,1403 D 5,1403 D 5,stock.stock_location_stock,stock.warehouse0,internal,base.main_company
__setup__.stock_location_1403_E_1,1403 E 1,1403 E 1,stock.stock_location_stock,stock.warehouse0,internal,base.main_company
__setup__.stock_location_1403_E_2,1403 E 2,1403 E 2,stock.stock_location_stock,stock.warehouse0,internal,base.main_company
__setup__.stock_location_1403_E_3,1403 E 3,1403 E 3,stock.stock_location_stock,stock.warehouse0,internal,base.main_company
__setup__.stock_location_1403_E_4,1403 E 4,1403 E 4,stock.stock_location_stock,stock.warehouse0,internal,base.main_company
__setup__.stock_location_1403_E_5,1403 E 5,1403 E 5,stock.stock_location_stock,stock.warehouse0,internal,base.main_company
__setup__.stock_location_1403_F_1,1403 F 1,1403 F 1,stock.stock_location_stock,stock.warehouse0,internal,base.main_company
__setup__.stock_location_1403_F_2,1403 F 2,1403 F 2,stock.stock_location_stock,stock.warehouse0,internal,base.main_company
__setup__.stock_location_1403_F_3,1403 F 3,1403 F 3,stock.stock_location_stock,stock.warehouse0,internal,base.main_company
__setup__.stock_location_1403_F_4,1403 F 4,1403 F 4,stock.stock_location_stock,stock.warehouse0,internal,base.main_company
__setup__.stock_location_1403_F_5,1403 F 5,1403 F 5,stock.stock_location_stock,stock.warehouse0,internal,base.main_company
__setup__.stock_location_1403_G_1,1403 G 1,1403 G 1,stock.stock_location_stock,stock.warehouse0,internal,base.main_company
__setup__.stock_location_1403_G_2,1403 G 2,1403 G 2,stock.stock_location_stock,stock.warehouse0,internal,base.main_company
__setup__.stock_location_1403_G_3,1403 G 3,1403 G 3,stock.stock_location_stock,stock.warehouse0,internal,base.main_company
__setup__.stock_location_1403_G_4,1403 G 4,1403 G 4,stock.stock_location_stock,stock.warehouse0,internal,base.main_company
__setup__.stock_location_1403_G_5,1403 G 5,1403 G 5,stock.stock_location_stock,stock.warehouse0,internal,base.main_company
__setup__.stock_location_1404_A_1,1404 A 1,1404 A 1,stock.stock_location_stock,stock.warehouse0,internal,base.main_company
__setup__.stock_location_1404_A_2,1404 A 2,1404 A 2,stock.stock_location_stock,stock.warehouse0,internal,base.main_company
__setup__.stock_location_1404_A_3,1404 A 3,1404 A 3,stock.stock_location_stock,stock.warehouse0,internal,base.main_company
__setup__.stock_location_1404_A_4,1404 A 4,1404 A 4,stock.stock_location_stock,stock.warehouse0,internal,base.main_company
__setup__.stock_location_1404_A_5,1404 A 5,1404 A 5,stock.stock_location_stock,stock.warehouse0,internal,base.main_company
__setup__.stock_location_1404_B_1,1404 B 1,1404 B 1,stock.stock_location_stock,stock.warehouse0,internal,base.main_company
__setup__.stock_location_1404_B_2,1404 B 2,1404 B 2,stock.stock_location_stock,stock.warehouse0,internal,base.main_company
__setup__.stock_location_1404_B_3,1404 B 3,1404 B 3,stock.stock_location_stock,stock.warehouse0,internal,base.main_company
__setup__.stock_location_1404_B_4,1404 B 4,1404 B 4,stock.stock_location_stock,stock.warehouse0,internal,base.main_company
__setup__.stock_location_1404_B_5,1404 B 5,1404 B 5,stock.stock_location_stock,stock.warehouse0,internal,base.main_company
__setup__.stock_location_1404_C_1,1404 C 1,1404 C 1,stock.stock_location_stock,stock.warehouse0,internal,base.main_company
__setup__.stock_location_1404_C_2,1404 C 2,1404 C 2,stock.stock_location_stock,stock.warehouse0,internal,base.main_company
__setup__.stock_location_1404_C_3,1404 C 3,1404 C 3,stock.stock_location_stock,stock.warehouse0,internal,base.main_company
__setup__.stock_location_1404_C_4,1404 C 4,1404 C 4,stock.stock_location_stock,stock.warehouse0,internal,base.main_company
__setup__.stock_location_1404_C_5,1404 C 5,1404 C 5,stock.stock_location_stock,stock.warehouse0,internal,base.main_company
__setup__.stock_location_1404_D_1,1404 D 1,1404 D 1,stock.stock_location_stock,stock.warehouse0,internal,base.main_company
__setup__.stock_location_1404_D_2,1404 D 2,1404 D 2,stock.stock_location_stock,stock.warehouse0,internal,base.main_company
__setup__.stock_location_1404_D_3,1404 D 3,1404 D 3,stock.stock_location_stock,stock.warehouse0,internal,base.main_company
__setup__.stock_location_1404_D_4,1404 D 4,1404 D 4,stock.stock_location_stock,stock.warehouse0,internal,base.main_company
__setup__.stock_location_1404_D_5,1404 D 5,1404 D 5,stock.stock_location_stock,stock.warehouse0,internal,base.main_company
__setup__.stock_location_1404_E_1,1404 E 1,1404 E 1,stock.stock_location_stock,stock.warehouse0,internal,base.main_company
__setup__.stock_location_1404_E_2,1404 E 2,1404 E 2,stock.stock_location_stock,stock.warehouse0,internal,base.main_company
__setup__.stock_location_1404_E_3,1404 E 3,1404 E 3,stock.stock_location_stock,stock.warehouse0,internal,base.main_company
__setup__.stock_location_1404_E_4,1404 E 4,1404 E 4,stock.stock_location_stock,stock.warehouse0,internal,base.main_company
__setup__.stock_location_1404_E_5,1404 E 5,1404 E 5,stock.stock_location_stock,stock.warehouse0,internal,base.main_company
__setup__.stock_location_1404_F_1,1404 F 1,1404 F 1,stock.stock_location_stock,stock.warehouse0,internal,base.main_company
__setup__.stock_location_1404_F_2,1404 F 2,1404 F 2,stock.stock_location_stock,stock.warehouse0,internal,base.main_company
__setup__.stock_location_1404_F_3,1404 F 3,1404 F 3,stock.stock_location_stock,stock.warehouse0,internal,base.main_company
__setup__.stock_location_1404_F_4,1404 F 4,1404 F 4,stock.stock_location_stock,stock.warehouse0,internal,base.main_company
__setup__.stock_location_1404_F_5,1404 F 5,1404 F 5,stock.stock_location_stock,stock.warehouse0,internal,base.main_company
__setup__.stock_location_1404_G_1,1404 G 1,1404 G 1,stock.stock_location_stock,stock.warehouse0,internal,base.main_company
__setup__.stock_location_1404_G_2,1404 G 2,1404 G 2,stock.stock_location_stock,stock.warehouse0,internal,base.main_company
__setup__.stock_location_1404_G_3,1404 G 3,1404 G 3,stock.stock_location_stock,stock.warehouse0,internal,base.main_company
__setup__.stock_location_1404_G_4,1404 G 4,1404 G 4,stock.stock_location_stock,stock.warehouse0,internal,base.main_company
__setup__.stock_location_1404_G_5,1404 G 5,1404 G 5,stock.stock_location_stock,stock.warehouse0,internal,base.main_company
__setup__.stock_location_1501_A_1,1501 A 1,1501 A 1,stock.stock_location_stock,stock.warehouse0,internal,base.main_company
__setup__.stock_location_1501_A_2,1501 A 2,1501 A 2,stock.stock_location_stock,stock.warehouse0,internal,base.main_company
__setup__.stock_location_1501_A_3,1501 A 3,1501 A 3,stock.stock_location_stock,stock.warehouse0,internal,base.main_company
__setup__.stock_location_1501_A_4,1501 A 4,1501 A 4,stock.stock_location_stock,stock.warehouse0,internal,base.main_company
__setup__.stock_location_1501_A_5,1501 A 5,1501 A 5,stock.stock_location_stock,stock.warehouse0,internal,base.main_company
__setup__.stock_location_1501_B_1,1501 B 1,1501 B 1,stock.stock_location_stock,stock.warehouse0,internal,base.main_company
__setup__.stock_location_1501_B_2,1501 B 2,1501 B 2,stock.stock_location_stock,stock.warehouse0,internal,base.main_company
__setup__.stock_location_1501_B_3,1501 B 3,1501 B 3,stock.stock_location_stock,stock.warehouse0,internal,base.main_company
__setup__.stock_location_1501_B_4,1501 B 4,1501 B 4,stock.stock_location_stock,stock.warehouse0,internal,base.main_company
__setup__.stock_location_1501_B_5,1501 B 5,1501 B 5,stock.stock_location_stock,stock.warehouse0,internal,base.main_company
__setup__.stock_location_1501_C_1,1501 C 1,1501 C 1,stock.stock_location_stock,stock.warehouse0,internal,base.main_company
__setup__.stock_location_1501_C_2,1501 C 2,1501 C 2,stock.stock_location_stock,stock.warehouse0,internal,base.main_company
__setup__.stock_location_1501_C_3,1501 C 3,1501 C 3,stock.stock_location_stock,stock.warehouse0,internal,base.main_company
__setup__.stock_location_1501_C_4,1501 C 4,1501 C 4,stock.stock_location_stock,stock.warehouse0,internal,base.main_company
__setup__.stock_location_1501_C_5,1501 C 5,1501 C 5,stock.stock_location_stock,stock.warehouse0,internal,base.main_company
__setup__.stock_location_1501_D_1,1501 D 1,1501 D 1,stock.stock_location_stock,stock.warehouse0,internal,base.main_company
__setup__.stock_location_1501_D_2,1501 D 2,1501 D 2,stock.stock_location_stock,stock.warehouse0,internal,base.main_company
__setup__.stock_location_1501_D_3,1501 D 3,1501 D 3,stock.stock_location_stock,stock.warehouse0,internal,base.main_company
__setup__.stock_location_1501_D_4,1501 D 4,1501 D 4,stock.stock_location_stock,stock.warehouse0,internal,base.main_company
__setup__.stock_location_1501_D_5,1501 D 5,1501 D 5,stock.stock_location_stock,stock.warehouse0,internal,base.main_company
__setup__.stock_location_1501_E_1,1501 E 1,1501 E 1,stock.stock_location_stock,stock.warehouse0,internal,base.main_company
__setup__.stock_location_1501_E_2,1501 E 2,1501 E 2,stock.stock_location_stock,stock.warehouse0,internal,base.main_company
__setup__.stock_location_1501_E_3,1501 E 3,1501 E 3,stock.stock_location_stock,stock.warehouse0,internal,base.main_company
__setup__.stock_location_1501_E_4,1501 E 4,1501 E 4,stock.stock_location_stock,stock.warehouse0,internal,base.main_company
__setup__.stock_location_1501_E_5,1501 E 5,1501 E 5,stock.stock_location_stock,stock.warehouse0,internal,base.main_company
__setup__.stock_location_1501_F_1,1501 F 1,1501 F 1,stock.stock_location_stock,stock.warehouse0,internal,base.main_company
__setup__.stock_location_1501_F_2,1501 F 2,1501 F 2,stock.stock_location_stock,stock.warehouse0,internal,base.main_company
__setup__.stock_location_1501_F_3,1501 F 3,1501 F 3,stock.stock_location_stock,stock.warehouse0,internal,base.main_company
__setup__.stock_location_1501_F_4,1501 F 4,1501 F 4,stock.stock_location_stock,stock.warehouse0,internal,base.main_company
__setup__.stock_location_1501_F_5,1501 F 5,1501 F 5,stock.stock_location_stock,stock.warehouse0,internal,base.main_company
__setup__.stock_location_1501_G_1,1501 G 1,1501 G 1,stock.stock_location_stock,stock.warehouse0,internal,base.main_company
__setup__.stock_location_1501_G_2,1501 G 2,1501 G 2,stock.stock_location_stock,stock.warehouse0,internal,base.main_company
__setup__.stock_location_1501_G_3,1501 G 3,1501 G 3,stock.stock_location_stock,stock.warehouse0,internal,base.main_company
__setup__.stock_location_1501_G_4,1501 G 4,1501 G 4,stock.stock_location_stock,stock.warehouse0,internal,base.main_company
__setup__.stock_location_1501_G_5,1501 G 5,1501 G 5,stock.stock_location_stock,stock.warehouse0,internal,base.main_company
__setup__.stock_location_1502_A_1,1502 A 1,1502 A 1,stock.stock_location_stock,stock.warehouse0,internal,base.main_company
__setup__.stock_location_1502_A_2,1502 A 2,1502 A 2,stock.stock_location_stock,stock.warehouse0,internal,base.main_company
__setup__.stock_location_1502_A_3,1502 A 3,1502 A 3,stock.stock_location_stock,stock.warehouse0,internal,base.main_company
__setup__.stock_location_1502_A_4,1502 A 4,1502 A 4,stock.stock_location_stock,stock.warehouse0,internal,base.main_company
__setup__.stock_location_1502_A_5,1502 A 5,1502 A 5,stock.stock_location_stock,stock.warehouse0,internal,base.main_company
__setup__.stock_location_1502_B_1,1502 B 1,1502 B 1,stock.stock_location_stock,stock.warehouse0,internal,base.main_company
__setup__.stock_location_1502_B_2,1502 B 2,1502 B 2,stock.stock_location_stock,stock.warehouse0,internal,base.main_company
__setup__.stock_location_1502_B_3,1502 B 3,1502 B 3,stock.stock_location_stock,stock.warehouse0,internal,base.main_company
__setup__.stock_location_1502_B_4,1502 B 4,1502 B 4,stock.stock_location_stock,stock.warehouse0,internal,base.main_company
__setup__.stock_location_1502_B_5,1502 B 5,1502 B 5,stock.stock_location_stock,stock.warehouse0,internal,base.main_company
__setup__.stock_location_1502_C_1,1502 C 1,1502 C 1,stock.stock_location_stock,stock.warehouse0,internal,base.main_company
__setup__.stock_location_1502_C_2,1502 C 2,1502 C 2,stock.stock_location_stock,stock.warehouse0,internal,base.main_company
__setup__.stock_location_1502_C_3,1502 C 3,1502 C 3,stock.stock_location_stock,stock.warehouse0,internal,base.main_company
__setup__.stock_location_1502_C_4,1502 C 4,1502 C 4,stock.stock_location_stock,stock.warehouse0,internal,base.main_company
__setup__.stock_location_1502_C_5,1502 C 5,1502 C 5,stock.stock_location_stock,stock.warehouse0,internal,base.main_company
__setup__.stock_location_1502_D_1,1502 D 1,1502 D 1,stock.stock_location_stock,stock.warehouse0,internal,base.main_company
__setup__.stock_location_1502_D_2,1502 D 2,1502 D 2,stock.stock_location_stock,stock.warehouse0,internal,base.main_company
__setup__.stock_location_1502_D_3,1502 D 3,1502 D 3,stock.stock_location_stock,stock.warehouse0,internal,base.main_company
__setup__.stock_location_1502_D_4,1502 D 4,1502 D 4,stock.stock_location_stock,stock.warehouse0,internal,base.main_company
__setup__.stock_location_1502_D_5,1502 D 5,1502 D 5,stock.stock_location_stock,stock.warehouse0,internal,base.main_company
__setup__.stock_location_1502_E_1,1502 E 1,1502 E 1,stock.stock_location_stock,stock.warehouse0,internal,base.main_company
__setup__.stock_location_1502_E_2,1502 E 2,1502 E 2,stock.stock_location_stock,stock.warehouse0,internal,base.main_company
__setup__.stock_location_1502_E_3,1502 E 3,1502 E 3,stock.stock_location_stock,stock.warehouse0,internal,base.main_company
__setup__.stock_location_1502_E_4,1502 E 4,1502 E 4,stock.stock_location_stock,stock.warehouse0,internal,base.main_company
__setup__.stock_location_1502_E_5,1502 E 5,1502 E 5,stock.stock_location_stock,stock.warehouse0,internal,base.main_company
__setup__.stock_location_1502_F_1,1502 F 1,1502 F 1,stock.stock_location_stock,stock.warehouse0,internal,base.main_company
__setup__.stock_location_1502_F_2,1502 F 2,1502 F 2,stock.stock_location_stock,stock.warehouse0,internal,base.main_company
__setup__.stock_location_1502_F_3,1502 F 3,1502 F 3,stock.stock_location_stock,stock.warehouse0,internal,base.main_company
__setup__.stock_location_1502_F_4,1502 F 4,1502 F 4,stock.stock_location_stock,stock.warehouse0,internal,base.main_company
__setup__.stock_location_1502_F_5,1502 F 5,1502 F 5,stock.stock_location_stock,stock.warehouse0,internal,base.main_company
__setup__.stock_location_1502_G_1,1502 G 1,1502 G 1,stock.stock_location_stock,stock.warehouse0,internal,base.main_company
__setup__.stock_location_1502_G_2,1502 G 2,1502 G 2,stock.stock_location_stock,stock.warehouse0,internal,base.main_company
__setup__.stock_location_1502_G_3,1502 G 3,1502 G 3,stock.stock_location_stock,stock.warehouse0,internal,base.main_company
__setup__.stock_location_1502_G_4,1502 G 4,1502 G 4,stock.stock_location_stock,stock.warehouse0,internal,base.main_company
__setup__.stock_location_1502_G_5,1502 G 5,1502 G 5,stock.stock_location_stock,stock.warehouse0,internal,base.main_company
__setup__.stock_location_1503_A_1,1503 A 1,1503 A 1,stock.stock_location_stock,stock.warehouse0,internal,base.main_company
__setup__.stock_location_1503_A_2,1503 A 2,1503 A 2,stock.stock_location_stock,stock.warehouse0,internal,base.main_company
__setup__.stock_location_1503_A_3,1503 A 3,1503 A 3,stock.stock_location_stock,stock.warehouse0,internal,base.main_company
__setup__.stock_location_1503_A_4,1503 A 4,1503 A 4,stock.stock_location_stock,stock.warehouse0,internal,base.main_company
__setup__.stock_location_1503_A_5,1503 A 5,1503 A 5,stock.stock_location_stock,stock.warehouse0,internal,base.main_company
__setup__.stock_location_1503_B_1,1503 B 1,1503 B 1,stock.stock_location_stock,stock.warehouse0,internal,base.main_company
__setup__.stock_location_1503_B_2,1503 B 2,1503 B 2,stock.stock_location_stock,stock.warehouse0,internal,base.main_company
__setup__.stock_location_1503_B_3,1503 B 3,1503 B 3,stock.stock_location_stock,stock.warehouse0,internal,base.main_company
__setup__.stock_location_1503_B_4,1503 B 4,1503 B 4,stock.stock_location_stock,stock.warehouse0,internal,base.main_company
__setup__.stock_location_1503_B_5,1503 B 5,1503 B 5,stock.stock_location_stock,stock.warehouse0,internal,base.main_company
__setup__.stock_location_1503_C_1,1503 C 1,1503 C 1,stock.stock_location_stock,stock.warehouse0,internal,base.main_company
__setup__.stock_location_1503_C_2,1503 C 2,1503 C 2,stock.stock_location_stock,stock.warehouse0,internal,base.main_company
__setup__.stock_location_1503_C_3,1503 C 3,1503 C 3,stock.stock_location_stock,stock.warehouse0,internal,base.main_company
__setup__.stock_location_1503_C_4,1503 C 4,1503 C 4,stock.stock_location_stock,stock.warehouse0,internal,base.main_company
__setup__.stock_location_1503_C_5,1503 C 5,1503 C 5,stock.stock_location_stock,stock.warehouse0,internal,base.main_company
__setup__.stock_location_1503_D_1,1503 D 1,1503 D 1,stock.stock_location_stock,stock.warehouse0,internal,base.main_company
__setup__.stock_location_1503_D_2,1503 D 2,1503 D 2,stock.stock_location_stock,stock.warehouse0,internal,base.main_company
__setup__.stock_location_1503_D_3,1503 D 3,1503 D 3,stock.stock_location_stock,stock.warehouse0,internal,base.main_company
__setup__.stock_location_1503_D_4,1503 D 4,1503 D 4,stock.stock_location_stock,stock.warehouse0,internal,base.main_company
__setup__.stock_location_1503_D_5,1503 D 5,1503 D 5,stock.stock_location_stock,stock.warehouse0,internal,base.main_company
__setup__.stock_location_1503_E_1,1503 E 1,1503 E 1,stock.stock_location_stock,stock.warehouse0,internal,base.main_company
__setup__.stock_location_1503_E_2,1503 E 2,1503 E 2,stock.stock_location_stock,stock.warehouse0,internal,base.main_company
__setup__.stock_location_1503_E_3,1503 E 3,1503 E 3,stock.stock_location_stock,stock.warehouse0,internal,base.main_company
__setup__.stock_location_1503_E_4,1503 E 4,1503 E 4,stock.stock_location_stock,stock.warehouse0,internal,base.main_company
__setup__.stock_location_1503_E_5,1503 E 5,1503 E 5,stock.stock_location_stock,stock.warehouse0,internal,base.main_company
__setup__.stock_location_1503_F_1,1503 F 1,1503 F 1,stock.stock_location_stock,stock.warehouse0,internal,base.main_company
__setup__.stock_location_1503_F_2,1503 F 2,1503 F 2,stock.stock_location_stock,stock.warehouse0,internal,base.main_company
__setup__.stock_location_1503_F_3,1503 F 3,1503 F 3,stock.stock_location_stock,stock.warehouse0,internal,base.main_company
__setup__.stock_location_1503_F_4,1503 F 4,1503 F 4,stock.stock_location_stock,stock.warehouse0,internal,base.main_company
__setup__.stock_location_1503_F_5,1503 F 5,1503 F 5,stock.stock_location_stock,stock.warehouse0,internal,base.main_company
__setup__.stock_location_1503_G_1,1503 G 1,1503 G 1,stock.stock_location_stock,stock.warehouse0,internal,base.main_company
__setup__.stock_location_1503_G_2,1503 G 2,1503 G 2,stock.stock_location_stock,stock.warehouse0,internal,base.main_company
__setup__.stock_location_1503_G_3,1503 G 3,1503 G 3,stock.stock_location_stock,stock.warehouse0,internal,base.main_company
__setup__.stock_location_1503_G_4,1503 G 4,1503 G 4,stock.stock_location_stock,stock.warehouse0,internal,base.main_company
__setup__.stock_location_1503_G_5,1503 G 5,1503 G 5,stock.stock_location_stock,stock.warehouse0,internal,base.main_company
__setup__.stock_location_1504_A_1,1504 A 1,1504 A 1,stock.stock_location_stock,stock.warehouse0,internal,base.main_company
__setup__.stock_location_1504_A_2,1504 A 2,1504 A 2,stock.stock_location_stock,stock.warehouse0,internal,base.main_company
__setup__.stock_location_1504_A_3,1504 A 3,1504 A 3,stock.stock_location_stock,stock.warehouse0,internal,base.main_company
__setup__.stock_location_1504_A_4,1504 A 4,1504 A 4,stock.stock_location_stock,stock.warehouse0,internal,base.main_company
__setup__.stock_location_1504_A_5,1504 A 5,1504 A 5,stock.stock_location_stock,stock.warehouse0,internal,base.main_company
__setup__.stock_location_1504_B_1,1504 B 1,1504 B 1,stock.stock_location_stock,stock.warehouse0,internal,base.main_company
__setup__.stock_location_1504_B_2,1504 B 2,1504 B 2,stock.stock_location_stock,stock.warehouse0,internal,base.main_company
__setup__.stock_location_1504_B_3,1504 B 3,1504 B 3,stock.stock_location_stock,stock.warehouse0,internal,base.main_company
__setup__.stock_location_1504_B_4,1504 B 4,1504 B 4,stock.stock_location_stock,stock.warehouse0,internal,base.main_company
__setup__.stock_location_1504_B_5,1504 B 5,1504 B 5,stock.stock_location_stock,stock.warehouse0,internal,base.main_company
__setup__.stock_location_1504_C_1,1504 C 1,1504 C 1,stock.stock_location_stock,stock.warehouse0,internal,base.main_company
__setup__.stock_location_1504_C_2,1504 C 2,1504 C 2,stock.stock_location_stock,stock.warehouse0,internal,base.main_company
__setup__.stock_location_1504_C_3,1504 C 3,1504 C 3,stock.stock_location_stock,stock.warehouse0,internal,base.main_company
__setup__.stock_location_1504_C_4,1504 C 4,1504 C 4,stock.stock_location_stock,stock.warehouse0,internal,base.main_company
__setup__.stock_location_1504_C_5,1504 C 5,1504 C 5,stock.stock_location_stock,stock.warehouse0,internal,base.main_company
__setup__.stock_location_1504_D_1,1504 D 1,1504 D 1,stock.stock_location_stock,stock.warehouse0,internal,base.main_company
__setup__.stock_location_1504_D_2,1504 D 2,1504 D 2,stock.stock_location_stock,stock.warehouse0,internal,base.main_company
__setup__.stock_location_1504_D_3,1504 D 3,1504 D 3,stock.stock_location_stock,stock.warehouse0,internal,base.main_company
__setup__.stock_location_1504_D_4,1504 D 4,1504 D 4,stock.stock_location_stock,stock.warehouse0,internal,base.main_company
__setup__.stock_location_1504_D_5,1504 D 5,1504 D 5,stock.stock_location_stock,stock.warehouse0,internal,base.main_company
__setup__.stock_location_1504_E_1,1504 E 1,1504 E 1,stock.stock_location_stock,stock.warehouse0,internal,base.main_company
__setup__.stock_location_1504_E_2,1504 E 2,1504 E 2,stock.stock_location_stock,stock.warehouse0,internal,base.main_company
__setup__.stock_location_1504_E_3,1504 E 3,1504 E 3,stock.stock_location_stock,stock.warehouse0,internal,base.main_company
__setup__.stock_location_1504_E_4,1504 E 4,1504 E 4,stock.stock_location_stock,stock.warehouse0,internal,base.main_company
__setup__.stock_location_1504_E_5,1504 E 5,1504 E 5,stock.stock_location_stock,stock.warehouse0,internal,base.main_company
__setup__.stock_location_1504_F_1,1504 F 1,1504 F 1,stock.stock_location_stock,stock.warehouse0,internal,base.main_company
__setup__.stock_location_1504_F_2,1504 F 2,1504 F 2,stock.stock_location_stock,stock.warehouse0,internal,base.main_company
__setup__.stock_location_1504_F_3,1504 F 3,1504 F 3,stock.stock_location_stock,stock.warehouse0,internal,base.main_company
__setup__.stock_location_1504_F_4,1504 F 4,1504 F 4,stock.stock_location_stock,stock.warehouse0,internal,base.main_company
__setup__.stock_location_1504_F_5,1504 F 5,1504 F 5,stock.stock_location_stock,stock.warehouse0,internal,base.main_company
__setup__.stock_location_1504_G_1,1504 G 1,1504 G 1,stock.stock_location_stock,stock.warehouse0,internal,base.main_company
__setup__.stock_location_1504_G_2,1504 G 2,1504 G 2,stock.stock_location_stock,stock.warehouse0,internal,base.main_company
__setup__.stock_location_1504_G_3,1504 G 3,1504 G 3,stock.stock_location_stock,stock.warehouse0,internal,base.main_company
__setup__.stock_location_1504_G_4,1504 G 4,1504 G 4,stock.stock_location_stock,stock.warehouse0,internal,base.main_company
__setup__.stock_location_1504_G_5,1504 G 5,1504 G 5,stock.stock_location_stock,stock.warehouse0,internal,base.main_company
__setup__.stock_location_1114_A_1,1114 A 1,1114 A 1,stock.stock_location_stock,stock.warehouse0,internal,base.main_company
__setup__.stock_location_1114_A_2,1114 A 2,1114 A 2,stock.stock_location_stock,stock.warehouse0,internal,base.main_company
__setup__.stock_location_1114_A_3,1114 A 3,1114 A 3,stock.stock_location_stock,stock.warehouse0,internal,base.main_company
__setup__.stock_location_1114_A_4,1114 A 4,1114 A 4,stock.stock_location_stock,stock.warehouse0,internal,base.main_company
__setup__.stock_location_1114_A_5,1114 A 5,1114 A 5,stock.stock_location_stock,stock.warehouse0,internal,base.main_company
__setup__.stock_location_1114_B_1,1114 B 1,1114 B 1,stock.stock_location_stock,stock.warehouse0,internal,base.main_company
__setup__.stock_location_1114_B_2,1114 B 2,1114 B 2,stock.stock_location_stock,stock.warehouse0,internal,base.main_company
__setup__.stock_location_1114_B_3,1114 B 3,1114 B 3,stock.stock_location_stock,stock.warehouse0,internal,base.main_company
__setup__.stock_location_1114_B_4,1114 B 4,1114 B 4,stock.stock_location_stock,stock.warehouse0,internal,base.main_company
__setup__.stock_location_1114_B_5,1114 B 5,1114 B 5,stock.stock_location_stock,stock.warehouse0,internal,base.main_company
__setup__.stock_location_1114_C_1,1114 C 1,1114 C 1,stock.stock_location_stock,stock.warehouse0,internal,base.main_company
__setup__.stock_location_1114_C_2,1114 C 2,1114 C 2,stock.stock_location_stock,stock.warehouse0,internal,base.main_company
__setup__.stock_location_1114_C_3,1114 C 3,1114 C 3,stock.stock_location_stock,stock.warehouse0,internal,base.main_company
__setup__.stock_location_1114_C_4,1114 C 4,1114 C 4,stock.stock_location_stock,stock.warehouse0,internal,base.main_company
__setup__.stock_location_1114_C_5,1114 C 5,1114 C 5,stock.stock_location_stock,stock.warehouse0,internal,base.main_company
__setup__.stock_location_1114_D_1,1114 D 1,1114 D 1,stock.stock_location_stock,stock.warehouse0,internal,base.main_company
__setup__.stock_location_1114_D_2,1114 D 2,1114 D 2,stock.stock_location_stock,stock.warehouse0,internal,base.main_company
__setup__.stock_location_1114_D_3,1114 D 3,1114 D 3,stock.stock_location_stock,stock.warehouse0,internal,base.main_company
__setup__.stock_location_1114_D_4,1114 D 4,1114 D 4,stock.stock_location_stock,stock.warehouse0,internal,base.main_company
__setup__.stock_location_1114_D_5,1114 D 5,1114 D 5,stock.stock_location_stock,stock.warehouse0,internal,base.main_company
__setup__.stock_location_1114_E_1,1114 E 1,1114 E 1,stock.stock_location_stock,stock.warehouse0,internal,base.main_company
__setup__.stock_location_1114_E_2,1114 E 2,1114 E 2,stock.stock_location_stock,stock.warehouse0,internal,base.main_company
__setup__.stock_location_1114_E_3,1114 E 3,1114 E 3,stock.stock_location_stock,stock.warehouse0,internal,base.main_company
__setup__.stock_location_1114_E_4,1114 E 4,1114 E 4,stock.stock_location_stock,stock.warehouse0,internal,base.main_company
__setup__.stock_location_1114_E_5,1114 E 5,1114 E 5,stock.stock_location_stock,stock.warehouse0,internal,base.main_company
__setup__.stock_location_1114_F_1,1114 F 1,1114 F 1,stock.stock_location_stock,stock.warehouse0,internal,base.main_company
__setup__.stock_location_1114_F_2,1114 F 2,1114 F 2,stock.stock_location_stock,stock.warehouse0,internal,base.main_company
__setup__.stock_location_1114_F_3,1114 F 3,1114 F 3,stock.stock_location_stock,stock.warehouse0,internal,base.main_company
__setup__.stock_location_1114_F_4,1114 F 4,1114 F 4,stock.stock_location_stock,stock.warehouse0,internal,base.main_company
__setup__.stock_location_1114_F_5,1114 F 5,1114 F 5,stock.stock_location_stock,stock.warehouse0,internal,base.main_company
__setup__.stock_location_1114_G_1,1114 G 1,1114 G 1,stock.stock_location_stock,stock.warehouse0,internal,base.main_company
__setup__.stock_location_1114_G_2,1114 G 2,1114 G 2,stock.stock_location_stock,stock.warehouse0,internal,base.main_company
__setup__.stock_location_1114_G_3,1114 G 3,1114 G 3,stock.stock_location_stock,stock.warehouse0,internal,base.main_company
__setup__.stock_location_1114_G_4,1114 G 4,1114 G 4,stock.stock_location_stock,stock.warehouse0,internal,base.main_company
__setup__.stock_location_1114_G_5,1114 G 5,1114 G 5,stock.stock_location_stock,stock.warehouse0,internal,base.main_company
__setup__.stock_location_1115_A_1,1115 A 1,1115 A 1,stock.stock_location_stock,stock.warehouse0,internal,base.main_company
__setup__.stock_location_1115_A_2,1115 A 2,1115 A 2,stock.stock_location_stock,stock.warehouse0,internal,base.main_company
__setup__.stock_location_1115_A_3,1115 A 3,1115 A 3,stock.stock_location_stock,stock.warehouse0,internal,base.main_company
__setup__.stock_location_1115_A_4,1115 A 4,1115 A 4,stock.stock_location_stock,stock.warehouse0,internal,base.main_company
__setup__.stock_location_1115_A_5,1115 A 5,1115 A 5,stock.stock_location_stock,stock.warehouse0,internal,base.main_company
__setup__.stock_location_1115_B_1,1115 B 1,1115 B 1,stock.stock_location_stock,stock.warehouse0,internal,base.main_company
__setup__.stock_location_1115_B_2,1115 B 2,1115 B 2,stock.stock_location_stock,stock.warehouse0,internal,base.main_company
__setup__.stock_location_1115_B_3,1115 B 3,1115 B 3,stock.stock_location_stock,stock.warehouse0,internal,base.main_company
__setup__.stock_location_1115_B_4,1115 B 4,1115 B 4,stock.stock_location_stock,stock.warehouse0,internal,base.main_company
__setup__.stock_location_1115_B_5,1115 B 5,1115 B 5,stock.stock_location_stock,stock.warehouse0,internal,base.main_company
__setup__.stock_location_1115_C_1,1115 C 1,1115 C 1,stock.stock_location_stock,stock.warehouse0,internal,base.main_company
__setup__.stock_location_1115_C_2,1115 C 2,1115 C 2,stock.stock_location_stock,stock.warehouse0,internal,base.main_company
__setup__.stock_location_1115_C_3,1115 C 3,1115 C 3,stock.stock_location_stock,stock.warehouse0,internal,base.main_company
__setup__.stock_location_1115_C_4,1115 C 4,1115 C 4,stock.stock_location_stock,stock.warehouse0,internal,base.main_company
__setup__.stock_location_1115_C_5,1115 C 5,1115 C 5,stock.stock_location_stock,stock.warehouse0,internal,base.main_company
__setup__.stock_location_1115_D_1,1115 D 1,1115 D 1,stock.stock_location_stock,stock.warehouse0,internal,base.main_company
__setup__.stock_location_1115_D_2,1115 D 2,1115 D 2,stock.stock_location_stock,stock.warehouse0,internal,base.main_company
__setup__.stock_location_1115_D_3,1115 D 3,1115 D 3,stock.stock_location_stock,stock.warehouse0,internal,base.main_company
__setup__.stock_location_1115_D_4,1115 D 4,1115 D 4,stock.stock_location_stock,stock.warehouse0,internal,base.main_company
__setup__.stock_location_1115_D_5,1115 D 5,1115 D 5,stock.stock_location_stock,stock.warehouse0,internal,base.main_company
__setup__.stock_location_1115_E_1,1115 E 1,1115 E 1,stock.stock_location_stock,stock.warehouse0,internal,base.main_company
__setup__.stock_location_1115_E_2,1115 E 2,1115 E 2,stock.stock_location_stock,stock.warehouse0,internal,base.main_company
__setup__.stock_location_1115_E_3,1115 E 3,1115 E 3,stock.stock_location_stock,stock.warehouse0,internal,base.main_company
__setup__.stock_location_1115_E_4,1115 E 4,1115 E 4,stock.stock_location_stock,stock.warehouse0,internal,base.main_company
__setup__.stock_location_1115_E_5,1115 E 5,1115 E 5,stock.stock_location_stock,stock.warehouse0,internal,base.main_company
__setup__.stock_location_1115_F_1,1115 F 1,1115 F 1,stock.stock_location_stock,stock.warehouse0,internal,base.main_company
__setup__.stock_location_1115_F_2,1115 F 2,1115 F 2,stock.stock_location_stock,stock.warehouse0,internal,base.main_company
__setup__.stock_location_1115_F_3,1115 F 3,1115 F 3,stock.stock_location_stock,stock.warehouse0,internal,base.main_company
__setup__.stock_location_1115_F_4,1115 F 4,1115 F 4,stock.stock_location_stock,stock.warehouse0,internal,base.main_company
__setup__.stock_location_1115_F_5,1115 F 5,1115 F 5,stock.stock_location_stock,stock.warehouse0,internal,base.main_company
__setup__.stock_location_1115_G_1,1115 G 1,1115 G 1,stock.stock_location_stock,stock.warehouse0,internal,base.main_company
__setup__.stock_location_1115_G_2,1115 G 2,1115 G 2,stock.stock_location_stock,stock.warehouse0,internal,base.main_company
__setup__.stock_location_1115_G_3,1115 G 3,1115 G 3,stock.stock_location_stock,stock.warehouse0,internal,base.main_company
__setup__.stock_location_1115_G_4,1115 G 4,1115 G 4,stock.stock_location_stock,stock.warehouse0,internal,base.main_company
__setup__.stock_location_1115_G_5,1115 G 5,1115 G 5,stock.stock_location_stock,stock.warehouse0,internal,base.main_company
__setup__.stock_location_1116_A_1,1116 A 1,1116 A 1,stock.stock_location_stock,stock.warehouse0,internal,base.main_company
__setup__.stock_location_1116_A_2,1116 A 2,1116 A 2,stock.stock_location_stock,stock.warehouse0,internal,base.main_company
__setup__.stock_location_1116_A_3,1116 A 3,1116 A 3,stock.stock_location_stock,stock.warehouse0,internal,base.main_company
__setup__.stock_location_1116_A_4,1116 A 4,1116 A 4,stock.stock_location_stock,stock.warehouse0,internal,base.main_company
__setup__.stock_location_1116_A_5,1116 A 5,1116 A 5,stock.stock_location_stock,stock.warehouse0,internal,base.main_company
__setup__.stock_location_1116_B_1,1116 B 1,1116 B 1,stock.stock_location_stock,stock.warehouse0,internal,base.main_company
__setup__.stock_location_1116_B_2,1116 B 2,1116 B 2,stock.stock_location_stock,stock.warehouse0,internal,base.main_company
__setup__.stock_location_1116_B_3,1116 B 3,1116 B 3,stock.stock_location_stock,stock.warehouse0,internal,base.main_company
__setup__.stock_location_1116_B_4,1116 B 4,1116 B 4,stock.stock_location_stock,stock.warehouse0,internal,base.main_company
__setup__.stock_location_1116_B_5,1116 B 5,1116 B 5,stock.stock_location_stock,stock.warehouse0,internal,base.main_company
__setup__.stock_location_1116_C_1,1116 C 1,1116 C 1,stock.stock_location_stock,stock.warehouse0,internal,base.main_company
__setup__.stock_location_1116_C_2,1116 C 2,1116 C 2,stock.stock_location_stock,stock.warehouse0,internal,base.main_company
__setup__.stock_location_1116_C_3,1116 C 3,1116 C 3,stock.stock_location_stock,stock.warehouse0,internal,base.main_company
__setup__.stock_location_1116_C_4,1116 C 4,1116 C 4,stock.stock_location_stock,stock.warehouse0,internal,base.main_company
__setup__.stock_location_1116_C_5,1116 C 5,1116 C 5,stock.stock_location_stock,stock.warehouse0,internal,base.main_company
__setup__.stock_location_1116_D_1,1116 D 1,1116 D 1,stock.stock_location_stock,stock.warehouse0,internal,base.main_company
__setup__.stock_location_1116_D_2,1116 D 2,1116 D 2,stock.stock_location_stock,stock.warehouse0,internal,base.main_company
__setup__.stock_location_1116_D_3,1116 D 3,1116 D 3,stock.stock_location_stock,stock.warehouse0,internal,base.main_company
__setup__.stock_location_1116_D_4,1116 D 4,1116 D 4,stock.stock_location_stock,stock.warehouse0,internal,base.main_company
__setup__.stock_location_1116_D_5,1116 D 5,1116 D 5,stock.stock_location_stock,stock.warehouse0,internal,base.main_company
__setup__.stock_location_1116_E_1,1116 E 1,1116 E 1,stock.stock_location_stock,stock.warehouse0,internal,base.main_company
__setup__.stock_location_1116_E_2,1116 E 2,1116 E 2,stock.stock_location_stock,stock.warehouse0,internal,base.main_company
__setup__.stock_location_1116_E_3,1116 E 3,1116 E 3,stock.stock_location_stock,stock.warehouse0,internal,base.main_company
__setup__.stock_location_1116_E_4,1116 E 4,1116 E 4,stock.stock_location_stock,stock.warehouse0,internal,base.main_company
__setup__.stock_location_1116_E_5,1116 E 5,1116 E 5,stock.stock_location_stock,stock.warehouse0,internal,base.main_company
__setup__.stock_location_1116_F_1,1116 F 1,1116 F 1,stock.stock_location_stock,stock.warehouse0,internal,base.main_company
__setup__.stock_location_1116_F_2,1116 F 2,1116 F 2,stock.stock_location_stock,stock.warehouse0,internal,base.main_company
__setup__.stock_location_1116_F_3,1116 F 3,1116 F 3,stock.stock_location_stock,stock.warehouse0,internal,base.main_company
__setup__.stock_location_1116_F_4,1116 F 4,1116 F 4,stock.stock_location_stock,stock.warehouse0,internal,base.main_company
__setup__.stock_location_1116_F_5,1116 F 5,1116 F 5,stock.stock_location_stock,stock.warehouse0,internal,base.main_company
__setup__.stock_location_1116_G_1,1116 G 1,1116 G 1,stock.stock_location_stock,stock.warehouse0,internal,base.main_company
__setup__.stock_location_1116_G_2,1116 G 2,1116 G 2,stock.stock_location_stock,stock.warehouse0,internal,base.main_company
__setup__.stock_location_1116_G_3,1116 G 3,1116 G 3,stock.stock_location_stock,stock.warehouse0,internal,base.main_company
__setup__.stock_location_1116_G_4,1116 G 4,1116 G 4,stock.stock_location_stock,stock.warehouse0,internal,base.main_company
__setup__.stock_location_1116_G_5,1116 G 5,1116 G 5,stock.stock_location_stock,stock.warehouse0,internal,base.main_company
__setup__.stock_location_1117_A_1,1117 A 1,1117 A 1,stock.stock_location_stock,stock.warehouse0,internal,base.main_company
__setup__.stock_location_1117_A_2,1117 A 2,1117 A 2,stock.stock_location_stock,stock.warehouse0,internal,base.main_company
__setup__.stock_location_1117_A_3,1117 A 3,1117 A 3,stock.stock_location_stock,stock.warehouse0,internal,base.main_company
__setup__.stock_location_1117_A_4,1117 A 4,1117 A 4,stock.stock_location_stock,stock.warehouse0,internal,base.main_company
__setup__.stock_location_1117_A_5,1117 A 5,1117 A 5,stock.stock_location_stock,stock.warehouse0,internal,base.main_company
__setup__.stock_location_1117_B_1,1117 B 1,1117 B 1,stock.stock_location_stock,stock.warehouse0,internal,base.main_company
__setup__.stock_location_1117_B_2,1117 B 2,1117 B 2,stock.stock_location_stock,stock.warehouse0,internal,base.main_company
__setup__.stock_location_1117_B_3,1117 B 3,1117 B 3,stock.stock_location_stock,stock.warehouse0,internal,base.main_company
__setup__.stock_location_1117_B_4,1117 B 4,1117 B 4,stock.stock_location_stock,stock.warehouse0,internal,base.main_company
__setup__.stock_location_1117_B_5,1117 B 5,1117 B 5,stock.stock_location_stock,stock.warehouse0,internal,base.main_company
__setup__.stock_location_1117_C_1,1117 C 1,1117 C 1,stock.stock_location_stock,stock.warehouse0,internal,base.main_company
__setup__.stock_location_1117_C_2,1117 C 2,1117 C 2,stock.stock_location_stock,stock.warehouse0,internal,base.main_company
__setup__.stock_location_1117_C_3,1117 C 3,1117 C 3,stock.stock_location_stock,stock.warehouse0,internal,base.main_company
__setup__.stock_location_1117_C_4,1117 C 4,1117 C 4,stock.stock_location_stock,stock.warehouse0,internal,base.main_company
__setup__.stock_location_1117_C_5,1117 C 5,1117 C 5,stock.stock_location_stock,stock.warehouse0,internal,base.main_company
__setup__.stock_location_1117_D_1,1117 D 1,1117 D 1,stock.stock_location_stock,stock.warehouse0,internal,base.main_company
__setup__.stock_location_1117_D_2,1117 D 2,1117 D 2,stock.stock_location_stock,stock.warehouse0,internal,base.main_company
__setup__.stock_location_1117_D_3,1117 D 3,1117 D 3,stock.stock_location_stock,stock.warehouse0,internal,base.main_company
__setup__.stock_location_1117_D_4,1117 D 4,1117 D 4,stock.stock_location_stock,stock.warehouse0,internal,base.main_company
__setup__.stock_location_1117_D_5,1117 D 5,1117 D 5,stock.stock_location_stock,stock.warehouse0,internal,base.main_company
__setup__.stock_location_1117_E_1,1117 E 1,1117 E 1,stock.stock_location_stock,stock.warehouse0,internal,base.main_company
__setup__.stock_location_1117_E_2,1117 E 2,1117 E 2,stock.stock_location_stock,stock.warehouse0,internal,base.main_company
__setup__.stock_location_1117_E_3,1117 E 3,1117 E 3,stock.stock_location_stock,stock.warehouse0,internal,base.main_company
__setup__.stock_location_1117_E_4,1117 E 4,1117 E 4,stock.stock_location_stock,stock.warehouse0,internal,base.main_company
__setup__.stock_location_1117_E_5,1117 E 5,1117 E 5,stock.stock_location_stock,stock.warehouse0,internal,base.main_company
__setup__.stock_location_1117_F_1,1117 F 1,1117 F 1,stock.stock_location_stock,stock.warehouse0,internal,base.main_company
__setup__.stock_location_1117_F_2,1117 F 2,1117 F 2,stock.stock_location_stock,stock.warehouse0,internal,base.main_company
__setup__.stock_location_1117_F_3,1117 F 3,1117 F 3,stock.stock_location_stock,stock.warehouse0,internal,base.main_company
__setup__.stock_location_1117_F_4,1117 F 4,1117 F 4,stock.stock_location_stock,stock.warehouse0,internal,base.main_company
__setup__.stock_location_1117_F_5,1117 F 5,1117 F 5,stock.stock_location_stock,stock.warehouse0,internal,base.main_company
__setup__.stock_location_1117_G_1,1117 G 1,1117 G 1,stock.stock_location_stock,stock.warehouse0,internal,base.main_company
__setup__.stock_location_1117_G_2,1117 G 2,1117 G 2,stock.stock_location_stock,stock.warehouse0,internal,base.main_company
__setup__.stock_location_1117_G_3,1117 G 3,1117 G 3,stock.stock_location_stock,stock.warehouse0,internal,base.main_company
__setup__.stock_location_1117_G_4,1117 G 4,1117 G 4,stock.stock_location_stock,stock.warehouse0,internal,base.main_company
__setup__.stock_location_1117_G_5,1117 G 5,1117 G 5,stock.stock_location_stock,stock.warehouse0,internal,base.main_company
__setup__.stock_location_1118_A_1,1118 A 1,1118 A 1,stock.stock_location_stock,stock.warehouse0,internal,base.main_company
__setup__.stock_location_1118_A_2,1118 A 2,1118 A 2,stock.stock_location_stock,stock.warehouse0,internal,base.main_company
__setup__.stock_location_1118_A_3,1118 A 3,1118 A 3,stock.stock_location_stock,stock.warehouse0,internal,base.main_company
__setup__.stock_location_1118_A_4,1118 A 4,1118 A 4,stock.stock_location_stock,stock.warehouse0,internal,base.main_company
__setup__.stock_location_1118_A_5,1118 A 5,1118 A 5,stock.stock_location_stock,stock.warehouse0,internal,base.main_company
__setup__.stock_location_1118_B_1,1118 B 1,1118 B 1,stock.stock_location_stock,stock.warehouse0,internal,base.main_company
__setup__.stock_location_1118_B_2,1118 B 2,1118 B 2,stock.stock_location_stock,stock.warehouse0,internal,base.main_company
__setup__.stock_location_1118_B_3,1118 B 3,1118 B 3,stock.stock_location_stock,stock.warehouse0,internal,base.main_company
__setup__.stock_location_1118_B_4,1118 B 4,1118 B 4,stock.stock_location_stock,stock.warehouse0,internal,base.main_company
__setup__.stock_location_1118_B_5,1118 B 5,1118 B 5,stock.stock_location_stock,stock.warehouse0,internal,base.main_company
__setup__.stock_location_1118_C_1,1118 C 1,1118 C 1,stock.stock_location_stock,stock.warehouse0,internal,base.main_company
__setup__.stock_location_1118_C_2,1118 C 2,1118 C 2,stock.stock_location_stock,stock.warehouse0,internal,base.main_company
__setup__.stock_location_1118_C_3,1118 C 3,1118 C 3,stock.stock_location_stock,stock.warehouse0,internal,base.main_company
__setup__.stock_location_1118_C_4,1118 C 4,1118 C 4,stock.stock_location_stock,stock.warehouse0,internal,base.main_company
__setup__.stock_location_1118_C_5,1118 C 5,1118 C 5,stock.stock_location_stock,stock.warehouse0,internal,base.main_company
__setup__.stock_location_1118_D_1,1118 D 1,1118 D 1,stock.stock_location_stock,stock.warehouse0,internal,base.main_company
__setup__.stock_location_1118_D_2,1118 D 2,1118 D 2,stock.stock_location_stock,stock.warehouse0,internal,base.main_company
__setup__.stock_location_1118_D_3,1118 D 3,1118 D 3,stock.stock_location_stock,stock.warehouse0,internal,base.main_company
__setup__.stock_location_1118_D_4,1118 D 4,1118 D 4,stock.stock_location_stock,stock.warehouse0,internal,base.main_company
__setup__.stock_location_1118_D_5,1118 D 5,1118 D 5,stock.stock_location_stock,stock.warehouse0,internal,base.main_company
__setup__.stock_location_1118_E_1,1118 E 1,1118 E 1,stock.stock_location_stock,stock.warehouse0,internal,base.main_company
__setup__.stock_location_1118_E_2,1118 E 2,1118 E 2,stock.stock_location_stock,stock.warehouse0,internal,base.main_company
__setup__.stock_location_1118_E_3,1118 E 3,1118 E 3,stock.stock_location_stock,stock.warehouse0,internal,base.main_company
__setup__.stock_location_1118_E_4,1118 E 4,1118 E 4,stock.stock_location_stock,stock.warehouse0,internal,base.main_company
__setup__.stock_location_1118_E_5,1118 E 5,1118 E 5,stock.stock_location_stock,stock.warehouse0,internal,base.main_company
__setup__.stock_location_1118_F_1,1118 F 1,1118 F 1,stock.stock_location_stock,stock.warehouse0,internal,base.main_company
__setup__.stock_location_1118_F_2,1118 F 2,1118 F 2,stock.stock_location_stock,stock.warehouse0,internal,base.main_company
__setup__.stock_location_1118_F_3,1118 F 3,1118 F 3,stock.stock_location_stock,stock.warehouse0,internal,base.main_company
__setup__.stock_location_1118_F_4,1118 F 4,1118 F 4,stock.stock_location_stock,stock.warehouse0,internal,base.main_company
__setup__.stock_location_1118_F_5,1118 F 5,1118 F 5,stock.stock_location_stock,stock.warehouse0,internal,base.main_company
__setup__.stock_location_1118_G_1,1118 G 1,1118 G 1,stock.stock_location_stock,stock.warehouse0,internal,base.main_company
__setup__.stock_location_1118_G_2,1118 G 2,1118 G 2,stock.stock_location_stock,stock.warehouse0,internal,base.main_company
__setup__.stock_location_1118_G_3,1118 G 3,1118 G 3,stock.stock_location_stock,stock.warehouse0,internal,base.main_company
__setup__.stock_location_1118_G_4,1118 G 4,1118 G 4,stock.stock_location_stock,stock.warehouse0,internal,base.main_company
__setup__.stock_location_1118_G_5,1118 G 5,1118 G 5,stock.stock_location_stock,stock.warehouse0,internal,base.main_company
__setup__.stock_location_1119_A_1,1119 A 1,1119 A 1,stock.stock_location_stock,stock.warehouse0,internal,base.main_company
__setup__.stock_location_1119_A_2,1119 A 2,1119 A 2,stock.stock_location_stock,stock.warehouse0,internal,base.main_company
__setup__.stock_location_1119_A_3,1119 A 3,1119 A 3,stock.stock_location_stock,stock.warehouse0,internal,base.main_company
__setup__.stock_location_1119_A_4,1119 A 4,1119 A 4,stock.stock_location_stock,stock.warehouse0,internal,base.main_company
__setup__.stock_location_1119_A_5,1119 A 5,1119 A 5,stock.stock_location_stock,stock.warehouse0,internal,base.main_company
__setup__.stock_location_1119_B_1,1119 B 1,1119 B 1,stock.stock_location_stock,stock.warehouse0,internal,base.main_company
__setup__.stock_location_1119_B_2,1119 B 2,1119 B 2,stock.stock_location_stock,stock.warehouse0,internal,base.main_company
__setup__.stock_location_1119_B_3,1119 B 3,1119 B 3,stock.stock_location_stock,stock.warehouse0,internal,base.main_company
__setup__.stock_location_1119_B_4,1119 B 4,1119 B 4,stock.stock_location_stock,stock.warehouse0,internal,base.main_company
__setup__.stock_location_1119_B_5,1119 B 5,1119 B 5,stock.stock_location_stock,stock.warehouse0,internal,base.main_company
__setup__.stock_location_1119_C_1,1119 C 1,1119 C 1,stock.stock_location_stock,stock.warehouse0,internal,base.main_company
__setup__.stock_location_1119_C_2,1119 C 2,1119 C 2,stock.stock_location_stock,stock.warehouse0,internal,base.main_company
__setup__.stock_location_1119_C_3,1119 C 3,1119 C 3,stock.stock_location_stock,stock.warehouse0,internal,base.main_company
__setup__.stock_location_1119_C_4,1119 C 4,1119 C 4,stock.stock_location_stock,stock.warehouse0,internal,base.main_company
__setup__.stock_location_1119_C_5,1119 C 5,1119 C 5,stock.stock_location_stock,stock.warehouse0,internal,base.main_company
__setup__.stock_location_1119_D_1,1119 D 1,1119 D 1,stock.stock_location_stock,stock.warehouse0,internal,base.main_company
__setup__.stock_location_1119_D_2,1119 D 2,1119 D 2,stock.stock_location_stock,stock.warehouse0,internal,base.main_company
__setup__.stock_location_1119_D_3,1119 D 3,1119 D 3,stock.stock_location_stock,stock.warehouse0,internal,base.main_company
__setup__.stock_location_1119_D_4,1119 D 4,1119 D 4,stock.stock_location_stock,stock.warehouse0,internal,base.main_company
__setup__.stock_location_1119_D_5,1119 D 5,1119 D 5,stock.stock_location_stock,stock.warehouse0,internal,base.main_company
__setup__.stock_location_1119_E_1,1119 E 1,1119 E 1,stock.stock_location_stock,stock.warehouse0,internal,base.main_company
__setup__.stock_location_1119_E_2,1119 E 2,1119 E 2,stock.stock_location_stock,stock.warehouse0,internal,base.main_company
__setup__.stock_location_1119_E_3,1119 E 3,1119 E 3,stock.stock_location_stock,stock.warehouse0,internal,base.main_company
__setup__.stock_location_1119_E_4,1119 E 4,1119 E 4,stock.stock_location_stock,stock.warehouse0,internal,base.main_company
__setup__.stock_location_1119_E_5,1119 E 5,1119 E 5,stock.stock_location_stock,stock.warehouse0,internal,base.main_company
__setup__.stock_location_1119_F_1,1119 F 1,1119 F 1,stock.stock_location_stock,stock.warehouse0,internal,base.main_company
__setup__.stock_location_1119_F_2,1119 F 2,1119 F 2,stock.stock_location_stock,stock.warehouse0,internal,base.main_company
__setup__.stock_location_1119_F_3,1119 F 3,1119 F 3,stock.stock_location_stock,stock.warehouse0,internal,base.main_company
__setup__.stock_location_1119_F_4,1119 F 4,1119 F 4,stock.stock_location_stock,stock.warehouse0,internal,base.main_company
__setup__.stock_location_1119_F_5,1119 F 5,1119 F 5,stock.stock_location_stock,stock.warehouse0,internal,base.main_company
__setup__.stock_location_1119_G_1,1119 G 1,1119 G 1,stock.stock_location_stock,stock.warehouse0,internal,base.main_company
__setup__.stock_location_1119_G_2,1119 G 2,1119 G 2,stock.stock_location_stock,stock.warehouse0,internal,base.main_company
__setup__.stock_location_1119_G_3,1119 G 3,1119 G 3,stock.stock_location_stock,stock.warehouse0,internal,base.main_company
__setup__.stock_location_1119_G_4,1119 G 4,1119 G 4,stock.stock_location_stock,stock.warehouse0,internal,base.main_company
__setup__.stock_location_1119_G_5,1119 G 5,1119 G 5,stock.stock_location_stock,stock.warehouse0,internal,base.main_company
__setup__.stock_location_1120_A_1,1120 A 1,1120 A 1,stock.stock_location_stock,stock.warehouse0,internal,base.main_company
__setup__.stock_location_1120_A_2,1120 A 2,1120 A 2,stock.stock_location_stock,stock.warehouse0,internal,base.main_company
__setup__.stock_location_1120_A_3,1120 A 3,1120 A 3,stock.stock_location_stock,stock.warehouse0,internal,base.main_company
__setup__.stock_location_1120_A_4,1120 A 4,1120 A 4,stock.stock_location_stock,stock.warehouse0,internal,base.main_company
__setup__.stock_location_1120_A_5,1120 A 5,1120 A 5,stock.stock_location_stock,stock.warehouse0,internal,base.main_company
__setup__.stock_location_1120_B_1,1120 B 1,1120 B 1,stock.stock_location_stock,stock.warehouse0,internal,base.main_company
__setup__.stock_location_1120_B_2,1120 B 2,1120 B 2,stock.stock_location_stock,stock.warehouse0,internal,base.main_company
__setup__.stock_location_1120_B_3,1120 B 3,1120 B 3,stock.stock_location_stock,stock.warehouse0,internal,base.main_company
__setup__.stock_location_1120_B_4,1120 B 4,1120 B 4,stock.stock_location_stock,stock.warehouse0,internal,base.main_company
__setup__.stock_location_1120_B_5,1120 B 5,1120 B 5,stock.stock_location_stock,stock.warehouse0,internal,base.main_company
__setup__.stock_location_1120_C_1,1120 C 1,1120 C 1,stock.stock_location_stock,stock.warehouse0,internal,base.main_company
__setup__.stock_location_1120_C_2,1120 C 2,1120 C 2,stock.stock_location_stock,stock.warehouse0,internal,base.main_company
__setup__.stock_location_1120_C_3,1120 C 3,1120 C 3,stock.stock_location_stock,stock.warehouse0,internal,base.main_company
__setup__.stock_location_1120_C_4,1120 C 4,1120 C 4,stock.stock_location_stock,stock.warehouse0,internal,base.main_company
__setup__.stock_location_1120_C_5,1120 C 5,1120 C 5,stock.stock_location_stock,stock.warehouse0,internal,base.main_company
__setup__.stock_location_1120_D_1,1120 D 1,1120 D 1,stock.stock_location_stock,stock.warehouse0,internal,base.main_company
__setup__.stock_location_1120_D_2,1120 D 2,1120 D 2,stock.stock_location_stock,stock.warehouse0,internal,base.main_company
__setup__.stock_location_1120_D_3,1120 D 3,1120 D 3,stock.stock_location_stock,stock.warehouse0,internal,base.main_company
__setup__.stock_location_1120_D_4,1120 D 4,1120 D 4,stock.stock_location_stock,stock.warehouse0,internal,base.main_company
__setup__.stock_location_1120_D_5,1120 D 5,1120 D 5,stock.stock_location_stock,stock.warehouse0,internal,base.main_company
__setup__.stock_location_1120_E_1,1120 E 1,1120 E 1,stock.stock_location_stock,stock.warehouse0,internal,base.main_company
__setup__.stock_location_1120_E_2,1120 E 2,1120 E 2,stock.stock_location_stock,stock.warehouse0,internal,base.main_company
__setup__.stock_location_1120_E_3,1120 E 3,1120 E 3,stock.stock_location_stock,stock.warehouse0,internal,base.main_company
__setup__.stock_location_1120_E_4,1120 E 4,1120 E 4,stock.stock_location_stock,stock.warehouse0,internal,base.main_company
__setup__.stock_location_1120_E_5,1120 E 5,1120 E 5,stock.stock_location_stock,stock.warehouse0,internal,base.main_company
__setup__.stock_location_1120_F_1,1120 F 1,1120 F 1,stock.stock_location_stock,stock.warehouse0,internal,base.main_company
__setup__.stock_location_1120_F_2,1120 F 2,1120 F 2,stock.stock_location_stock,stock.warehouse0,internal,base.main_company
__setup__.stock_location_1120_F_3,1120 F 3,1120 F 3,stock.stock_location_stock,stock.warehouse0,internal,base.main_company
__setup__.stock_location_1120_F_4,1120 F 4,1120 F 4,stock.stock_location_stock,stock.warehouse0,internal,base.main_company
__setup__.stock_location_1120_F_5,1120 F 5,1120 F 5,stock.stock_location_stock,stock.warehouse0,internal,base.main_company
__setup__.stock_location_1120_G_1,1120 G 1,1120 G 1,stock.stock_location_stock,stock.warehouse0,internal,base.main_company
__setup__.stock_location_1120_G_2,1120 G 2,1120 G 2,stock.stock_location_stock,stock.warehouse0,internal,base.main_company
__setup__.stock_location_1120_G_3,1120 G 3,1120 G 3,stock.stock_location_stock,stock.warehouse0,internal,base.main_company
__setup__.stock_location_1120_G_4,1120 G 4,1120 G 4,stock.stock_location_stock,stock.warehouse0,internal,base.main_company
__setup__.stock_location_1120_G_5,1120 G 5,1120 G 5,stock.stock_location_stock,stock.warehouse0,internal,base.main_company
__setup__.stock_location_1121_A_1,1121 A 1,1121 A 1,stock.stock_location_stock,stock.warehouse0,internal,base.main_company
__setup__.stock_location_1121_A_2,1121 A 2,1121 A 2,stock.stock_location_stock,stock.warehouse0,internal,base.main_company
__setup__.stock_location_1121_A_3,1121 A 3,1121 A 3,stock.stock_location_stock,stock.warehouse0,internal,base.main_company
__setup__.stock_location_1121_A_4,1121 A 4,1121 A 4,stock.stock_location_stock,stock.warehouse0,internal,base.main_company
__setup__.stock_location_1121_A_5,1121 A 5,1121 A 5,stock.stock_location_stock,stock.warehouse0,internal,base.main_company
__setup__.stock_location_1121_B_1,1121 B 1,1121 B 1,stock.stock_location_stock,stock.warehouse0,internal,base.main_company
__setup__.stock_location_1121_B_2,1121 B 2,1121 B 2,stock.stock_location_stock,stock.warehouse0,internal,base.main_company
__setup__.stock_location_1121_B_3,1121 B 3,1121 B 3,stock.stock_location_stock,stock.warehouse0,internal,base.main_company
__setup__.stock_location_1121_B_4,1121 B 4,1121 B 4,stock.stock_location_stock,stock.warehouse0,internal,base.main_company
__setup__.stock_location_1121_B_5,1121 B 5,1121 B 5,stock.stock_location_stock,stock.warehouse0,internal,base.main_company
__setup__.stock_location_1121_C_1,1121 C 1,1121 C 1,stock.stock_location_stock,stock.warehouse0,internal,base.main_company
__setup__.stock_location_1121_C_2,1121 C 2,1121 C 2,stock.stock_location_stock,stock.warehouse0,internal,base.main_company
__setup__.stock_location_1121_C_3,1121 C 3,1121 C 3,stock.stock_location_stock,stock.warehouse0,internal,base.main_company
__setup__.stock_location_1121_C_4,1121 C 4,1121 C 4,stock.stock_location_stock,stock.warehouse0,internal,base.main_company
__setup__.stock_location_1121_C_5,1121 C 5,1121 C 5,stock.stock_location_stock,stock.warehouse0,internal,base.main_company
__setup__.stock_location_1121_D_1,1121 D 1,1121 D 1,stock.stock_location_stock,stock.warehouse0,internal,base.main_company
__setup__.stock_location_1121_D_2,1121 D 2,1121 D 2,stock.stock_location_stock,stock.warehouse0,internal,base.main_company
__setup__.stock_location_1121_D_3,1121 D 3,1121 D 3,stock.stock_location_stock,stock.warehouse0,internal,base.main_company
__setup__.stock_location_1121_D_4,1121 D 4,1121 D 4,stock.stock_location_stock,stock.warehouse0,internal,base.main_company
__setup__.stock_location_1121_D_5,1121 D 5,1121 D 5,stock.stock_location_stock,stock.warehouse0,internal,base.main_company
__setup__.stock_location_1121_E_1,1121 E 1,1121 E 1,stock.stock_location_stock,stock.warehouse0,internal,base.main_company
__setup__.stock_location_1121_E_2,1121 E 2,1121 E 2,stock.stock_location_stock,stock.warehouse0,internal,base.main_company
__setup__.stock_location_1121_E_3,1121 E 3,1121 E 3,stock.stock_location_stock,stock.warehouse0,internal,base.main_company
__setup__.stock_location_1121_E_4,1121 E 4,1121 E 4,stock.stock_location_stock,stock.warehouse0,internal,base.main_company
__setup__.stock_location_1121_E_5,1121 E 5,1121 E 5,stock.stock_location_stock,stock.warehouse0,internal,base.main_company
__setup__.stock_location_1121_F_1,1121 F 1,1121 F 1,stock.stock_location_stock,stock.warehouse0,internal,base.main_company
__setup__.stock_location_1121_F_2,1121 F 2,1121 F 2,stock.stock_location_stock,stock.warehouse0,internal,base.main_company
__setup__.stock_location_1121_F_3,1121 F 3,1121 F 3,stock.stock_location_stock,stock.warehouse0,internal,base.main_company
__setup__.stock_location_1121_F_4,1121 F 4,1121 F 4,stock.stock_location_stock,stock.warehouse0,internal,base.main_company
__setup__.stock_location_1121_F_5,1121 F 5,1121 F 5,stock.stock_location_stock,stock.warehouse0,internal,base.main_company
__setup__.stock_location_1121_G_1,1121 G 1,1121 G 1,stock.stock_location_stock,stock.warehouse0,internal,base.main_company
__setup__.stock_location_1121_G_2,1121 G 2,1121 G 2,stock.stock_location_stock,stock.warehouse0,internal,base.main_company
__setup__.stock_location_1121_G_3,1121 G 3,1121 G 3,stock.stock_location_stock,stock.warehouse0,internal,base.main_company
__setup__.stock_location_1121_G_4,1121 G 4,1121 G 4,stock.stock_location_stock,stock.warehouse0,internal,base.main_company
__setup__.stock_location_1121_G_5,1121 G 5,1121 G 5,stock.stock_location_stock,stock.warehouse0,internal,base.main_company
__setup__.stock_location_1122_A_1,1122 A 1,1122 A 1,stock.stock_location_stock,stock.warehouse0,internal,base.main_company
__setup__.stock_location_1122_A_2,1122 A 2,1122 A 2,stock.stock_location_stock,stock.warehouse0,internal,base.main_company
__setup__.stock_location_1122_A_3,1122 A 3,1122 A 3,stock.stock_location_stock,stock.warehouse0,internal,base.main_company
__setup__.stock_location_1122_A_4,1122 A 4,1122 A 4,stock.stock_location_stock,stock.warehouse0,internal,base.main_company
__setup__.stock_location_1122_A_5,1122 A 5,1122 A 5,stock.stock_location_stock,stock.warehouse0,internal,base.main_company
__setup__.stock_location_1122_B_1,1122 B 1,1122 B 1,stock.stock_location_stock,stock.warehouse0,internal,base.main_company
__setup__.stock_location_1122_B_2,1122 B 2,1122 B 2,stock.stock_location_stock,stock.warehouse0,internal,base.main_company
__setup__.stock_location_1122_B_3,1122 B 3,1122 B 3,stock.stock_location_stock,stock.warehouse0,internal,base.main_company
__setup__.stock_location_1122_B_4,1122 B 4,1122 B 4,stock.stock_location_stock,stock.warehouse0,internal,base.main_company
__setup__.stock_location_1122_B_5,1122 B 5,1122 B 5,stock.stock_location_stock,stock.warehouse0,internal,base.main_company
__setup__.stock_location_1122_C_1,1122 C 1,1122 C 1,stock.stock_location_stock,stock.warehouse0,internal,base.main_company
__setup__.stock_location_1122_C_2,1122 C 2,1122 C 2,stock.stock_location_stock,stock.warehouse0,internal,base.main_company
__setup__.stock_location_1122_C_3,1122 C 3,1122 C 3,stock.stock_location_stock,stock.warehouse0,internal,base.main_company
__setup__.stock_location_1122_C_4,1122 C 4,1122 C 4,stock.stock_location_stock,stock.warehouse0,internal,base.main_company
__setup__.stock_location_1122_C_5,1122 C 5,1122 C 5,stock.stock_location_stock,stock.warehouse0,internal,base.main_company
__setup__.stock_location_1122_D_1,1122 D 1,1122 D 1,stock.stock_location_stock,stock.warehouse0,internal,base.main_company
__setup__.stock_location_1122_D_2,1122 D 2,1122 D 2,stock.stock_location_stock,stock.warehouse0,internal,base.main_company
__setup__.stock_location_1122_D_3,1122 D 3,1122 D 3,stock.stock_location_stock,stock.warehouse0,internal,base.main_company
__setup__.stock_location_1122_D_4,1122 D 4,1122 D 4,stock.stock_location_stock,stock.warehouse0,internal,base.main_company
__setup__.stock_location_1122_D_5,1122 D 5,1122 D 5,stock.stock_location_stock,stock.warehouse0,internal,base.main_company
__setup__.stock_location_1122_E_1,1122 E 1,1122 E 1,stock.stock_location_stock,stock.warehouse0,internal,base.main_company
__setup__.stock_location_1122_E_2,1122 E 2,1122 E 2,stock.stock_location_stock,stock.warehouse0,internal,base.main_company
__setup__.stock_location_1122_E_3,1122 E 3,1122 E 3,stock.stock_location_stock,stock.warehouse0,internal,base.main_company
__setup__.stock_location_1122_E_4,1122 E 4,1122 E 4,stock.stock_location_stock,stock.warehouse0,internal,base.main_company
__setup__.stock_location_1122_E_5,1122 E 5,1122 E 5,stock.stock_location_stock,stock.warehouse0,internal,base.main_company
__setup__.stock_location_1122_F_1,1122 F 1,1122 F 1,stock.stock_location_stock,stock.warehouse0,internal,base.main_company
__setup__.stock_location_1122_F_2,1122 F 2,1122 F 2,stock.stock_location_stock,stock.warehouse0,internal,base.main_company
__setup__.stock_location_1122_F_3,1122 F 3,1122 F 3,stock.stock_location_stock,stock.warehouse0,internal,base.main_company
__setup__.stock_location_1122_F_4,1122 F 4,1122 F 4,stock.stock_location_stock,stock.warehouse0,internal,base.main_company
__setup__.stock_location_1122_F_5,1122 F 5,1122 F 5,stock.stock_location_stock,stock.warehouse0,internal,base.main_company
__setup__.stock_location_1122_G_1,1122 G 1,1122 G 1,stock.stock_location_stock,stock.warehouse0,internal,base.main_company
__setup__.stock_location_1122_G_2,1122 G 2,1122 G 2,stock.stock_location_stock,stock.warehouse0,internal,base.main_company
__setup__.stock_location_1122_G_3,1122 G 3,1122 G 3,stock.stock_location_stock,stock.warehouse0,internal,base.main_company
__setup__.stock_location_1122_G_4,1122 G 4,1122 G 4,stock.stock_location_stock,stock.warehouse0,internal,base.main_company
__setup__.stock_location_1122_G_5,1122 G 5,1122 G 5,stock.stock_location_stock,stock.warehouse0,internal,base.main_company
__setup__.stock_location_1123_A_1,1123 A 1,1123 A 1,stock.stock_location_stock,stock.warehouse0,internal,base.main_company
__setup__.stock_location_1123_A_2,1123 A 2,1123 A 2,stock.stock_location_stock,stock.warehouse0,internal,base.main_company
__setup__.stock_location_1123_A_3,1123 A 3,1123 A 3,stock.stock_location_stock,stock.warehouse0,internal,base.main_company
__setup__.stock_location_1123_A_4,1123 A 4,1123 A 4,stock.stock_location_stock,stock.warehouse0,internal,base.main_company
__setup__.stock_location_1123_A_5,1123 A 5,1123 A 5,stock.stock_location_stock,stock.warehouse0,internal,base.main_company
__setup__.stock_location_1123_B_1,1123 B 1,1123 B 1,stock.stock_location_stock,stock.warehouse0,internal,base.main_company
__setup__.stock_location_1123_B_2,1123 B 2,1123 B 2,stock.stock_location_stock,stock.warehouse0,internal,base.main_company
__setup__.stock_location_1123_B_3,1123 B 3,1123 B 3,stock.stock_location_stock,stock.warehouse0,internal,base.main_company
__setup__.stock_location_1123_B_4,1123 B 4,1123 B 4,stock.stock_location_stock,stock.warehouse0,internal,base.main_company
__setup__.stock_location_1123_B_5,1123 B 5,1123 B 5,stock.stock_location_stock,stock.warehouse0,internal,base.main_company
__setup__.stock_location_1123_C_1,1123 C 1,1123 C 1,stock.stock_location_stock,stock.warehouse0,internal,base.main_company
__setup__.stock_location_1123_C_2,1123 C 2,1123 C 2,stock.stock_location_stock,stock.warehouse0,internal,base.main_company
__setup__.stock_location_1123_C_3,1123 C 3,1123 C 3,stock.stock_location_stock,stock.warehouse0,internal,base.main_company
__setup__.stock_location_1123_C_4,1123 C 4,1123 C 4,stock.stock_location_stock,stock.warehouse0,internal,base.main_company
__setup__.stock_location_1123_C_5,1123 C 5,1123 C 5,stock.stock_location_stock,stock.warehouse0,internal,base.main_company
__setup__.stock_location_1123_D_1,1123 D 1,1123 D 1,stock.stock_location_stock,stock.warehouse0,internal,base.main_company
__setup__.stock_location_1123_D_2,1123 D 2,1123 D 2,stock.stock_location_stock,stock.warehouse0,internal,base.main_company
__setup__.stock_location_1123_D_3,1123 D 3,1123 D 3,stock.stock_location_stock,stock.warehouse0,internal,base.main_company
__setup__.stock_location_1123_D_4,1123 D 4,1123 D 4,stock.stock_location_stock,stock.warehouse0,internal,base.main_company
__setup__.stock_location_1123_D_5,1123 D 5,1123 D 5,stock.stock_location_stock,stock.warehouse0,internal,base.main_company
__setup__.stock_location_1123_E_1,1123 E 1,1123 E 1,stock.stock_location_stock,stock.warehouse0,internal,base.main_company
__setup__.stock_location_1123_E_2,1123 E 2,1123 E 2,stock.stock_location_stock,stock.warehouse0,internal,base.main_company
__setup__.stock_location_1123_E_3,1123 E 3,1123 E 3,stock.stock_location_stock,stock.warehouse0,internal,base.main_company
__setup__.stock_location_1123_E_4,1123 E 4,1123 E 4,stock.stock_location_stock,stock.warehouse0,internal,base.main_company
__setup__.stock_location_1123_E_5,1123 E 5,1123 E 5,stock.stock_location_stock,stock.warehouse0,internal,base.main_company
__setup__.stock_location_1123_F_1,1123 F 1,1123 F 1,stock.stock_location_stock,stock.warehouse0,internal,base.main_company
__setup__.stock_location_1123_F_2,1123 F 2,1123 F 2,stock.stock_location_stock,stock.warehouse0,internal,base.main_company
__setup__.stock_location_1123_F_3,1123 F 3,1123 F 3,stock.stock_location_stock,stock.warehouse0,internal,base.main_company
__setup__.stock_location_1123_F_4,1123 F 4,1123 F 4,stock.stock_location_stock,stock.warehouse0,internal,base.main_company
__setup__.stock_location_1123_F_5,1123 F 5,1123 F 5,stock.stock_location_stock,stock.warehouse0,internal,base.main_company
__setup__.stock_location_1123_G_1,1123 G 1,1123 G 1,stock.stock_location_stock,stock.warehouse0,internal,base.main_company
__setup__.stock_location_1123_G_2,1123 G 2,1123 G 2,stock.stock_location_stock,stock.warehouse0,internal,base.main_company
__setup__.stock_location_1123_G_3,1123 G 3,1123 G 3,stock.stock_location_stock,stock.warehouse0,internal,base.main_company
__setup__.stock_location_1123_G_4,1123 G 4,1123 G 4,stock.stock_location_stock,stock.warehouse0,internal,base.main_company
__setup__.stock_location_1123_G_5,1123 G 5,1123 G 5,stock.stock_location_stock,stock.warehouse0,internal,base.main_company
__setup__.stock_location_1124_A_1,1124 A 1,1124 A 1,stock.stock_location_stock,stock.warehouse0,internal,base.main_company
__setup__.stock_location_1124_A_2,1124 A 2,1124 A 2,stock.stock_location_stock,stock.warehouse0,internal,base.main_company
__setup__.stock_location_1124_A_3,1124 A 3,1124 A 3,stock.stock_location_stock,stock.warehouse0,internal,base.main_company
__setup__.stock_location_1124_A_4,1124 A 4,1124 A 4,stock.stock_location_stock,stock.warehouse0,internal,base.main_company
__setup__.stock_location_1124_A_5,1124 A 5,1124 A 5,stock.stock_location_stock,stock.warehouse0,internal,base.main_company
__setup__.stock_location_1124_B_1,1124 B 1,1124 B 1,stock.stock_location_stock,stock.warehouse0,internal,base.main_company
__setup__.stock_location_1124_B_2,1124 B 2,1124 B 2,stock.stock_location_stock,stock.warehouse0,internal,base.main_company
__setup__.stock_location_1124_B_3,1124 B 3,1124 B 3,stock.stock_location_stock,stock.warehouse0,internal,base.main_company
__setup__.stock_location_1124_B_4,1124 B 4,1124 B 4,stock.stock_location_stock,stock.warehouse0,internal,base.main_company
__setup__.stock_location_1124_B_5,1124 B 5,1124 B 5,stock.stock_location_stock,stock.warehouse0,internal,base.main_company
__setup__.stock_location_1124_C_1,1124 C 1,1124 C 1,stock.stock_location_stock,stock.warehouse0,internal,base.main_company
__setup__.stock_location_1124_C_2,1124 C 2,1124 C 2,stock.stock_location_stock,stock.warehouse0,internal,base.main_company
__setup__.stock_location_1124_C_3,1124 C 3,1124 C 3,stock.stock_location_stock,stock.warehouse0,internal,base.main_company
__setup__.stock_location_1124_C_4,1124 C 4,1124 C 4,stock.stock_location_stock,stock.warehouse0,internal,base.main_company
__setup__.stock_location_1124_C_5,1124 C 5,1124 C 5,stock.stock_location_stock,stock.warehouse0,internal,base.main_company
__setup__.stock_location_1124_D_1,1124 D 1,1124 D 1,stock.stock_location_stock,stock.warehouse0,internal,base.main_company
__setup__.stock_location_1124_D_2,1124 D 2,1124 D 2,stock.stock_location_stock,stock.warehouse0,internal,base.main_company
__setup__.stock_location_1124_D_3,1124 D 3,1124 D 3,stock.stock_location_stock,stock.warehouse0,internal,base.main_company
__setup__.stock_location_1124_D_4,1124 D 4,1124 D 4,stock.stock_location_stock,stock.warehouse0,internal,base.main_company
__setup__.stock_location_1124_D_5,1124 D 5,1124 D 5,stock.stock_location_stock,stock.warehouse0,internal,base.main_company
__setup__.stock_location_1124_E_1,1124 E 1,1124 E 1,stock.stock_location_stock,stock.warehouse0,internal,base.main_company
__setup__.stock_location_1124_E_2,1124 E 2,1124 E 2,stock.stock_location_stock,stock.warehouse0,internal,base.main_company
__setup__.stock_location_1124_E_3,1124 E 3,1124 E 3,stock.stock_location_stock,stock.warehouse0,internal,base.main_company
__setup__.stock_location_1124_E_4,1124 E 4,1124 E 4,stock.stock_location_stock,stock.warehouse0,internal,base.main_company
__setup__.stock_location_1124_E_5,1124 E 5,1124 E 5,stock.stock_location_stock,stock.warehouse0,internal,base.main_company
__setup__.stock_location_1124_F_1,1124 F 1,1124 F 1,stock.stock_location_stock,stock.warehouse0,internal,base.main_company
__setup__.stock_location_1124_F_2,1124 F 2,1124 F 2,stock.stock_location_stock,stock.warehouse0,internal,base.main_company
__setup__.stock_location_1124_F_3,1124 F 3,1124 F 3,stock.stock_location_stock,stock.warehouse0,internal,base.main_company
__setup__.stock_location_1124_F_4,1124 F 4,1124 F 4,stock.stock_location_stock,stock.warehouse0,internal,base.main_company
__setup__.stock_location_1124_F_5,1124 F 5,1124 F 5,stock.stock_location_stock,stock.warehouse0,internal,base.main_company
__setup__.stock_location_1124_G_1,1124 G 1,1124 G 1,stock.stock_location_stock,stock.warehouse0,internal,base.main_company
__setup__.stock_location_1124_G_2,1124 G 2,1124 G 2,stock.stock_location_stock,stock.warehouse0,internal,base.main_company
__setup__.stock_location_1124_G_3,1124 G 3,1124 G 3,stock.stock_location_stock,stock.warehouse0,internal,base.main_company
__setup__.stock_location_1124_G_4,1124 G 4,1124 G 4,stock.stock_location_stock,stock.warehouse0,internal,base.main_company
__setup__.stock_location_1124_G_5,1124 G 5,1124 G 5,stock.stock_location_stock,stock.warehouse0,internal,base.main_company
